prescription_id,chart_id,ayanamsha_id,build_id,snapshot_type,target_graha,target_resonance_id,tradition,sub_tradition,remedy_category,remedy_id_g27,remedy_label_human,prescription_detail_jsonb,classical_strength_rating,classical_sources_jsonb,classical_source_text_jsonb,targets_motif_id,targets_cell_id,targets_dosha_class,resonance_match_score,match_score_formula_version,counter_indications_array,incompatible_with_prescription_ids_array,prerequisite_prescription_ids_array,feasibility_score,estimated_cost_inr_range_jsonb,estimated_time_minutes_daily,ritual_complexity_class,requires_acharya_review_flag,acharya_review_reason_array,cross_tradition_corroboration_count,cross_tradition_corroborating_traditions_array,phase_sequence_class,phase_duration_days,count_prescription_jsonb,substitute_options_jsonb,yantra_geometry_jsonb,pranapratishtha_required_flag,pilgrimage_site_jsonb,pilgrimage_priority_rank,recommended_hora_lord_array,recommended_choghadiya_window_array,initiation_lunar_phase_recommendation_array,recommended_facing_direction,outcome_tracking_placeholder_jsonb,prescription_embedding_vec,verification_pass_status,citation_ref,citation_human,computed_at
bd012fb3-a638-49dd-89ce-3ebfdadc6909,482012f1-710e-4a25-994a-93821f5871aa,lahiri_chitrapaksha,5b1ec47a-84ca-4b08-9251-996c06835b86,static_natal,Venus,6d82705b-6e99-400f-9809-3f2d2dea5bf3,parashari,,mantra,venus_matrix_mantra,"Recite the Venus beej mantra 'Om Draam Dreem Draum Sah Shukraya Namah' 108 times daily on Friday, facing east. Complete mahadasha-count japa over the dasha period.","{""deity"": null, ""gemstone"": null, ""mantra_text"": null, ""charity_action"": null, ""preamble_stripped"": false, ""prescription_text"": ""Recite the Venus beej mantra 'Om Draam Dreem Draum Sah Shukraya Namah' 108 times daily on Friday, facing east. Complete mahadasha-count japa over the dasha period."", ""maraka_contraindication_verdict"": null}",0.90,"{""citation"": ""BPHS Ch.91-94 (Upaya-adhyaya)"", ""source_id"": ""BPHS""}",,,,,1.010502,v1.0,,,,0.9,"{""reason"": ""INR market pricing requires an external, time-varying market-price source not present in the classical-text corpus this system computes from — B.10 forbids inventing a figure. See cost_tier for the qualitative (free/low/medium/high) classification, which IS corpus-derived."", ""available"": false, ""cost_tier"": ""free"", ""external_computation_required"": ""market gemstone/ritual-goods pricing lookup""}",,simple,f,,1,,,,,,,,,,,,,,,,documented_approximation,brahma_remedy_corpus/venus_matrix_mantra,G27 remedy venus_matrix_mantra for Venus,2026-08-21 02:31:40.29037+00
07bde515-9191-4dcf-81bf-cee4de0d1b81,482012f1-710e-4a25-994a-93821f5871aa,lahiri_chitrapaksha,5b1ec47a-84ca-4b08-9251-996c06835b86,static_natal,Venus,6d82705b-6e99-400f-9809-3f2d2dea5bf3,parashari,,mantra,venus_marriage_mantra_01,"Chant Shukra Ashtottara Shatanamavali 108 times on Fridays. Venus governs love, beauty, relationships, and luxury.","{""deity"": null, ""gemstone"": null, ""mantra_text"": null, ""charity_action"": null, ""preamble_stripped"": false, ""prescription_text"": ""Chant Shukra Ashtottara Shatanamavali 108 times on Fridays. Venus governs love, beauty, relationships, and luxury."", ""maraka_contraindication_verdict"": null}",0.90,"{""citation"": ""BPHS Ch.88"", ""source_id"": ""BPHS""}",,,,,1.010502,v1.0,,,,0.9,"{""reason"": ""INR market pricing requires an external, time-varying market-price source not present in the classical-text corpus this system computes from — B.10 forbids inventing a figure. See cost_tier for the qualitative (free/low/medium/high) classification, which IS corpus-derived."", ""available"": false, ""cost_tier"": null, ""external_computation_required"": ""market gemstone/ritual-goods pricing lookup""}",,simple,f,,1,,,,,,,,,,,,,,,,documented_approximation,brahma_remedy_corpus/venus_marriage_mantra_01,G27 remedy venus_marriage_mantra_01 for Venus,2026-08-21 02:31:40.29037+00
84b1b9f0-89e6-4809-af5e-c9c1e40933f5,482012f1-710e-4a25-994a-93821f5871aa,lahiri_chitrapaksha,5b1ec47a-84ca-4b08-9251-996c06835b86,static_natal,Venus,6d82705b-6e99-400f-9809-3f2d2dea5bf3,parashari,,japa,stotra_shri_sukta_venus_wealth,"Recite Shri Sukta (Rigveda Khilani, 16 verses) on Fridays before Lakshmi puja. Shri Sukta is the oldest Vedic hymn to Lakshmi and is the canonical prescription for Venus/Lakshmi-related prosperity.","{""deity"": null, ""gemstone"": null, ""mantra_text"": null, ""charity_action"": null, ""preamble_stripped"": true, ""prescription_text"": ""For Venus-related wealth affliction (Venus in 6H/12H, debilitated in Virgo, or Shukra dasha poverty): recite Shri Sukta (Rigveda Khilani, 16 verses) on Fridays before Lakshmi puja. Shri Sukta is the oldest Vedic hymn to Lakshmi and is the canonical prescription for Venus/Lakshmi-related prosperity."", ""maraka_contraindication_verdict"": null}",0.88,"{""citation"": ""Rigveda Khilani (Shri Sukta 16 verses); BPHS Ch.88"", ""source_id"": ""BPHS""}",,,,,0.940997,v1.0,,,,0.9,"{""reason"": ""INR market pricing requires an external, time-varying market-price source not present in the classical-text corpus this system computes from — B.10 forbids inventing a figure. See cost_tier for the qualitative (free/low/medium/high) classification, which IS corpus-derived."", ""available"": false, ""cost_tier"": ""free"", ""external_computation_required"": ""market gemstone/ritual-goods pricing lookup""}",,simple,f,,1,,,,,,,,,,,,,,,,documented_approximation,brahma_remedy_corpus/stotra_shri_sukta_venus_wealth,G27 remedy stotra_shri_sukta_venus_wealth for Venus,2026-08-21 02:31:40.29037+00
31b3e530-19b1-49e8-8181-0a35fcf25ba8,482012f1-710e-4a25-994a-93821f5871aa,lahiri_chitrapaksha,5b1ec47a-84ca-4b08-9251-996c06835b86,static_natal,Mars,13a1bbe0-8cde-4dec-9845-907c0137b8f6,parashari,,mantra,mars_matrix_mantra,"Recite the Mars beej mantra 'Om Kraam Kreem Kraum Sah Bhaumaya Namah' 108 times daily on Tuesday, facing east. Complete mahadasha-count japa over the dasha period.","{""deity"": null, ""gemstone"": null, ""mantra_text"": null, ""charity_action"": null, ""preamble_stripped"": false, ""prescription_text"": ""Recite the Mars beej mantra 'Om Kraam Kreem Kraum Sah Bhaumaya Namah' 108 times daily on Tuesday, facing east. Complete mahadasha-count japa over the dasha period."", ""maraka_contraindication_verdict"": null}",0.90,"{""citation"": ""BPHS Ch.91-94 (Upaya-adhyaya)"", ""source_id"": ""BPHS""}",,,,Manglik Dosha,1.010502,v1.0,,,,0.9,"{""reason"": ""INR market pricing requires an external, time-varying market-price source not present in the classical-text corpus this system computes from — B.10 forbids inventing a figure. See cost_tier for the qualitative (free/low/medium/high) classification, which IS corpus-derived."", ""available"": false, ""cost_tier"": ""free"", ""external_computation_required"": ""market gemstone/ritual-goods pricing lookup""}",,simple,f,,1,,,,,,,,,,,,,,,,documented_approximation,brahma_remedy_corpus/mars_matrix_mantra,G27 remedy mars_matrix_mantra for Mars,2026-08-21 02:31:40.29037+00
dac61e61-4d5c-4874-88f6-09100aa0b25d,482012f1-710e-4a25-994a-93821f5871aa,true_chitra,5b1ec47a-84ca-4b08-9251-996c06835b86,static_natal,Mercury,3e81ea54-9ee4-4168-89f1-edab0b72deb8,parashari,,charity,mercury_matrix_charity_green_gram_moong,Donate green gram (moong) to the needy / a temple / a Brahmin on Wednesday (for Mercury propitiation). Consistent donation on the planet's day pacifies its afflictions.,"{""deity"": null, ""gemstone"": null, ""mantra_text"": null, ""charity_action"": null, ""preamble_stripped"": false, ""prescription_text"": ""Donate green gram (moong) to the needy / a temple / a Brahmin on Wednesday (for Mercury propitiation). Consistent donation on the planet's day pacifies its afflictions."", ""maraka_contraindication_verdict"": null}",0.85,"{""citation"": ""BPHS Ch.91-94 (Upaya-adhyaya)"", ""source_id"": ""BPHS""}",,,,,0.908918,v1.0,,,,0.75,"{""reason"": ""INR market pricing requires an external, time-varying market-price source not present in the classical-text corpus this system computes from — B.10 forbids inventing a figure. See cost_tier for the qualitative (free/low/medium/high) classification, which IS corpus-derived."", ""available"": false, ""cost_tier"": ""low"", ""external_computation_required"": ""market gemstone/ritual-goods pricing lookup""}",,moderate,f,,1,,,,,,,,,,,,,,,,documented_approximation,brahma_remedy_corpus/mercury_matrix_charity_green_gram_moong,G27 remedy mercury_matrix_charity_green_gram_moong for Mercury,2026-08-21 02:31:40.29037+00
75a1ff28-5b47-40a2-b43e-2bb7ec40d5e0,482012f1-710e-4a25-994a-93821f5871aa,lahiri_chitrapaksha,5b1ec47a-84ca-4b08-9251-996c06835b86,static_natal,Mars,13a1bbe0-8cde-4dec-9845-907c0137b8f6,parashari,,charity,dana_mars_masoor_blood_donation,"Tuesday dana for Mars (BPHS Ch.93): donate masoor dal (red lentils), red cloth, and copper on Tuesdays. Blood donation on Tuesdays is the modern classical equivalent and is widely recommended — blood ","{""deity"": null, ""gemstone"": null, ""mantra_text"": null, ""charity_action"": null, ""preamble_stripped"": false, ""prescription_text"": ""Tuesday dana for Mars (BPHS Ch.93): donate masoor dal (red lentils), red cloth, and copper on Tuesdays. Blood donation on Tuesdays is the modern classical equivalent and is widely recommended — blood is Mars's fluid and giving it is the strongest Mars-karmic action. Also: donate to emergency services or fire departments (Mars governs fire and emergencies)."", ""maraka_contraindication_verdict"": null}",0.87,"{""citation"": ""BPHS Ch.93 (Mangala dana)"", ""source_id"": ""BPHS""}",,,,Manglik Dosha,0.930304,v1.0,,,,0.75,"{""reason"": ""INR market pricing requires an external, time-varying market-price source not present in the classical-text corpus this system computes from — B.10 forbids inventing a figure. See cost_tier for the qualitative (free/low/medium/high) classification, which IS corpus-derived."", ""available"": false, ""cost_tier"": ""low"", ""external_computation_required"": ""market gemstone/ritual-goods pricing lookup""}",,moderate,f,,1,,,,,,,,,,,,,,,,documented_approximation,brahma_remedy_corpus/dana_mars_masoor_blood_donation,G27 remedy dana_mars_masoor_blood_donation for Mars,2026-08-21 02:31:40.29037+00
45c9bd39-bb7c-4932-b04b-57a8ee23ac71,482012f1-710e-4a25-994a-93821f5871aa,lahiri_chitrapaksha,5b1ec47a-84ca-4b08-9251-996c06835b86,static_natal,Mars,13a1bbe0-8cde-4dec-9845-907c0137b8f6,parashari,,charity,mars_matrix_charity_masoor_dal,Donate masoor dal to the needy / a temple / a Brahmin on Tuesday (for Mars propitiation). Consistent donation on the planet's day pacifies its afflictions.,"{""deity"": null, ""gemstone"": null, ""mantra_text"": null, ""charity_action"": null, ""preamble_stripped"": false, ""prescription_text"": ""Donate masoor dal to the needy / a temple / a Brahmin on Tuesday (for Mars propitiation). Consistent donation on the planet's day pacifies its afflictions."", ""maraka_contraindication_verdict"": null}",0.85,"{""citation"": ""BPHS Ch.91-94 (Upaya-adhyaya)"", ""source_id"": ""BPHS""}",,,,Manglik Dosha,0.908918,v1.0,,,,0.75,"{""reason"": ""INR market pricing requires an external, time-varying market-price source not present in the classical-text corpus this system computes from — B.10 forbids inventing a figure. See cost_tier for the qualitative (free/low/medium/high) classification, which IS corpus-derived."", ""available"": false, ""cost_tier"": ""low"", ""external_computation_required"": ""market gemstone/ritual-goods pricing lookup""}",,moderate,f,,1,,,,,,,,,,,,,,,,documented_approximation,brahma_remedy_corpus/mars_matrix_charity_masoor_dal,G27 remedy mars_matrix_charity_masoor_dal for Mars,2026-08-21 02:31:40.29037+00
af0abfc8-f27d-4bd4-b40d-8c007581e825,482012f1-710e-4a25-994a-93821f5871aa,lahiri_chitrapaksha,5b1ec47a-84ca-4b08-9251-996c06835b86,static_natal,Ketu,972d2c05-616c-471e-b3f9-152e94bb572c,parashari,,mantra,ketu_matrix_mantra,"Recite the Ketu beej mantra 'Om Sraam Sreem Sraum Sah Ketave Namah' 108 times daily on Saturday/Tuesday, facing east. Complete mahadasha-count japa over the dasha period.","{""deity"": null, ""gemstone"": null, ""mantra_text"": null, ""charity_action"": null, ""preamble_stripped"": false, ""prescription_text"": ""Recite the Ketu beej mantra 'Om Sraam Sreem Sraum Sah Ketave Namah' 108 times daily on Saturday/Tuesday, facing east. Complete mahadasha-count japa over the dasha period."", ""maraka_contraindication_verdict"": null}",0.90,"{""citation"": ""BPHS Ch.91-94 (Upaya-adhyaya)"", ""source_id"": ""BPHS""}",,,,,1.010502,v1.0,,,,0.9,"{""reason"": ""INR market pricing requires an external, time-varying market-price source not present in the classical-text corpus this system computes from — B.10 forbids inventing a figure. See cost_tier for the qualitative (free/low/medium/high) classification, which IS corpus-derived."", ""available"": false, ""cost_tier"": ""free"", ""external_computation_required"": ""market gemstone/ritual-goods pricing lookup""}",,simple,f,,1,,,,,,,,,,,,,,,,documented_approximation,brahma_remedy_corpus/ketu_matrix_mantra,G27 remedy ketu_matrix_mantra for Ketu,2026-08-21 02:31:40.29037+00
9cf83613-4e92-4d1b-8447-faab231479a8,482012f1-710e-4a25-994a-93821f5871aa,lahiri_chitrapaksha,5b1ec47a-84ca-4b08-9251-996c06835b86,static_natal,Ketu,972d2c05-616c-471e-b3f9-152e94bb572c,parashari,,gemstone,ketu_matrix_gemstone,"Wear a tested Cat's Eye (Lehsunia) in panchdhatu on the prescribed finger, on Saturday/Tuesday, during Shukla Paksha. ONLY if Ketu is a functional benefic in the chart (test for 3 days first before co","{""deity"": null, ""gemstone"": null, ""mantra_text"": null, ""charity_action"": null, ""preamble_stripped"": false, ""prescription_text"": ""Wear a tested Cat's Eye (Lehsunia) in panchdhatu on the prescribed finger, on Saturday/Tuesday, during Shukla Paksha. ONLY if Ketu is a functional benefic in the chart (test for 3 days first before committing)."", ""maraka_contraindication_verdict"": {""reason"": ""Ketu is neither the 2nd-house lord (Venus) nor the 7th-house lord (Venus) from lagna in this chart — no maraka-lordship contraindication under the v1 rule."", ""verdict"": ""no_contraindication_found"", ""citation"": ""BPHS Ch.44 \""Maraka (Killer) Planets\"" (2-5, 3): \""the 2nd and 7th are Maraka houses... The lords of the 2nd and the 7th ... are known as Marakas.\"" Trans. R. Santhanam, Ranjan Publications. Corroborated by BPHS Ch.47 (Venus sub-periods): \""If Venus be lord of the 2nd or the 7th (two maraka houses) there will be during his Dasa, physical pains and troubles.\"""", ""rule_scope"": ""v1: 2nd/7th house lordship only (occupancy + Rahu/Ketu extensions not yet implemented — see BETA_G.md follow-up)"", ""second_lord"": ""Venus"", ""seventh_lord"": ""Venus"", ""is_maraka_lord"": false, ""source_fact_id"": ""ce53a8025f335a1d""}}",0.85,"{""citation"": ""classical ratna-shastra; Phaladeepika"", ""source_id"": ""BPHS""}",,,,,0.908918,v1.0,"{""Gemstones strengthen the planet — wear ONLY if the planet is a functional benefic for the chart; otherwise they amplify malefic results.""}",,,0.45,"{""reason"": ""INR market pricing requires an external, time-varying market-price source not present in the classical-text corpus this system computes from — B.10 forbids inventing a figure. See cost_tier for the qualitative (free/low/medium/high) classification, which IS corpus-derived."", ""available"": false, ""cost_tier"": ""high"", ""external_computation_required"": ""market gemstone/ritual-goods pricing lookup""}",,complex,t,,1,,,,,,,,,,,,,,,,documented_approximation,brahma_remedy_corpus/ketu_matrix_gemstone,G27 remedy ketu_matrix_gemstone for Ketu,2026-08-21 02:31:40.29037+00
83461231-cc41-460d-800f-860b9987816c,482012f1-710e-4a25-994a-93821f5871aa,lahiri_chitrapaksha,5b1ec47a-84ca-4b08-9251-996c06835b86,static_natal,Ketu,972d2c05-616c-471e-b3f9-152e94bb572c,parashari,,charity,ketu_matrix_charity_blanket,Donate blanket to the needy / a temple / a Brahmin on Saturday/Tuesday (for Ketu propitiation). Consistent donation on the planet's day pacifies its afflictions.,"{""deity"": null, ""gemstone"": null, ""mantra_text"": null, ""charity_action"": null, ""preamble_stripped"": false, ""prescription_text"": ""Donate blanket to the needy / a temple / a Brahmin on Saturday/Tuesday (for Ketu propitiation). Consistent donation on the planet's day pacifies its afflictions."", ""maraka_contraindication_verdict"": null}",0.85,"{""citation"": ""BPHS Ch.91-94 (Upaya-adhyaya)"", ""source_id"": ""BPHS""}",,,,,0.908918,v1.0,,,,0.75,"{""reason"": ""INR market pricing requires an external, time-varying market-price source not present in the classical-text corpus this system computes from — B.10 forbids inventing a figure. See cost_tier for the qualitative (free/low/medium/high) classification, which IS corpus-derived."", ""available"": false, ""cost_tier"": ""low"", ""external_computation_required"": ""market gemstone/ritual-goods pricing lookup""}",,moderate,f,,1,,,,,,,,,,,,,,,,documented_approximation,brahma_remedy_corpus/ketu_matrix_charity_blanket,G27 remedy ketu_matrix_charity_blanket for Ketu,2026-08-21 02:31:40.29037+00
c8b96c4e-6840-42b1-95ee-67efcc5dcdd9,482012f1-710e-4a25-994a-93821f5871aa,lahiri_chitrapaksha,5b1ec47a-84ca-4b08-9251-996c06835b86,static_natal,Rahu,1449a0cf-a491-423b-98ec-e84f026cb1f9,parashari,,mantra,rahu_matrix_mantra,"Recite the Rahu beej mantra 'Om Bhraam Bhreem Bhraum Sah Rahave Namah' 108 times daily on Saturday, facing east. Complete mahadasha-count japa over the dasha period.","{""deity"": null, ""gemstone"": null, ""mantra_text"": null, ""charity_action"": null, ""preamble_stripped"": false, ""prescription_text"": ""Recite the Rahu beej mantra 'Om Bhraam Bhreem Bhraum Sah Rahave Namah' 108 times daily on Saturday, facing east. Complete mahadasha-count japa over the dasha period."", ""maraka_contraindication_verdict"": null}",0.90,"{""citation"": ""BPHS Ch.91-94 (Upaya-adhyaya)"", ""source_id"": ""BPHS""}",,,,,1.010502,v1.0,,,,0.9,"{""reason"": ""INR market pricing requires an external, time-varying market-price source not present in the classical-text corpus this system computes from — B.10 forbids inventing a figure. See cost_tier for the qualitative (free/low/medium/high) classification, which IS corpus-derived."", ""available"": false, ""cost_tier"": ""free"", ""external_computation_required"": ""market gemstone/ritual-goods pricing lookup""}",,simple,f,,1,,,,,,,,,,,,,,,,documented_approximation,brahma_remedy_corpus/rahu_matrix_mantra,G27 remedy rahu_matrix_mantra for Rahu,2026-08-21 02:31:40.29037+00
ec04f399-f919-468c-8545-cfb51867da8e,482012f1-710e-4a25-994a-93821f5871aa,lahiri_chitrapaksha,5b1ec47a-84ca-4b08-9251-996c06835b86,static_natal,Rahu,1449a0cf-a491-423b-98ec-e84f026cb1f9,parashari,,charity,rahu_matrix_charity_urad_dal,Donate urad dal to the needy / a temple / a Brahmin on Saturday (for Rahu propitiation). Consistent donation on the planet's day pacifies its afflictions.,"{""deity"": null, ""gemstone"": null, ""mantra_text"": null, ""charity_action"": null, ""preamble_stripped"": false, ""prescription_text"": ""Donate urad dal to the needy / a temple / a Brahmin on Saturday (for Rahu propitiation). Consistent donation on the planet's day pacifies its afflictions."", ""maraka_contraindication_verdict"": null}",0.85,"{""citation"": ""BPHS Ch.91-94 (Upaya-adhyaya)"", ""source_id"": ""BPHS""}",,,,,0.908918,v1.0,,,,0.75,"{""reason"": ""INR market pricing requires an external, time-varying market-price source not present in the classical-text corpus this system computes from — B.10 forbids inventing a figure. See cost_tier for the qualitative (free/low/medium/high) classification, which IS corpus-derived."", ""available"": false, ""cost_tier"": ""low"", ""external_computation_required"": ""market gemstone/ritual-goods pricing lookup""}",,moderate,f,,1,,,,,,,,,,,,,,,,documented_approximation,brahma_remedy_corpus/rahu_matrix_charity_urad_dal,G27 remedy rahu_matrix_charity_urad_dal for Rahu,2026-08-21 02:31:40.29037+00
999e2cdc-4a9a-4c95-a1f8-047b01d37674,482012f1-710e-4a25-994a-93821f5871aa,lahiri_chitrapaksha,5b1ec47a-84ca-4b08-9251-996c06835b86,static_natal,Rahu,1449a0cf-a491-423b-98ec-e84f026cb1f9,parashari,,gemstone,rahu_matrix_gemstone,"Wear a tested Hessonite (Gomed) in lead/silver on the prescribed finger, on Saturday, during Shukla Paksha. ONLY if Rahu is a functional benefic in the chart (test for 3 days first before committing).","{""deity"": null, ""gemstone"": null, ""mantra_text"": null, ""charity_action"": null, ""preamble_stripped"": false, ""prescription_text"": ""Wear a tested Hessonite (Gomed) in lead/silver on the prescribed finger, on Saturday, during Shukla Paksha. ONLY if Rahu is a functional benefic in the chart (test for 3 days first before committing)."", ""maraka_contraindication_verdict"": {""reason"": ""Rahu is neither the 2nd-house lord (Venus) nor the 7th-house lord (Venus) from lagna in this chart — no maraka-lordship contraindication under the v1 rule."", ""verdict"": ""no_contraindication_found"", ""citation"": ""BPHS Ch.44 \""Maraka (Killer) Planets\"" (2-5, 3): \""the 2nd and 7th are Maraka houses... The lords of the 2nd and the 7th ... are known as Marakas.\"" Trans. R. Santhanam, Ranjan Publications. Corroborated by BPHS Ch.47 (Venus sub-periods): \""If Venus be lord of the 2nd or the 7th (two maraka houses) there will be during his Dasa, physical pains and troubles.\"""", ""rule_scope"": ""v1: 2nd/7th house lordship only (occupancy + Rahu/Ketu extensions not yet implemented — see BETA_G.md follow-up)"", ""second_lord"": ""Venus"", ""seventh_lord"": ""Venus"", ""is_maraka_lord"": false, ""source_fact_id"": ""ce53a8025f335a1d""}}",0.85,"{""citation"": ""classical ratna-shastra; Phaladeepika"", ""source_id"": ""BPHS""}",,,,,0.908918,v1.0,"{""Gemstones strengthen the planet — wear ONLY if the planet is a functional benefic for the chart; otherwise they amplify malefic results.""}",,,0.45,"{""reason"": ""INR market pricing requires an external, time-varying market-price source not present in the classical-text corpus this system computes from — B.10 forbids inventing a figure. See cost_tier for the qualitative (free/low/medium/high) classification, which IS corpus-derived."", ""available"": false, ""cost_tier"": ""high"", ""external_computation_required"": ""market gemstone/ritual-goods pricing lookup""}",,complex,t,,1,,,,,,,,,,,,,,,,documented_approximation,brahma_remedy_corpus/rahu_matrix_gemstone,G27 remedy rahu_matrix_gemstone for Rahu,2026-08-21 02:31:40.29037+00
50763df0-6334-4cc5-b35d-2d897210f011,482012f1-710e-4a25-994a-93821f5871aa,lahiri_chitrapaksha,5b1ec47a-84ca-4b08-9251-996c06835b86,static_natal,Moon,7dd551a4-359c-4b07-b0a9-e452a27af6fe,parashari,,mantra,moon_matrix_mantra,"Recite the Moon beej mantra 'Om Shraam Shreem Shraum Sah Chandraya Namah' 108 times daily on Monday, facing east. Complete mahadasha-count japa over the dasha period.","{""deity"": null, ""gemstone"": null, ""mantra_text"": null, ""charity_action"": null, ""preamble_stripped"": false, ""prescription_text"": ""Recite the Moon beej mantra 'Om Shraam Shreem Shraum Sah Chandraya Namah' 108 times daily on Monday, facing east. Complete mahadasha-count japa over the dasha period."", ""maraka_contraindication_verdict"": null}",0.90,"{""citation"": ""BPHS Ch.91-94 (Upaya-adhyaya)"", ""source_id"": ""BPHS""}",,,,,1.010502,v1.0,,,,0.9,"{""reason"": ""INR market pricing requires an external, time-varying market-price source not present in the classical-text corpus this system computes from — B.10 forbids inventing a figure. See cost_tier for the qualitative (free/low/medium/high) classification, which IS corpus-derived."", ""available"": false, ""cost_tier"": ""free"", ""external_computation_required"": ""market gemstone/ritual-goods pricing lookup""}",,simple,f,,1,,,,,,,,,,,,,,,,documented_approximation,brahma_remedy_corpus/moon_matrix_mantra,G27 remedy moon_matrix_mantra for Moon,2026-08-21 02:31:40.29037+00
3787bd94-d1b2-40c2-b636-e4525ca487c3,482012f1-710e-4a25-994a-93821f5871aa,lahiri_chitrapaksha,5b1ec47a-84ca-4b08-9251-996c06835b86,static_natal,Moon,7dd551a4-359c-4b07-b0a9-e452a27af6fe,parashari,,charity,dana_moon_silver_milk_monday,"Monday dana for Moon propitiation (BPHS Ch.93): donate silver (even a small coin), white rice, milk, and curd to a Brahmin woman or temple on Mondays during Purnima (full moon). The Moon-silver-white ","{""deity"": null, ""gemstone"": null, ""mantra_text"": null, ""charity_action"": null, ""preamble_stripped"": false, ""prescription_text"": ""Monday dana for Moon propitiation (BPHS Ch.93): donate silver (even a small coin), white rice, milk, and curd to a Brahmin woman or temple on Mondays during Purnima (full moon). The Moon-silver-white connection is the canonical triad in BPHS Ch.93."", ""maraka_contraindication_verdict"": null}",0.88,"{""citation"": ""BPHS Ch.93 (Chandra dana)"", ""source_id"": ""BPHS""}",,,,,0.940997,v1.0,,,,0.75,"{""reason"": ""INR market pricing requires an external, time-varying market-price source not present in the classical-text corpus this system computes from — B.10 forbids inventing a figure. See cost_tier for the qualitative (free/low/medium/high) classification, which IS corpus-derived."", ""available"": false, ""cost_tier"": ""low"", ""external_computation_required"": ""market gemstone/ritual-goods pricing lookup""}",,moderate,f,,1,,,,,,,,,,,,,,,,documented_approximation,brahma_remedy_corpus/dana_moon_silver_milk_monday,G27 remedy dana_moon_silver_milk_monday for Moon,2026-08-21 02:31:40.29037+00
ea062825-da75-40e6-9c0e-8f697711c186,482012f1-710e-4a25-994a-93821f5871aa,lahiri_chitrapaksha,5b1ec47a-84ca-4b08-9251-996c06835b86,static_natal,Moon,7dd551a4-359c-4b07-b0a9-e452a27af6fe,parashari,,charity,moon_matrix_charity_rice,Donate rice to the needy / a temple / a Brahmin on Monday (for Moon propitiation). Consistent donation on the planet's day pacifies its afflictions.,"{""deity"": null, ""gemstone"": null, ""mantra_text"": null, ""charity_action"": null, ""preamble_stripped"": false, ""prescription_text"": ""Donate rice to the needy / a temple / a Brahmin on Monday (for Moon propitiation). Consistent donation on the planet's day pacifies its afflictions."", ""maraka_contraindication_verdict"": null}",0.85,"{""citation"": ""BPHS Ch.91-94 (Upaya-adhyaya)"", ""source_id"": ""BPHS""}",,,,,0.908918,v1.0,,,,0.75,"{""reason"": ""INR market pricing requires an external, time-varying market-price source not present in the classical-text corpus this system computes from — B.10 forbids inventing a figure. See cost_tier for the qualitative (free/low/medium/high) classification, which IS corpus-derived."", ""available"": false, ""cost_tier"": ""low"", ""external_computation_required"": ""market gemstone/ritual-goods pricing lookup""}",,moderate,f,,1,,,,,,,,,,,,,,,,documented_approximation,brahma_remedy_corpus/moon_matrix_charity_rice,G27 remedy moon_matrix_charity_rice for Moon,2026-08-21 02:31:40.29037+00
d15f4e04-ab4b-437d-8148-b4ea6df5546a,482012f1-710e-4a25-994a-93821f5871aa,lahiri_chitrapaksha,5b1ec47a-84ca-4b08-9251-996c06835b86,static_natal,Jupiter,cabb2e10-6dc4-47fa-ab15-e7bf1f699ae0,parashari,,mantra,jupiter_matrix_mantra,"Recite the Jupiter beej mantra 'Om Graam Greem Graum Sah Gurave Namah' 108 times daily on Thursday, facing east. Complete mahadasha-count japa over the dasha period.","{""deity"": null, ""gemstone"": null, ""mantra_text"": null, ""charity_action"": null, ""preamble_stripped"": false, ""prescription_text"": ""Recite the Jupiter beej mantra 'Om Graam Greem Graum Sah Gurave Namah' 108 times daily on Thursday, facing east. Complete mahadasha-count japa over the dasha period."", ""maraka_contraindication_verdict"": null}",0.90,"{""citation"": ""BPHS Ch.91-94 (Upaya-adhyaya)"", ""source_id"": ""BPHS""}",,,,,1.010502,v1.0,,,,0.9,"{""reason"": ""INR market pricing requires an external, time-varying market-price source not present in the classical-text corpus this system computes from — B.10 forbids inventing a figure. See cost_tier for the qualitative (free/low/medium/high) classification, which IS corpus-derived."", ""available"": false, ""cost_tier"": ""free"", ""external_computation_required"": ""market gemstone/ritual-goods pricing lookup""}",,simple,f,,1,,,,,,,,,,,,,,,,documented_approximation,brahma_remedy_corpus/jupiter_matrix_mantra,G27 remedy jupiter_matrix_mantra for Jupiter,2026-08-21 02:31:40.29037+00
597aa990-f78c-46b1-8a11-1a574f0f7bf3,482012f1-710e-4a25-994a-93821f5871aa,lahiri_chitrapaksha,5b1ec47a-84ca-4b08-9251-996c06835b86,static_natal,Jupiter,cabb2e10-6dc4-47fa-ab15-e7bf1f699ae0,parashari,,mantra,jupiter_wealth_mantra_01,"Chant Guru Ashtottara Shatanamavali 108 times on Thursdays. Jupiter (Guru) blesses with wisdom, wealth, and progeny when propitiated.","{""deity"": null, ""gemstone"": null, ""mantra_text"": null, ""charity_action"": null, ""preamble_stripped"": false, ""prescription_text"": ""Chant Guru Ashtottara Shatanamavali 108 times on Thursdays. Jupiter (Guru) blesses with wisdom, wealth, and progeny when propitiated."", ""maraka_contraindication_verdict"": null}",0.90,"{""citation"": ""BPHS Ch.88"", ""source_id"": ""BPHS""}",,,,,1.010502,v1.0,,,,0.9,"{""reason"": ""INR market pricing requires an external, time-varying market-price source not present in the classical-text corpus this system computes from — B.10 forbids inventing a figure. See cost_tier for the qualitative (free/low/medium/high) classification, which IS corpus-derived."", ""available"": false, ""cost_tier"": null, ""external_computation_required"": ""market gemstone/ritual-goods pricing lookup""}",,simple,f,,1,,,,,,,,,,,,,,,,documented_approximation,brahma_remedy_corpus/jupiter_wealth_mantra_01,G27 remedy jupiter_wealth_mantra_01 for Jupiter,2026-08-21 02:31:40.29037+00
16d3f941-3f53-4540-ad86-4a7ae1b3209b,482012f1-710e-4a25-994a-93821f5871aa,lahiri_chitrapaksha,5b1ec47a-84ca-4b08-9251-996c06835b86,static_natal,Jupiter,cabb2e10-6dc4-47fa-ab15-e7bf1f699ae0,parashari,,japa,stotra_vishnu_sahasranama_jupiter_afflicted,"Recite Vishnu Sahasranama (Mahabharata, Anushasana Parva 149) once daily on Thursdays. Jupiter is the karaka of dharma and wisdom — Vishnu Sahasranama is the classical prescription for Guru-related ob","{""deity"": null, ""gemstone"": null, ""mantra_text"": null, ""charity_action"": null, ""preamble_stripped"": true, ""prescription_text"": ""For afflicted Jupiter (debilitated in Capricorn, Guru Chandal dosha, retrograde in dasha): recite Vishnu Sahasranama (Mahabharata, Anushasana Parva 149) once daily on Thursdays. Jupiter is the karaka of dharma and wisdom — Vishnu Sahasranama is the classical prescription for Guru-related obstacles per Phaladeepika's remedial section."", ""maraka_contraindication_verdict"": null}",0.88,"{""citation"": ""Phaladeepika remedial section; Mahabharata Anushasana Parva 149"", ""source_id"": ""Phaladeepika""}",,,,,0.940997,v1.0,,,,0.9,"{""reason"": ""INR market pricing requires an external, time-varying market-price source not present in the classical-text corpus this system computes from — B.10 forbids inventing a figure. See cost_tier for the qualitative (free/low/medium/high) classification, which IS corpus-derived."", ""available"": false, ""cost_tier"": ""free"", ""external_computation_required"": ""market gemstone/ritual-goods pricing lookup""}",,simple,f,,1,,,,,,,,,,,,,,,,documented_approximation,brahma_remedy_corpus/stotra_vishnu_sahasranama_jupiter_afflicted,G27 remedy stotra_vishnu_sahasranama_jupiter_afflicted for Jupiter,2026-08-21 02:31:40.29037+00
3f318f04-8c35-4c08-a92c-b9d758f0214d,482012f1-710e-4a25-994a-93821f5871aa,lahiri_chitrapaksha,5b1ec47a-84ca-4b08-9251-996c06835b86,static_natal,Sun,08c7e256-bd89-4990-bb87-e6f134b0591c,parashari,,mantra,sun_matrix_mantra,"Recite the Sun beej mantra 'Om Hraam Hreem Hraum Sah Suryaya Namah' 108 times daily on Sunday, facing east. Complete mahadasha-count japa over the dasha period.","{""deity"": null, ""gemstone"": null, ""mantra_text"": null, ""charity_action"": null, ""preamble_stripped"": false, ""prescription_text"": ""Recite the Sun beej mantra 'Om Hraam Hreem Hraum Sah Suryaya Namah' 108 times daily on Sunday, facing east. Complete mahadasha-count japa over the dasha period."", ""maraka_contraindication_verdict"": null}",0.90,"{""citation"": ""BPHS Ch.91-94 (Upaya-adhyaya)"", ""source_id"": ""BPHS""}",,,,,1.010502,v1.0,,,,0.9,"{""reason"": ""INR market pricing requires an external, time-varying market-price source not present in the classical-text corpus this system computes from — B.10 forbids inventing a figure. See cost_tier for the qualitative (free/low/medium/high) classification, which IS corpus-derived."", ""available"": false, ""cost_tier"": ""free"", ""external_computation_required"": ""market gemstone/ritual-goods pricing lookup""}",,simple,f,,1,,,,,,,,,,,,,,,,documented_approximation,brahma_remedy_corpus/sun_matrix_mantra,G27 remedy sun_matrix_mantra for Sun,2026-08-21 02:31:40.29037+00
0f20fa14-7b2c-44ab-bb66-c22a143a2877,482012f1-710e-4a25-994a-93821f5871aa,lahiri_chitrapaksha,5b1ec47a-84ca-4b08-9251-996c06835b86,static_natal,Sun,08c7e256-bd89-4990-bb87-e6f134b0591c,parashari,,mantra,sun_career_mantra_01,"Chant the Aditya Hridayam daily at sunrise, facing east, 108 times. This strengthens the Sun and brings favor from authority figures and government.","{""deity"": null, ""gemstone"": null, ""mantra_text"": null, ""charity_action"": null, ""preamble_stripped"": false, ""prescription_text"": ""Chant the Aditya Hridayam daily at sunrise, facing east, 108 times. This strengthens the Sun and brings favor from authority figures and government."", ""maraka_contraindication_verdict"": null}",0.90,"{""citation"": ""BPHS Ch.88"", ""source_id"": ""BPHS""}",,,,,1.010502,v1.0,,,,0.9,"{""reason"": ""INR market pricing requires an external, time-varying market-price source not present in the classical-text corpus this system computes from — B.10 forbids inventing a figure. See cost_tier for the qualitative (free/low/medium/high) classification, which IS corpus-derived."", ""available"": false, ""cost_tier"": null, ""external_computation_required"": ""market gemstone/ritual-goods pricing lookup""}",,simple,f,,1,,,,,,,,,,,,,,,,documented_approximation,brahma_remedy_corpus/sun_career_mantra_01,G27 remedy sun_career_mantra_01 for Sun,2026-08-21 02:31:40.29037+00
322d6a5b-dda0-44d6-bddc-58a02d88a49d,482012f1-710e-4a25-994a-93821f5871aa,lahiri_chitrapaksha,5b1ec47a-84ca-4b08-9251-996c06835b86,static_natal,Sun,08c7e256-bd89-4990-bb87-e6f134b0591c,parashari,,japa,stotra_aditya_hridayam_afflicted_sun,"Recite Aditya Hridayam (from Valmiki Ramayana, Yuddha Kanda Ch.107) in full at sunrise facing east, daily during Sun dasha/antardasha. Agastya prescribed this to Rama before battle — it is the classic","{""deity"": null, ""gemstone"": null, ""mantra_text"": null, ""charity_action"": null, ""preamble_stripped"": true, ""prescription_text"": ""For afflicted Sun (combust, debilitated in Libra, or in 6/8/12): recite Aditya Hridayam (from Valmiki Ramayana, Yuddha Kanda Ch.107) in full at sunrise facing east, daily during Sun dasha/antardasha. Agastya prescribed this to Rama before battle — it is the classical solar invocation for strength and authority."", ""maraka_contraindication_verdict"": null}",0.90,"{""citation"": ""Valmiki Ramayana, Yuddha Kanda 107; BPHS Ch.88 (Surya upaya)"", ""source_id"": ""BPHS""}",,,,,0.962383,v1.0,,,,0.9,"{""reason"": ""INR market pricing requires an external, time-varying market-price source not present in the classical-text corpus this system computes from — B.10 forbids inventing a figure. See cost_tier for the qualitative (free/low/medium/high) classification, which IS corpus-derived."", ""available"": false, ""cost_tier"": ""free"", ""external_computation_required"": ""market gemstone/ritual-goods pricing lookup""}",,simple,f,,1,,,,,,,,,,,,,,,,documented_approximation,brahma_remedy_corpus/stotra_aditya_hridayam_afflicted_sun,G27 remedy stotra_aditya_hridayam_afflicted_sun for Sun,2026-08-21 02:31:40.29037+00
62433dfa-e436-4ed7-9974-46f40bdb642c,482012f1-710e-4a25-994a-93821f5871aa,lahiri_chitrapaksha,5b1ec47a-84ca-4b08-9251-996c06835b86,static_natal,Saturn,f3c0cd67-6f9c-47b2-b37c-be005fcfe76c,parashari,,japa,stotra_mahamrityunjaya_saturn_affliction,"Perform Mahamrityunjaya japa to the prescribed count — 1,25,000 (1.25 lakh) for a full shanti, or 108 daily as ongoing maintenance. The mantra is from Rigveda 7.59.12 (Tryambaka sukta) and is the clas","{""deity"": null, ""gemstone"": null, ""mantra_text"": null, ""charity_action"": null, ""preamble_stripped"": true, ""prescription_text"": ""For Saturn-ruled chronic disease (bones, joints, nervous system; Saturn in 6H/8H or Sade Sati with health impact): perform Mahamrityunjaya japa to the prescribed count — 1,25,000 (1.25 lakh) for a full shanti, or 108 daily as ongoing maintenance. The mantra is from Rigveda 7.59.12 (Tryambaka sukta) and is the classical prescription for Mrityu-related (Saturn/8H) afflictions."", ""maraka_contraindication_verdict"": null}",0.92,"{""citation"": ""Rigveda 7.59.12; BPHS Ch.88 (Shani health upaya)"", ""source_id"": ""BPHS""}",,,,,0.98377,v1.0,,,,0.9,"{""reason"": ""INR market pricing requires an external, time-varying market-price source not present in the classical-text corpus this system computes from — B.10 forbids inventing a figure. See cost_tier for the qualitative (free/low/medium/high) classification, which IS corpus-derived."", ""available"": false, ""cost_tier"": ""free"", ""external_computation_required"": ""market gemstone/ritual-goods pricing lookup""}",,simple,f,,1,,,,,,,,,,,,,,,,documented_approximation,brahma_remedy_corpus/stotra_mahamrityunjaya_saturn_affliction,G27 remedy stotra_mahamrityunjaya_saturn_affliction for Saturn,2026-08-21 02:31:40.29037+00
8638bc94-949b-49db-a306-9928d82c5779,482012f1-710e-4a25-994a-93821f5871aa,lahiri_chitrapaksha,5b1ec47a-84ca-4b08-9251-996c06835b86,static_natal,Saturn,f3c0cd67-6f9c-47b2-b37c-be005fcfe76c,parashari,,mantra,sat_career_mantra_01,"Chant the Shani Ashtottara Shatanamavali (108 names of Saturn) or the Shani Chalisa daily, especially on Saturdays. Saturn rules karma, discipline, and professional perseverance.","{""deity"": null, ""gemstone"": null, ""mantra_text"": null, ""charity_action"": null, ""preamble_stripped"": false, ""prescription_text"": ""Chant the Shani Ashtottara Shatanamavali (108 names of Saturn) or the Shani Chalisa daily, especially on Saturdays. Saturn rules karma, discipline, and professional perseverance."", ""maraka_contraindication_verdict"": null}",0.90,"{""citation"": ""BPHS Ch.88"", ""source_id"": ""BPHS""}",,,,,1.010502,v1.0,,,,0.9,"{""reason"": ""INR market pricing requires an external, time-varying market-price source not present in the classical-text corpus this system computes from — B.10 forbids inventing a figure. See cost_tier for the qualitative (free/low/medium/high) classification, which IS corpus-derived."", ""available"": false, ""cost_tier"": null, ""external_computation_required"": ""market gemstone/ritual-goods pricing lookup""}",,simple,f,,1,,,,,,,,,,,,,,,,documented_approximation,brahma_remedy_corpus/sat_career_mantra_01,G27 remedy sat_career_mantra_01 for Saturn,2026-08-21 02:31:40.29037+00
482f271c-8adb-4ba9-853e-bbaf87782392,482012f1-710e-4a25-994a-93821f5871aa,lahiri_chitrapaksha,5b1ec47a-84ca-4b08-9251-996c06835b86,static_natal,Saturn,f3c0cd67-6f9c-47b2-b37c-be005fcfe76c,parashari,,mantra,saturn_matrix_mantra,"Recite the Saturn beej mantra 'Om Praam Preem Praum Sah Shanaye Namah' 108 times daily on Saturday, facing east. Complete mahadasha-count japa over the dasha period.","{""deity"": null, ""gemstone"": null, ""mantra_text"": null, ""charity_action"": null, ""preamble_stripped"": false, ""prescription_text"": ""Recite the Saturn beej mantra 'Om Praam Preem Praum Sah Shanaye Namah' 108 times daily on Saturday, facing east. Complete mahadasha-count japa over the dasha period."", ""maraka_contraindication_verdict"": null}",0.90,"{""citation"": ""BPHS Ch.91-94 (Upaya-adhyaya)"", ""source_id"": ""BPHS""}",,,,,1.010502,v1.0,,,,0.9,"{""reason"": ""INR market pricing requires an external, time-varying market-price source not present in the classical-text corpus this system computes from — B.10 forbids inventing a figure. See cost_tier for the qualitative (free/low/medium/high) classification, which IS corpus-derived."", ""available"": false, ""cost_tier"": ""free"", ""external_computation_required"": ""market gemstone/ritual-goods pricing lookup""}",,simple,f,,1,,,,,,,,,,,,,,,,documented_approximation,brahma_remedy_corpus/saturn_matrix_mantra,G27 remedy saturn_matrix_mantra for Saturn,2026-08-21 02:31:40.29037+00
b61e9e4a-fef5-43b2-b464-0a4d82fb97a8,482012f1-710e-4a25-994a-93821f5871aa,lahiri_chitrapaksha,5b1ec47a-84ca-4b08-9251-996c06835b86,static_natal,Mercury,3b440d74-b4f2-4bf0-bfc8-860c1b51bc7e,parashari,,mantra,mercury_matrix_mantra,"Recite the Mercury beej mantra 'Om Braam Breem Braum Sah Budhaya Namah' 108 times daily on Wednesday, facing east. Complete mahadasha-count japa over the dasha period.","{""deity"": null, ""gemstone"": null, ""mantra_text"": null, ""charity_action"": null, ""preamble_stripped"": false, ""prescription_text"": ""Recite the Mercury beej mantra 'Om Braam Breem Braum Sah Budhaya Namah' 108 times daily on Wednesday, facing east. Complete mahadasha-count japa over the dasha period."", ""maraka_contraindication_verdict"": null}",0.90,"{""citation"": ""BPHS Ch.91-94 (Upaya-adhyaya)"", ""source_id"": ""BPHS""}",,,,,1.010502,v1.0,,,,0.9,"{""reason"": ""INR market pricing requires an external, time-varying market-price source not present in the classical-text corpus this system computes from — B.10 forbids inventing a figure. See cost_tier for the qualitative (free/low/medium/high) classification, which IS corpus-derived."", ""available"": false, ""cost_tier"": ""free"", ""external_computation_required"": ""market gemstone/ritual-goods pricing lookup""}",,simple,f,,1,,,,,,,,,,,,,,,,documented_approximation,brahma_remedy_corpus/mercury_matrix_mantra,G27 remedy mercury_matrix_mantra for Mercury,2026-08-21 02:31:40.29037+00
df9b8ad2-3ed5-451d-8982-e194cc9a2997,482012f1-710e-4a25-994a-93821f5871aa,lahiri_chitrapaksha,5b1ec47a-84ca-4b08-9251-996c06835b86,static_natal,Mercury,3b440d74-b4f2-4bf0-bfc8-860c1b51bc7e,parashari,,charity,dana_mercury_books_green_wednesday,"Wednesday dana for Mercury (BPHS Ch.93): donate green cloth, green moong dal, books, and writing materials on Wednesdays. Donating to schools, libraries, or sponsoring a student's education is the Mer","{""deity"": null, ""gemstone"": null, ""mantra_text"": null, ""charity_action"": null, ""preamble_stripped"": false, ""prescription_text"": ""Wednesday dana for Mercury (BPHS Ch.93): donate green cloth, green moong dal, books, and writing materials on Wednesdays. Donating to schools, libraries, or sponsoring a student's education is the Mercury dana in contemporary form. The BPHS Ch.93 prescribes green gram (moong) and bronze as the Mercury pair."", ""maraka_contraindication_verdict"": null}",0.87,"{""citation"": ""BPHS Ch.93 (Budha dana)"", ""source_id"": ""BPHS""}",,,,,0.930304,v1.0,,,,0.75,"{""reason"": ""INR market pricing requires an external, time-varying market-price source not present in the classical-text corpus this system computes from — B.10 forbids inventing a figure. See cost_tier for the qualitative (free/low/medium/high) classification, which IS corpus-derived."", ""available"": false, ""cost_tier"": ""low"", ""external_computation_required"": ""market gemstone/ritual-goods pricing lookup""}",,moderate,f,,1,,,,,,,,,,,,,,,,documented_approximation,brahma_remedy_corpus/dana_mercury_books_green_wednesday,G27 remedy dana_mercury_books_green_wednesday for Mercury,2026-08-21 02:31:40.29037+00
861a6586-9617-4b1f-b9e3-23e07d4a18d4,482012f1-710e-4a25-994a-93821f5871aa,lahiri_chitrapaksha,5b1ec47a-84ca-4b08-9251-996c06835b86,static_natal,Mercury,3b440d74-b4f2-4bf0-bfc8-860c1b51bc7e,parashari,,charity,mercury_matrix_charity_green_gram_moong,Donate green gram (moong) to the needy / a temple / a Brahmin on Wednesday (for Mercury propitiation). Consistent donation on the planet's day pacifies its afflictions.,"{""deity"": null, ""gemstone"": null, ""mantra_text"": null, ""charity_action"": null, ""preamble_stripped"": false, ""prescription_text"": ""Donate green gram (moong) to the needy / a temple / a Brahmin on Wednesday (for Mercury propitiation). Consistent donation on the planet's day pacifies its afflictions."", ""maraka_contraindication_verdict"": null}",0.85,"{""citation"": ""BPHS Ch.91-94 (Upaya-adhyaya)"", ""source_id"": ""BPHS""}",,,,,0.908918,v1.0,,,,0.75,"{""reason"": ""INR market pricing requires an external, time-varying market-price source not present in the classical-text corpus this system computes from — B.10 forbids inventing a figure. See cost_tier for the qualitative (free/low/medium/high) classification, which IS corpus-derived."", ""available"": false, ""cost_tier"": ""low"", ""external_computation_required"": ""market gemstone/ritual-goods pricing lookup""}",,moderate,f,,1,,,,,,,,,,,,,,,,documented_approximation,brahma_remedy_corpus/mercury_matrix_charity_green_gram_moong,G27 remedy mercury_matrix_charity_green_gram_moong for Mercury,2026-08-21 02:31:40.29037+00
40289df6-b9d1-4d77-b9ed-e0a3ea8c2b55,482012f1-710e-4a25-994a-93821f5871aa,raman,5b1ec47a-84ca-4b08-9251-996c06835b86,static_natal,Venus,d827490d-b7ae-4b75-811d-bc8539069d7d,parashari,,mantra,venus_matrix_mantra,"Recite the Venus beej mantra 'Om Draam Dreem Draum Sah Shukraya Namah' 108 times daily on Friday, facing east. Complete mahadasha-count japa over the dasha period.","{""deity"": null, ""gemstone"": null, ""mantra_text"": null, ""charity_action"": null, ""preamble_stripped"": false, ""prescription_text"": ""Recite the Venus beej mantra 'Om Draam Dreem Draum Sah Shukraya Namah' 108 times daily on Friday, facing east. Complete mahadasha-count japa over the dasha period."", ""maraka_contraindication_verdict"": null}",0.90,"{""citation"": ""BPHS Ch.91-94 (Upaya-adhyaya)"", ""source_id"": ""BPHS""}",,,,,1.010502,v1.0,,,,0.9,"{""reason"": ""INR market pricing requires an external, time-varying market-price source not present in the classical-text corpus this system computes from — B.10 forbids inventing a figure. See cost_tier for the qualitative (free/low/medium/high) classification, which IS corpus-derived."", ""available"": false, ""cost_tier"": ""free"", ""external_computation_required"": ""market gemstone/ritual-goods pricing lookup""}",,simple,f,,1,,,,,,,,,,,,,,,,documented_approximation,brahma_remedy_corpus/venus_matrix_mantra,G27 remedy venus_matrix_mantra for Venus,2026-08-21 02:31:40.29037+00
830ce8d8-4771-4cd4-b181-c3b3a40bc9e1,482012f1-710e-4a25-994a-93821f5871aa,raman,5b1ec47a-84ca-4b08-9251-996c06835b86,static_natal,Venus,d827490d-b7ae-4b75-811d-bc8539069d7d,parashari,,mantra,venus_marriage_mantra_01,"Chant Shukra Ashtottara Shatanamavali 108 times on Fridays. Venus governs love, beauty, relationships, and luxury.","{""deity"": null, ""gemstone"": null, ""mantra_text"": null, ""charity_action"": null, ""preamble_stripped"": false, ""prescription_text"": ""Chant Shukra Ashtottara Shatanamavali 108 times on Fridays. Venus governs love, beauty, relationships, and luxury."", ""maraka_contraindication_verdict"": null}",0.90,"{""citation"": ""BPHS Ch.88"", ""source_id"": ""BPHS""}",,,,,1.010502,v1.0,,,,0.9,"{""reason"": ""INR market pricing requires an external, time-varying market-price source not present in the classical-text corpus this system computes from — B.10 forbids inventing a figure. See cost_tier for the qualitative (free/low/medium/high) classification, which IS corpus-derived."", ""available"": false, ""cost_tier"": null, ""external_computation_required"": ""market gemstone/ritual-goods pricing lookup""}",,simple,f,,1,,,,,,,,,,,,,,,,documented_approximation,brahma_remedy_corpus/venus_marriage_mantra_01,G27 remedy venus_marriage_mantra_01 for Venus,2026-08-21 02:31:40.29037+00
f6d29a6d-6170-452f-8a53-18f419253bb0,482012f1-710e-4a25-994a-93821f5871aa,raman,5b1ec47a-84ca-4b08-9251-996c06835b86,static_natal,Venus,d827490d-b7ae-4b75-811d-bc8539069d7d,parashari,,japa,stotra_shri_sukta_venus_wealth,"Recite Shri Sukta (Rigveda Khilani, 16 verses) on Fridays before Lakshmi puja. Shri Sukta is the oldest Vedic hymn to Lakshmi and is the canonical prescription for Venus/Lakshmi-related prosperity.","{""deity"": null, ""gemstone"": null, ""mantra_text"": null, ""charity_action"": null, ""preamble_stripped"": true, ""prescription_text"": ""For Venus-related wealth affliction (Venus in 6H/12H, debilitated in Virgo, or Shukra dasha poverty): recite Shri Sukta (Rigveda Khilani, 16 verses) on Fridays before Lakshmi puja. Shri Sukta is the oldest Vedic hymn to Lakshmi and is the canonical prescription for Venus/Lakshmi-related prosperity."", ""maraka_contraindication_verdict"": null}",0.88,"{""citation"": ""Rigveda Khilani (Shri Sukta 16 verses); BPHS Ch.88"", ""source_id"": ""BPHS""}",,,,,0.940997,v1.0,,,,0.9,"{""reason"": ""INR market pricing requires an external, time-varying market-price source not present in the classical-text corpus this system computes from — B.10 forbids inventing a figure. See cost_tier for the qualitative (free/low/medium/high) classification, which IS corpus-derived."", ""available"": false, ""cost_tier"": ""free"", ""external_computation_required"": ""market gemstone/ritual-goods pricing lookup""}",,simple,f,,1,,,,,,,,,,,,,,,,documented_approximation,brahma_remedy_corpus/stotra_shri_sukta_venus_wealth,G27 remedy stotra_shri_sukta_venus_wealth for Venus,2026-08-21 02:31:40.29037+00
102884ca-69b0-4f4f-9f40-535b83640a73,482012f1-710e-4a25-994a-93821f5871aa,raman,5b1ec47a-84ca-4b08-9251-996c06835b86,static_natal,Ketu,66c098d3-2e09-4e52-872c-cad74bcbcdb4,parashari,,mantra,ketu_matrix_mantra,"Recite the Ketu beej mantra 'Om Sraam Sreem Sraum Sah Ketave Namah' 108 times daily on Saturday/Tuesday, facing east. Complete mahadasha-count japa over the dasha period.","{""deity"": null, ""gemstone"": null, ""mantra_text"": null, ""charity_action"": null, ""preamble_stripped"": false, ""prescription_text"": ""Recite the Ketu beej mantra 'Om Sraam Sreem Sraum Sah Ketave Namah' 108 times daily on Saturday/Tuesday, facing east. Complete mahadasha-count japa over the dasha period."", ""maraka_contraindication_verdict"": null}",0.90,"{""citation"": ""BPHS Ch.91-94 (Upaya-adhyaya)"", ""source_id"": ""BPHS""}",,,,,1.010502,v1.0,,,,0.9,"{""reason"": ""INR market pricing requires an external, time-varying market-price source not present in the classical-text corpus this system computes from — B.10 forbids inventing a figure. See cost_tier for the qualitative (free/low/medium/high) classification, which IS corpus-derived."", ""available"": false, ""cost_tier"": ""free"", ""external_computation_required"": ""market gemstone/ritual-goods pricing lookup""}",,simple,f,,1,,,,,,,,,,,,,,,,documented_approximation,brahma_remedy_corpus/ketu_matrix_mantra,G27 remedy ketu_matrix_mantra for Ketu,2026-08-21 02:31:40.29037+00
eb9bdbbb-358a-4016-82df-f7dba49f7ab1,482012f1-710e-4a25-994a-93821f5871aa,raman,5b1ec47a-84ca-4b08-9251-996c06835b86,static_natal,Ketu,66c098d3-2e09-4e52-872c-cad74bcbcdb4,parashari,,gemstone,ketu_matrix_gemstone,"Wear a tested Cat's Eye (Lehsunia) in panchdhatu on the prescribed finger, on Saturday/Tuesday, during Shukla Paksha. ONLY if Ketu is a functional benefic in the chart (test for 3 days first before co","{""deity"": null, ""gemstone"": null, ""mantra_text"": null, ""charity_action"": null, ""preamble_stripped"": false, ""prescription_text"": ""Wear a tested Cat's Eye (Lehsunia) in panchdhatu on the prescribed finger, on Saturday/Tuesday, during Shukla Paksha. ONLY if Ketu is a functional benefic in the chart (test for 3 days first before committing)."", ""maraka_contraindication_verdict"": {""reason"": ""Ketu is neither the 2nd-house lord (Venus) nor the 7th-house lord (Venus) from lagna in this chart — no maraka-lordship contraindication under the v1 rule."", ""verdict"": ""no_contraindication_found"", ""citation"": ""BPHS Ch.44 \""Maraka (Killer) Planets\"" (2-5, 3): \""the 2nd and 7th are Maraka houses... The lords of the 2nd and the 7th ... are known as Marakas.\"" Trans. R. Santhanam, Ranjan Publications. Corroborated by BPHS Ch.47 (Venus sub-periods): \""If Venus be lord of the 2nd or the 7th (two maraka houses) there will be during his Dasa, physical pains and troubles.\"""", ""rule_scope"": ""v1: 2nd/7th house lordship only (occupancy + Rahu/Ketu extensions not yet implemented — see BETA_G.md follow-up)"", ""second_lord"": ""Venus"", ""seventh_lord"": ""Venus"", ""is_maraka_lord"": false, ""source_fact_id"": ""a254b3b1a69d7c39""}}",0.85,"{""citation"": ""classical ratna-shastra; Phaladeepika"", ""source_id"": ""BPHS""}",,,,,0.908918,v1.0,"{""Gemstones strengthen the planet — wear ONLY if the planet is a functional benefic for the chart; otherwise they amplify malefic results.""}",,,0.45,"{""reason"": ""INR market pricing requires an external, time-varying market-price source not present in the classical-text corpus this system computes from — B.10 forbids inventing a figure. See cost_tier for the qualitative (free/low/medium/high) classification, which IS corpus-derived."", ""available"": false, ""cost_tier"": ""high"", ""external_computation_required"": ""market gemstone/ritual-goods pricing lookup""}",,complex,t,,1,,,,,,,,,,,,,,,,documented_approximation,brahma_remedy_corpus/ketu_matrix_gemstone,G27 remedy ketu_matrix_gemstone for Ketu,2026-08-21 02:31:40.29037+00
c8a4543b-06e9-418e-93f2-e95051b1216e,482012f1-710e-4a25-994a-93821f5871aa,raman,5b1ec47a-84ca-4b08-9251-996c06835b86,static_natal,Ketu,66c098d3-2e09-4e52-872c-cad74bcbcdb4,parashari,,charity,ketu_matrix_charity_blanket,Donate blanket to the needy / a temple / a Brahmin on Saturday/Tuesday (for Ketu propitiation). Consistent donation on the planet's day pacifies its afflictions.,"{""deity"": null, ""gemstone"": null, ""mantra_text"": null, ""charity_action"": null, ""preamble_stripped"": false, ""prescription_text"": ""Donate blanket to the needy / a temple / a Brahmin on Saturday/Tuesday (for Ketu propitiation). Consistent donation on the planet's day pacifies its afflictions."", ""maraka_contraindication_verdict"": null}",0.85,"{""citation"": ""BPHS Ch.91-94 (Upaya-adhyaya)"", ""source_id"": ""BPHS""}",,,,,0.908918,v1.0,,,,0.75,"{""reason"": ""INR market pricing requires an external, time-varying market-price source not present in the classical-text corpus this system computes from — B.10 forbids inventing a figure. See cost_tier for the qualitative (free/low/medium/high) classification, which IS corpus-derived."", ""available"": false, ""cost_tier"": ""low"", ""external_computation_required"": ""market gemstone/ritual-goods pricing lookup""}",,moderate,f,,1,,,,,,,,,,,,,,,,documented_approximation,brahma_remedy_corpus/ketu_matrix_charity_blanket,G27 remedy ketu_matrix_charity_blanket for Ketu,2026-08-21 02:31:40.29037+00
90a4b404-5f8c-4e9a-b9c5-320a18672cad,482012f1-710e-4a25-994a-93821f5871aa,raman,5b1ec47a-84ca-4b08-9251-996c06835b86,static_natal,Mars,056119a7-2bf8-40e2-923d-fd812475a36f,parashari,,mantra,mars_matrix_mantra,"Recite the Mars beej mantra 'Om Kraam Kreem Kraum Sah Bhaumaya Namah' 108 times daily on Tuesday, facing east. Complete mahadasha-count japa over the dasha period.","{""deity"": null, ""gemstone"": null, ""mantra_text"": null, ""charity_action"": null, ""preamble_stripped"": false, ""prescription_text"": ""Recite the Mars beej mantra 'Om Kraam Kreem Kraum Sah Bhaumaya Namah' 108 times daily on Tuesday, facing east. Complete mahadasha-count japa over the dasha period."", ""maraka_contraindication_verdict"": null}",0.90,"{""citation"": ""BPHS Ch.91-94 (Upaya-adhyaya)"", ""source_id"": ""BPHS""}",,,,Manglik Dosha,1.010502,v1.0,,,,0.9,"{""reason"": ""INR market pricing requires an external, time-varying market-price source not present in the classical-text corpus this system computes from — B.10 forbids inventing a figure. See cost_tier for the qualitative (free/low/medium/high) classification, which IS corpus-derived."", ""available"": false, ""cost_tier"": ""free"", ""external_computation_required"": ""market gemstone/ritual-goods pricing lookup""}",,simple,f,,1,,,,,,,,,,,,,,,,documented_approximation,brahma_remedy_corpus/mars_matrix_mantra,G27 remedy mars_matrix_mantra for Mars,2026-08-21 02:31:40.29037+00
068b1fc9-782a-4181-9107-276b1ee80e97,482012f1-710e-4a25-994a-93821f5871aa,raman,5b1ec47a-84ca-4b08-9251-996c06835b86,static_natal,Mars,056119a7-2bf8-40e2-923d-fd812475a36f,parashari,,charity,dana_mars_masoor_blood_donation,"Tuesday dana for Mars (BPHS Ch.93): donate masoor dal (red lentils), red cloth, and copper on Tuesdays. Blood donation on Tuesdays is the modern classical equivalent and is widely recommended — blood ","{""deity"": null, ""gemstone"": null, ""mantra_text"": null, ""charity_action"": null, ""preamble_stripped"": false, ""prescription_text"": ""Tuesday dana for Mars (BPHS Ch.93): donate masoor dal (red lentils), red cloth, and copper on Tuesdays. Blood donation on Tuesdays is the modern classical equivalent and is widely recommended — blood is Mars's fluid and giving it is the strongest Mars-karmic action. Also: donate to emergency services or fire departments (Mars governs fire and emergencies)."", ""maraka_contraindication_verdict"": null}",0.87,"{""citation"": ""BPHS Ch.93 (Mangala dana)"", ""source_id"": ""BPHS""}",,,,Manglik Dosha,0.930304,v1.0,,,,0.75,"{""reason"": ""INR market pricing requires an external, time-varying market-price source not present in the classical-text corpus this system computes from — B.10 forbids inventing a figure. See cost_tier for the qualitative (free/low/medium/high) classification, which IS corpus-derived."", ""available"": false, ""cost_tier"": ""low"", ""external_computation_required"": ""market gemstone/ritual-goods pricing lookup""}",,moderate,f,,1,,,,,,,,,,,,,,,,documented_approximation,brahma_remedy_corpus/dana_mars_masoor_blood_donation,G27 remedy dana_mars_masoor_blood_donation for Mars,2026-08-21 02:31:40.29037+00
3f17439b-c848-47ad-958c-303cfd81f315,482012f1-710e-4a25-994a-93821f5871aa,raman,5b1ec47a-84ca-4b08-9251-996c06835b86,static_natal,Mars,056119a7-2bf8-40e2-923d-fd812475a36f,parashari,,charity,mars_matrix_charity_masoor_dal,Donate masoor dal to the needy / a temple / a Brahmin on Tuesday (for Mars propitiation). Consistent donation on the planet's day pacifies its afflictions.,"{""deity"": null, ""gemstone"": null, ""mantra_text"": null, ""charity_action"": null, ""preamble_stripped"": false, ""prescription_text"": ""Donate masoor dal to the needy / a temple / a Brahmin on Tuesday (for Mars propitiation). Consistent donation on the planet's day pacifies its afflictions."", ""maraka_contraindication_verdict"": null}",0.85,"{""citation"": ""BPHS Ch.91-94 (Upaya-adhyaya)"", ""source_id"": ""BPHS""}",,,,Manglik Dosha,0.908918,v1.0,,,,0.75,"{""reason"": ""INR market pricing requires an external, time-varying market-price source not present in the classical-text corpus this system computes from — B.10 forbids inventing a figure. See cost_tier for the qualitative (free/low/medium/high) classification, which IS corpus-derived."", ""available"": false, ""cost_tier"": ""low"", ""external_computation_required"": ""market gemstone/ritual-goods pricing lookup""}",,moderate,f,,1,,,,,,,,,,,,,,,,documented_approximation,brahma_remedy_corpus/mars_matrix_charity_masoor_dal,G27 remedy mars_matrix_charity_masoor_dal for Mars,2026-08-21 02:31:40.29037+00
f5c18d9a-7aae-487a-a2f9-23232dd0c001,482012f1-710e-4a25-994a-93821f5871aa,raman,5b1ec47a-84ca-4b08-9251-996c06835b86,static_natal,Rahu,8324decb-c950-4237-98f5-b1bbab5c5010,parashari,,mantra,rahu_matrix_mantra,"Recite the Rahu beej mantra 'Om Bhraam Bhreem Bhraum Sah Rahave Namah' 108 times daily on Saturday, facing east. Complete mahadasha-count japa over the dasha period.","{""deity"": null, ""gemstone"": null, ""mantra_text"": null, ""charity_action"": null, ""preamble_stripped"": false, ""prescription_text"": ""Recite the Rahu beej mantra 'Om Bhraam Bhreem Bhraum Sah Rahave Namah' 108 times daily on Saturday, facing east. Complete mahadasha-count japa over the dasha period."", ""maraka_contraindication_verdict"": null}",0.90,"{""citation"": ""BPHS Ch.91-94 (Upaya-adhyaya)"", ""source_id"": ""BPHS""}",,,,,1.010502,v1.0,,,,0.9,"{""reason"": ""INR market pricing requires an external, time-varying market-price source not present in the classical-text corpus this system computes from — B.10 forbids inventing a figure. See cost_tier for the qualitative (free/low/medium/high) classification, which IS corpus-derived."", ""available"": false, ""cost_tier"": ""free"", ""external_computation_required"": ""market gemstone/ritual-goods pricing lookup""}",,simple,f,,1,,,,,,,,,,,,,,,,documented_approximation,brahma_remedy_corpus/rahu_matrix_mantra,G27 remedy rahu_matrix_mantra for Rahu,2026-08-21 02:31:40.29037+00
7c2e7b49-b29b-4984-b18f-6facdbfb07e3,482012f1-710e-4a25-994a-93821f5871aa,raman,5b1ec47a-84ca-4b08-9251-996c06835b86,static_natal,Rahu,8324decb-c950-4237-98f5-b1bbab5c5010,parashari,,charity,rahu_matrix_charity_urad_dal,Donate urad dal to the needy / a temple / a Brahmin on Saturday (for Rahu propitiation). Consistent donation on the planet's day pacifies its afflictions.,"{""deity"": null, ""gemstone"": null, ""mantra_text"": null, ""charity_action"": null, ""preamble_stripped"": false, ""prescription_text"": ""Donate urad dal to the needy / a temple / a Brahmin on Saturday (for Rahu propitiation). Consistent donation on the planet's day pacifies its afflictions."", ""maraka_contraindication_verdict"": null}",0.85,"{""citation"": ""BPHS Ch.91-94 (Upaya-adhyaya)"", ""source_id"": ""BPHS""}",,,,,0.908918,v1.0,,,,0.75,"{""reason"": ""INR market pricing requires an external, time-varying market-price source not present in the classical-text corpus this system computes from — B.10 forbids inventing a figure. See cost_tier for the qualitative (free/low/medium/high) classification, which IS corpus-derived."", ""available"": false, ""cost_tier"": ""low"", ""external_computation_required"": ""market gemstone/ritual-goods pricing lookup""}",,moderate,f,,1,,,,,,,,,,,,,,,,documented_approximation,brahma_remedy_corpus/rahu_matrix_charity_urad_dal,G27 remedy rahu_matrix_charity_urad_dal for Rahu,2026-08-21 02:31:40.29037+00
710937f0-1e32-45cd-bbe4-ac3fc9d67529,482012f1-710e-4a25-994a-93821f5871aa,raman,5b1ec47a-84ca-4b08-9251-996c06835b86,static_natal,Rahu,8324decb-c950-4237-98f5-b1bbab5c5010,parashari,,gemstone,rahu_matrix_gemstone,"Wear a tested Hessonite (Gomed) in lead/silver on the prescribed finger, on Saturday, during Shukla Paksha. ONLY if Rahu is a functional benefic in the chart (test for 3 days first before committing).","{""deity"": null, ""gemstone"": null, ""mantra_text"": null, ""charity_action"": null, ""preamble_stripped"": false, ""prescription_text"": ""Wear a tested Hessonite (Gomed) in lead/silver on the prescribed finger, on Saturday, during Shukla Paksha. ONLY if Rahu is a functional benefic in the chart (test for 3 days first before committing)."", ""maraka_contraindication_verdict"": {""reason"": ""Rahu is neither the 2nd-house lord (Venus) nor the 7th-house lord (Venus) from lagna in this chart — no maraka-lordship contraindication under the v1 rule."", ""verdict"": ""no_contraindication_found"", ""citation"": ""BPHS Ch.44 \""Maraka (Killer) Planets\"" (2-5, 3): \""the 2nd and 7th are Maraka houses... The lords of the 2nd and the 7th ... are known as Marakas.\"" Trans. R. Santhanam, Ranjan Publications. Corroborated by BPHS Ch.47 (Venus sub-periods): \""If Venus be lord of the 2nd or the 7th (two maraka houses) there will be during his Dasa, physical pains and troubles.\"""", ""rule_scope"": ""v1: 2nd/7th house lordship only (occupancy + Rahu/Ketu extensions not yet implemented — see BETA_G.md follow-up)"", ""second_lord"": ""Venus"", ""seventh_lord"": ""Venus"", ""is_maraka_lord"": false, ""source_fact_id"": ""a254b3b1a69d7c39""}}",0.85,"{""citation"": ""classical ratna-shastra; Phaladeepika"", ""source_id"": ""BPHS""}",,,,,0.908918,v1.0,"{""Gemstones strengthen the planet — wear ONLY if the planet is a functional benefic for the chart; otherwise they amplify malefic results.""}",,,0.45,"{""reason"": ""INR market pricing requires an external, time-varying market-price source not present in the classical-text corpus this system computes from — B.10 forbids inventing a figure. See cost_tier for the qualitative (free/low/medium/high) classification, which IS corpus-derived."", ""available"": false, ""cost_tier"": ""high"", ""external_computation_required"": ""market gemstone/ritual-goods pricing lookup""}",,complex,t,,1,,,,,,,,,,,,,,,,documented_approximation,brahma_remedy_corpus/rahu_matrix_gemstone,G27 remedy rahu_matrix_gemstone for Rahu,2026-08-21 02:31:40.29037+00
cc6e7b8c-a021-471c-8623-a74664157d8b,482012f1-710e-4a25-994a-93821f5871aa,raman,5b1ec47a-84ca-4b08-9251-996c06835b86,static_natal,Moon,9057ca8e-1213-45f2-a5ad-37849c8639f2,parashari,,mantra,moon_matrix_mantra,"Recite the Moon beej mantra 'Om Shraam Shreem Shraum Sah Chandraya Namah' 108 times daily on Monday, facing east. Complete mahadasha-count japa over the dasha period.","{""deity"": null, ""gemstone"": null, ""mantra_text"": null, ""charity_action"": null, ""preamble_stripped"": false, ""prescription_text"": ""Recite the Moon beej mantra 'Om Shraam Shreem Shraum Sah Chandraya Namah' 108 times daily on Monday, facing east. Complete mahadasha-count japa over the dasha period."", ""maraka_contraindication_verdict"": null}",0.90,"{""citation"": ""BPHS Ch.91-94 (Upaya-adhyaya)"", ""source_id"": ""BPHS""}",,,,,1.010502,v1.0,,,,0.9,"{""reason"": ""INR market pricing requires an external, time-varying market-price source not present in the classical-text corpus this system computes from — B.10 forbids inventing a figure. See cost_tier for the qualitative (free/low/medium/high) classification, which IS corpus-derived."", ""available"": false, ""cost_tier"": ""free"", ""external_computation_required"": ""market gemstone/ritual-goods pricing lookup""}",,simple,f,,1,,,,,,,,,,,,,,,,documented_approximation,brahma_remedy_corpus/moon_matrix_mantra,G27 remedy moon_matrix_mantra for Moon,2026-08-21 02:31:40.29037+00
d76f5088-fadf-43b1-bd1f-6da2c360a595,482012f1-710e-4a25-994a-93821f5871aa,raman,5b1ec47a-84ca-4b08-9251-996c06835b86,static_natal,Moon,9057ca8e-1213-45f2-a5ad-37849c8639f2,parashari,,charity,dana_moon_silver_milk_monday,"Monday dana for Moon propitiation (BPHS Ch.93): donate silver (even a small coin), white rice, milk, and curd to a Brahmin woman or temple on Mondays during Purnima (full moon). The Moon-silver-white ","{""deity"": null, ""gemstone"": null, ""mantra_text"": null, ""charity_action"": null, ""preamble_stripped"": false, ""prescription_text"": ""Monday dana for Moon propitiation (BPHS Ch.93): donate silver (even a small coin), white rice, milk, and curd to a Brahmin woman or temple on Mondays during Purnima (full moon). The Moon-silver-white connection is the canonical triad in BPHS Ch.93."", ""maraka_contraindication_verdict"": null}",0.88,"{""citation"": ""BPHS Ch.93 (Chandra dana)"", ""source_id"": ""BPHS""}",,,,,0.940997,v1.0,,,,0.75,"{""reason"": ""INR market pricing requires an external, time-varying market-price source not present in the classical-text corpus this system computes from — B.10 forbids inventing a figure. See cost_tier for the qualitative (free/low/medium/high) classification, which IS corpus-derived."", ""available"": false, ""cost_tier"": ""low"", ""external_computation_required"": ""market gemstone/ritual-goods pricing lookup""}",,moderate,f,,1,,,,,,,,,,,,,,,,documented_approximation,brahma_remedy_corpus/dana_moon_silver_milk_monday,G27 remedy dana_moon_silver_milk_monday for Moon,2026-08-21 02:31:40.29037+00
79af6923-afe2-4ba7-989d-c498398298f5,482012f1-710e-4a25-994a-93821f5871aa,raman,5b1ec47a-84ca-4b08-9251-996c06835b86,static_natal,Moon,9057ca8e-1213-45f2-a5ad-37849c8639f2,parashari,,charity,moon_matrix_charity_rice,Donate rice to the needy / a temple / a Brahmin on Monday (for Moon propitiation). Consistent donation on the planet's day pacifies its afflictions.,"{""deity"": null, ""gemstone"": null, ""mantra_text"": null, ""charity_action"": null, ""preamble_stripped"": false, ""prescription_text"": ""Donate rice to the needy / a temple / a Brahmin on Monday (for Moon propitiation). Consistent donation on the planet's day pacifies its afflictions."", ""maraka_contraindication_verdict"": null}",0.85,"{""citation"": ""BPHS Ch.91-94 (Upaya-adhyaya)"", ""source_id"": ""BPHS""}",,,,,0.908918,v1.0,,,,0.75,"{""reason"": ""INR market pricing requires an external, time-varying market-price source not present in the classical-text corpus this system computes from — B.10 forbids inventing a figure. See cost_tier for the qualitative (free/low/medium/high) classification, which IS corpus-derived."", ""available"": false, ""cost_tier"": ""low"", ""external_computation_required"": ""market gemstone/ritual-goods pricing lookup""}",,moderate,f,,1,,,,,,,,,,,,,,,,documented_approximation,brahma_remedy_corpus/moon_matrix_charity_rice,G27 remedy moon_matrix_charity_rice for Moon,2026-08-21 02:31:40.29037+00
ef496455-7953-453f-99c0-1eca54746417,482012f1-710e-4a25-994a-93821f5871aa,raman,5b1ec47a-84ca-4b08-9251-996c06835b86,static_natal,Jupiter,e891ecd6-80ae-40f3-82f9-b707bceb7922,parashari,,mantra,jupiter_matrix_mantra,"Recite the Jupiter beej mantra 'Om Graam Greem Graum Sah Gurave Namah' 108 times daily on Thursday, facing east. Complete mahadasha-count japa over the dasha period.","{""deity"": null, ""gemstone"": null, ""mantra_text"": null, ""charity_action"": null, ""preamble_stripped"": false, ""prescription_text"": ""Recite the Jupiter beej mantra 'Om Graam Greem Graum Sah Gurave Namah' 108 times daily on Thursday, facing east. Complete mahadasha-count japa over the dasha period."", ""maraka_contraindication_verdict"": null}",0.90,"{""citation"": ""BPHS Ch.91-94 (Upaya-adhyaya)"", ""source_id"": ""BPHS""}",,,,,1.010502,v1.0,,,,0.9,"{""reason"": ""INR market pricing requires an external, time-varying market-price source not present in the classical-text corpus this system computes from — B.10 forbids inventing a figure. See cost_tier for the qualitative (free/low/medium/high) classification, which IS corpus-derived."", ""available"": false, ""cost_tier"": ""free"", ""external_computation_required"": ""market gemstone/ritual-goods pricing lookup""}",,simple,f,,1,,,,,,,,,,,,,,,,documented_approximation,brahma_remedy_corpus/jupiter_matrix_mantra,G27 remedy jupiter_matrix_mantra for Jupiter,2026-08-21 02:31:40.29037+00
2bff187b-fb1a-4cea-8eed-bffde82dc81d,482012f1-710e-4a25-994a-93821f5871aa,raman,5b1ec47a-84ca-4b08-9251-996c06835b86,static_natal,Jupiter,e891ecd6-80ae-40f3-82f9-b707bceb7922,parashari,,mantra,jupiter_wealth_mantra_01,"Chant Guru Ashtottara Shatanamavali 108 times on Thursdays. Jupiter (Guru) blesses with wisdom, wealth, and progeny when propitiated.","{""deity"": null, ""gemstone"": null, ""mantra_text"": null, ""charity_action"": null, ""preamble_stripped"": false, ""prescription_text"": ""Chant Guru Ashtottara Shatanamavali 108 times on Thursdays. Jupiter (Guru) blesses with wisdom, wealth, and progeny when propitiated."", ""maraka_contraindication_verdict"": null}",0.90,"{""citation"": ""BPHS Ch.88"", ""source_id"": ""BPHS""}",,,,,1.010502,v1.0,,,,0.9,"{""reason"": ""INR market pricing requires an external, time-varying market-price source not present in the classical-text corpus this system computes from — B.10 forbids inventing a figure. See cost_tier for the qualitative (free/low/medium/high) classification, which IS corpus-derived."", ""available"": false, ""cost_tier"": null, ""external_computation_required"": ""market gemstone/ritual-goods pricing lookup""}",,simple,f,,1,,,,,,,,,,,,,,,,documented_approximation,brahma_remedy_corpus/jupiter_wealth_mantra_01,G27 remedy jupiter_wealth_mantra_01 for Jupiter,2026-08-21 02:31:40.29037+00
a238f378-919d-4649-bddc-eeaf95449f22,482012f1-710e-4a25-994a-93821f5871aa,raman,5b1ec47a-84ca-4b08-9251-996c06835b86,static_natal,Jupiter,e891ecd6-80ae-40f3-82f9-b707bceb7922,parashari,,japa,stotra_vishnu_sahasranama_jupiter_afflicted,"Recite Vishnu Sahasranama (Mahabharata, Anushasana Parva 149) once daily on Thursdays. Jupiter is the karaka of dharma and wisdom — Vishnu Sahasranama is the classical prescription for Guru-related ob","{""deity"": null, ""gemstone"": null, ""mantra_text"": null, ""charity_action"": null, ""preamble_stripped"": true, ""prescription_text"": ""For afflicted Jupiter (debilitated in Capricorn, Guru Chandal dosha, retrograde in dasha): recite Vishnu Sahasranama (Mahabharata, Anushasana Parva 149) once daily on Thursdays. Jupiter is the karaka of dharma and wisdom — Vishnu Sahasranama is the classical prescription for Guru-related obstacles per Phaladeepika's remedial section."", ""maraka_contraindication_verdict"": null}",0.88,"{""citation"": ""Phaladeepika remedial section; Mahabharata Anushasana Parva 149"", ""source_id"": ""Phaladeepika""}",,,,,0.940997,v1.0,,,,0.9,"{""reason"": ""INR market pricing requires an external, time-varying market-price source not present in the classical-text corpus this system computes from — B.10 forbids inventing a figure. See cost_tier for the qualitative (free/low/medium/high) classification, which IS corpus-derived."", ""available"": false, ""cost_tier"": ""free"", ""external_computation_required"": ""market gemstone/ritual-goods pricing lookup""}",,simple,f,,1,,,,,,,,,,,,,,,,documented_approximation,brahma_remedy_corpus/stotra_vishnu_sahasranama_jupiter_afflicted,G27 remedy stotra_vishnu_sahasranama_jupiter_afflicted for Jupiter,2026-08-21 02:31:40.29037+00
1d43c176-0cf6-4309-b7b7-0e64f18c1afd,482012f1-710e-4a25-994a-93821f5871aa,raman,5b1ec47a-84ca-4b08-9251-996c06835b86,static_natal,Sun,72746aef-c146-4e31-b945-d2d4ad885705,parashari,,mantra,sun_matrix_mantra,"Recite the Sun beej mantra 'Om Hraam Hreem Hraum Sah Suryaya Namah' 108 times daily on Sunday, facing east. Complete mahadasha-count japa over the dasha period.","{""deity"": null, ""gemstone"": null, ""mantra_text"": null, ""charity_action"": null, ""preamble_stripped"": false, ""prescription_text"": ""Recite the Sun beej mantra 'Om Hraam Hreem Hraum Sah Suryaya Namah' 108 times daily on Sunday, facing east. Complete mahadasha-count japa over the dasha period."", ""maraka_contraindication_verdict"": null}",0.90,"{""citation"": ""BPHS Ch.91-94 (Upaya-adhyaya)"", ""source_id"": ""BPHS""}",,,,,1.010502,v1.0,,,,0.9,"{""reason"": ""INR market pricing requires an external, time-varying market-price source not present in the classical-text corpus this system computes from — B.10 forbids inventing a figure. See cost_tier for the qualitative (free/low/medium/high) classification, which IS corpus-derived."", ""available"": false, ""cost_tier"": ""free"", ""external_computation_required"": ""market gemstone/ritual-goods pricing lookup""}",,simple,f,,1,,,,,,,,,,,,,,,,documented_approximation,brahma_remedy_corpus/sun_matrix_mantra,G27 remedy sun_matrix_mantra for Sun,2026-08-21 02:31:40.29037+00
7cd9a6ca-539c-44a7-a79d-6dc845b5ac3b,482012f1-710e-4a25-994a-93821f5871aa,raman,5b1ec47a-84ca-4b08-9251-996c06835b86,static_natal,Sun,72746aef-c146-4e31-b945-d2d4ad885705,parashari,,mantra,sun_career_mantra_01,"Chant the Aditya Hridayam daily at sunrise, facing east, 108 times. This strengthens the Sun and brings favor from authority figures and government.","{""deity"": null, ""gemstone"": null, ""mantra_text"": null, ""charity_action"": null, ""preamble_stripped"": false, ""prescription_text"": ""Chant the Aditya Hridayam daily at sunrise, facing east, 108 times. This strengthens the Sun and brings favor from authority figures and government."", ""maraka_contraindication_verdict"": null}",0.90,"{""citation"": ""BPHS Ch.88"", ""source_id"": ""BPHS""}",,,,,1.010502,v1.0,,,,0.9,"{""reason"": ""INR market pricing requires an external, time-varying market-price source not present in the classical-text corpus this system computes from — B.10 forbids inventing a figure. See cost_tier for the qualitative (free/low/medium/high) classification, which IS corpus-derived."", ""available"": false, ""cost_tier"": null, ""external_computation_required"": ""market gemstone/ritual-goods pricing lookup""}",,simple,f,,1,,,,,,,,,,,,,,,,documented_approximation,brahma_remedy_corpus/sun_career_mantra_01,G27 remedy sun_career_mantra_01 for Sun,2026-08-21 02:31:40.29037+00
99c12300-9923-4add-98fd-efb52582e650,482012f1-710e-4a25-994a-93821f5871aa,raman,5b1ec47a-84ca-4b08-9251-996c06835b86,static_natal,Sun,72746aef-c146-4e31-b945-d2d4ad885705,parashari,,japa,stotra_aditya_hridayam_afflicted_sun,"Recite Aditya Hridayam (from Valmiki Ramayana, Yuddha Kanda Ch.107) in full at sunrise facing east, daily during Sun dasha/antardasha. Agastya prescribed this to Rama before battle — it is the classic","{""deity"": null, ""gemstone"": null, ""mantra_text"": null, ""charity_action"": null, ""preamble_stripped"": true, ""prescription_text"": ""For afflicted Sun (combust, debilitated in Libra, or in 6/8/12): recite Aditya Hridayam (from Valmiki Ramayana, Yuddha Kanda Ch.107) in full at sunrise facing east, daily during Sun dasha/antardasha. Agastya prescribed this to Rama before battle — it is the classical solar invocation for strength and authority."", ""maraka_contraindication_verdict"": null}",0.90,"{""citation"": ""Valmiki Ramayana, Yuddha Kanda 107; BPHS Ch.88 (Surya upaya)"", ""source_id"": ""BPHS""}",,,,,0.962383,v1.0,,,,0.9,"{""reason"": ""INR market pricing requires an external, time-varying market-price source not present in the classical-text corpus this system computes from — B.10 forbids inventing a figure. See cost_tier for the qualitative (free/low/medium/high) classification, which IS corpus-derived."", ""available"": false, ""cost_tier"": ""free"", ""external_computation_required"": ""market gemstone/ritual-goods pricing lookup""}",,simple,f,,1,,,,,,,,,,,,,,,,documented_approximation,brahma_remedy_corpus/stotra_aditya_hridayam_afflicted_sun,G27 remedy stotra_aditya_hridayam_afflicted_sun for Sun,2026-08-21 02:31:40.29037+00
5754df17-c83e-4c97-b56b-c3301a499998,482012f1-710e-4a25-994a-93821f5871aa,raman,5b1ec47a-84ca-4b08-9251-996c06835b86,static_natal,Saturn,fd832808-e46c-4e0e-95b6-a93ab824395b,parashari,,japa,stotra_mahamrityunjaya_saturn_affliction,"Perform Mahamrityunjaya japa to the prescribed count — 1,25,000 (1.25 lakh) for a full shanti, or 108 daily as ongoing maintenance. The mantra is from Rigveda 7.59.12 (Tryambaka sukta) and is the clas","{""deity"": null, ""gemstone"": null, ""mantra_text"": null, ""charity_action"": null, ""preamble_stripped"": true, ""prescription_text"": ""For Saturn-ruled chronic disease (bones, joints, nervous system; Saturn in 6H/8H or Sade Sati with health impact): perform Mahamrityunjaya japa to the prescribed count — 1,25,000 (1.25 lakh) for a full shanti, or 108 daily as ongoing maintenance. The mantra is from Rigveda 7.59.12 (Tryambaka sukta) and is the classical prescription for Mrityu-related (Saturn/8H) afflictions."", ""maraka_contraindication_verdict"": null}",0.92,"{""citation"": ""Rigveda 7.59.12; BPHS Ch.88 (Shani health upaya)"", ""source_id"": ""BPHS""}",,,,,0.98377,v1.0,,,,0.9,"{""reason"": ""INR market pricing requires an external, time-varying market-price source not present in the classical-text corpus this system computes from — B.10 forbids inventing a figure. See cost_tier for the qualitative (free/low/medium/high) classification, which IS corpus-derived."", ""available"": false, ""cost_tier"": ""free"", ""external_computation_required"": ""market gemstone/ritual-goods pricing lookup""}",,simple,f,,1,,,,,,,,,,,,,,,,documented_approximation,brahma_remedy_corpus/stotra_mahamrityunjaya_saturn_affliction,G27 remedy stotra_mahamrityunjaya_saturn_affliction for Saturn,2026-08-21 02:31:40.29037+00
7fc2d465-93f5-440e-b5e3-0ab877bc6e90,482012f1-710e-4a25-994a-93821f5871aa,raman,5b1ec47a-84ca-4b08-9251-996c06835b86,static_natal,Saturn,fd832808-e46c-4e0e-95b6-a93ab824395b,parashari,,mantra,sat_career_mantra_01,"Chant the Shani Ashtottara Shatanamavali (108 names of Saturn) or the Shani Chalisa daily, especially on Saturdays. Saturn rules karma, discipline, and professional perseverance.","{""deity"": null, ""gemstone"": null, ""mantra_text"": null, ""charity_action"": null, ""preamble_stripped"": false, ""prescription_text"": ""Chant the Shani Ashtottara Shatanamavali (108 names of Saturn) or the Shani Chalisa daily, especially on Saturdays. Saturn rules karma, discipline, and professional perseverance."", ""maraka_contraindication_verdict"": null}",0.90,"{""citation"": ""BPHS Ch.88"", ""source_id"": ""BPHS""}",,,,,1.010502,v1.0,,,,0.9,"{""reason"": ""INR market pricing requires an external, time-varying market-price source not present in the classical-text corpus this system computes from — B.10 forbids inventing a figure. See cost_tier for the qualitative (free/low/medium/high) classification, which IS corpus-derived."", ""available"": false, ""cost_tier"": null, ""external_computation_required"": ""market gemstone/ritual-goods pricing lookup""}",,simple,f,,1,,,,,,,,,,,,,,,,documented_approximation,brahma_remedy_corpus/sat_career_mantra_01,G27 remedy sat_career_mantra_01 for Saturn,2026-08-21 02:31:40.29037+00
b332f028-f0b5-4ee2-9e04-e112c164d0d8,482012f1-710e-4a25-994a-93821f5871aa,raman,5b1ec47a-84ca-4b08-9251-996c06835b86,static_natal,Saturn,fd832808-e46c-4e0e-95b6-a93ab824395b,parashari,,mantra,saturn_matrix_mantra,"Recite the Saturn beej mantra 'Om Praam Preem Praum Sah Shanaye Namah' 108 times daily on Saturday, facing east. Complete mahadasha-count japa over the dasha period.","{""deity"": null, ""gemstone"": null, ""mantra_text"": null, ""charity_action"": null, ""preamble_stripped"": false, ""prescription_text"": ""Recite the Saturn beej mantra 'Om Praam Preem Praum Sah Shanaye Namah' 108 times daily on Saturday, facing east. Complete mahadasha-count japa over the dasha period."", ""maraka_contraindication_verdict"": null}",0.90,"{""citation"": ""BPHS Ch.91-94 (Upaya-adhyaya)"", ""source_id"": ""BPHS""}",,,,,1.010502,v1.0,,,,0.9,"{""reason"": ""INR market pricing requires an external, time-varying market-price source not present in the classical-text corpus this system computes from — B.10 forbids inventing a figure. See cost_tier for the qualitative (free/low/medium/high) classification, which IS corpus-derived."", ""available"": false, ""cost_tier"": ""free"", ""external_computation_required"": ""market gemstone/ritual-goods pricing lookup""}",,simple,f,,1,,,,,,,,,,,,,,,,documented_approximation,brahma_remedy_corpus/saturn_matrix_mantra,G27 remedy saturn_matrix_mantra for Saturn,2026-08-21 02:31:40.29037+00
b46f9152-fb13-4309-bfe1-88369d545e5d,482012f1-710e-4a25-994a-93821f5871aa,raman,5b1ec47a-84ca-4b08-9251-996c06835b86,static_natal,Mercury,56cd82de-343a-48f6-898d-77e8acf0b51f,parashari,,mantra,mercury_matrix_mantra,"Recite the Mercury beej mantra 'Om Braam Breem Braum Sah Budhaya Namah' 108 times daily on Wednesday, facing east. Complete mahadasha-count japa over the dasha period.","{""deity"": null, ""gemstone"": null, ""mantra_text"": null, ""charity_action"": null, ""preamble_stripped"": false, ""prescription_text"": ""Recite the Mercury beej mantra 'Om Braam Breem Braum Sah Budhaya Namah' 108 times daily on Wednesday, facing east. Complete mahadasha-count japa over the dasha period."", ""maraka_contraindication_verdict"": null}",0.90,"{""citation"": ""BPHS Ch.91-94 (Upaya-adhyaya)"", ""source_id"": ""BPHS""}",,,,,1.010502,v1.0,,,,0.9,"{""reason"": ""INR market pricing requires an external, time-varying market-price source not present in the classical-text corpus this system computes from — B.10 forbids inventing a figure. See cost_tier for the qualitative (free/low/medium/high) classification, which IS corpus-derived."", ""available"": false, ""cost_tier"": ""free"", ""external_computation_required"": ""market gemstone/ritual-goods pricing lookup""}",,simple,f,,1,,,,,,,,,,,,,,,,documented_approximation,brahma_remedy_corpus/mercury_matrix_mantra,G27 remedy mercury_matrix_mantra for Mercury,2026-08-21 02:31:40.29037+00
a80f79c5-c743-4178-b1e8-3a50a3966cf0,482012f1-710e-4a25-994a-93821f5871aa,raman,5b1ec47a-84ca-4b08-9251-996c06835b86,static_natal,Mercury,56cd82de-343a-48f6-898d-77e8acf0b51f,parashari,,charity,dana_mercury_books_green_wednesday,"Wednesday dana for Mercury (BPHS Ch.93): donate green cloth, green moong dal, books, and writing materials on Wednesdays. Donating to schools, libraries, or sponsoring a student's education is the Mer","{""deity"": null, ""gemstone"": null, ""mantra_text"": null, ""charity_action"": null, ""preamble_stripped"": false, ""prescription_text"": ""Wednesday dana for Mercury (BPHS Ch.93): donate green cloth, green moong dal, books, and writing materials on Wednesdays. Donating to schools, libraries, or sponsoring a student's education is the Mercury dana in contemporary form. The BPHS Ch.93 prescribes green gram (moong) and bronze as the Mercury pair."", ""maraka_contraindication_verdict"": null}",0.87,"{""citation"": ""BPHS Ch.93 (Budha dana)"", ""source_id"": ""BPHS""}",,,,,0.930304,v1.0,,,,0.75,"{""reason"": ""INR market pricing requires an external, time-varying market-price source not present in the classical-text corpus this system computes from — B.10 forbids inventing a figure. See cost_tier for the qualitative (free/low/medium/high) classification, which IS corpus-derived."", ""available"": false, ""cost_tier"": ""low"", ""external_computation_required"": ""market gemstone/ritual-goods pricing lookup""}",,moderate,f,,1,,,,,,,,,,,,,,,,documented_approximation,brahma_remedy_corpus/dana_mercury_books_green_wednesday,G27 remedy dana_mercury_books_green_wednesday for Mercury,2026-08-21 02:31:40.29037+00
d0a3cb37-332d-41d7-be6e-53a9154b285e,482012f1-710e-4a25-994a-93821f5871aa,raman,5b1ec47a-84ca-4b08-9251-996c06835b86,static_natal,Mercury,56cd82de-343a-48f6-898d-77e8acf0b51f,parashari,,charity,mercury_matrix_charity_green_gram_moong,Donate green gram (moong) to the needy / a temple / a Brahmin on Wednesday (for Mercury propitiation). Consistent donation on the planet's day pacifies its afflictions.,"{""deity"": null, ""gemstone"": null, ""mantra_text"": null, ""charity_action"": null, ""preamble_stripped"": false, ""prescription_text"": ""Donate green gram (moong) to the needy / a temple / a Brahmin on Wednesday (for Mercury propitiation). Consistent donation on the planet's day pacifies its afflictions."", ""maraka_contraindication_verdict"": null}",0.85,"{""citation"": ""BPHS Ch.91-94 (Upaya-adhyaya)"", ""source_id"": ""BPHS""}",,,,,0.908918,v1.0,,,,0.75,"{""reason"": ""INR market pricing requires an external, time-varying market-price source not present in the classical-text corpus this system computes from — B.10 forbids inventing a figure. See cost_tier for the qualitative (free/low/medium/high) classification, which IS corpus-derived."", ""available"": false, ""cost_tier"": ""low"", ""external_computation_required"": ""market gemstone/ritual-goods pricing lookup""}",,moderate,f,,1,,,,,,,,,,,,,,,,documented_approximation,brahma_remedy_corpus/mercury_matrix_charity_green_gram_moong,G27 remedy mercury_matrix_charity_green_gram_moong for Mercury,2026-08-21 02:31:40.29037+00
89d74d9f-da43-49d0-bf71-f079d672cd01,482012f1-710e-4a25-994a-93821f5871aa,krishnamurti,5b1ec47a-84ca-4b08-9251-996c06835b86,static_natal,Venus,2fd2ae74-8c61-4006-bd27-900a930edb45,parashari,,mantra,venus_matrix_mantra,"Recite the Venus beej mantra 'Om Draam Dreem Draum Sah Shukraya Namah' 108 times daily on Friday, facing east. Complete mahadasha-count japa over the dasha period.","{""deity"": null, ""gemstone"": null, ""mantra_text"": null, ""charity_action"": null, ""preamble_stripped"": false, ""prescription_text"": ""Recite the Venus beej mantra 'Om Draam Dreem Draum Sah Shukraya Namah' 108 times daily on Friday, facing east. Complete mahadasha-count japa over the dasha period."", ""maraka_contraindication_verdict"": null}",0.90,"{""citation"": ""BPHS Ch.91-94 (Upaya-adhyaya)"", ""source_id"": ""BPHS""}",,,,,1.010502,v1.0,,,,0.9,"{""reason"": ""INR market pricing requires an external, time-varying market-price source not present in the classical-text corpus this system computes from — B.10 forbids inventing a figure. See cost_tier for the qualitative (free/low/medium/high) classification, which IS corpus-derived."", ""available"": false, ""cost_tier"": ""free"", ""external_computation_required"": ""market gemstone/ritual-goods pricing lookup""}",,simple,f,,1,,,,,,,,,,,,,,,,documented_approximation,brahma_remedy_corpus/venus_matrix_mantra,G27 remedy venus_matrix_mantra for Venus,2026-08-21 02:31:40.29037+00
15dca7e3-54b3-4e84-a808-e3009f5814d8,482012f1-710e-4a25-994a-93821f5871aa,krishnamurti,5b1ec47a-84ca-4b08-9251-996c06835b86,static_natal,Venus,2fd2ae74-8c61-4006-bd27-900a930edb45,parashari,,mantra,venus_marriage_mantra_01,"Chant Shukra Ashtottara Shatanamavali 108 times on Fridays. Venus governs love, beauty, relationships, and luxury.","{""deity"": null, ""gemstone"": null, ""mantra_text"": null, ""charity_action"": null, ""preamble_stripped"": false, ""prescription_text"": ""Chant Shukra Ashtottara Shatanamavali 108 times on Fridays. Venus governs love, beauty, relationships, and luxury."", ""maraka_contraindication_verdict"": null}",0.90,"{""citation"": ""BPHS Ch.88"", ""source_id"": ""BPHS""}",,,,,1.010502,v1.0,,,,0.9,"{""reason"": ""INR market pricing requires an external, time-varying market-price source not present in the classical-text corpus this system computes from — B.10 forbids inventing a figure. See cost_tier for the qualitative (free/low/medium/high) classification, which IS corpus-derived."", ""available"": false, ""cost_tier"": null, ""external_computation_required"": ""market gemstone/ritual-goods pricing lookup""}",,simple,f,,1,,,,,,,,,,,,,,,,documented_approximation,brahma_remedy_corpus/venus_marriage_mantra_01,G27 remedy venus_marriage_mantra_01 for Venus,2026-08-21 02:31:40.29037+00
ec87adf9-8cd6-4b16-bc3e-5560bd040445,482012f1-710e-4a25-994a-93821f5871aa,krishnamurti,5b1ec47a-84ca-4b08-9251-996c06835b86,static_natal,Venus,2fd2ae74-8c61-4006-bd27-900a930edb45,parashari,,japa,stotra_shri_sukta_venus_wealth,"Recite Shri Sukta (Rigveda Khilani, 16 verses) on Fridays before Lakshmi puja. Shri Sukta is the oldest Vedic hymn to Lakshmi and is the canonical prescription for Venus/Lakshmi-related prosperity.","{""deity"": null, ""gemstone"": null, ""mantra_text"": null, ""charity_action"": null, ""preamble_stripped"": true, ""prescription_text"": ""For Venus-related wealth affliction (Venus in 6H/12H, debilitated in Virgo, or Shukra dasha poverty): recite Shri Sukta (Rigveda Khilani, 16 verses) on Fridays before Lakshmi puja. Shri Sukta is the oldest Vedic hymn to Lakshmi and is the canonical prescription for Venus/Lakshmi-related prosperity."", ""maraka_contraindication_verdict"": null}",0.88,"{""citation"": ""Rigveda Khilani (Shri Sukta 16 verses); BPHS Ch.88"", ""source_id"": ""BPHS""}",,,,,0.940997,v1.0,,,,0.9,"{""reason"": ""INR market pricing requires an external, time-varying market-price source not present in the classical-text corpus this system computes from — B.10 forbids inventing a figure. See cost_tier for the qualitative (free/low/medium/high) classification, which IS corpus-derived."", ""available"": false, ""cost_tier"": ""free"", ""external_computation_required"": ""market gemstone/ritual-goods pricing lookup""}",,simple,f,,1,,,,,,,,,,,,,,,,documented_approximation,brahma_remedy_corpus/stotra_shri_sukta_venus_wealth,G27 remedy stotra_shri_sukta_venus_wealth for Venus,2026-08-21 02:31:40.29037+00
09682402-fd17-4228-8832-5d20b2828abc,482012f1-710e-4a25-994a-93821f5871aa,krishnamurti,5b1ec47a-84ca-4b08-9251-996c06835b86,static_natal,Mars,791f632c-29e5-494d-9798-09a4aa6dd981,parashari,,mantra,mars_matrix_mantra,"Recite the Mars beej mantra 'Om Kraam Kreem Kraum Sah Bhaumaya Namah' 108 times daily on Tuesday, facing east. Complete mahadasha-count japa over the dasha period.","{""deity"": null, ""gemstone"": null, ""mantra_text"": null, ""charity_action"": null, ""preamble_stripped"": false, ""prescription_text"": ""Recite the Mars beej mantra 'Om Kraam Kreem Kraum Sah Bhaumaya Namah' 108 times daily on Tuesday, facing east. Complete mahadasha-count japa over the dasha period."", ""maraka_contraindication_verdict"": null}",0.90,"{""citation"": ""BPHS Ch.91-94 (Upaya-adhyaya)"", ""source_id"": ""BPHS""}",,,,Manglik Dosha,1.010502,v1.0,,,,0.9,"{""reason"": ""INR market pricing requires an external, time-varying market-price source not present in the classical-text corpus this system computes from — B.10 forbids inventing a figure. See cost_tier for the qualitative (free/low/medium/high) classification, which IS corpus-derived."", ""available"": false, ""cost_tier"": ""free"", ""external_computation_required"": ""market gemstone/ritual-goods pricing lookup""}",,simple,f,,1,,,,,,,,,,,,,,,,documented_approximation,brahma_remedy_corpus/mars_matrix_mantra,G27 remedy mars_matrix_mantra for Mars,2026-08-21 02:31:40.29037+00
d06f243a-09bc-4316-9a65-65d5bf6a1eb8,482012f1-710e-4a25-994a-93821f5871aa,krishnamurti,5b1ec47a-84ca-4b08-9251-996c06835b86,static_natal,Mars,791f632c-29e5-494d-9798-09a4aa6dd981,parashari,,charity,dana_mars_masoor_blood_donation,"Tuesday dana for Mars (BPHS Ch.93): donate masoor dal (red lentils), red cloth, and copper on Tuesdays. Blood donation on Tuesdays is the modern classical equivalent and is widely recommended — blood ","{""deity"": null, ""gemstone"": null, ""mantra_text"": null, ""charity_action"": null, ""preamble_stripped"": false, ""prescription_text"": ""Tuesday dana for Mars (BPHS Ch.93): donate masoor dal (red lentils), red cloth, and copper on Tuesdays. Blood donation on Tuesdays is the modern classical equivalent and is widely recommended — blood is Mars's fluid and giving it is the strongest Mars-karmic action. Also: donate to emergency services or fire departments (Mars governs fire and emergencies)."", ""maraka_contraindication_verdict"": null}",0.87,"{""citation"": ""BPHS Ch.93 (Mangala dana)"", ""source_id"": ""BPHS""}",,,,Manglik Dosha,0.930304,v1.0,,,,0.75,"{""reason"": ""INR market pricing requires an external, time-varying market-price source not present in the classical-text corpus this system computes from — B.10 forbids inventing a figure. See cost_tier for the qualitative (free/low/medium/high) classification, which IS corpus-derived."", ""available"": false, ""cost_tier"": ""low"", ""external_computation_required"": ""market gemstone/ritual-goods pricing lookup""}",,moderate,f,,1,,,,,,,,,,,,,,,,documented_approximation,brahma_remedy_corpus/dana_mars_masoor_blood_donation,G27 remedy dana_mars_masoor_blood_donation for Mars,2026-08-21 02:31:40.29037+00
d50adf31-6d3e-4267-89b2-681b500e2db2,482012f1-710e-4a25-994a-93821f5871aa,krishnamurti,5b1ec47a-84ca-4b08-9251-996c06835b86,static_natal,Mars,791f632c-29e5-494d-9798-09a4aa6dd981,parashari,,charity,mars_matrix_charity_masoor_dal,Donate masoor dal to the needy / a temple / a Brahmin on Tuesday (for Mars propitiation). Consistent donation on the planet's day pacifies its afflictions.,"{""deity"": null, ""gemstone"": null, ""mantra_text"": null, ""charity_action"": null, ""preamble_stripped"": false, ""prescription_text"": ""Donate masoor dal to the needy / a temple / a Brahmin on Tuesday (for Mars propitiation). Consistent donation on the planet's day pacifies its afflictions."", ""maraka_contraindication_verdict"": null}",0.85,"{""citation"": ""BPHS Ch.91-94 (Upaya-adhyaya)"", ""source_id"": ""BPHS""}",,,,Manglik Dosha,0.908918,v1.0,,,,0.75,"{""reason"": ""INR market pricing requires an external, time-varying market-price source not present in the classical-text corpus this system computes from — B.10 forbids inventing a figure. See cost_tier for the qualitative (free/low/medium/high) classification, which IS corpus-derived."", ""available"": false, ""cost_tier"": ""low"", ""external_computation_required"": ""market gemstone/ritual-goods pricing lookup""}",,moderate,f,,1,,,,,,,,,,,,,,,,documented_approximation,brahma_remedy_corpus/mars_matrix_charity_masoor_dal,G27 remedy mars_matrix_charity_masoor_dal for Mars,2026-08-21 02:31:40.29037+00
d16a9c64-64d7-4a46-bcd9-2bf336213941,482012f1-710e-4a25-994a-93821f5871aa,krishnamurti,5b1ec47a-84ca-4b08-9251-996c06835b86,static_natal,Ketu,8263cda7-78ac-479d-b985-47780175dbc6,parashari,,mantra,ketu_matrix_mantra,"Recite the Ketu beej mantra 'Om Sraam Sreem Sraum Sah Ketave Namah' 108 times daily on Saturday/Tuesday, facing east. Complete mahadasha-count japa over the dasha period.","{""deity"": null, ""gemstone"": null, ""mantra_text"": null, ""charity_action"": null, ""preamble_stripped"": false, ""prescription_text"": ""Recite the Ketu beej mantra 'Om Sraam Sreem Sraum Sah Ketave Namah' 108 times daily on Saturday/Tuesday, facing east. Complete mahadasha-count japa over the dasha period."", ""maraka_contraindication_verdict"": null}",0.90,"{""citation"": ""BPHS Ch.91-94 (Upaya-adhyaya)"", ""source_id"": ""BPHS""}",,,,,1.010502,v1.0,,,,0.9,"{""reason"": ""INR market pricing requires an external, time-varying market-price source not present in the classical-text corpus this system computes from — B.10 forbids inventing a figure. See cost_tier for the qualitative (free/low/medium/high) classification, which IS corpus-derived."", ""available"": false, ""cost_tier"": ""free"", ""external_computation_required"": ""market gemstone/ritual-goods pricing lookup""}",,simple,f,,1,,,,,,,,,,,,,,,,documented_approximation,brahma_remedy_corpus/ketu_matrix_mantra,G27 remedy ketu_matrix_mantra for Ketu,2026-08-21 02:31:40.29037+00
daef03cf-9a78-4d3b-8fb5-ed0eeb2497af,482012f1-710e-4a25-994a-93821f5871aa,krishnamurti,5b1ec47a-84ca-4b08-9251-996c06835b86,static_natal,Ketu,8263cda7-78ac-479d-b985-47780175dbc6,parashari,,gemstone,ketu_matrix_gemstone,"Wear a tested Cat's Eye (Lehsunia) in panchdhatu on the prescribed finger, on Saturday/Tuesday, during Shukla Paksha. ONLY if Ketu is a functional benefic in the chart (test for 3 days first before co","{""deity"": null, ""gemstone"": null, ""mantra_text"": null, ""charity_action"": null, ""preamble_stripped"": false, ""prescription_text"": ""Wear a tested Cat's Eye (Lehsunia) in panchdhatu on the prescribed finger, on Saturday/Tuesday, during Shukla Paksha. ONLY if Ketu is a functional benefic in the chart (test for 3 days first before committing)."", ""maraka_contraindication_verdict"": {""reason"": ""Ketu is neither the 2nd-house lord (Venus) nor the 7th-house lord (Venus) from lagna in this chart — no maraka-lordship contraindication under the v1 rule."", ""verdict"": ""no_contraindication_found"", ""citation"": ""BPHS Ch.44 \""Maraka (Killer) Planets\"" (2-5, 3): \""the 2nd and 7th are Maraka houses... The lords of the 2nd and the 7th ... are known as Marakas.\"" Trans. R. Santhanam, Ranjan Publications. Corroborated by BPHS Ch.47 (Venus sub-periods): \""If Venus be lord of the 2nd or the 7th (two maraka houses) there will be during his Dasa, physical pains and troubles.\"""", ""rule_scope"": ""v1: 2nd/7th house lordship only (occupancy + Rahu/Ketu extensions not yet implemented — see BETA_G.md follow-up)"", ""second_lord"": ""Venus"", ""seventh_lord"": ""Venus"", ""is_maraka_lord"": false, ""source_fact_id"": ""6ac4ed74c248d9c3""}}",0.85,"{""citation"": ""classical ratna-shastra; Phaladeepika"", ""source_id"": ""BPHS""}",,,,,0.908918,v1.0,"{""Gemstones strengthen the planet — wear ONLY if the planet is a functional benefic for the chart; otherwise they amplify malefic results.""}",,,0.45,"{""reason"": ""INR market pricing requires an external, time-varying market-price source not present in the classical-text corpus this system computes from — B.10 forbids inventing a figure. See cost_tier for the qualitative (free/low/medium/high) classification, which IS corpus-derived."", ""available"": false, ""cost_tier"": ""high"", ""external_computation_required"": ""market gemstone/ritual-goods pricing lookup""}",,complex,t,,1,,,,,,,,,,,,,,,,documented_approximation,brahma_remedy_corpus/ketu_matrix_gemstone,G27 remedy ketu_matrix_gemstone for Ketu,2026-08-21 02:31:40.29037+00
665ffcc8-7c48-4452-ae37-41d3d4fba094,482012f1-710e-4a25-994a-93821f5871aa,krishnamurti,5b1ec47a-84ca-4b08-9251-996c06835b86,static_natal,Ketu,8263cda7-78ac-479d-b985-47780175dbc6,parashari,,charity,ketu_matrix_charity_blanket,Donate blanket to the needy / a temple / a Brahmin on Saturday/Tuesday (for Ketu propitiation). Consistent donation on the planet's day pacifies its afflictions.,"{""deity"": null, ""gemstone"": null, ""mantra_text"": null, ""charity_action"": null, ""preamble_stripped"": false, ""prescription_text"": ""Donate blanket to the needy / a temple / a Brahmin on Saturday/Tuesday (for Ketu propitiation). Consistent donation on the planet's day pacifies its afflictions."", ""maraka_contraindication_verdict"": null}",0.85,"{""citation"": ""BPHS Ch.91-94 (Upaya-adhyaya)"", ""source_id"": ""BPHS""}",,,,,0.908918,v1.0,,,,0.75,"{""reason"": ""INR market pricing requires an external, time-varying market-price source not present in the classical-text corpus this system computes from — B.10 forbids inventing a figure. See cost_tier for the qualitative (free/low/medium/high) classification, which IS corpus-derived."", ""available"": false, ""cost_tier"": ""low"", ""external_computation_required"": ""market gemstone/ritual-goods pricing lookup""}",,moderate,f,,1,,,,,,,,,,,,,,,,documented_approximation,brahma_remedy_corpus/ketu_matrix_charity_blanket,G27 remedy ketu_matrix_charity_blanket for Ketu,2026-08-21 02:31:40.29037+00
e907e48e-b741-43bb-81ff-6ca8c2a73ba8,482012f1-710e-4a25-994a-93821f5871aa,krishnamurti,5b1ec47a-84ca-4b08-9251-996c06835b86,static_natal,Rahu,f658386b-ed83-48ac-acee-813f027981d2,parashari,,mantra,rahu_matrix_mantra,"Recite the Rahu beej mantra 'Om Bhraam Bhreem Bhraum Sah Rahave Namah' 108 times daily on Saturday, facing east. Complete mahadasha-count japa over the dasha period.","{""deity"": null, ""gemstone"": null, ""mantra_text"": null, ""charity_action"": null, ""preamble_stripped"": false, ""prescription_text"": ""Recite the Rahu beej mantra 'Om Bhraam Bhreem Bhraum Sah Rahave Namah' 108 times daily on Saturday, facing east. Complete mahadasha-count japa over the dasha period."", ""maraka_contraindication_verdict"": null}",0.90,"{""citation"": ""BPHS Ch.91-94 (Upaya-adhyaya)"", ""source_id"": ""BPHS""}",,,,,1.010502,v1.0,,,,0.9,"{""reason"": ""INR market pricing requires an external, time-varying market-price source not present in the classical-text corpus this system computes from — B.10 forbids inventing a figure. See cost_tier for the qualitative (free/low/medium/high) classification, which IS corpus-derived."", ""available"": false, ""cost_tier"": ""free"", ""external_computation_required"": ""market gemstone/ritual-goods pricing lookup""}",,simple,f,,1,,,,,,,,,,,,,,,,documented_approximation,brahma_remedy_corpus/rahu_matrix_mantra,G27 remedy rahu_matrix_mantra for Rahu,2026-08-21 02:31:40.29037+00
02a735fc-aa55-47d3-812e-68b0bd531293,482012f1-710e-4a25-994a-93821f5871aa,krishnamurti,5b1ec47a-84ca-4b08-9251-996c06835b86,static_natal,Rahu,f658386b-ed83-48ac-acee-813f027981d2,parashari,,charity,rahu_matrix_charity_urad_dal,Donate urad dal to the needy / a temple / a Brahmin on Saturday (for Rahu propitiation). Consistent donation on the planet's day pacifies its afflictions.,"{""deity"": null, ""gemstone"": null, ""mantra_text"": null, ""charity_action"": null, ""preamble_stripped"": false, ""prescription_text"": ""Donate urad dal to the needy / a temple / a Brahmin on Saturday (for Rahu propitiation). Consistent donation on the planet's day pacifies its afflictions."", ""maraka_contraindication_verdict"": null}",0.85,"{""citation"": ""BPHS Ch.91-94 (Upaya-adhyaya)"", ""source_id"": ""BPHS""}",,,,,0.908918,v1.0,,,,0.75,"{""reason"": ""INR market pricing requires an external, time-varying market-price source not present in the classical-text corpus this system computes from — B.10 forbids inventing a figure. See cost_tier for the qualitative (free/low/medium/high) classification, which IS corpus-derived."", ""available"": false, ""cost_tier"": ""low"", ""external_computation_required"": ""market gemstone/ritual-goods pricing lookup""}",,moderate,f,,1,,,,,,,,,,,,,,,,documented_approximation,brahma_remedy_corpus/rahu_matrix_charity_urad_dal,G27 remedy rahu_matrix_charity_urad_dal for Rahu,2026-08-21 02:31:40.29037+00
389690a9-f8bc-42ea-9713-3828832762f9,482012f1-710e-4a25-994a-93821f5871aa,krishnamurti,5b1ec47a-84ca-4b08-9251-996c06835b86,static_natal,Rahu,f658386b-ed83-48ac-acee-813f027981d2,parashari,,gemstone,rahu_matrix_gemstone,"Wear a tested Hessonite (Gomed) in lead/silver on the prescribed finger, on Saturday, during Shukla Paksha. ONLY if Rahu is a functional benefic in the chart (test for 3 days first before committing).","{""deity"": null, ""gemstone"": null, ""mantra_text"": null, ""charity_action"": null, ""preamble_stripped"": false, ""prescription_text"": ""Wear a tested Hessonite (Gomed) in lead/silver on the prescribed finger, on Saturday, during Shukla Paksha. ONLY if Rahu is a functional benefic in the chart (test for 3 days first before committing)."", ""maraka_contraindication_verdict"": {""reason"": ""Rahu is neither the 2nd-house lord (Venus) nor the 7th-house lord (Venus) from lagna in this chart — no maraka-lordship contraindication under the v1 rule."", ""verdict"": ""no_contraindication_found"", ""citation"": ""BPHS Ch.44 \""Maraka (Killer) Planets\"" (2-5, 3): \""the 2nd and 7th are Maraka houses... The lords of the 2nd and the 7th ... are known as Marakas.\"" Trans. R. Santhanam, Ranjan Publications. Corroborated by BPHS Ch.47 (Venus sub-periods): \""If Venus be lord of the 2nd or the 7th (two maraka houses) there will be during his Dasa, physical pains and troubles.\"""", ""rule_scope"": ""v1: 2nd/7th house lordship only (occupancy + Rahu/Ketu extensions not yet implemented — see BETA_G.md follow-up)"", ""second_lord"": ""Venus"", ""seventh_lord"": ""Venus"", ""is_maraka_lord"": false, ""source_fact_id"": ""6ac4ed74c248d9c3""}}",0.85,"{""citation"": ""classical ratna-shastra; Phaladeepika"", ""source_id"": ""BPHS""}",,,,,0.908918,v1.0,"{""Gemstones strengthen the planet — wear ONLY if the planet is a functional benefic for the chart; otherwise they amplify malefic results.""}",,,0.45,"{""reason"": ""INR market pricing requires an external, time-varying market-price source not present in the classical-text corpus this system computes from — B.10 forbids inventing a figure. See cost_tier for the qualitative (free/low/medium/high) classification, which IS corpus-derived."", ""available"": false, ""cost_tier"": ""high"", ""external_computation_required"": ""market gemstone/ritual-goods pricing lookup""}",,complex,t,,1,,,,,,,,,,,,,,,,documented_approximation,brahma_remedy_corpus/rahu_matrix_gemstone,G27 remedy rahu_matrix_gemstone for Rahu,2026-08-21 02:31:40.29037+00
dd55454e-91c9-4dd7-9358-9a18ce7f548f,482012f1-710e-4a25-994a-93821f5871aa,krishnamurti,5b1ec47a-84ca-4b08-9251-996c06835b86,static_natal,Moon,cdda7126-7d39-4e85-92b2-e294a6b5a0bc,parashari,,mantra,moon_matrix_mantra,"Recite the Moon beej mantra 'Om Shraam Shreem Shraum Sah Chandraya Namah' 108 times daily on Monday, facing east. Complete mahadasha-count japa over the dasha period.","{""deity"": null, ""gemstone"": null, ""mantra_text"": null, ""charity_action"": null, ""preamble_stripped"": false, ""prescription_text"": ""Recite the Moon beej mantra 'Om Shraam Shreem Shraum Sah Chandraya Namah' 108 times daily on Monday, facing east. Complete mahadasha-count japa over the dasha period."", ""maraka_contraindication_verdict"": null}",0.90,"{""citation"": ""BPHS Ch.91-94 (Upaya-adhyaya)"", ""source_id"": ""BPHS""}",,,,,1.010502,v1.0,,,,0.9,"{""reason"": ""INR market pricing requires an external, time-varying market-price source not present in the classical-text corpus this system computes from — B.10 forbids inventing a figure. See cost_tier for the qualitative (free/low/medium/high) classification, which IS corpus-derived."", ""available"": false, ""cost_tier"": ""free"", ""external_computation_required"": ""market gemstone/ritual-goods pricing lookup""}",,simple,f,,1,,,,,,,,,,,,,,,,documented_approximation,brahma_remedy_corpus/moon_matrix_mantra,G27 remedy moon_matrix_mantra for Moon,2026-08-21 02:31:40.29037+00
0bf8a1a6-8868-4e14-8294-06c270b1d8c0,482012f1-710e-4a25-994a-93821f5871aa,krishnamurti,5b1ec47a-84ca-4b08-9251-996c06835b86,static_natal,Moon,cdda7126-7d39-4e85-92b2-e294a6b5a0bc,parashari,,charity,dana_moon_silver_milk_monday,"Monday dana for Moon propitiation (BPHS Ch.93): donate silver (even a small coin), white rice, milk, and curd to a Brahmin woman or temple on Mondays during Purnima (full moon). The Moon-silver-white ","{""deity"": null, ""gemstone"": null, ""mantra_text"": null, ""charity_action"": null, ""preamble_stripped"": false, ""prescription_text"": ""Monday dana for Moon propitiation (BPHS Ch.93): donate silver (even a small coin), white rice, milk, and curd to a Brahmin woman or temple on Mondays during Purnima (full moon). The Moon-silver-white connection is the canonical triad in BPHS Ch.93."", ""maraka_contraindication_verdict"": null}",0.88,"{""citation"": ""BPHS Ch.93 (Chandra dana)"", ""source_id"": ""BPHS""}",,,,,0.940997,v1.0,,,,0.75,"{""reason"": ""INR market pricing requires an external, time-varying market-price source not present in the classical-text corpus this system computes from — B.10 forbids inventing a figure. See cost_tier for the qualitative (free/low/medium/high) classification, which IS corpus-derived."", ""available"": false, ""cost_tier"": ""low"", ""external_computation_required"": ""market gemstone/ritual-goods pricing lookup""}",,moderate,f,,1,,,,,,,,,,,,,,,,documented_approximation,brahma_remedy_corpus/dana_moon_silver_milk_monday,G27 remedy dana_moon_silver_milk_monday for Moon,2026-08-21 02:31:40.29037+00
9d0bdecb-9dca-41fd-bc34-15775f2fd2ab,482012f1-710e-4a25-994a-93821f5871aa,krishnamurti,5b1ec47a-84ca-4b08-9251-996c06835b86,static_natal,Moon,cdda7126-7d39-4e85-92b2-e294a6b5a0bc,parashari,,charity,moon_matrix_charity_rice,Donate rice to the needy / a temple / a Brahmin on Monday (for Moon propitiation). Consistent donation on the planet's day pacifies its afflictions.,"{""deity"": null, ""gemstone"": null, ""mantra_text"": null, ""charity_action"": null, ""preamble_stripped"": false, ""prescription_text"": ""Donate rice to the needy / a temple / a Brahmin on Monday (for Moon propitiation). Consistent donation on the planet's day pacifies its afflictions."", ""maraka_contraindication_verdict"": null}",0.85,"{""citation"": ""BPHS Ch.91-94 (Upaya-adhyaya)"", ""source_id"": ""BPHS""}",,,,,0.908918,v1.0,,,,0.75,"{""reason"": ""INR market pricing requires an external, time-varying market-price source not present in the classical-text corpus this system computes from — B.10 forbids inventing a figure. See cost_tier for the qualitative (free/low/medium/high) classification, which IS corpus-derived."", ""available"": false, ""cost_tier"": ""low"", ""external_computation_required"": ""market gemstone/ritual-goods pricing lookup""}",,moderate,f,,1,,,,,,,,,,,,,,,,documented_approximation,brahma_remedy_corpus/moon_matrix_charity_rice,G27 remedy moon_matrix_charity_rice for Moon,2026-08-21 02:31:40.29037+00
0b418653-697b-469b-9c59-fa166013512c,482012f1-710e-4a25-994a-93821f5871aa,krishnamurti,5b1ec47a-84ca-4b08-9251-996c06835b86,static_natal,Jupiter,93bbca2a-c626-41cd-9737-c7aeb24724f4,parashari,,mantra,jupiter_matrix_mantra,"Recite the Jupiter beej mantra 'Om Graam Greem Graum Sah Gurave Namah' 108 times daily on Thursday, facing east. Complete mahadasha-count japa over the dasha period.","{""deity"": null, ""gemstone"": null, ""mantra_text"": null, ""charity_action"": null, ""preamble_stripped"": false, ""prescription_text"": ""Recite the Jupiter beej mantra 'Om Graam Greem Graum Sah Gurave Namah' 108 times daily on Thursday, facing east. Complete mahadasha-count japa over the dasha period."", ""maraka_contraindication_verdict"": null}",0.90,"{""citation"": ""BPHS Ch.91-94 (Upaya-adhyaya)"", ""source_id"": ""BPHS""}",,,,,1.010502,v1.0,,,,0.9,"{""reason"": ""INR market pricing requires an external, time-varying market-price source not present in the classical-text corpus this system computes from — B.10 forbids inventing a figure. See cost_tier for the qualitative (free/low/medium/high) classification, which IS corpus-derived."", ""available"": false, ""cost_tier"": ""free"", ""external_computation_required"": ""market gemstone/ritual-goods pricing lookup""}",,simple,f,,1,,,,,,,,,,,,,,,,documented_approximation,brahma_remedy_corpus/jupiter_matrix_mantra,G27 remedy jupiter_matrix_mantra for Jupiter,2026-08-21 02:31:40.29037+00
1092e17a-e93d-4ec6-b46d-d9b9d61e9fb5,482012f1-710e-4a25-994a-93821f5871aa,krishnamurti,5b1ec47a-84ca-4b08-9251-996c06835b86,static_natal,Jupiter,93bbca2a-c626-41cd-9737-c7aeb24724f4,parashari,,mantra,jupiter_wealth_mantra_01,"Chant Guru Ashtottara Shatanamavali 108 times on Thursdays. Jupiter (Guru) blesses with wisdom, wealth, and progeny when propitiated.","{""deity"": null, ""gemstone"": null, ""mantra_text"": null, ""charity_action"": null, ""preamble_stripped"": false, ""prescription_text"": ""Chant Guru Ashtottara Shatanamavali 108 times on Thursdays. Jupiter (Guru) blesses with wisdom, wealth, and progeny when propitiated."", ""maraka_contraindication_verdict"": null}",0.90,"{""citation"": ""BPHS Ch.88"", ""source_id"": ""BPHS""}",,,,,1.010502,v1.0,,,,0.9,"{""reason"": ""INR market pricing requires an external, time-varying market-price source not present in the classical-text corpus this system computes from — B.10 forbids inventing a figure. See cost_tier for the qualitative (free/low/medium/high) classification, which IS corpus-derived."", ""available"": false, ""cost_tier"": null, ""external_computation_required"": ""market gemstone/ritual-goods pricing lookup""}",,simple,f,,1,,,,,,,,,,,,,,,,documented_approximation,brahma_remedy_corpus/jupiter_wealth_mantra_01,G27 remedy jupiter_wealth_mantra_01 for Jupiter,2026-08-21 02:31:40.29037+00
1749bc0e-9e0e-48b9-a925-4943ee03f991,482012f1-710e-4a25-994a-93821f5871aa,krishnamurti,5b1ec47a-84ca-4b08-9251-996c06835b86,static_natal,Jupiter,93bbca2a-c626-41cd-9737-c7aeb24724f4,parashari,,japa,stotra_vishnu_sahasranama_jupiter_afflicted,"Recite Vishnu Sahasranama (Mahabharata, Anushasana Parva 149) once daily on Thursdays. Jupiter is the karaka of dharma and wisdom — Vishnu Sahasranama is the classical prescription for Guru-related ob","{""deity"": null, ""gemstone"": null, ""mantra_text"": null, ""charity_action"": null, ""preamble_stripped"": true, ""prescription_text"": ""For afflicted Jupiter (debilitated in Capricorn, Guru Chandal dosha, retrograde in dasha): recite Vishnu Sahasranama (Mahabharata, Anushasana Parva 149) once daily on Thursdays. Jupiter is the karaka of dharma and wisdom — Vishnu Sahasranama is the classical prescription for Guru-related obstacles per Phaladeepika's remedial section."", ""maraka_contraindication_verdict"": null}",0.88,"{""citation"": ""Phaladeepika remedial section; Mahabharata Anushasana Parva 149"", ""source_id"": ""Phaladeepika""}",,,,,0.940997,v1.0,,,,0.9,"{""reason"": ""INR market pricing requires an external, time-varying market-price source not present in the classical-text corpus this system computes from — B.10 forbids inventing a figure. See cost_tier for the qualitative (free/low/medium/high) classification, which IS corpus-derived."", ""available"": false, ""cost_tier"": ""free"", ""external_computation_required"": ""market gemstone/ritual-goods pricing lookup""}",,simple,f,,1,,,,,,,,,,,,,,,,documented_approximation,brahma_remedy_corpus/stotra_vishnu_sahasranama_jupiter_afflicted,G27 remedy stotra_vishnu_sahasranama_jupiter_afflicted for Jupiter,2026-08-21 02:31:40.29037+00
0f9d85c6-b39f-4c71-8a83-de1966e74570,482012f1-710e-4a25-994a-93821f5871aa,krishnamurti,5b1ec47a-84ca-4b08-9251-996c06835b86,static_natal,Sun,8944ffbb-7876-447b-afde-095a52a6b3c5,parashari,,mantra,sun_matrix_mantra,"Recite the Sun beej mantra 'Om Hraam Hreem Hraum Sah Suryaya Namah' 108 times daily on Sunday, facing east. Complete mahadasha-count japa over the dasha period.","{""deity"": null, ""gemstone"": null, ""mantra_text"": null, ""charity_action"": null, ""preamble_stripped"": false, ""prescription_text"": ""Recite the Sun beej mantra 'Om Hraam Hreem Hraum Sah Suryaya Namah' 108 times daily on Sunday, facing east. Complete mahadasha-count japa over the dasha period."", ""maraka_contraindication_verdict"": null}",0.90,"{""citation"": ""BPHS Ch.91-94 (Upaya-adhyaya)"", ""source_id"": ""BPHS""}",,,,,1.010502,v1.0,,,,0.9,"{""reason"": ""INR market pricing requires an external, time-varying market-price source not present in the classical-text corpus this system computes from — B.10 forbids inventing a figure. See cost_tier for the qualitative (free/low/medium/high) classification, which IS corpus-derived."", ""available"": false, ""cost_tier"": ""free"", ""external_computation_required"": ""market gemstone/ritual-goods pricing lookup""}",,simple,f,,1,,,,,,,,,,,,,,,,documented_approximation,brahma_remedy_corpus/sun_matrix_mantra,G27 remedy sun_matrix_mantra for Sun,2026-08-21 02:31:40.29037+00
5e97ff92-5b7c-47e9-8d5d-843bdcbf36a3,482012f1-710e-4a25-994a-93821f5871aa,krishnamurti,5b1ec47a-84ca-4b08-9251-996c06835b86,static_natal,Sun,8944ffbb-7876-447b-afde-095a52a6b3c5,parashari,,mantra,sun_career_mantra_01,"Chant the Aditya Hridayam daily at sunrise, facing east, 108 times. This strengthens the Sun and brings favor from authority figures and government.","{""deity"": null, ""gemstone"": null, ""mantra_text"": null, ""charity_action"": null, ""preamble_stripped"": false, ""prescription_text"": ""Chant the Aditya Hridayam daily at sunrise, facing east, 108 times. This strengthens the Sun and brings favor from authority figures and government."", ""maraka_contraindication_verdict"": null}",0.90,"{""citation"": ""BPHS Ch.88"", ""source_id"": ""BPHS""}",,,,,1.010502,v1.0,,,,0.9,"{""reason"": ""INR market pricing requires an external, time-varying market-price source not present in the classical-text corpus this system computes from — B.10 forbids inventing a figure. See cost_tier for the qualitative (free/low/medium/high) classification, which IS corpus-derived."", ""available"": false, ""cost_tier"": null, ""external_computation_required"": ""market gemstone/ritual-goods pricing lookup""}",,simple,f,,1,,,,,,,,,,,,,,,,documented_approximation,brahma_remedy_corpus/sun_career_mantra_01,G27 remedy sun_career_mantra_01 for Sun,2026-08-21 02:31:40.29037+00
19090a36-c2d4-4681-b55e-af3cd9fd79da,482012f1-710e-4a25-994a-93821f5871aa,krishnamurti,5b1ec47a-84ca-4b08-9251-996c06835b86,static_natal,Sun,8944ffbb-7876-447b-afde-095a52a6b3c5,parashari,,japa,stotra_aditya_hridayam_afflicted_sun,"Recite Aditya Hridayam (from Valmiki Ramayana, Yuddha Kanda Ch.107) in full at sunrise facing east, daily during Sun dasha/antardasha. Agastya prescribed this to Rama before battle — it is the classic","{""deity"": null, ""gemstone"": null, ""mantra_text"": null, ""charity_action"": null, ""preamble_stripped"": true, ""prescription_text"": ""For afflicted Sun (combust, debilitated in Libra, or in 6/8/12): recite Aditya Hridayam (from Valmiki Ramayana, Yuddha Kanda Ch.107) in full at sunrise facing east, daily during Sun dasha/antardasha. Agastya prescribed this to Rama before battle — it is the classical solar invocation for strength and authority."", ""maraka_contraindication_verdict"": null}",0.90,"{""citation"": ""Valmiki Ramayana, Yuddha Kanda 107; BPHS Ch.88 (Surya upaya)"", ""source_id"": ""BPHS""}",,,,,0.962383,v1.0,,,,0.9,"{""reason"": ""INR market pricing requires an external, time-varying market-price source not present in the classical-text corpus this system computes from — B.10 forbids inventing a figure. See cost_tier for the qualitative (free/low/medium/high) classification, which IS corpus-derived."", ""available"": false, ""cost_tier"": ""free"", ""external_computation_required"": ""market gemstone/ritual-goods pricing lookup""}",,simple,f,,1,,,,,,,,,,,,,,,,documented_approximation,brahma_remedy_corpus/stotra_aditya_hridayam_afflicted_sun,G27 remedy stotra_aditya_hridayam_afflicted_sun for Sun,2026-08-21 02:31:40.29037+00
437c0388-b379-4fa1-8ee7-5bd0366ff0c5,482012f1-710e-4a25-994a-93821f5871aa,krishnamurti,5b1ec47a-84ca-4b08-9251-996c06835b86,static_natal,Saturn,0d2391cd-c237-42ae-a253-ffabbc9069dd,parashari,,japa,stotra_mahamrityunjaya_saturn_affliction,"Perform Mahamrityunjaya japa to the prescribed count — 1,25,000 (1.25 lakh) for a full shanti, or 108 daily as ongoing maintenance. The mantra is from Rigveda 7.59.12 (Tryambaka sukta) and is the clas","{""deity"": null, ""gemstone"": null, ""mantra_text"": null, ""charity_action"": null, ""preamble_stripped"": true, ""prescription_text"": ""For Saturn-ruled chronic disease (bones, joints, nervous system; Saturn in 6H/8H or Sade Sati with health impact): perform Mahamrityunjaya japa to the prescribed count — 1,25,000 (1.25 lakh) for a full shanti, or 108 daily as ongoing maintenance. The mantra is from Rigveda 7.59.12 (Tryambaka sukta) and is the classical prescription for Mrityu-related (Saturn/8H) afflictions."", ""maraka_contraindication_verdict"": null}",0.92,"{""citation"": ""Rigveda 7.59.12; BPHS Ch.88 (Shani health upaya)"", ""source_id"": ""BPHS""}",,,,,0.98377,v1.0,,,,0.9,"{""reason"": ""INR market pricing requires an external, time-varying market-price source not present in the classical-text corpus this system computes from — B.10 forbids inventing a figure. See cost_tier for the qualitative (free/low/medium/high) classification, which IS corpus-derived."", ""available"": false, ""cost_tier"": ""free"", ""external_computation_required"": ""market gemstone/ritual-goods pricing lookup""}",,simple,f,,1,,,,,,,,,,,,,,,,documented_approximation,brahma_remedy_corpus/stotra_mahamrityunjaya_saturn_affliction,G27 remedy stotra_mahamrityunjaya_saturn_affliction for Saturn,2026-08-21 02:31:40.29037+00
e987b0cf-5c19-43fb-bbeb-6865ab1f8d1f,482012f1-710e-4a25-994a-93821f5871aa,krishnamurti,5b1ec47a-84ca-4b08-9251-996c06835b86,static_natal,Saturn,0d2391cd-c237-42ae-a253-ffabbc9069dd,parashari,,mantra,sat_career_mantra_01,"Chant the Shani Ashtottara Shatanamavali (108 names of Saturn) or the Shani Chalisa daily, especially on Saturdays. Saturn rules karma, discipline, and professional perseverance.","{""deity"": null, ""gemstone"": null, ""mantra_text"": null, ""charity_action"": null, ""preamble_stripped"": false, ""prescription_text"": ""Chant the Shani Ashtottara Shatanamavali (108 names of Saturn) or the Shani Chalisa daily, especially on Saturdays. Saturn rules karma, discipline, and professional perseverance."", ""maraka_contraindication_verdict"": null}",0.90,"{""citation"": ""BPHS Ch.88"", ""source_id"": ""BPHS""}",,,,,1.010502,v1.0,,,,0.9,"{""reason"": ""INR market pricing requires an external, time-varying market-price source not present in the classical-text corpus this system computes from — B.10 forbids inventing a figure. See cost_tier for the qualitative (free/low/medium/high) classification, which IS corpus-derived."", ""available"": false, ""cost_tier"": null, ""external_computation_required"": ""market gemstone/ritual-goods pricing lookup""}",,simple,f,,1,,,,,,,,,,,,,,,,documented_approximation,brahma_remedy_corpus/sat_career_mantra_01,G27 remedy sat_career_mantra_01 for Saturn,2026-08-21 02:31:40.29037+00
a03db48b-d4ec-4454-9f2e-6fc5042fec38,482012f1-710e-4a25-994a-93821f5871aa,krishnamurti,5b1ec47a-84ca-4b08-9251-996c06835b86,static_natal,Saturn,0d2391cd-c237-42ae-a253-ffabbc9069dd,parashari,,mantra,saturn_matrix_mantra,"Recite the Saturn beej mantra 'Om Praam Preem Praum Sah Shanaye Namah' 108 times daily on Saturday, facing east. Complete mahadasha-count japa over the dasha period.","{""deity"": null, ""gemstone"": null, ""mantra_text"": null, ""charity_action"": null, ""preamble_stripped"": false, ""prescription_text"": ""Recite the Saturn beej mantra 'Om Praam Preem Praum Sah Shanaye Namah' 108 times daily on Saturday, facing east. Complete mahadasha-count japa over the dasha period."", ""maraka_contraindication_verdict"": null}",0.90,"{""citation"": ""BPHS Ch.91-94 (Upaya-adhyaya)"", ""source_id"": ""BPHS""}",,,,,1.010502,v1.0,,,,0.9,"{""reason"": ""INR market pricing requires an external, time-varying market-price source not present in the classical-text corpus this system computes from — B.10 forbids inventing a figure. See cost_tier for the qualitative (free/low/medium/high) classification, which IS corpus-derived."", ""available"": false, ""cost_tier"": ""free"", ""external_computation_required"": ""market gemstone/ritual-goods pricing lookup""}",,simple,f,,1,,,,,,,,,,,,,,,,documented_approximation,brahma_remedy_corpus/saturn_matrix_mantra,G27 remedy saturn_matrix_mantra for Saturn,2026-08-21 02:31:40.29037+00
d060adcc-3be4-4821-84ad-881bff0033a5,482012f1-710e-4a25-994a-93821f5871aa,krishnamurti,5b1ec47a-84ca-4b08-9251-996c06835b86,static_natal,Mercury,30bf3e39-927a-493d-abb7-c83623c3f28e,parashari,,mantra,mercury_matrix_mantra,"Recite the Mercury beej mantra 'Om Braam Breem Braum Sah Budhaya Namah' 108 times daily on Wednesday, facing east. Complete mahadasha-count japa over the dasha period.","{""deity"": null, ""gemstone"": null, ""mantra_text"": null, ""charity_action"": null, ""preamble_stripped"": false, ""prescription_text"": ""Recite the Mercury beej mantra 'Om Braam Breem Braum Sah Budhaya Namah' 108 times daily on Wednesday, facing east. Complete mahadasha-count japa over the dasha period."", ""maraka_contraindication_verdict"": null}",0.90,"{""citation"": ""BPHS Ch.91-94 (Upaya-adhyaya)"", ""source_id"": ""BPHS""}",,,,,1.010502,v1.0,,,,0.9,"{""reason"": ""INR market pricing requires an external, time-varying market-price source not present in the classical-text corpus this system computes from — B.10 forbids inventing a figure. See cost_tier for the qualitative (free/low/medium/high) classification, which IS corpus-derived."", ""available"": false, ""cost_tier"": ""free"", ""external_computation_required"": ""market gemstone/ritual-goods pricing lookup""}",,simple,f,,1,,,,,,,,,,,,,,,,documented_approximation,brahma_remedy_corpus/mercury_matrix_mantra,G27 remedy mercury_matrix_mantra for Mercury,2026-08-21 02:31:40.29037+00
7e966554-f09e-4446-92e5-12799b0bafb4,482012f1-710e-4a25-994a-93821f5871aa,krishnamurti,5b1ec47a-84ca-4b08-9251-996c06835b86,static_natal,Mercury,30bf3e39-927a-493d-abb7-c83623c3f28e,parashari,,charity,dana_mercury_books_green_wednesday,"Wednesday dana for Mercury (BPHS Ch.93): donate green cloth, green moong dal, books, and writing materials on Wednesdays. Donating to schools, libraries, or sponsoring a student's education is the Mer","{""deity"": null, ""gemstone"": null, ""mantra_text"": null, ""charity_action"": null, ""preamble_stripped"": false, ""prescription_text"": ""Wednesday dana for Mercury (BPHS Ch.93): donate green cloth, green moong dal, books, and writing materials on Wednesdays. Donating to schools, libraries, or sponsoring a student's education is the Mercury dana in contemporary form. The BPHS Ch.93 prescribes green gram (moong) and bronze as the Mercury pair."", ""maraka_contraindication_verdict"": null}",0.87,"{""citation"": ""BPHS Ch.93 (Budha dana)"", ""source_id"": ""BPHS""}",,,,,0.930304,v1.0,,,,0.75,"{""reason"": ""INR market pricing requires an external, time-varying market-price source not present in the classical-text corpus this system computes from — B.10 forbids inventing a figure. See cost_tier for the qualitative (free/low/medium/high) classification, which IS corpus-derived."", ""available"": false, ""cost_tier"": ""low"", ""external_computation_required"": ""market gemstone/ritual-goods pricing lookup""}",,moderate,f,,1,,,,,,,,,,,,,,,,documented_approximation,brahma_remedy_corpus/dana_mercury_books_green_wednesday,G27 remedy dana_mercury_books_green_wednesday for Mercury,2026-08-21 02:31:40.29037+00
159a3eea-5fed-4692-bd48-12748bb875fd,482012f1-710e-4a25-994a-93821f5871aa,krishnamurti,5b1ec47a-84ca-4b08-9251-996c06835b86,static_natal,Mercury,30bf3e39-927a-493d-abb7-c83623c3f28e,parashari,,charity,mercury_matrix_charity_green_gram_moong,Donate green gram (moong) to the needy / a temple / a Brahmin on Wednesday (for Mercury propitiation). Consistent donation on the planet's day pacifies its afflictions.,"{""deity"": null, ""gemstone"": null, ""mantra_text"": null, ""charity_action"": null, ""preamble_stripped"": false, ""prescription_text"": ""Donate green gram (moong) to the needy / a temple / a Brahmin on Wednesday (for Mercury propitiation). Consistent donation on the planet's day pacifies its afflictions."", ""maraka_contraindication_verdict"": null}",0.85,"{""citation"": ""BPHS Ch.91-94 (Upaya-adhyaya)"", ""source_id"": ""BPHS""}",,,,,0.908918,v1.0,,,,0.75,"{""reason"": ""INR market pricing requires an external, time-varying market-price source not present in the classical-text corpus this system computes from — B.10 forbids inventing a figure. See cost_tier for the qualitative (free/low/medium/high) classification, which IS corpus-derived."", ""available"": false, ""cost_tier"": ""low"", ""external_computation_required"": ""market gemstone/ritual-goods pricing lookup""}",,moderate,f,,1,,,,,,,,,,,,,,,,documented_approximation,brahma_remedy_corpus/mercury_matrix_charity_green_gram_moong,G27 remedy mercury_matrix_charity_green_gram_moong for Mercury,2026-08-21 02:31:40.29037+00
209d0bf1-b367-4368-8697-ce605222d0bd,482012f1-710e-4a25-994a-93821f5871aa,surya_siddhanta_classical,5b1ec47a-84ca-4b08-9251-996c06835b86,static_natal,Mars,d26027a8-9944-476f-8269-2723dff2f596,parashari,,mantra,mars_matrix_mantra,"Recite the Mars beej mantra 'Om Kraam Kreem Kraum Sah Bhaumaya Namah' 108 times daily on Tuesday, facing east. Complete mahadasha-count japa over the dasha period.","{""deity"": null, ""gemstone"": null, ""mantra_text"": null, ""charity_action"": null, ""preamble_stripped"": false, ""prescription_text"": ""Recite the Mars beej mantra 'Om Kraam Kreem Kraum Sah Bhaumaya Namah' 108 times daily on Tuesday, facing east. Complete mahadasha-count japa over the dasha period."", ""maraka_contraindication_verdict"": null}",0.90,"{""citation"": ""BPHS Ch.91-94 (Upaya-adhyaya)"", ""source_id"": ""BPHS""}",,,,Manglik Dosha,1.010502,v1.0,,,,0.9,"{""reason"": ""INR market pricing requires an external, time-varying market-price source not present in the classical-text corpus this system computes from — B.10 forbids inventing a figure. See cost_tier for the qualitative (free/low/medium/high) classification, which IS corpus-derived."", ""available"": false, ""cost_tier"": ""free"", ""external_computation_required"": ""market gemstone/ritual-goods pricing lookup""}",,simple,f,,1,,,,,,,,,,,,,,,,documented_approximation,brahma_remedy_corpus/mars_matrix_mantra,G27 remedy mars_matrix_mantra for Mars,2026-08-21 02:31:40.29037+00
6c37e0ea-a0d6-4532-963f-04d9f49ff1a8,482012f1-710e-4a25-994a-93821f5871aa,surya_siddhanta_classical,5b1ec47a-84ca-4b08-9251-996c06835b86,static_natal,Mars,d26027a8-9944-476f-8269-2723dff2f596,parashari,,charity,dana_mars_masoor_blood_donation,"Tuesday dana for Mars (BPHS Ch.93): donate masoor dal (red lentils), red cloth, and copper on Tuesdays. Blood donation on Tuesdays is the modern classical equivalent and is widely recommended — blood ","{""deity"": null, ""gemstone"": null, ""mantra_text"": null, ""charity_action"": null, ""preamble_stripped"": false, ""prescription_text"": ""Tuesday dana for Mars (BPHS Ch.93): donate masoor dal (red lentils), red cloth, and copper on Tuesdays. Blood donation on Tuesdays is the modern classical equivalent and is widely recommended — blood is Mars's fluid and giving it is the strongest Mars-karmic action. Also: donate to emergency services or fire departments (Mars governs fire and emergencies)."", ""maraka_contraindication_verdict"": null}",0.87,"{""citation"": ""BPHS Ch.93 (Mangala dana)"", ""source_id"": ""BPHS""}",,,,Manglik Dosha,0.930304,v1.0,,,,0.75,"{""reason"": ""INR market pricing requires an external, time-varying market-price source not present in the classical-text corpus this system computes from — B.10 forbids inventing a figure. See cost_tier for the qualitative (free/low/medium/high) classification, which IS corpus-derived."", ""available"": false, ""cost_tier"": ""low"", ""external_computation_required"": ""market gemstone/ritual-goods pricing lookup""}",,moderate,f,,1,,,,,,,,,,,,,,,,documented_approximation,brahma_remedy_corpus/dana_mars_masoor_blood_donation,G27 remedy dana_mars_masoor_blood_donation for Mars,2026-08-21 02:31:40.29037+00
0d7881e7-8cf1-4738-99f6-5526363d2b1a,482012f1-710e-4a25-994a-93821f5871aa,surya_siddhanta_classical,5b1ec47a-84ca-4b08-9251-996c06835b86,static_natal,Mars,d26027a8-9944-476f-8269-2723dff2f596,parashari,,charity,mars_matrix_charity_masoor_dal,Donate masoor dal to the needy / a temple / a Brahmin on Tuesday (for Mars propitiation). Consistent donation on the planet's day pacifies its afflictions.,"{""deity"": null, ""gemstone"": null, ""mantra_text"": null, ""charity_action"": null, ""preamble_stripped"": false, ""prescription_text"": ""Donate masoor dal to the needy / a temple / a Brahmin on Tuesday (for Mars propitiation). Consistent donation on the planet's day pacifies its afflictions."", ""maraka_contraindication_verdict"": null}",0.85,"{""citation"": ""BPHS Ch.91-94 (Upaya-adhyaya)"", ""source_id"": ""BPHS""}",,,,Manglik Dosha,0.908918,v1.0,,,,0.75,"{""reason"": ""INR market pricing requires an external, time-varying market-price source not present in the classical-text corpus this system computes from — B.10 forbids inventing a figure. See cost_tier for the qualitative (free/low/medium/high) classification, which IS corpus-derived."", ""available"": false, ""cost_tier"": ""low"", ""external_computation_required"": ""market gemstone/ritual-goods pricing lookup""}",,moderate,f,,1,,,,,,,,,,,,,,,,documented_approximation,brahma_remedy_corpus/mars_matrix_charity_masoor_dal,G27 remedy mars_matrix_charity_masoor_dal for Mars,2026-08-21 02:31:40.29037+00
80afd0bd-c27e-4a03-95d6-b145a7899920,482012f1-710e-4a25-994a-93821f5871aa,surya_siddhanta_classical,5b1ec47a-84ca-4b08-9251-996c06835b86,static_natal,Rahu,bc190efd-a054-49c0-adb3-7fcd1c9478c5,parashari,,mantra,rahu_matrix_mantra,"Recite the Rahu beej mantra 'Om Bhraam Bhreem Bhraum Sah Rahave Namah' 108 times daily on Saturday, facing east. Complete mahadasha-count japa over the dasha period.","{""deity"": null, ""gemstone"": null, ""mantra_text"": null, ""charity_action"": null, ""preamble_stripped"": false, ""prescription_text"": ""Recite the Rahu beej mantra 'Om Bhraam Bhreem Bhraum Sah Rahave Namah' 108 times daily on Saturday, facing east. Complete mahadasha-count japa over the dasha period."", ""maraka_contraindication_verdict"": null}",0.90,"{""citation"": ""BPHS Ch.91-94 (Upaya-adhyaya)"", ""source_id"": ""BPHS""}",,,,,1.010502,v1.0,,,,0.9,"{""reason"": ""INR market pricing requires an external, time-varying market-price source not present in the classical-text corpus this system computes from — B.10 forbids inventing a figure. See cost_tier for the qualitative (free/low/medium/high) classification, which IS corpus-derived."", ""available"": false, ""cost_tier"": ""free"", ""external_computation_required"": ""market gemstone/ritual-goods pricing lookup""}",,simple,f,,1,,,,,,,,,,,,,,,,documented_approximation,brahma_remedy_corpus/rahu_matrix_mantra,G27 remedy rahu_matrix_mantra for Rahu,2026-08-21 02:31:40.29037+00
84f38193-f58a-43f1-8ea1-7d1210c65e81,482012f1-710e-4a25-994a-93821f5871aa,surya_siddhanta_classical,5b1ec47a-84ca-4b08-9251-996c06835b86,static_natal,Rahu,bc190efd-a054-49c0-adb3-7fcd1c9478c5,parashari,,charity,rahu_matrix_charity_urad_dal,Donate urad dal to the needy / a temple / a Brahmin on Saturday (for Rahu propitiation). Consistent donation on the planet's day pacifies its afflictions.,"{""deity"": null, ""gemstone"": null, ""mantra_text"": null, ""charity_action"": null, ""preamble_stripped"": false, ""prescription_text"": ""Donate urad dal to the needy / a temple / a Brahmin on Saturday (for Rahu propitiation). Consistent donation on the planet's day pacifies its afflictions."", ""maraka_contraindication_verdict"": null}",0.85,"{""citation"": ""BPHS Ch.91-94 (Upaya-adhyaya)"", ""source_id"": ""BPHS""}",,,,,0.908918,v1.0,,,,0.75,"{""reason"": ""INR market pricing requires an external, time-varying market-price source not present in the classical-text corpus this system computes from — B.10 forbids inventing a figure. See cost_tier for the qualitative (free/low/medium/high) classification, which IS corpus-derived."", ""available"": false, ""cost_tier"": ""low"", ""external_computation_required"": ""market gemstone/ritual-goods pricing lookup""}",,moderate,f,,1,,,,,,,,,,,,,,,,documented_approximation,brahma_remedy_corpus/rahu_matrix_charity_urad_dal,G27 remedy rahu_matrix_charity_urad_dal for Rahu,2026-08-21 02:31:40.29037+00
2f177afa-85bf-4772-b808-13f81e0e7562,482012f1-710e-4a25-994a-93821f5871aa,surya_siddhanta_classical,5b1ec47a-84ca-4b08-9251-996c06835b86,static_natal,Rahu,bc190efd-a054-49c0-adb3-7fcd1c9478c5,parashari,,gemstone,rahu_matrix_gemstone,"Wear a tested Hessonite (Gomed) in lead/silver on the prescribed finger, on Saturday, during Shukla Paksha. ONLY if Rahu is a functional benefic in the chart (test for 3 days first before committing).","{""deity"": null, ""gemstone"": null, ""mantra_text"": null, ""charity_action"": null, ""preamble_stripped"": false, ""prescription_text"": ""Wear a tested Hessonite (Gomed) in lead/silver on the prescribed finger, on Saturday, during Shukla Paksha. ONLY if Rahu is a functional benefic in the chart (test for 3 days first before committing)."", ""maraka_contraindication_verdict"": {""reason"": ""Rahu is neither the 2nd-house lord (Venus) nor the 7th-house lord (Venus) from lagna in this chart — no maraka-lordship contraindication under the v1 rule."", ""verdict"": ""no_contraindication_found"", ""citation"": ""BPHS Ch.44 \""Maraka (Killer) Planets\"" (2-5, 3): \""the 2nd and 7th are Maraka houses... The lords of the 2nd and the 7th ... are known as Marakas.\"" Trans. R. Santhanam, Ranjan Publications. Corroborated by BPHS Ch.47 (Venus sub-periods): \""If Venus be lord of the 2nd or the 7th (two maraka houses) there will be during his Dasa, physical pains and troubles.\"""", ""rule_scope"": ""v1: 2nd/7th house lordship only (occupancy + Rahu/Ketu extensions not yet implemented — see BETA_G.md follow-up)"", ""second_lord"": ""Venus"", ""seventh_lord"": ""Venus"", ""is_maraka_lord"": false, ""source_fact_id"": ""6a41a8120cf888b5""}}",0.85,"{""citation"": ""classical ratna-shastra; Phaladeepika"", ""source_id"": ""BPHS""}",,,,,0.908918,v1.0,"{""Gemstones strengthen the planet — wear ONLY if the planet is a functional benefic for the chart; otherwise they amplify malefic results.""}",,,0.45,"{""reason"": ""INR market pricing requires an external, time-varying market-price source not present in the classical-text corpus this system computes from — B.10 forbids inventing a figure. See cost_tier for the qualitative (free/low/medium/high) classification, which IS corpus-derived."", ""available"": false, ""cost_tier"": ""high"", ""external_computation_required"": ""market gemstone/ritual-goods pricing lookup""}",,complex,t,,1,,,,,,,,,,,,,,,,documented_approximation,brahma_remedy_corpus/rahu_matrix_gemstone,G27 remedy rahu_matrix_gemstone for Rahu,2026-08-21 02:31:40.29037+00
aadd6111-e52a-4781-96d5-6d498ad72462,482012f1-710e-4a25-994a-93821f5871aa,surya_siddhanta_classical,5b1ec47a-84ca-4b08-9251-996c06835b86,static_natal,Ketu,daf4d97c-c8f7-42eb-a131-50a767dab82b,parashari,,mantra,ketu_matrix_mantra,"Recite the Ketu beej mantra 'Om Sraam Sreem Sraum Sah Ketave Namah' 108 times daily on Saturday/Tuesday, facing east. Complete mahadasha-count japa over the dasha period.","{""deity"": null, ""gemstone"": null, ""mantra_text"": null, ""charity_action"": null, ""preamble_stripped"": false, ""prescription_text"": ""Recite the Ketu beej mantra 'Om Sraam Sreem Sraum Sah Ketave Namah' 108 times daily on Saturday/Tuesday, facing east. Complete mahadasha-count japa over the dasha period."", ""maraka_contraindication_verdict"": null}",0.90,"{""citation"": ""BPHS Ch.91-94 (Upaya-adhyaya)"", ""source_id"": ""BPHS""}",,,,,1.010502,v1.0,,,,0.9,"{""reason"": ""INR market pricing requires an external, time-varying market-price source not present in the classical-text corpus this system computes from — B.10 forbids inventing a figure. See cost_tier for the qualitative (free/low/medium/high) classification, which IS corpus-derived."", ""available"": false, ""cost_tier"": ""free"", ""external_computation_required"": ""market gemstone/ritual-goods pricing lookup""}",,simple,f,,1,,,,,,,,,,,,,,,,documented_approximation,brahma_remedy_corpus/ketu_matrix_mantra,G27 remedy ketu_matrix_mantra for Ketu,2026-08-21 02:31:40.29037+00
1cf3c6dc-cd0c-4d37-b489-cf18bd0e1036,482012f1-710e-4a25-994a-93821f5871aa,surya_siddhanta_classical,5b1ec47a-84ca-4b08-9251-996c06835b86,static_natal,Ketu,daf4d97c-c8f7-42eb-a131-50a767dab82b,parashari,,gemstone,ketu_matrix_gemstone,"Wear a tested Cat's Eye (Lehsunia) in panchdhatu on the prescribed finger, on Saturday/Tuesday, during Shukla Paksha. ONLY if Ketu is a functional benefic in the chart (test for 3 days first before co","{""deity"": null, ""gemstone"": null, ""mantra_text"": null, ""charity_action"": null, ""preamble_stripped"": false, ""prescription_text"": ""Wear a tested Cat's Eye (Lehsunia) in panchdhatu on the prescribed finger, on Saturday/Tuesday, during Shukla Paksha. ONLY if Ketu is a functional benefic in the chart (test for 3 days first before committing)."", ""maraka_contraindication_verdict"": {""reason"": ""Ketu is neither the 2nd-house lord (Venus) nor the 7th-house lord (Venus) from lagna in this chart — no maraka-lordship contraindication under the v1 rule."", ""verdict"": ""no_contraindication_found"", ""citation"": ""BPHS Ch.44 \""Maraka (Killer) Planets\"" (2-5, 3): \""the 2nd and 7th are Maraka houses... The lords of the 2nd and the 7th ... are known as Marakas.\"" Trans. R. Santhanam, Ranjan Publications. Corroborated by BPHS Ch.47 (Venus sub-periods): \""If Venus be lord of the 2nd or the 7th (two maraka houses) there will be during his Dasa, physical pains and troubles.\"""", ""rule_scope"": ""v1: 2nd/7th house lordship only (occupancy + Rahu/Ketu extensions not yet implemented — see BETA_G.md follow-up)"", ""second_lord"": ""Venus"", ""seventh_lord"": ""Venus"", ""is_maraka_lord"": false, ""source_fact_id"": ""6a41a8120cf888b5""}}",0.85,"{""citation"": ""classical ratna-shastra; Phaladeepika"", ""source_id"": ""BPHS""}",,,,,0.908918,v1.0,"{""Gemstones strengthen the planet — wear ONLY if the planet is a functional benefic for the chart; otherwise they amplify malefic results.""}",,,0.45,"{""reason"": ""INR market pricing requires an external, time-varying market-price source not present in the classical-text corpus this system computes from — B.10 forbids inventing a figure. See cost_tier for the qualitative (free/low/medium/high) classification, which IS corpus-derived."", ""available"": false, ""cost_tier"": ""high"", ""external_computation_required"": ""market gemstone/ritual-goods pricing lookup""}",,complex,t,,1,,,,,,,,,,,,,,,,documented_approximation,brahma_remedy_corpus/ketu_matrix_gemstone,G27 remedy ketu_matrix_gemstone for Ketu,2026-08-21 02:31:40.29037+00
d8090fd4-f5ec-4751-9464-51c5def02168,482012f1-710e-4a25-994a-93821f5871aa,surya_siddhanta_classical,5b1ec47a-84ca-4b08-9251-996c06835b86,static_natal,Ketu,daf4d97c-c8f7-42eb-a131-50a767dab82b,parashari,,charity,ketu_matrix_charity_blanket,Donate blanket to the needy / a temple / a Brahmin on Saturday/Tuesday (for Ketu propitiation). Consistent donation on the planet's day pacifies its afflictions.,"{""deity"": null, ""gemstone"": null, ""mantra_text"": null, ""charity_action"": null, ""preamble_stripped"": false, ""prescription_text"": ""Donate blanket to the needy / a temple / a Brahmin on Saturday/Tuesday (for Ketu propitiation). Consistent donation on the planet's day pacifies its afflictions."", ""maraka_contraindication_verdict"": null}",0.85,"{""citation"": ""BPHS Ch.91-94 (Upaya-adhyaya)"", ""source_id"": ""BPHS""}",,,,,0.908918,v1.0,,,,0.75,"{""reason"": ""INR market pricing requires an external, time-varying market-price source not present in the classical-text corpus this system computes from — B.10 forbids inventing a figure. See cost_tier for the qualitative (free/low/medium/high) classification, which IS corpus-derived."", ""available"": false, ""cost_tier"": ""low"", ""external_computation_required"": ""market gemstone/ritual-goods pricing lookup""}",,moderate,f,,1,,,,,,,,,,,,,,,,documented_approximation,brahma_remedy_corpus/ketu_matrix_charity_blanket,G27 remedy ketu_matrix_charity_blanket for Ketu,2026-08-21 02:31:40.29037+00
79118325-55c5-4c5c-ab97-1970f4c07e3f,482012f1-710e-4a25-994a-93821f5871aa,surya_siddhanta_classical,5b1ec47a-84ca-4b08-9251-996c06835b86,static_natal,Venus,64f22d82-ce9f-48d7-a60e-3a6ec61e7f99,parashari,,mantra,venus_matrix_mantra,"Recite the Venus beej mantra 'Om Draam Dreem Draum Sah Shukraya Namah' 108 times daily on Friday, facing east. Complete mahadasha-count japa over the dasha period.","{""deity"": null, ""gemstone"": null, ""mantra_text"": null, ""charity_action"": null, ""preamble_stripped"": false, ""prescription_text"": ""Recite the Venus beej mantra 'Om Draam Dreem Draum Sah Shukraya Namah' 108 times daily on Friday, facing east. Complete mahadasha-count japa over the dasha period."", ""maraka_contraindication_verdict"": null}",0.90,"{""citation"": ""BPHS Ch.91-94 (Upaya-adhyaya)"", ""source_id"": ""BPHS""}",,,,,1.010502,v1.0,,,,0.9,"{""reason"": ""INR market pricing requires an external, time-varying market-price source not present in the classical-text corpus this system computes from — B.10 forbids inventing a figure. See cost_tier for the qualitative (free/low/medium/high) classification, which IS corpus-derived."", ""available"": false, ""cost_tier"": ""free"", ""external_computation_required"": ""market gemstone/ritual-goods pricing lookup""}",,simple,f,,1,,,,,,,,,,,,,,,,documented_approximation,brahma_remedy_corpus/venus_matrix_mantra,G27 remedy venus_matrix_mantra for Venus,2026-08-21 02:31:40.29037+00
cfb8cb9c-0393-4230-886a-634370252de0,482012f1-710e-4a25-994a-93821f5871aa,surya_siddhanta_classical,5b1ec47a-84ca-4b08-9251-996c06835b86,static_natal,Venus,64f22d82-ce9f-48d7-a60e-3a6ec61e7f99,parashari,,mantra,venus_marriage_mantra_01,"Chant Shukra Ashtottara Shatanamavali 108 times on Fridays. Venus governs love, beauty, relationships, and luxury.","{""deity"": null, ""gemstone"": null, ""mantra_text"": null, ""charity_action"": null, ""preamble_stripped"": false, ""prescription_text"": ""Chant Shukra Ashtottara Shatanamavali 108 times on Fridays. Venus governs love, beauty, relationships, and luxury."", ""maraka_contraindication_verdict"": null}",0.90,"{""citation"": ""BPHS Ch.88"", ""source_id"": ""BPHS""}",,,,,1.010502,v1.0,,,,0.9,"{""reason"": ""INR market pricing requires an external, time-varying market-price source not present in the classical-text corpus this system computes from — B.10 forbids inventing a figure. See cost_tier for the qualitative (free/low/medium/high) classification, which IS corpus-derived."", ""available"": false, ""cost_tier"": null, ""external_computation_required"": ""market gemstone/ritual-goods pricing lookup""}",,simple,f,,1,,,,,,,,,,,,,,,,documented_approximation,brahma_remedy_corpus/venus_marriage_mantra_01,G27 remedy venus_marriage_mantra_01 for Venus,2026-08-21 02:31:40.29037+00
3275187c-b3c7-4b2a-8a2a-e7ab063a1c9f,482012f1-710e-4a25-994a-93821f5871aa,surya_siddhanta_classical,5b1ec47a-84ca-4b08-9251-996c06835b86,static_natal,Venus,64f22d82-ce9f-48d7-a60e-3a6ec61e7f99,parashari,,japa,stotra_shri_sukta_venus_wealth,"Recite Shri Sukta (Rigveda Khilani, 16 verses) on Fridays before Lakshmi puja. Shri Sukta is the oldest Vedic hymn to Lakshmi and is the canonical prescription for Venus/Lakshmi-related prosperity.","{""deity"": null, ""gemstone"": null, ""mantra_text"": null, ""charity_action"": null, ""preamble_stripped"": true, ""prescription_text"": ""For Venus-related wealth affliction (Venus in 6H/12H, debilitated in Virgo, or Shukra dasha poverty): recite Shri Sukta (Rigveda Khilani, 16 verses) on Fridays before Lakshmi puja. Shri Sukta is the oldest Vedic hymn to Lakshmi and is the canonical prescription for Venus/Lakshmi-related prosperity."", ""maraka_contraindication_verdict"": null}",0.88,"{""citation"": ""Rigveda Khilani (Shri Sukta 16 verses); BPHS Ch.88"", ""source_id"": ""BPHS""}",,,,,0.940997,v1.0,,,,0.9,"{""reason"": ""INR market pricing requires an external, time-varying market-price source not present in the classical-text corpus this system computes from — B.10 forbids inventing a figure. See cost_tier for the qualitative (free/low/medium/high) classification, which IS corpus-derived."", ""available"": false, ""cost_tier"": ""free"", ""external_computation_required"": ""market gemstone/ritual-goods pricing lookup""}",,simple,f,,1,,,,,,,,,,,,,,,,documented_approximation,brahma_remedy_corpus/stotra_shri_sukta_venus_wealth,G27 remedy stotra_shri_sukta_venus_wealth for Venus,2026-08-21 02:31:40.29037+00
c59a5374-062e-4e14-a9bd-e5f07adb10aa,482012f1-710e-4a25-994a-93821f5871aa,surya_siddhanta_classical,5b1ec47a-84ca-4b08-9251-996c06835b86,static_natal,Saturn,8ee4736f-b9a8-4039-8c53-56a8ff551f56,parashari,,japa,stotra_mahamrityunjaya_saturn_affliction,"Perform Mahamrityunjaya japa to the prescribed count — 1,25,000 (1.25 lakh) for a full shanti, or 108 daily as ongoing maintenance. The mantra is from Rigveda 7.59.12 (Tryambaka sukta) and is the clas","{""deity"": null, ""gemstone"": null, ""mantra_text"": null, ""charity_action"": null, ""preamble_stripped"": true, ""prescription_text"": ""For Saturn-ruled chronic disease (bones, joints, nervous system; Saturn in 6H/8H or Sade Sati with health impact): perform Mahamrityunjaya japa to the prescribed count — 1,25,000 (1.25 lakh) for a full shanti, or 108 daily as ongoing maintenance. The mantra is from Rigveda 7.59.12 (Tryambaka sukta) and is the classical prescription for Mrityu-related (Saturn/8H) afflictions."", ""maraka_contraindication_verdict"": null}",0.92,"{""citation"": ""Rigveda 7.59.12; BPHS Ch.88 (Shani health upaya)"", ""source_id"": ""BPHS""}",,,,,0.98377,v1.0,,,,0.9,"{""reason"": ""INR market pricing requires an external, time-varying market-price source not present in the classical-text corpus this system computes from — B.10 forbids inventing a figure. See cost_tier for the qualitative (free/low/medium/high) classification, which IS corpus-derived."", ""available"": false, ""cost_tier"": ""free"", ""external_computation_required"": ""market gemstone/ritual-goods pricing lookup""}",,simple,f,,1,,,,,,,,,,,,,,,,documented_approximation,brahma_remedy_corpus/stotra_mahamrityunjaya_saturn_affliction,G27 remedy stotra_mahamrityunjaya_saturn_affliction for Saturn,2026-08-21 02:31:40.29037+00
ecf9a963-c999-4d61-9fb8-744bea8d9e36,482012f1-710e-4a25-994a-93821f5871aa,surya_siddhanta_classical,5b1ec47a-84ca-4b08-9251-996c06835b86,static_natal,Saturn,8ee4736f-b9a8-4039-8c53-56a8ff551f56,parashari,,mantra,sat_career_mantra_01,"Chant the Shani Ashtottara Shatanamavali (108 names of Saturn) or the Shani Chalisa daily, especially on Saturdays. Saturn rules karma, discipline, and professional perseverance.","{""deity"": null, ""gemstone"": null, ""mantra_text"": null, ""charity_action"": null, ""preamble_stripped"": false, ""prescription_text"": ""Chant the Shani Ashtottara Shatanamavali (108 names of Saturn) or the Shani Chalisa daily, especially on Saturdays. Saturn rules karma, discipline, and professional perseverance."", ""maraka_contraindication_verdict"": null}",0.90,"{""citation"": ""BPHS Ch.88"", ""source_id"": ""BPHS""}",,,,,1.010502,v1.0,,,,0.9,"{""reason"": ""INR market pricing requires an external, time-varying market-price source not present in the classical-text corpus this system computes from — B.10 forbids inventing a figure. See cost_tier for the qualitative (free/low/medium/high) classification, which IS corpus-derived."", ""available"": false, ""cost_tier"": null, ""external_computation_required"": ""market gemstone/ritual-goods pricing lookup""}",,simple,f,,1,,,,,,,,,,,,,,,,documented_approximation,brahma_remedy_corpus/sat_career_mantra_01,G27 remedy sat_career_mantra_01 for Saturn,2026-08-21 02:31:40.29037+00
cbfc6ebf-0395-47be-9678-463c36547b88,482012f1-710e-4a25-994a-93821f5871aa,surya_siddhanta_classical,5b1ec47a-84ca-4b08-9251-996c06835b86,static_natal,Saturn,8ee4736f-b9a8-4039-8c53-56a8ff551f56,parashari,,mantra,saturn_matrix_mantra,"Recite the Saturn beej mantra 'Om Praam Preem Praum Sah Shanaye Namah' 108 times daily on Saturday, facing east. Complete mahadasha-count japa over the dasha period.","{""deity"": null, ""gemstone"": null, ""mantra_text"": null, ""charity_action"": null, ""preamble_stripped"": false, ""prescription_text"": ""Recite the Saturn beej mantra 'Om Praam Preem Praum Sah Shanaye Namah' 108 times daily on Saturday, facing east. Complete mahadasha-count japa over the dasha period."", ""maraka_contraindication_verdict"": null}",0.90,"{""citation"": ""BPHS Ch.91-94 (Upaya-adhyaya)"", ""source_id"": ""BPHS""}",,,,,1.010502,v1.0,,,,0.9,"{""reason"": ""INR market pricing requires an external, time-varying market-price source not present in the classical-text corpus this system computes from — B.10 forbids inventing a figure. See cost_tier for the qualitative (free/low/medium/high) classification, which IS corpus-derived."", ""available"": false, ""cost_tier"": ""free"", ""external_computation_required"": ""market gemstone/ritual-goods pricing lookup""}",,simple,f,,1,,,,,,,,,,,,,,,,documented_approximation,brahma_remedy_corpus/saturn_matrix_mantra,G27 remedy saturn_matrix_mantra for Saturn,2026-08-21 02:31:40.29037+00
85b021c4-582c-4a72-8689-b0d582ef0f63,482012f1-710e-4a25-994a-93821f5871aa,surya_siddhanta_classical,5b1ec47a-84ca-4b08-9251-996c06835b86,static_natal,Moon,1338eef9-f847-4b24-aca9-907f759dc483,parashari,,mantra,moon_matrix_mantra,"Recite the Moon beej mantra 'Om Shraam Shreem Shraum Sah Chandraya Namah' 108 times daily on Monday, facing east. Complete mahadasha-count japa over the dasha period.","{""deity"": null, ""gemstone"": null, ""mantra_text"": null, ""charity_action"": null, ""preamble_stripped"": false, ""prescription_text"": ""Recite the Moon beej mantra 'Om Shraam Shreem Shraum Sah Chandraya Namah' 108 times daily on Monday, facing east. Complete mahadasha-count japa over the dasha period."", ""maraka_contraindication_verdict"": null}",0.90,"{""citation"": ""BPHS Ch.91-94 (Upaya-adhyaya)"", ""source_id"": ""BPHS""}",,,,,1.010502,v1.0,,,,0.9,"{""reason"": ""INR market pricing requires an external, time-varying market-price source not present in the classical-text corpus this system computes from — B.10 forbids inventing a figure. See cost_tier for the qualitative (free/low/medium/high) classification, which IS corpus-derived."", ""available"": false, ""cost_tier"": ""free"", ""external_computation_required"": ""market gemstone/ritual-goods pricing lookup""}",,simple,f,,1,,,,,,,,,,,,,,,,documented_approximation,brahma_remedy_corpus/moon_matrix_mantra,G27 remedy moon_matrix_mantra for Moon,2026-08-21 02:31:40.29037+00
c7dcfd01-9631-455b-b328-c279c322ebe6,482012f1-710e-4a25-994a-93821f5871aa,surya_siddhanta_classical,5b1ec47a-84ca-4b08-9251-996c06835b86,static_natal,Moon,1338eef9-f847-4b24-aca9-907f759dc483,parashari,,charity,dana_moon_silver_milk_monday,"Monday dana for Moon propitiation (BPHS Ch.93): donate silver (even a small coin), white rice, milk, and curd to a Brahmin woman or temple on Mondays during Purnima (full moon). The Moon-silver-white ","{""deity"": null, ""gemstone"": null, ""mantra_text"": null, ""charity_action"": null, ""preamble_stripped"": false, ""prescription_text"": ""Monday dana for Moon propitiation (BPHS Ch.93): donate silver (even a small coin), white rice, milk, and curd to a Brahmin woman or temple on Mondays during Purnima (full moon). The Moon-silver-white connection is the canonical triad in BPHS Ch.93."", ""maraka_contraindication_verdict"": null}",0.88,"{""citation"": ""BPHS Ch.93 (Chandra dana)"", ""source_id"": ""BPHS""}",,,,,0.940997,v1.0,,,,0.75,"{""reason"": ""INR market pricing requires an external, time-varying market-price source not present in the classical-text corpus this system computes from — B.10 forbids inventing a figure. See cost_tier for the qualitative (free/low/medium/high) classification, which IS corpus-derived."", ""available"": false, ""cost_tier"": ""low"", ""external_computation_required"": ""market gemstone/ritual-goods pricing lookup""}",,moderate,f,,1,,,,,,,,,,,,,,,,documented_approximation,brahma_remedy_corpus/dana_moon_silver_milk_monday,G27 remedy dana_moon_silver_milk_monday for Moon,2026-08-21 02:31:40.29037+00
9fbf2d36-2b0b-448b-b2c2-7b2d82fca18c,482012f1-710e-4a25-994a-93821f5871aa,surya_siddhanta_classical,5b1ec47a-84ca-4b08-9251-996c06835b86,static_natal,Moon,1338eef9-f847-4b24-aca9-907f759dc483,parashari,,charity,moon_matrix_charity_rice,Donate rice to the needy / a temple / a Brahmin on Monday (for Moon propitiation). Consistent donation on the planet's day pacifies its afflictions.,"{""deity"": null, ""gemstone"": null, ""mantra_text"": null, ""charity_action"": null, ""preamble_stripped"": false, ""prescription_text"": ""Donate rice to the needy / a temple / a Brahmin on Monday (for Moon propitiation). Consistent donation on the planet's day pacifies its afflictions."", ""maraka_contraindication_verdict"": null}",0.85,"{""citation"": ""BPHS Ch.91-94 (Upaya-adhyaya)"", ""source_id"": ""BPHS""}",,,,,0.908918,v1.0,,,,0.75,"{""reason"": ""INR market pricing requires an external, time-varying market-price source not present in the classical-text corpus this system computes from — B.10 forbids inventing a figure. See cost_tier for the qualitative (free/low/medium/high) classification, which IS corpus-derived."", ""available"": false, ""cost_tier"": ""low"", ""external_computation_required"": ""market gemstone/ritual-goods pricing lookup""}",,moderate,f,,1,,,,,,,,,,,,,,,,documented_approximation,brahma_remedy_corpus/moon_matrix_charity_rice,G27 remedy moon_matrix_charity_rice for Moon,2026-08-21 02:31:40.29037+00
9faf9bea-32f6-4c20-926d-7b3267e5624a,482012f1-710e-4a25-994a-93821f5871aa,surya_siddhanta_classical,5b1ec47a-84ca-4b08-9251-996c06835b86,static_natal,Sun,8bd73084-22a6-4ef7-a32b-61e66bce9c95,parashari,,mantra,sun_matrix_mantra,"Recite the Sun beej mantra 'Om Hraam Hreem Hraum Sah Suryaya Namah' 108 times daily on Sunday, facing east. Complete mahadasha-count japa over the dasha period.","{""deity"": null, ""gemstone"": null, ""mantra_text"": null, ""charity_action"": null, ""preamble_stripped"": false, ""prescription_text"": ""Recite the Sun beej mantra 'Om Hraam Hreem Hraum Sah Suryaya Namah' 108 times daily on Sunday, facing east. Complete mahadasha-count japa over the dasha period."", ""maraka_contraindication_verdict"": null}",0.90,"{""citation"": ""BPHS Ch.91-94 (Upaya-adhyaya)"", ""source_id"": ""BPHS""}",,,,,1.010502,v1.0,,,,0.9,"{""reason"": ""INR market pricing requires an external, time-varying market-price source not present in the classical-text corpus this system computes from — B.10 forbids inventing a figure. See cost_tier for the qualitative (free/low/medium/high) classification, which IS corpus-derived."", ""available"": false, ""cost_tier"": ""free"", ""external_computation_required"": ""market gemstone/ritual-goods pricing lookup""}",,simple,f,,1,,,,,,,,,,,,,,,,documented_approximation,brahma_remedy_corpus/sun_matrix_mantra,G27 remedy sun_matrix_mantra for Sun,2026-08-21 02:31:40.29037+00
d3bbd040-5c08-4f09-a175-2bf6bb6512ce,482012f1-710e-4a25-994a-93821f5871aa,surya_siddhanta_classical,5b1ec47a-84ca-4b08-9251-996c06835b86,static_natal,Sun,8bd73084-22a6-4ef7-a32b-61e66bce9c95,parashari,,mantra,sun_career_mantra_01,"Chant the Aditya Hridayam daily at sunrise, facing east, 108 times. This strengthens the Sun and brings favor from authority figures and government.","{""deity"": null, ""gemstone"": null, ""mantra_text"": null, ""charity_action"": null, ""preamble_stripped"": false, ""prescription_text"": ""Chant the Aditya Hridayam daily at sunrise, facing east, 108 times. This strengthens the Sun and brings favor from authority figures and government."", ""maraka_contraindication_verdict"": null}",0.90,"{""citation"": ""BPHS Ch.88"", ""source_id"": ""BPHS""}",,,,,1.010502,v1.0,,,,0.9,"{""reason"": ""INR market pricing requires an external, time-varying market-price source not present in the classical-text corpus this system computes from — B.10 forbids inventing a figure. See cost_tier for the qualitative (free/low/medium/high) classification, which IS corpus-derived."", ""available"": false, ""cost_tier"": null, ""external_computation_required"": ""market gemstone/ritual-goods pricing lookup""}",,simple,f,,1,,,,,,,,,,,,,,,,documented_approximation,brahma_remedy_corpus/sun_career_mantra_01,G27 remedy sun_career_mantra_01 for Sun,2026-08-21 02:31:40.29037+00
1b6e2ce8-93a4-4451-9a7a-37f058240c30,482012f1-710e-4a25-994a-93821f5871aa,surya_siddhanta_classical,5b1ec47a-84ca-4b08-9251-996c06835b86,static_natal,Sun,8bd73084-22a6-4ef7-a32b-61e66bce9c95,parashari,,japa,stotra_aditya_hridayam_afflicted_sun,"Recite Aditya Hridayam (from Valmiki Ramayana, Yuddha Kanda Ch.107) in full at sunrise facing east, daily during Sun dasha/antardasha. Agastya prescribed this to Rama before battle — it is the classic","{""deity"": null, ""gemstone"": null, ""mantra_text"": null, ""charity_action"": null, ""preamble_stripped"": true, ""prescription_text"": ""For afflicted Sun (combust, debilitated in Libra, or in 6/8/12): recite Aditya Hridayam (from Valmiki Ramayana, Yuddha Kanda Ch.107) in full at sunrise facing east, daily during Sun dasha/antardasha. Agastya prescribed this to Rama before battle — it is the classical solar invocation for strength and authority."", ""maraka_contraindication_verdict"": null}",0.90,"{""citation"": ""Valmiki Ramayana, Yuddha Kanda 107; BPHS Ch.88 (Surya upaya)"", ""source_id"": ""BPHS""}",,,,,0.962383,v1.0,,,,0.9,"{""reason"": ""INR market pricing requires an external, time-varying market-price source not present in the classical-text corpus this system computes from — B.10 forbids inventing a figure. See cost_tier for the qualitative (free/low/medium/high) classification, which IS corpus-derived."", ""available"": false, ""cost_tier"": ""free"", ""external_computation_required"": ""market gemstone/ritual-goods pricing lookup""}",,simple,f,,1,,,,,,,,,,,,,,,,documented_approximation,brahma_remedy_corpus/stotra_aditya_hridayam_afflicted_sun,G27 remedy stotra_aditya_hridayam_afflicted_sun for Sun,2026-08-21 02:31:40.29037+00
24934f5a-b106-4f28-be26-b33683241492,482012f1-710e-4a25-994a-93821f5871aa,surya_siddhanta_classical,5b1ec47a-84ca-4b08-9251-996c06835b86,static_natal,Mercury,f51684ee-e638-4e51-8359-37cd08c5d225,parashari,,mantra,mercury_matrix_mantra,"Recite the Mercury beej mantra 'Om Braam Breem Braum Sah Budhaya Namah' 108 times daily on Wednesday, facing east. Complete mahadasha-count japa over the dasha period.","{""deity"": null, ""gemstone"": null, ""mantra_text"": null, ""charity_action"": null, ""preamble_stripped"": false, ""prescription_text"": ""Recite the Mercury beej mantra 'Om Braam Breem Braum Sah Budhaya Namah' 108 times daily on Wednesday, facing east. Complete mahadasha-count japa over the dasha period."", ""maraka_contraindication_verdict"": null}",0.90,"{""citation"": ""BPHS Ch.91-94 (Upaya-adhyaya)"", ""source_id"": ""BPHS""}",,,,,1.010502,v1.0,,,,0.9,"{""reason"": ""INR market pricing requires an external, time-varying market-price source not present in the classical-text corpus this system computes from — B.10 forbids inventing a figure. See cost_tier for the qualitative (free/low/medium/high) classification, which IS corpus-derived."", ""available"": false, ""cost_tier"": ""free"", ""external_computation_required"": ""market gemstone/ritual-goods pricing lookup""}",,simple,f,,1,,,,,,,,,,,,,,,,documented_approximation,brahma_remedy_corpus/mercury_matrix_mantra,G27 remedy mercury_matrix_mantra for Mercury,2026-08-21 02:31:40.29037+00
a34c8409-c8f1-489e-96a8-c72a3c331b83,482012f1-710e-4a25-994a-93821f5871aa,surya_siddhanta_classical,5b1ec47a-84ca-4b08-9251-996c06835b86,static_natal,Mercury,f51684ee-e638-4e51-8359-37cd08c5d225,parashari,,charity,dana_mercury_books_green_wednesday,"Wednesday dana for Mercury (BPHS Ch.93): donate green cloth, green moong dal, books, and writing materials on Wednesdays. Donating to schools, libraries, or sponsoring a student's education is the Mer","{""deity"": null, ""gemstone"": null, ""mantra_text"": null, ""charity_action"": null, ""preamble_stripped"": false, ""prescription_text"": ""Wednesday dana for Mercury (BPHS Ch.93): donate green cloth, green moong dal, books, and writing materials on Wednesdays. Donating to schools, libraries, or sponsoring a student's education is the Mercury dana in contemporary form. The BPHS Ch.93 prescribes green gram (moong) and bronze as the Mercury pair."", ""maraka_contraindication_verdict"": null}",0.87,"{""citation"": ""BPHS Ch.93 (Budha dana)"", ""source_id"": ""BPHS""}",,,,,0.930304,v1.0,,,,0.75,"{""reason"": ""INR market pricing requires an external, time-varying market-price source not present in the classical-text corpus this system computes from — B.10 forbids inventing a figure. See cost_tier for the qualitative (free/low/medium/high) classification, which IS corpus-derived."", ""available"": false, ""cost_tier"": ""low"", ""external_computation_required"": ""market gemstone/ritual-goods pricing lookup""}",,moderate,f,,1,,,,,,,,,,,,,,,,documented_approximation,brahma_remedy_corpus/dana_mercury_books_green_wednesday,G27 remedy dana_mercury_books_green_wednesday for Mercury,2026-08-21 02:31:40.29037+00
d7010817-02dc-4ec9-a366-95299bec90ff,482012f1-710e-4a25-994a-93821f5871aa,surya_siddhanta_classical,5b1ec47a-84ca-4b08-9251-996c06835b86,static_natal,Mercury,f51684ee-e638-4e51-8359-37cd08c5d225,parashari,,charity,mercury_matrix_charity_green_gram_moong,Donate green gram (moong) to the needy / a temple / a Brahmin on Wednesday (for Mercury propitiation). Consistent donation on the planet's day pacifies its afflictions.,"{""deity"": null, ""gemstone"": null, ""mantra_text"": null, ""charity_action"": null, ""preamble_stripped"": false, ""prescription_text"": ""Donate green gram (moong) to the needy / a temple / a Brahmin on Wednesday (for Mercury propitiation). Consistent donation on the planet's day pacifies its afflictions."", ""maraka_contraindication_verdict"": null}",0.85,"{""citation"": ""BPHS Ch.91-94 (Upaya-adhyaya)"", ""source_id"": ""BPHS""}",,,,,0.908918,v1.0,,,,0.75,"{""reason"": ""INR market pricing requires an external, time-varying market-price source not present in the classical-text corpus this system computes from — B.10 forbids inventing a figure. See cost_tier for the qualitative (free/low/medium/high) classification, which IS corpus-derived."", ""available"": false, ""cost_tier"": ""low"", ""external_computation_required"": ""market gemstone/ritual-goods pricing lookup""}",,moderate,f,,1,,,,,,,,,,,,,,,,documented_approximation,brahma_remedy_corpus/mercury_matrix_charity_green_gram_moong,G27 remedy mercury_matrix_charity_green_gram_moong for Mercury,2026-08-21 02:31:40.29037+00
cc0188eb-ad55-4b5f-aec3-d1fc7eaf6eb8,482012f1-710e-4a25-994a-93821f5871aa,surya_siddhanta_classical,5b1ec47a-84ca-4b08-9251-996c06835b86,static_natal,Jupiter,623f1dcc-1255-4ea2-a2d4-a0445e8d2660,parashari,,mantra,jupiter_matrix_mantra,"Recite the Jupiter beej mantra 'Om Graam Greem Graum Sah Gurave Namah' 108 times daily on Thursday, facing east. Complete mahadasha-count japa over the dasha period.","{""deity"": null, ""gemstone"": null, ""mantra_text"": null, ""charity_action"": null, ""preamble_stripped"": false, ""prescription_text"": ""Recite the Jupiter beej mantra 'Om Graam Greem Graum Sah Gurave Namah' 108 times daily on Thursday, facing east. Complete mahadasha-count japa over the dasha period."", ""maraka_contraindication_verdict"": null}",0.90,"{""citation"": ""BPHS Ch.91-94 (Upaya-adhyaya)"", ""source_id"": ""BPHS""}",,,,,1.010502,v1.0,,,,0.9,"{""reason"": ""INR market pricing requires an external, time-varying market-price source not present in the classical-text corpus this system computes from — B.10 forbids inventing a figure. See cost_tier for the qualitative (free/low/medium/high) classification, which IS corpus-derived."", ""available"": false, ""cost_tier"": ""free"", ""external_computation_required"": ""market gemstone/ritual-goods pricing lookup""}",,simple,f,,1,,,,,,,,,,,,,,,,documented_approximation,brahma_remedy_corpus/jupiter_matrix_mantra,G27 remedy jupiter_matrix_mantra for Jupiter,2026-08-21 02:31:40.29037+00
75cd15d8-908f-42ce-b509-6aeb77399de2,482012f1-710e-4a25-994a-93821f5871aa,surya_siddhanta_classical,5b1ec47a-84ca-4b08-9251-996c06835b86,static_natal,Jupiter,623f1dcc-1255-4ea2-a2d4-a0445e8d2660,parashari,,mantra,jupiter_wealth_mantra_01,"Chant Guru Ashtottara Shatanamavali 108 times on Thursdays. Jupiter (Guru) blesses with wisdom, wealth, and progeny when propitiated.","{""deity"": null, ""gemstone"": null, ""mantra_text"": null, ""charity_action"": null, ""preamble_stripped"": false, ""prescription_text"": ""Chant Guru Ashtottara Shatanamavali 108 times on Thursdays. Jupiter (Guru) blesses with wisdom, wealth, and progeny when propitiated."", ""maraka_contraindication_verdict"": null}",0.90,"{""citation"": ""BPHS Ch.88"", ""source_id"": ""BPHS""}",,,,,1.010502,v1.0,,,,0.9,"{""reason"": ""INR market pricing requires an external, time-varying market-price source not present in the classical-text corpus this system computes from — B.10 forbids inventing a figure. See cost_tier for the qualitative (free/low/medium/high) classification, which IS corpus-derived."", ""available"": false, ""cost_tier"": null, ""external_computation_required"": ""market gemstone/ritual-goods pricing lookup""}",,simple,f,,1,,,,,,,,,,,,,,,,documented_approximation,brahma_remedy_corpus/jupiter_wealth_mantra_01,G27 remedy jupiter_wealth_mantra_01 for Jupiter,2026-08-21 02:31:40.29037+00
23b5681c-4459-4214-9967-5e82a06ec3f2,482012f1-710e-4a25-994a-93821f5871aa,surya_siddhanta_classical,5b1ec47a-84ca-4b08-9251-996c06835b86,static_natal,Jupiter,623f1dcc-1255-4ea2-a2d4-a0445e8d2660,parashari,,japa,stotra_vishnu_sahasranama_jupiter_afflicted,"Recite Vishnu Sahasranama (Mahabharata, Anushasana Parva 149) once daily on Thursdays. Jupiter is the karaka of dharma and wisdom — Vishnu Sahasranama is the classical prescription for Guru-related ob","{""deity"": null, ""gemstone"": null, ""mantra_text"": null, ""charity_action"": null, ""preamble_stripped"": true, ""prescription_text"": ""For afflicted Jupiter (debilitated in Capricorn, Guru Chandal dosha, retrograde in dasha): recite Vishnu Sahasranama (Mahabharata, Anushasana Parva 149) once daily on Thursdays. Jupiter is the karaka of dharma and wisdom — Vishnu Sahasranama is the classical prescription for Guru-related obstacles per Phaladeepika's remedial section."", ""maraka_contraindication_verdict"": null}",0.88,"{""citation"": ""Phaladeepika remedial section; Mahabharata Anushasana Parva 149"", ""source_id"": ""Phaladeepika""}",,,,,0.940997,v1.0,,,,0.9,"{""reason"": ""INR market pricing requires an external, time-varying market-price source not present in the classical-text corpus this system computes from — B.10 forbids inventing a figure. See cost_tier for the qualitative (free/low/medium/high) classification, which IS corpus-derived."", ""available"": false, ""cost_tier"": ""free"", ""external_computation_required"": ""market gemstone/ritual-goods pricing lookup""}",,simple,f,,1,,,,,,,,,,,,,,,,documented_approximation,brahma_remedy_corpus/stotra_vishnu_sahasranama_jupiter_afflicted,G27 remedy stotra_vishnu_sahasranama_jupiter_afflicted for Jupiter,2026-08-21 02:31:40.29037+00
171db7bf-ae2f-4e8c-9bff-415e7809d8ac,482012f1-710e-4a25-994a-93821f5871aa,true_chitra,5b1ec47a-84ca-4b08-9251-996c06835b86,static_natal,Venus,053f88e9-6785-4dbd-860f-f47aec65b2d8,parashari,,mantra,venus_matrix_mantra,"Recite the Venus beej mantra 'Om Draam Dreem Draum Sah Shukraya Namah' 108 times daily on Friday, facing east. Complete mahadasha-count japa over the dasha period.","{""deity"": null, ""gemstone"": null, ""mantra_text"": null, ""charity_action"": null, ""preamble_stripped"": false, ""prescription_text"": ""Recite the Venus beej mantra 'Om Draam Dreem Draum Sah Shukraya Namah' 108 times daily on Friday, facing east. Complete mahadasha-count japa over the dasha period."", ""maraka_contraindication_verdict"": null}",0.90,"{""citation"": ""BPHS Ch.91-94 (Upaya-adhyaya)"", ""source_id"": ""BPHS""}",,,,,1.010502,v1.0,,,,0.9,"{""reason"": ""INR market pricing requires an external, time-varying market-price source not present in the classical-text corpus this system computes from — B.10 forbids inventing a figure. See cost_tier for the qualitative (free/low/medium/high) classification, which IS corpus-derived."", ""available"": false, ""cost_tier"": ""free"", ""external_computation_required"": ""market gemstone/ritual-goods pricing lookup""}",,simple,f,,1,,,,,,,,,,,,,,,,documented_approximation,brahma_remedy_corpus/venus_matrix_mantra,G27 remedy venus_matrix_mantra for Venus,2026-08-21 02:31:40.29037+00
adbf8c2f-03eb-49a6-81e5-ba3855cde587,482012f1-710e-4a25-994a-93821f5871aa,true_chitra,5b1ec47a-84ca-4b08-9251-996c06835b86,static_natal,Venus,053f88e9-6785-4dbd-860f-f47aec65b2d8,parashari,,mantra,venus_marriage_mantra_01,"Chant Shukra Ashtottara Shatanamavali 108 times on Fridays. Venus governs love, beauty, relationships, and luxury.","{""deity"": null, ""gemstone"": null, ""mantra_text"": null, ""charity_action"": null, ""preamble_stripped"": false, ""prescription_text"": ""Chant Shukra Ashtottara Shatanamavali 108 times on Fridays. Venus governs love, beauty, relationships, and luxury."", ""maraka_contraindication_verdict"": null}",0.90,"{""citation"": ""BPHS Ch.88"", ""source_id"": ""BPHS""}",,,,,1.010502,v1.0,,,,0.9,"{""reason"": ""INR market pricing requires an external, time-varying market-price source not present in the classical-text corpus this system computes from — B.10 forbids inventing a figure. See cost_tier for the qualitative (free/low/medium/high) classification, which IS corpus-derived."", ""available"": false, ""cost_tier"": null, ""external_computation_required"": ""market gemstone/ritual-goods pricing lookup""}",,simple,f,,1,,,,,,,,,,,,,,,,documented_approximation,brahma_remedy_corpus/venus_marriage_mantra_01,G27 remedy venus_marriage_mantra_01 for Venus,2026-08-21 02:31:40.29037+00
da618a43-3ebc-4317-a3cd-2e49ca2b6233,482012f1-710e-4a25-994a-93821f5871aa,true_chitra,5b1ec47a-84ca-4b08-9251-996c06835b86,static_natal,Venus,053f88e9-6785-4dbd-860f-f47aec65b2d8,parashari,,japa,stotra_shri_sukta_venus_wealth,"Recite Shri Sukta (Rigveda Khilani, 16 verses) on Fridays before Lakshmi puja. Shri Sukta is the oldest Vedic hymn to Lakshmi and is the canonical prescription for Venus/Lakshmi-related prosperity.","{""deity"": null, ""gemstone"": null, ""mantra_text"": null, ""charity_action"": null, ""preamble_stripped"": true, ""prescription_text"": ""For Venus-related wealth affliction (Venus in 6H/12H, debilitated in Virgo, or Shukra dasha poverty): recite Shri Sukta (Rigveda Khilani, 16 verses) on Fridays before Lakshmi puja. Shri Sukta is the oldest Vedic hymn to Lakshmi and is the canonical prescription for Venus/Lakshmi-related prosperity."", ""maraka_contraindication_verdict"": null}",0.88,"{""citation"": ""Rigveda Khilani (Shri Sukta 16 verses); BPHS Ch.88"", ""source_id"": ""BPHS""}",,,,,0.940997,v1.0,,,,0.9,"{""reason"": ""INR market pricing requires an external, time-varying market-price source not present in the classical-text corpus this system computes from — B.10 forbids inventing a figure. See cost_tier for the qualitative (free/low/medium/high) classification, which IS corpus-derived."", ""available"": false, ""cost_tier"": ""free"", ""external_computation_required"": ""market gemstone/ritual-goods pricing lookup""}",,simple,f,,1,,,,,,,,,,,,,,,,documented_approximation,brahma_remedy_corpus/stotra_shri_sukta_venus_wealth,G27 remedy stotra_shri_sukta_venus_wealth for Venus,2026-08-21 02:31:40.29037+00
84a2de5a-e6cd-4188-8159-3a2a12475b4c,482012f1-710e-4a25-994a-93821f5871aa,true_chitra,5b1ec47a-84ca-4b08-9251-996c06835b86,static_natal,Mars,5f043d6a-d3ad-4834-9bf5-bf760ed38014,parashari,,mantra,mars_matrix_mantra,"Recite the Mars beej mantra 'Om Kraam Kreem Kraum Sah Bhaumaya Namah' 108 times daily on Tuesday, facing east. Complete mahadasha-count japa over the dasha period.","{""deity"": null, ""gemstone"": null, ""mantra_text"": null, ""charity_action"": null, ""preamble_stripped"": false, ""prescription_text"": ""Recite the Mars beej mantra 'Om Kraam Kreem Kraum Sah Bhaumaya Namah' 108 times daily on Tuesday, facing east. Complete mahadasha-count japa over the dasha period."", ""maraka_contraindication_verdict"": null}",0.90,"{""citation"": ""BPHS Ch.91-94 (Upaya-adhyaya)"", ""source_id"": ""BPHS""}",,,,Manglik Dosha,1.010502,v1.0,,,,0.9,"{""reason"": ""INR market pricing requires an external, time-varying market-price source not present in the classical-text corpus this system computes from — B.10 forbids inventing a figure. See cost_tier for the qualitative (free/low/medium/high) classification, which IS corpus-derived."", ""available"": false, ""cost_tier"": ""free"", ""external_computation_required"": ""market gemstone/ritual-goods pricing lookup""}",,simple,f,,1,,,,,,,,,,,,,,,,documented_approximation,brahma_remedy_corpus/mars_matrix_mantra,G27 remedy mars_matrix_mantra for Mars,2026-08-21 02:31:40.29037+00
b5af262a-07a0-460f-958a-0018bc57e6c0,482012f1-710e-4a25-994a-93821f5871aa,true_chitra,5b1ec47a-84ca-4b08-9251-996c06835b86,static_natal,Mars,5f043d6a-d3ad-4834-9bf5-bf760ed38014,parashari,,charity,dana_mars_masoor_blood_donation,"Tuesday dana for Mars (BPHS Ch.93): donate masoor dal (red lentils), red cloth, and copper on Tuesdays. Blood donation on Tuesdays is the modern classical equivalent and is widely recommended — blood ","{""deity"": null, ""gemstone"": null, ""mantra_text"": null, ""charity_action"": null, ""preamble_stripped"": false, ""prescription_text"": ""Tuesday dana for Mars (BPHS Ch.93): donate masoor dal (red lentils), red cloth, and copper on Tuesdays. Blood donation on Tuesdays is the modern classical equivalent and is widely recommended — blood is Mars's fluid and giving it is the strongest Mars-karmic action. Also: donate to emergency services or fire departments (Mars governs fire and emergencies)."", ""maraka_contraindication_verdict"": null}",0.87,"{""citation"": ""BPHS Ch.93 (Mangala dana)"", ""source_id"": ""BPHS""}",,,,Manglik Dosha,0.930304,v1.0,,,,0.75,"{""reason"": ""INR market pricing requires an external, time-varying market-price source not present in the classical-text corpus this system computes from — B.10 forbids inventing a figure. See cost_tier for the qualitative (free/low/medium/high) classification, which IS corpus-derived."", ""available"": false, ""cost_tier"": ""low"", ""external_computation_required"": ""market gemstone/ritual-goods pricing lookup""}",,moderate,f,,1,,,,,,,,,,,,,,,,documented_approximation,brahma_remedy_corpus/dana_mars_masoor_blood_donation,G27 remedy dana_mars_masoor_blood_donation for Mars,2026-08-21 02:31:40.29037+00
942237c1-a698-42df-ac1a-f0ed111acfb9,482012f1-710e-4a25-994a-93821f5871aa,true_chitra,5b1ec47a-84ca-4b08-9251-996c06835b86,static_natal,Mars,5f043d6a-d3ad-4834-9bf5-bf760ed38014,parashari,,charity,mars_matrix_charity_masoor_dal,Donate masoor dal to the needy / a temple / a Brahmin on Tuesday (for Mars propitiation). Consistent donation on the planet's day pacifies its afflictions.,"{""deity"": null, ""gemstone"": null, ""mantra_text"": null, ""charity_action"": null, ""preamble_stripped"": false, ""prescription_text"": ""Donate masoor dal to the needy / a temple / a Brahmin on Tuesday (for Mars propitiation). Consistent donation on the planet's day pacifies its afflictions."", ""maraka_contraindication_verdict"": null}",0.85,"{""citation"": ""BPHS Ch.91-94 (Upaya-adhyaya)"", ""source_id"": ""BPHS""}",,,,Manglik Dosha,0.908918,v1.0,,,,0.75,"{""reason"": ""INR market pricing requires an external, time-varying market-price source not present in the classical-text corpus this system computes from — B.10 forbids inventing a figure. See cost_tier for the qualitative (free/low/medium/high) classification, which IS corpus-derived."", ""available"": false, ""cost_tier"": ""low"", ""external_computation_required"": ""market gemstone/ritual-goods pricing lookup""}",,moderate,f,,1,,,,,,,,,,,,,,,,documented_approximation,brahma_remedy_corpus/mars_matrix_charity_masoor_dal,G27 remedy mars_matrix_charity_masoor_dal for Mars,2026-08-21 02:31:40.29037+00
1e9f574e-54f6-4251-8de4-146f4575c129,482012f1-710e-4a25-994a-93821f5871aa,true_chitra,5b1ec47a-84ca-4b08-9251-996c06835b86,static_natal,Ketu,b689295f-e782-4725-95cf-e079513d4630,parashari,,mantra,ketu_matrix_mantra,"Recite the Ketu beej mantra 'Om Sraam Sreem Sraum Sah Ketave Namah' 108 times daily on Saturday/Tuesday, facing east. Complete mahadasha-count japa over the dasha period.","{""deity"": null, ""gemstone"": null, ""mantra_text"": null, ""charity_action"": null, ""preamble_stripped"": false, ""prescription_text"": ""Recite the Ketu beej mantra 'Om Sraam Sreem Sraum Sah Ketave Namah' 108 times daily on Saturday/Tuesday, facing east. Complete mahadasha-count japa over the dasha period."", ""maraka_contraindication_verdict"": null}",0.90,"{""citation"": ""BPHS Ch.91-94 (Upaya-adhyaya)"", ""source_id"": ""BPHS""}",,,,,1.010502,v1.0,,,,0.9,"{""reason"": ""INR market pricing requires an external, time-varying market-price source not present in the classical-text corpus this system computes from — B.10 forbids inventing a figure. See cost_tier for the qualitative (free/low/medium/high) classification, which IS corpus-derived."", ""available"": false, ""cost_tier"": ""free"", ""external_computation_required"": ""market gemstone/ritual-goods pricing lookup""}",,simple,f,,1,,,,,,,,,,,,,,,,documented_approximation,brahma_remedy_corpus/ketu_matrix_mantra,G27 remedy ketu_matrix_mantra for Ketu,2026-08-21 02:31:40.29037+00
76794f92-e106-41ab-8f81-c8a8fd0a3bcc,482012f1-710e-4a25-994a-93821f5871aa,true_chitra,5b1ec47a-84ca-4b08-9251-996c06835b86,static_natal,Ketu,b689295f-e782-4725-95cf-e079513d4630,parashari,,gemstone,ketu_matrix_gemstone,"Wear a tested Cat's Eye (Lehsunia) in panchdhatu on the prescribed finger, on Saturday/Tuesday, during Shukla Paksha. ONLY if Ketu is a functional benefic in the chart (test for 3 days first before co","{""deity"": null, ""gemstone"": null, ""mantra_text"": null, ""charity_action"": null, ""preamble_stripped"": false, ""prescription_text"": ""Wear a tested Cat's Eye (Lehsunia) in panchdhatu on the prescribed finger, on Saturday/Tuesday, during Shukla Paksha. ONLY if Ketu is a functional benefic in the chart (test for 3 days first before committing)."", ""maraka_contraindication_verdict"": {""reason"": ""Ketu is neither the 2nd-house lord (Venus) nor the 7th-house lord (Venus) from lagna in this chart — no maraka-lordship contraindication under the v1 rule."", ""verdict"": ""no_contraindication_found"", ""citation"": ""BPHS Ch.44 \""Maraka (Killer) Planets\"" (2-5, 3): \""the 2nd and 7th are Maraka houses... The lords of the 2nd and the 7th ... are known as Marakas.\"" Trans. R. Santhanam, Ranjan Publications. Corroborated by BPHS Ch.47 (Venus sub-periods): \""If Venus be lord of the 2nd or the 7th (two maraka houses) there will be during his Dasa, physical pains and troubles.\"""", ""rule_scope"": ""v1: 2nd/7th house lordship only (occupancy + Rahu/Ketu extensions not yet implemented — see BETA_G.md follow-up)"", ""second_lord"": ""Venus"", ""seventh_lord"": ""Venus"", ""is_maraka_lord"": false, ""source_fact_id"": ""4df79a60cd6cc884""}}",0.85,"{""citation"": ""classical ratna-shastra; Phaladeepika"", ""source_id"": ""BPHS""}",,,,,0.908918,v1.0,"{""Gemstones strengthen the planet — wear ONLY if the planet is a functional benefic for the chart; otherwise they amplify malefic results.""}",,,0.45,"{""reason"": ""INR market pricing requires an external, time-varying market-price source not present in the classical-text corpus this system computes from — B.10 forbids inventing a figure. See cost_tier for the qualitative (free/low/medium/high) classification, which IS corpus-derived."", ""available"": false, ""cost_tier"": ""high"", ""external_computation_required"": ""market gemstone/ritual-goods pricing lookup""}",,complex,t,,1,,,,,,,,,,,,,,,,documented_approximation,brahma_remedy_corpus/ketu_matrix_gemstone,G27 remedy ketu_matrix_gemstone for Ketu,2026-08-21 02:31:40.29037+00
59c27bf1-558a-4914-ab88-417642e2b02f,482012f1-710e-4a25-994a-93821f5871aa,true_chitra,5b1ec47a-84ca-4b08-9251-996c06835b86,static_natal,Ketu,b689295f-e782-4725-95cf-e079513d4630,parashari,,charity,ketu_matrix_charity_blanket,Donate blanket to the needy / a temple / a Brahmin on Saturday/Tuesday (for Ketu propitiation). Consistent donation on the planet's day pacifies its afflictions.,"{""deity"": null, ""gemstone"": null, ""mantra_text"": null, ""charity_action"": null, ""preamble_stripped"": false, ""prescription_text"": ""Donate blanket to the needy / a temple / a Brahmin on Saturday/Tuesday (for Ketu propitiation). Consistent donation on the planet's day pacifies its afflictions."", ""maraka_contraindication_verdict"": null}",0.85,"{""citation"": ""BPHS Ch.91-94 (Upaya-adhyaya)"", ""source_id"": ""BPHS""}",,,,,0.908918,v1.0,,,,0.75,"{""reason"": ""INR market pricing requires an external, time-varying market-price source not present in the classical-text corpus this system computes from — B.10 forbids inventing a figure. See cost_tier for the qualitative (free/low/medium/high) classification, which IS corpus-derived."", ""available"": false, ""cost_tier"": ""low"", ""external_computation_required"": ""market gemstone/ritual-goods pricing lookup""}",,moderate,f,,1,,,,,,,,,,,,,,,,documented_approximation,brahma_remedy_corpus/ketu_matrix_charity_blanket,G27 remedy ketu_matrix_charity_blanket for Ketu,2026-08-21 02:31:40.29037+00
84b201e8-4857-456b-9dfe-4414de4fb4a1,482012f1-710e-4a25-994a-93821f5871aa,true_chitra,5b1ec47a-84ca-4b08-9251-996c06835b86,static_natal,Rahu,da9114cf-dfeb-45ed-b385-9807c7ad588a,parashari,,mantra,rahu_matrix_mantra,"Recite the Rahu beej mantra 'Om Bhraam Bhreem Bhraum Sah Rahave Namah' 108 times daily on Saturday, facing east. Complete mahadasha-count japa over the dasha period.","{""deity"": null, ""gemstone"": null, ""mantra_text"": null, ""charity_action"": null, ""preamble_stripped"": false, ""prescription_text"": ""Recite the Rahu beej mantra 'Om Bhraam Bhreem Bhraum Sah Rahave Namah' 108 times daily on Saturday, facing east. Complete mahadasha-count japa over the dasha period."", ""maraka_contraindication_verdict"": null}",0.90,"{""citation"": ""BPHS Ch.91-94 (Upaya-adhyaya)"", ""source_id"": ""BPHS""}",,,,,1.010502,v1.0,,,,0.9,"{""reason"": ""INR market pricing requires an external, time-varying market-price source not present in the classical-text corpus this system computes from — B.10 forbids inventing a figure. See cost_tier for the qualitative (free/low/medium/high) classification, which IS corpus-derived."", ""available"": false, ""cost_tier"": ""free"", ""external_computation_required"": ""market gemstone/ritual-goods pricing lookup""}",,simple,f,,1,,,,,,,,,,,,,,,,documented_approximation,brahma_remedy_corpus/rahu_matrix_mantra,G27 remedy rahu_matrix_mantra for Rahu,2026-08-21 02:31:40.29037+00
f20019bb-fcf2-4fdd-ada4-3457339f2aaf,482012f1-710e-4a25-994a-93821f5871aa,true_chitra,5b1ec47a-84ca-4b08-9251-996c06835b86,static_natal,Rahu,da9114cf-dfeb-45ed-b385-9807c7ad588a,parashari,,charity,rahu_matrix_charity_urad_dal,Donate urad dal to the needy / a temple / a Brahmin on Saturday (for Rahu propitiation). Consistent donation on the planet's day pacifies its afflictions.,"{""deity"": null, ""gemstone"": null, ""mantra_text"": null, ""charity_action"": null, ""preamble_stripped"": false, ""prescription_text"": ""Donate urad dal to the needy / a temple / a Brahmin on Saturday (for Rahu propitiation). Consistent donation on the planet's day pacifies its afflictions."", ""maraka_contraindication_verdict"": null}",0.85,"{""citation"": ""BPHS Ch.91-94 (Upaya-adhyaya)"", ""source_id"": ""BPHS""}",,,,,0.908918,v1.0,,,,0.75,"{""reason"": ""INR market pricing requires an external, time-varying market-price source not present in the classical-text corpus this system computes from — B.10 forbids inventing a figure. See cost_tier for the qualitative (free/low/medium/high) classification, which IS corpus-derived."", ""available"": false, ""cost_tier"": ""low"", ""external_computation_required"": ""market gemstone/ritual-goods pricing lookup""}",,moderate,f,,1,,,,,,,,,,,,,,,,documented_approximation,brahma_remedy_corpus/rahu_matrix_charity_urad_dal,G27 remedy rahu_matrix_charity_urad_dal for Rahu,2026-08-21 02:31:40.29037+00
0e525ce4-119b-4736-8332-aef3f306a4ea,482012f1-710e-4a25-994a-93821f5871aa,true_chitra,5b1ec47a-84ca-4b08-9251-996c06835b86,static_natal,Rahu,da9114cf-dfeb-45ed-b385-9807c7ad588a,parashari,,gemstone,rahu_matrix_gemstone,"Wear a tested Hessonite (Gomed) in lead/silver on the prescribed finger, on Saturday, during Shukla Paksha. ONLY if Rahu is a functional benefic in the chart (test for 3 days first before committing).","{""deity"": null, ""gemstone"": null, ""mantra_text"": null, ""charity_action"": null, ""preamble_stripped"": false, ""prescription_text"": ""Wear a tested Hessonite (Gomed) in lead/silver on the prescribed finger, on Saturday, during Shukla Paksha. ONLY if Rahu is a functional benefic in the chart (test for 3 days first before committing)."", ""maraka_contraindication_verdict"": {""reason"": ""Rahu is neither the 2nd-house lord (Venus) nor the 7th-house lord (Venus) from lagna in this chart — no maraka-lordship contraindication under the v1 rule."", ""verdict"": ""no_contraindication_found"", ""citation"": ""BPHS Ch.44 \""Maraka (Killer) Planets\"" (2-5, 3): \""the 2nd and 7th are Maraka houses... The lords of the 2nd and the 7th ... are known as Marakas.\"" Trans. R. Santhanam, Ranjan Publications. Corroborated by BPHS Ch.47 (Venus sub-periods): \""If Venus be lord of the 2nd or the 7th (two maraka houses) there will be during his Dasa, physical pains and troubles.\"""", ""rule_scope"": ""v1: 2nd/7th house lordship only (occupancy + Rahu/Ketu extensions not yet implemented — see BETA_G.md follow-up)"", ""second_lord"": ""Venus"", ""seventh_lord"": ""Venus"", ""is_maraka_lord"": false, ""source_fact_id"": ""4df79a60cd6cc884""}}",0.85,"{""citation"": ""classical ratna-shastra; Phaladeepika"", ""source_id"": ""BPHS""}",,,,,0.908918,v1.0,"{""Gemstones strengthen the planet — wear ONLY if the planet is a functional benefic for the chart; otherwise they amplify malefic results.""}",,,0.45,"{""reason"": ""INR market pricing requires an external, time-varying market-price source not present in the classical-text corpus this system computes from — B.10 forbids inventing a figure. See cost_tier for the qualitative (free/low/medium/high) classification, which IS corpus-derived."", ""available"": false, ""cost_tier"": ""high"", ""external_computation_required"": ""market gemstone/ritual-goods pricing lookup""}",,complex,t,,1,,,,,,,,,,,,,,,,documented_approximation,brahma_remedy_corpus/rahu_matrix_gemstone,G27 remedy rahu_matrix_gemstone for Rahu,2026-08-21 02:31:40.29037+00
01830cab-141c-48b6-ba49-8256419a7360,482012f1-710e-4a25-994a-93821f5871aa,true_chitra,5b1ec47a-84ca-4b08-9251-996c06835b86,static_natal,Moon,8357414d-53ad-454f-95b4-213f4fe5e087,parashari,,mantra,moon_matrix_mantra,"Recite the Moon beej mantra 'Om Shraam Shreem Shraum Sah Chandraya Namah' 108 times daily on Monday, facing east. Complete mahadasha-count japa over the dasha period.","{""deity"": null, ""gemstone"": null, ""mantra_text"": null, ""charity_action"": null, ""preamble_stripped"": false, ""prescription_text"": ""Recite the Moon beej mantra 'Om Shraam Shreem Shraum Sah Chandraya Namah' 108 times daily on Monday, facing east. Complete mahadasha-count japa over the dasha period."", ""maraka_contraindication_verdict"": null}",0.90,"{""citation"": ""BPHS Ch.91-94 (Upaya-adhyaya)"", ""source_id"": ""BPHS""}",,,,,1.010502,v1.0,,,,0.9,"{""reason"": ""INR market pricing requires an external, time-varying market-price source not present in the classical-text corpus this system computes from — B.10 forbids inventing a figure. See cost_tier for the qualitative (free/low/medium/high) classification, which IS corpus-derived."", ""available"": false, ""cost_tier"": ""free"", ""external_computation_required"": ""market gemstone/ritual-goods pricing lookup""}",,simple,f,,1,,,,,,,,,,,,,,,,documented_approximation,brahma_remedy_corpus/moon_matrix_mantra,G27 remedy moon_matrix_mantra for Moon,2026-08-21 02:31:40.29037+00
91016e61-5675-48b3-a52b-7612cf35b864,482012f1-710e-4a25-994a-93821f5871aa,true_chitra,5b1ec47a-84ca-4b08-9251-996c06835b86,static_natal,Moon,8357414d-53ad-454f-95b4-213f4fe5e087,parashari,,charity,dana_moon_silver_milk_monday,"Monday dana for Moon propitiation (BPHS Ch.93): donate silver (even a small coin), white rice, milk, and curd to a Brahmin woman or temple on Mondays during Purnima (full moon). The Moon-silver-white ","{""deity"": null, ""gemstone"": null, ""mantra_text"": null, ""charity_action"": null, ""preamble_stripped"": false, ""prescription_text"": ""Monday dana for Moon propitiation (BPHS Ch.93): donate silver (even a small coin), white rice, milk, and curd to a Brahmin woman or temple on Mondays during Purnima (full moon). The Moon-silver-white connection is the canonical triad in BPHS Ch.93."", ""maraka_contraindication_verdict"": null}",0.88,"{""citation"": ""BPHS Ch.93 (Chandra dana)"", ""source_id"": ""BPHS""}",,,,,0.940997,v1.0,,,,0.75,"{""reason"": ""INR market pricing requires an external, time-varying market-price source not present in the classical-text corpus this system computes from — B.10 forbids inventing a figure. See cost_tier for the qualitative (free/low/medium/high) classification, which IS corpus-derived."", ""available"": false, ""cost_tier"": ""low"", ""external_computation_required"": ""market gemstone/ritual-goods pricing lookup""}",,moderate,f,,1,,,,,,,,,,,,,,,,documented_approximation,brahma_remedy_corpus/dana_moon_silver_milk_monday,G27 remedy dana_moon_silver_milk_monday for Moon,2026-08-21 02:31:40.29037+00
81ebe708-10c1-4b4a-aede-9c1378d7d0f5,482012f1-710e-4a25-994a-93821f5871aa,true_chitra,5b1ec47a-84ca-4b08-9251-996c06835b86,static_natal,Moon,8357414d-53ad-454f-95b4-213f4fe5e087,parashari,,charity,moon_matrix_charity_rice,Donate rice to the needy / a temple / a Brahmin on Monday (for Moon propitiation). Consistent donation on the planet's day pacifies its afflictions.,"{""deity"": null, ""gemstone"": null, ""mantra_text"": null, ""charity_action"": null, ""preamble_stripped"": false, ""prescription_text"": ""Donate rice to the needy / a temple / a Brahmin on Monday (for Moon propitiation). Consistent donation on the planet's day pacifies its afflictions."", ""maraka_contraindication_verdict"": null}",0.85,"{""citation"": ""BPHS Ch.91-94 (Upaya-adhyaya)"", ""source_id"": ""BPHS""}",,,,,0.908918,v1.0,,,,0.75,"{""reason"": ""INR market pricing requires an external, time-varying market-price source not present in the classical-text corpus this system computes from — B.10 forbids inventing a figure. See cost_tier for the qualitative (free/low/medium/high) classification, which IS corpus-derived."", ""available"": false, ""cost_tier"": ""low"", ""external_computation_required"": ""market gemstone/ritual-goods pricing lookup""}",,moderate,f,,1,,,,,,,,,,,,,,,,documented_approximation,brahma_remedy_corpus/moon_matrix_charity_rice,G27 remedy moon_matrix_charity_rice for Moon,2026-08-21 02:31:40.29037+00
2fc4ec09-9fa0-4698-8a6b-5336a2d86190,482012f1-710e-4a25-994a-93821f5871aa,true_chitra,5b1ec47a-84ca-4b08-9251-996c06835b86,static_natal,Jupiter,e567460d-8ee3-4873-b961-364de6073aa0,parashari,,mantra,jupiter_matrix_mantra,"Recite the Jupiter beej mantra 'Om Graam Greem Graum Sah Gurave Namah' 108 times daily on Thursday, facing east. Complete mahadasha-count japa over the dasha period.","{""deity"": null, ""gemstone"": null, ""mantra_text"": null, ""charity_action"": null, ""preamble_stripped"": false, ""prescription_text"": ""Recite the Jupiter beej mantra 'Om Graam Greem Graum Sah Gurave Namah' 108 times daily on Thursday, facing east. Complete mahadasha-count japa over the dasha period."", ""maraka_contraindication_verdict"": null}",0.90,"{""citation"": ""BPHS Ch.91-94 (Upaya-adhyaya)"", ""source_id"": ""BPHS""}",,,,,1.010502,v1.0,,,,0.9,"{""reason"": ""INR market pricing requires an external, time-varying market-price source not present in the classical-text corpus this system computes from — B.10 forbids inventing a figure. See cost_tier for the qualitative (free/low/medium/high) classification, which IS corpus-derived."", ""available"": false, ""cost_tier"": ""free"", ""external_computation_required"": ""market gemstone/ritual-goods pricing lookup""}",,simple,f,,1,,,,,,,,,,,,,,,,documented_approximation,brahma_remedy_corpus/jupiter_matrix_mantra,G27 remedy jupiter_matrix_mantra for Jupiter,2026-08-21 02:31:40.29037+00
254ff33e-4c7c-4402-a5a3-c205ab7a8d1d,482012f1-710e-4a25-994a-93821f5871aa,true_chitra,5b1ec47a-84ca-4b08-9251-996c06835b86,static_natal,Jupiter,e567460d-8ee3-4873-b961-364de6073aa0,parashari,,mantra,jupiter_wealth_mantra_01,"Chant Guru Ashtottara Shatanamavali 108 times on Thursdays. Jupiter (Guru) blesses with wisdom, wealth, and progeny when propitiated.","{""deity"": null, ""gemstone"": null, ""mantra_text"": null, ""charity_action"": null, ""preamble_stripped"": false, ""prescription_text"": ""Chant Guru Ashtottara Shatanamavali 108 times on Thursdays. Jupiter (Guru) blesses with wisdom, wealth, and progeny when propitiated."", ""maraka_contraindication_verdict"": null}",0.90,"{""citation"": ""BPHS Ch.88"", ""source_id"": ""BPHS""}",,,,,1.010502,v1.0,,,,0.9,"{""reason"": ""INR market pricing requires an external, time-varying market-price source not present in the classical-text corpus this system computes from — B.10 forbids inventing a figure. See cost_tier for the qualitative (free/low/medium/high) classification, which IS corpus-derived."", ""available"": false, ""cost_tier"": null, ""external_computation_required"": ""market gemstone/ritual-goods pricing lookup""}",,simple,f,,1,,,,,,,,,,,,,,,,documented_approximation,brahma_remedy_corpus/jupiter_wealth_mantra_01,G27 remedy jupiter_wealth_mantra_01 for Jupiter,2026-08-21 02:31:40.29037+00
28ee34c1-9553-440b-a13e-69baff6026fd,482012f1-710e-4a25-994a-93821f5871aa,true_chitra,5b1ec47a-84ca-4b08-9251-996c06835b86,static_natal,Jupiter,e567460d-8ee3-4873-b961-364de6073aa0,parashari,,japa,stotra_vishnu_sahasranama_jupiter_afflicted,"Recite Vishnu Sahasranama (Mahabharata, Anushasana Parva 149) once daily on Thursdays. Jupiter is the karaka of dharma and wisdom — Vishnu Sahasranama is the classical prescription for Guru-related ob","{""deity"": null, ""gemstone"": null, ""mantra_text"": null, ""charity_action"": null, ""preamble_stripped"": true, ""prescription_text"": ""For afflicted Jupiter (debilitated in Capricorn, Guru Chandal dosha, retrograde in dasha): recite Vishnu Sahasranama (Mahabharata, Anushasana Parva 149) once daily on Thursdays. Jupiter is the karaka of dharma and wisdom — Vishnu Sahasranama is the classical prescription for Guru-related obstacles per Phaladeepika's remedial section."", ""maraka_contraindication_verdict"": null}",0.88,"{""citation"": ""Phaladeepika remedial section; Mahabharata Anushasana Parva 149"", ""source_id"": ""Phaladeepika""}",,,,,0.940997,v1.0,,,,0.9,"{""reason"": ""INR market pricing requires an external, time-varying market-price source not present in the classical-text corpus this system computes from — B.10 forbids inventing a figure. See cost_tier for the qualitative (free/low/medium/high) classification, which IS corpus-derived."", ""available"": false, ""cost_tier"": ""free"", ""external_computation_required"": ""market gemstone/ritual-goods pricing lookup""}",,simple,f,,1,,,,,,,,,,,,,,,,documented_approximation,brahma_remedy_corpus/stotra_vishnu_sahasranama_jupiter_afflicted,G27 remedy stotra_vishnu_sahasranama_jupiter_afflicted for Jupiter,2026-08-21 02:31:40.29037+00
799d4ab8-78fc-40d3-a60f-933e99b33df5,482012f1-710e-4a25-994a-93821f5871aa,true_chitra,5b1ec47a-84ca-4b08-9251-996c06835b86,static_natal,Sun,fefb7d28-f589-45b7-88fb-bb9aff682707,parashari,,mantra,sun_matrix_mantra,"Recite the Sun beej mantra 'Om Hraam Hreem Hraum Sah Suryaya Namah' 108 times daily on Sunday, facing east. Complete mahadasha-count japa over the dasha period.","{""deity"": null, ""gemstone"": null, ""mantra_text"": null, ""charity_action"": null, ""preamble_stripped"": false, ""prescription_text"": ""Recite the Sun beej mantra 'Om Hraam Hreem Hraum Sah Suryaya Namah' 108 times daily on Sunday, facing east. Complete mahadasha-count japa over the dasha period."", ""maraka_contraindication_verdict"": null}",0.90,"{""citation"": ""BPHS Ch.91-94 (Upaya-adhyaya)"", ""source_id"": ""BPHS""}",,,,,1.010502,v1.0,,,,0.9,"{""reason"": ""INR market pricing requires an external, time-varying market-price source not present in the classical-text corpus this system computes from — B.10 forbids inventing a figure. See cost_tier for the qualitative (free/low/medium/high) classification, which IS corpus-derived."", ""available"": false, ""cost_tier"": ""free"", ""external_computation_required"": ""market gemstone/ritual-goods pricing lookup""}",,simple,f,,1,,,,,,,,,,,,,,,,documented_approximation,brahma_remedy_corpus/sun_matrix_mantra,G27 remedy sun_matrix_mantra for Sun,2026-08-21 02:31:40.29037+00
39fa6339-1f4f-4bf4-8d81-1fa09c26520d,482012f1-710e-4a25-994a-93821f5871aa,true_chitra,5b1ec47a-84ca-4b08-9251-996c06835b86,static_natal,Sun,fefb7d28-f589-45b7-88fb-bb9aff682707,parashari,,mantra,sun_career_mantra_01,"Chant the Aditya Hridayam daily at sunrise, facing east, 108 times. This strengthens the Sun and brings favor from authority figures and government.","{""deity"": null, ""gemstone"": null, ""mantra_text"": null, ""charity_action"": null, ""preamble_stripped"": false, ""prescription_text"": ""Chant the Aditya Hridayam daily at sunrise, facing east, 108 times. This strengthens the Sun and brings favor from authority figures and government."", ""maraka_contraindication_verdict"": null}",0.90,"{""citation"": ""BPHS Ch.88"", ""source_id"": ""BPHS""}",,,,,1.010502,v1.0,,,,0.9,"{""reason"": ""INR market pricing requires an external, time-varying market-price source not present in the classical-text corpus this system computes from — B.10 forbids inventing a figure. See cost_tier for the qualitative (free/low/medium/high) classification, which IS corpus-derived."", ""available"": false, ""cost_tier"": null, ""external_computation_required"": ""market gemstone/ritual-goods pricing lookup""}",,simple,f,,1,,,,,,,,,,,,,,,,documented_approximation,brahma_remedy_corpus/sun_career_mantra_01,G27 remedy sun_career_mantra_01 for Sun,2026-08-21 02:31:40.29037+00
3db6e4b4-4f3b-4504-8a77-f04aa2170526,482012f1-710e-4a25-994a-93821f5871aa,true_chitra,5b1ec47a-84ca-4b08-9251-996c06835b86,static_natal,Sun,fefb7d28-f589-45b7-88fb-bb9aff682707,parashari,,japa,stotra_aditya_hridayam_afflicted_sun,"Recite Aditya Hridayam (from Valmiki Ramayana, Yuddha Kanda Ch.107) in full at sunrise facing east, daily during Sun dasha/antardasha. Agastya prescribed this to Rama before battle — it is the classic","{""deity"": null, ""gemstone"": null, ""mantra_text"": null, ""charity_action"": null, ""preamble_stripped"": true, ""prescription_text"": ""For afflicted Sun (combust, debilitated in Libra, or in 6/8/12): recite Aditya Hridayam (from Valmiki Ramayana, Yuddha Kanda Ch.107) in full at sunrise facing east, daily during Sun dasha/antardasha. Agastya prescribed this to Rama before battle — it is the classical solar invocation for strength and authority."", ""maraka_contraindication_verdict"": null}",0.90,"{""citation"": ""Valmiki Ramayana, Yuddha Kanda 107; BPHS Ch.88 (Surya upaya)"", ""source_id"": ""BPHS""}",,,,,0.962383,v1.0,,,,0.9,"{""reason"": ""INR market pricing requires an external, time-varying market-price source not present in the classical-text corpus this system computes from — B.10 forbids inventing a figure. See cost_tier for the qualitative (free/low/medium/high) classification, which IS corpus-derived."", ""available"": false, ""cost_tier"": ""free"", ""external_computation_required"": ""market gemstone/ritual-goods pricing lookup""}",,simple,f,,1,,,,,,,,,,,,,,,,documented_approximation,brahma_remedy_corpus/stotra_aditya_hridayam_afflicted_sun,G27 remedy stotra_aditya_hridayam_afflicted_sun for Sun,2026-08-21 02:31:40.29037+00
7dc59893-9ff0-464f-9ba6-6a58bcf40abc,482012f1-710e-4a25-994a-93821f5871aa,true_chitra,5b1ec47a-84ca-4b08-9251-996c06835b86,static_natal,Saturn,67192961-ad2a-4820-8909-4d7d7413099e,parashari,,japa,stotra_mahamrityunjaya_saturn_affliction,"Perform Mahamrityunjaya japa to the prescribed count — 1,25,000 (1.25 lakh) for a full shanti, or 108 daily as ongoing maintenance. The mantra is from Rigveda 7.59.12 (Tryambaka sukta) and is the clas","{""deity"": null, ""gemstone"": null, ""mantra_text"": null, ""charity_action"": null, ""preamble_stripped"": true, ""prescription_text"": ""For Saturn-ruled chronic disease (bones, joints, nervous system; Saturn in 6H/8H or Sade Sati with health impact): perform Mahamrityunjaya japa to the prescribed count — 1,25,000 (1.25 lakh) for a full shanti, or 108 daily as ongoing maintenance. The mantra is from Rigveda 7.59.12 (Tryambaka sukta) and is the classical prescription for Mrityu-related (Saturn/8H) afflictions."", ""maraka_contraindication_verdict"": null}",0.92,"{""citation"": ""Rigveda 7.59.12; BPHS Ch.88 (Shani health upaya)"", ""source_id"": ""BPHS""}",,,,,0.98377,v1.0,,,,0.9,"{""reason"": ""INR market pricing requires an external, time-varying market-price source not present in the classical-text corpus this system computes from — B.10 forbids inventing a figure. See cost_tier for the qualitative (free/low/medium/high) classification, which IS corpus-derived."", ""available"": false, ""cost_tier"": ""free"", ""external_computation_required"": ""market gemstone/ritual-goods pricing lookup""}",,simple,f,,1,,,,,,,,,,,,,,,,documented_approximation,brahma_remedy_corpus/stotra_mahamrityunjaya_saturn_affliction,G27 remedy stotra_mahamrityunjaya_saturn_affliction for Saturn,2026-08-21 02:31:40.29037+00
8086da6b-68f2-45f8-88a3-3da1e9f27d16,482012f1-710e-4a25-994a-93821f5871aa,true_chitra,5b1ec47a-84ca-4b08-9251-996c06835b86,static_natal,Saturn,67192961-ad2a-4820-8909-4d7d7413099e,parashari,,mantra,sat_career_mantra_01,"Chant the Shani Ashtottara Shatanamavali (108 names of Saturn) or the Shani Chalisa daily, especially on Saturdays. Saturn rules karma, discipline, and professional perseverance.","{""deity"": null, ""gemstone"": null, ""mantra_text"": null, ""charity_action"": null, ""preamble_stripped"": false, ""prescription_text"": ""Chant the Shani Ashtottara Shatanamavali (108 names of Saturn) or the Shani Chalisa daily, especially on Saturdays. Saturn rules karma, discipline, and professional perseverance."", ""maraka_contraindication_verdict"": null}",0.90,"{""citation"": ""BPHS Ch.88"", ""source_id"": ""BPHS""}",,,,,1.010502,v1.0,,,,0.9,"{""reason"": ""INR market pricing requires an external, time-varying market-price source not present in the classical-text corpus this system computes from — B.10 forbids inventing a figure. See cost_tier for the qualitative (free/low/medium/high) classification, which IS corpus-derived."", ""available"": false, ""cost_tier"": null, ""external_computation_required"": ""market gemstone/ritual-goods pricing lookup""}",,simple,f,,1,,,,,,,,,,,,,,,,documented_approximation,brahma_remedy_corpus/sat_career_mantra_01,G27 remedy sat_career_mantra_01 for Saturn,2026-08-21 02:31:40.29037+00
4bd00223-49c9-45b2-905c-7187d7363e7c,482012f1-710e-4a25-994a-93821f5871aa,true_chitra,5b1ec47a-84ca-4b08-9251-996c06835b86,static_natal,Saturn,67192961-ad2a-4820-8909-4d7d7413099e,parashari,,mantra,saturn_matrix_mantra,"Recite the Saturn beej mantra 'Om Praam Preem Praum Sah Shanaye Namah' 108 times daily on Saturday, facing east. Complete mahadasha-count japa over the dasha period.","{""deity"": null, ""gemstone"": null, ""mantra_text"": null, ""charity_action"": null, ""preamble_stripped"": false, ""prescription_text"": ""Recite the Saturn beej mantra 'Om Praam Preem Praum Sah Shanaye Namah' 108 times daily on Saturday, facing east. Complete mahadasha-count japa over the dasha period."", ""maraka_contraindication_verdict"": null}",0.90,"{""citation"": ""BPHS Ch.91-94 (Upaya-adhyaya)"", ""source_id"": ""BPHS""}",,,,,1.010502,v1.0,,,,0.9,"{""reason"": ""INR market pricing requires an external, time-varying market-price source not present in the classical-text corpus this system computes from — B.10 forbids inventing a figure. See cost_tier for the qualitative (free/low/medium/high) classification, which IS corpus-derived."", ""available"": false, ""cost_tier"": ""free"", ""external_computation_required"": ""market gemstone/ritual-goods pricing lookup""}",,simple,f,,1,,,,,,,,,,,,,,,,documented_approximation,brahma_remedy_corpus/saturn_matrix_mantra,G27 remedy saturn_matrix_mantra for Saturn,2026-08-21 02:31:40.29037+00
0a56aa15-2a89-4216-a2e1-97ff9c2c313d,482012f1-710e-4a25-994a-93821f5871aa,true_chitra,5b1ec47a-84ca-4b08-9251-996c06835b86,static_natal,Mercury,3e81ea54-9ee4-4168-89f1-edab0b72deb8,parashari,,mantra,mercury_matrix_mantra,"Recite the Mercury beej mantra 'Om Braam Breem Braum Sah Budhaya Namah' 108 times daily on Wednesday, facing east. Complete mahadasha-count japa over the dasha period.","{""deity"": null, ""gemstone"": null, ""mantra_text"": null, ""charity_action"": null, ""preamble_stripped"": false, ""prescription_text"": ""Recite the Mercury beej mantra 'Om Braam Breem Braum Sah Budhaya Namah' 108 times daily on Wednesday, facing east. Complete mahadasha-count japa over the dasha period."", ""maraka_contraindication_verdict"": null}",0.90,"{""citation"": ""BPHS Ch.91-94 (Upaya-adhyaya)"", ""source_id"": ""BPHS""}",,,,,1.010502,v1.0,,,,0.9,"{""reason"": ""INR market pricing requires an external, time-varying market-price source not present in the classical-text corpus this system computes from — B.10 forbids inventing a figure. See cost_tier for the qualitative (free/low/medium/high) classification, which IS corpus-derived."", ""available"": false, ""cost_tier"": ""free"", ""external_computation_required"": ""market gemstone/ritual-goods pricing lookup""}",,simple,f,,1,,,,,,,,,,,,,,,,documented_approximation,brahma_remedy_corpus/mercury_matrix_mantra,G27 remedy mercury_matrix_mantra for Mercury,2026-08-21 02:31:40.29037+00
09c19ea2-2594-4cc4-962d-6ce6faed7843,482012f1-710e-4a25-994a-93821f5871aa,true_chitra,5b1ec47a-84ca-4b08-9251-996c06835b86,static_natal,Mercury,3e81ea54-9ee4-4168-89f1-edab0b72deb8,parashari,,charity,dana_mercury_books_green_wednesday,"Wednesday dana for Mercury (BPHS Ch.93): donate green cloth, green moong dal, books, and writing materials on Wednesdays. Donating to schools, libraries, or sponsoring a student's education is the Mer","{""deity"": null, ""gemstone"": null, ""mantra_text"": null, ""charity_action"": null, ""preamble_stripped"": false, ""prescription_text"": ""Wednesday dana for Mercury (BPHS Ch.93): donate green cloth, green moong dal, books, and writing materials on Wednesdays. Donating to schools, libraries, or sponsoring a student's education is the Mercury dana in contemporary form. The BPHS Ch.93 prescribes green gram (moong) and bronze as the Mercury pair."", ""maraka_contraindication_verdict"": null}",0.87,"{""citation"": ""BPHS Ch.93 (Budha dana)"", ""source_id"": ""BPHS""}",,,,,0.930304,v1.0,,,,0.75,"{""reason"": ""INR market pricing requires an external, time-varying market-price source not present in the classical-text corpus this system computes from — B.10 forbids inventing a figure. See cost_tier for the qualitative (free/low/medium/high) classification, which IS corpus-derived."", ""available"": false, ""cost_tier"": ""low"", ""external_computation_required"": ""market gemstone/ritual-goods pricing lookup""}",,moderate,f,,1,,,,,,,,,,,,,,,,documented_approximation,brahma_remedy_corpus/dana_mercury_books_green_wednesday,G27 remedy dana_mercury_books_green_wednesday for Mercury,2026-08-21 02:31:40.29037+00
