fact_id,chart_id,ayanamsha_id,build_id,fact_category,fact_subject,fact_key,fact_value_text,fact_value_num,fact_value_jsonb,unit,citation_ref,citation_human,source_calculation,verification_pass_status,engine_version,salience_formula_ver,computed_at,tolerance_arcsec,near_sign_boundary_flag,near_nakshatra_boundary_flag,vargottama_flag_at_point,formula_provenance_text,cross_ayanamsha_divergence_arcsec,formula_id
2dc9b5f06fdecd67,482012f1-710e-4a25-994a-93821f5871aa,INVARIANT,6479bb56-e0b1-4294-9bb2-d2fb1c987bb6,panchanga_tithi,TITHI_BIRTH,name,Shukla Tritiya,,,,panchanga_tithi.TITHI_BIRTH.name@chart=482012f1-710e-4a25-994a-93821f5871aa:ay=INVARIANT:eng=panchanga_engine/2.0.0-P2,Tithi at birth: Shukla Tritiya.,panchanga_engine/2.0.0-P2,single,2.0.0-P2,,2026-08-08 00:20:28.078056+00,,f,f,f,,0,
5c0bf7fbf661ff1a,482012f1-710e-4a25-994a-93821f5871aa,INVARIANT,6479bb56-e0b1-4294-9bb2-d2fb1c987bb6,panchanga_tithi,TITHI_BIRTH,number_in_lunar_month,,3,,,panchanga_tithi.TITHI_BIRTH.number_in_lunar_month@chart=482012f1-710e-4a25-994a-93821f5871aa:ay=INVARIANT:eng=panchanga_engine/2.0.0-P2,Tithi number: 3 (of 30).,panchanga_engine/2.0.0-P2,single,2.0.0-P2,,2026-08-08 00:20:28.078056+00,,f,f,f,,0,
131a44eb4e8fb628,482012f1-710e-4a25-994a-93821f5871aa,INVARIANT,6479bb56-e0b1-4294-9bb2-d2fb1c987bb6,panchanga_tithi,TITHI_BIRTH,paksha,Shukla,,,,panchanga_tithi.TITHI_BIRTH.paksha@chart=482012f1-710e-4a25-994a-93821f5871aa:ay=INVARIANT:eng=panchanga_engine/2.0.0-P2,Paksha: Shukla.,panchanga_engine/2.0.0-P2,single,2.0.0-P2,,2026-08-08 00:20:28.078056+00,,f,f,f,,0,
77da7de090802a92,482012f1-710e-4a25-994a-93821f5871aa,INVARIANT,6479bb56-e0b1-4294-9bb2-d2fb1c987bb6,panchanga_tithi,TITHI_BIRTH,type,Jaya,,,,panchanga_tithi.TITHI_BIRTH.type@chart=482012f1-710e-4a25-994a-93821f5871aa:ay=INVARIANT:eng=panchanga_engine/2.0.0-P2,Tithi type: Jaya.,panchanga_engine/2.0.0-P2,single,2.0.0-P2,,2026-08-08 00:20:28.078056+00,,f,f,f,,0,
138af32bbce9abb0,482012f1-710e-4a25-994a-93821f5871aa,INVARIANT,6479bb56-e0b1-4294-9bb2-d2fb1c987bb6,panchanga_tithi,TITHI_BIRTH,lord,Mars,,,,panchanga_tithi.TITHI_BIRTH.lord@chart=482012f1-710e-4a25-994a-93821f5871aa:ay=INVARIANT:eng=panchanga_engine/2.0.0-P2,Tithi lord: Mars.,panchanga_engine/2.0.0-P2,single,2.0.0-P2,,2026-08-08 00:20:28.078056+00,,f,f,f,,0,
06a1c5e1278fcc4c,482012f1-710e-4a25-994a-93821f5871aa,INVARIANT,6479bb56-e0b1-4294-9bb2-d2fb1c987bb6,panchanga_tithi,TITHI_BIRTH,arambha_iso,1984-02-05T07:12:47+00:00,,,,panchanga_tithi.TITHI_BIRTH.arambha_iso@chart=482012f1-710e-4a25-994a-93821f5871aa:ay=INVARIANT:eng=panchanga_engine/2.0.0-P2,Tithi ends: 1984-02-05T07:12:47+00:00.,panchanga_engine/2.0.0-P2,single,2.0.0-P2,,2026-08-08 00:20:28.078056+00,,f,f,f,,0,
1beb195553201ac1,482012f1-710e-4a25-994a-93821f5871aa,INVARIANT,6479bb56-e0b1-4294-9bb2-d2fb1c987bb6,panchanga_tithi,TITHI_BIRTH,inauspicious_flag,false,,,,panchanga_tithi.TITHI_BIRTH.inauspicious_flag@chart=482012f1-710e-4a25-994a-93821f5871aa:ay=INVARIANT:eng=panchanga_engine/2.0.0-P2,Tithi inauspicious: False.,panchanga_engine/2.0.0-P2,single,2.0.0-P2,,2026-08-08 00:20:28.078056+00,,f,f,f,,0,
26fb088d4da58f77,482012f1-710e-4a25-994a-93821f5871aa,INVARIANT,6479bb56-e0b1-4294-9bb2-d2fb1c987bb6,panchanga_vara,VARA_BIRTH,name,Ravivara,,,,panchanga_vara.VARA_BIRTH.name@chart=482012f1-710e-4a25-994a-93821f5871aa:ay=INVARIANT:eng=panchanga_engine/2.0.0-P2,Vara at birth: Ravivara.,panchanga_engine/2.0.0-P2,single,2.0.0-P2,,2026-08-08 00:20:28.078056+00,,f,f,f,,0,
a9a2ce7e555aac12,482012f1-710e-4a25-994a-93821f5871aa,INVARIANT,6479bb56-e0b1-4294-9bb2-d2fb1c987bb6,panchanga_vara,VARA_BIRTH,number,,1,,,panchanga_vara.VARA_BIRTH.number@chart=482012f1-710e-4a25-994a-93821f5871aa:ay=INVARIANT:eng=panchanga_engine/2.0.0-P2,Vara number: 1 (1=Sun..7=Sat).,panchanga_engine/2.0.0-P2,single,2.0.0-P2,,2026-08-08 00:20:28.078056+00,,f,f,f,,0,
2dc02ff11aa38781,482012f1-710e-4a25-994a-93821f5871aa,INVARIANT,6479bb56-e0b1-4294-9bb2-d2fb1c987bb6,panchanga_vara,VARA_BIRTH,lord,Sun,,,,panchanga_vara.VARA_BIRTH.lord@chart=482012f1-710e-4a25-994a-93821f5871aa:ay=INVARIANT:eng=panchanga_engine/2.0.0-P2,Vara lord: Sun.,panchanga_engine/2.0.0-P2,single,2.0.0-P2,,2026-08-08 00:20:28.078056+00,,f,f,f,,0,
d389110989d2bab0,482012f1-710e-4a25-994a-93821f5871aa,INVARIANT,6479bb56-e0b1-4294-9bb2-d2fb1c987bb6,panchanga_vara,VARA_BIRTH,lord_element,Agni,,,,panchanga_vara.VARA_BIRTH.lord_element@chart=482012f1-710e-4a25-994a-93821f5871aa:ay=INVARIANT:eng=panchanga_engine/2.0.0-P2,Vara lord element: Agni.,panchanga_engine/2.0.0-P2,single,2.0.0-P2,,2026-08-08 00:20:28.078056+00,,f,f,f,,0,
0a93d24aa671ce8e,482012f1-710e-4a25-994a-93821f5871aa,INVARIANT,6479bb56-e0b1-4294-9bb2-d2fb1c987bb6,panchanga_yoga,YOGA_BIRTH,name,Shiva,,,,panchanga_yoga.YOGA_BIRTH.name@chart=482012f1-710e-4a25-994a-93821f5871aa:ay=INVARIANT:eng=panchanga_engine/2.0.0-P2,Yoga at birth: Shiva.,panchanga_engine/2.0.0-P2,single,2.0.0-P2,,2026-08-08 00:20:28.078056+00,,f,f,f,,0,
983822c21d3b4fa9,482012f1-710e-4a25-994a-93821f5871aa,INVARIANT,6479bb56-e0b1-4294-9bb2-d2fb1c987bb6,panchanga_yoga,YOGA_BIRTH,number,,20,,,panchanga_yoga.YOGA_BIRTH.number@chart=482012f1-710e-4a25-994a-93821f5871aa:ay=INVARIANT:eng=panchanga_engine/2.0.0-P2,"Yoga number: 20 (1=Vishkambha, 27=Vaidhriti).",panchanga_engine/2.0.0-P2,single,2.0.0-P2,,2026-08-08 00:20:28.078056+00,,f,f,f,,0,
5418aed8ac8f1a2c,482012f1-710e-4a25-994a-93821f5871aa,INVARIANT,6479bb56-e0b1-4294-9bb2-d2fb1c987bb6,panchanga_yoga,YOGA_BIRTH,arambha_iso,1984-02-05T19:29:13+00:00,,,,panchanga_yoga.YOGA_BIRTH.arambha_iso@chart=482012f1-710e-4a25-994a-93821f5871aa:ay=INVARIANT:eng=panchanga_engine/2.0.0-P2,Yoga ends: 1984-02-05T19:29:13+00:00.,panchanga_engine/2.0.0-P2,single,2.0.0-P2,,2026-08-08 00:20:28.078056+00,,f,f,f,,0,
04f0e47f27581b41,482012f1-710e-4a25-994a-93821f5871aa,INVARIANT,6479bb56-e0b1-4294-9bb2-d2fb1c987bb6,panchanga_yoga,YOGA_BIRTH,inauspicious_flag,false,,,,panchanga_yoga.YOGA_BIRTH.inauspicious_flag@chart=482012f1-710e-4a25-994a-93821f5871aa:ay=INVARIANT:eng=panchanga_engine/2.0.0-P2,Yoga inauspicious: False.,panchanga_engine/2.0.0-P2,single,2.0.0-P2,,2026-08-08 00:20:28.078056+00,,f,f,f,,0,
9ccf486b6e7c14c7,482012f1-710e-4a25-994a-93821f5871aa,INVARIANT,6479bb56-e0b1-4294-9bb2-d2fb1c987bb6,panchanga_karana,KARANA_BIRTH,name,Garaja,,,,panchanga_karana.KARANA_BIRTH.name@chart=482012f1-710e-4a25-994a-93821f5871aa:ay=INVARIANT:eng=panchanga_engine/2.0.0-P2,Karana at birth: Garaja.,panchanga_engine/2.0.0-P2,single,2.0.0-P2,,2026-08-08 00:20:28.078056+00,,f,f,f,,0,
474e9ee543be2c1e,482012f1-710e-4a25-994a-93821f5871aa,INVARIANT,6479bb56-e0b1-4294-9bb2-d2fb1c987bb6,panchanga_karana,KARANA_BIRTH,number,,5,,,panchanga_karana.KARANA_BIRTH.number@chart=482012f1-710e-4a25-994a-93821f5871aa:ay=INVARIANT:eng=panchanga_engine/2.0.0-P2,Karana number: 5.,panchanga_engine/2.0.0-P2,single,2.0.0-P2,,2026-08-08 00:20:28.078056+00,,f,f,f,,0,
728d10f7d83b2882,482012f1-710e-4a25-994a-93821f5871aa,INVARIANT,6479bb56-e0b1-4294-9bb2-d2fb1c987bb6,panchanga_karana,KARANA_BIRTH,half_tithi_position,first,,,,panchanga_karana.KARANA_BIRTH.half_tithi_position@chart=482012f1-710e-4a25-994a-93821f5871aa:ay=INVARIANT:eng=panchanga_engine/2.0.0-P2,Karana half-tithi position: first.,panchanga_engine/2.0.0-P2,single,2.0.0-P2,,2026-08-08 00:20:28.078056+00,,f,f,f,,0,
07196daedafd09b7,482012f1-710e-4a25-994a-93821f5871aa,INVARIANT,6479bb56-e0b1-4294-9bb2-d2fb1c987bb6,panchanga_karana,KARANA_BIRTH,vishti_bhadra_flag,false,,,,panchanga_karana.KARANA_BIRTH.vishti_bhadra_flag@chart=482012f1-710e-4a25-994a-93821f5871aa:ay=INVARIANT:eng=panchanga_engine/2.0.0-P2,Bhadra/Vishti karana active: False.,panchanga_engine/2.0.0-P2,single,2.0.0-P2,,2026-08-08 00:20:28.078056+00,,f,f,f,,0,
4e5aea262ea6fe98,482012f1-710e-4a25-994a-93821f5871aa,INVARIANT,6479bb56-e0b1-4294-9bb2-d2fb1c987bb6,panchanga_karana,KARANA_BIRTH,arambha_iso,1984-02-05T07:12:47+00:00,,,,panchanga_karana.KARANA_BIRTH.arambha_iso@chart=482012f1-710e-4a25-994a-93821f5871aa:ay=INVARIANT:eng=panchanga_engine/2.0.0-P2,Karana ends: 1984-02-05T07:12:47+00:00.,panchanga_engine/2.0.0-P2,single,2.0.0-P2,,2026-08-08 00:20:28.078056+00,,f,f,f,,0,
be76e08c6079c9ce,482012f1-710e-4a25-994a-93821f5871aa,INVARIANT,6479bb56-e0b1-4294-9bb2-d2fb1c987bb6,panchanga_disha_shul,DISHA_SHUL_BIRTH,direction_to_avoid,West,,,,panchanga_disha_shul.DISHA_SHUL_BIRTH.direction_to_avoid@chart=482012f1-710e-4a25-994a-93821f5871aa:ay=INVARIANT:eng=panchanga_engine/2.0.0-P2,Disha Shul (direction to avoid) at birth: West (vara=Ravivara).,panchanga_engine/2.0.0-P2,single_pass,2.0.0-P2,,2026-08-08 00:20:28.078056+00,,f,f,f,,0,
7d1dd6b4481ae684,482012f1-710e-4a25-994a-93821f5871aa,INVARIANT,6479bb56-e0b1-4294-9bb2-d2fb1c987bb6,panchanga_disha_shul,DISHA_SHUL_BIRTH,weekday_reference,Ravivara,,,,panchanga_disha_shul.DISHA_SHUL_BIRTH.weekday_reference@chart=482012f1-710e-4a25-994a-93821f5871aa:ay=INVARIANT:eng=panchanga_engine/2.0.0-P2,Disha Shul weekday reference: Ravivara.,panchanga_engine/2.0.0-P2,single_pass,2.0.0-P2,,2026-08-08 00:20:28.078056+00,,f,f,f,,0,
aa71cea16747b1fd,482012f1-710e-4a25-994a-93821f5871aa,INVARIANT,6479bb56-e0b1-4294-9bb2-d2fb1c987bb6,panchanga_tithi_shoonya_rashi,TITHI_SHOONYA_BIRTH,void_sign_id,,8,,,panchanga_tithi_shoonya_rashi.TITHI_SHOONYA_BIRTH.void_sign_id@chart=482012f1-710e-4a25-994a-93821f5871aa:ay=INVARIANT:eng=panchanga_engine/2.0.0-P2,Tithi Shoonya Rashi (void sign) at birth: sign id 8.,panchanga_engine/2.0.0-P2,single_pass,2.0.0-P2,,2026-08-08 00:20:28.078056+00,,f,f,f,,0,
d80da0e4f4e625d2,482012f1-710e-4a25-994a-93821f5871aa,INVARIANT,6479bb56-e0b1-4294-9bb2-d2fb1c987bb6,panchanga_tithi_shoonya_rashi,TITHI_SHOONYA_BIRTH,void_sign_name,Vrishchika,,,,panchanga_tithi_shoonya_rashi.TITHI_SHOONYA_BIRTH.void_sign_name@chart=482012f1-710e-4a25-994a-93821f5871aa:ay=INVARIANT:eng=panchanga_engine/2.0.0-P2,Tithi Shoonya Rashi (void sign) at birth: Vrishchika.,panchanga_engine/2.0.0-P2,single_pass,2.0.0-P2,,2026-08-08 00:20:28.078056+00,,f,f,f,,0,
a521c19def558972,482012f1-710e-4a25-994a-93821f5871aa,INVARIANT,6479bb56-e0b1-4294-9bb2-d2fb1c987bb6,panchanga_nakshatra_shoonya_rashi,NAKSHATRA_SHOONYA_BIRTH,void_sign_id,,5,,,panchanga_nakshatra_shoonya_rashi.NAKSHATRA_SHOONYA_BIRTH.void_sign_id@chart=482012f1-710e-4a25-994a-93821f5871aa:ay=INVARIANT:eng=panchanga_engine/2.0.0-P2,Nakshatra Shoonya Rashi (void sign) at birth: sign id 5.,panchanga_engine/2.0.0-P2,single_pass,2.0.0-P2,,2026-08-08 00:20:28.078056+00,,f,f,f,,0,
d94353d03e541319,482012f1-710e-4a25-994a-93821f5871aa,INVARIANT,6479bb56-e0b1-4294-9bb2-d2fb1c987bb6,panchanga_nakshatra_shoonya_rashi,NAKSHATRA_SHOONYA_BIRTH,void_sign_name,Simha,,,,panchanga_nakshatra_shoonya_rashi.NAKSHATRA_SHOONYA_BIRTH.void_sign_name@chart=482012f1-710e-4a25-994a-93821f5871aa:ay=INVARIANT:eng=panchanga_engine/2.0.0-P2,Nakshatra Shoonya Rashi (void sign) at birth: Simha.,panchanga_engine/2.0.0-P2,single_pass,2.0.0-P2,,2026-08-08 00:20:28.078056+00,,f,f,f,,0,
d3ce7bb600966c87,482012f1-710e-4a25-994a-93821f5871aa,INVARIANT,6479bb56-e0b1-4294-9bb2-d2fb1c987bb6,panchanga_agni_vasa,AGNI_VASA_BIRTH,residence,Prithvi,,,,panchanga_agni_vasa.AGNI_VASA_BIRTH.residence@chart=482012f1-710e-4a25-994a-93821f5871aa:ay=INVARIANT:eng=panchanga_engine/2.0.0-P2,Agni Vasa at birth: Prithvi.,panchanga_engine/2.0.0-P2,single_pass,2.0.0-P2,,2026-08-08 00:20:28.078056+00,,f,f,f,,0,
e7cafbf383356a9d,482012f1-710e-4a25-994a-93821f5871aa,INVARIANT,6479bb56-e0b1-4294-9bb2-d2fb1c987bb6,panchanga_agni_vasa,AGNI_VASA_BIRTH,computation_formula,tithi_id=3 → AGNI_VASA_TABLE,,,,panchanga_agni_vasa.AGNI_VASA_BIRTH.computation_formula@chart=482012f1-710e-4a25-994a-93821f5871aa:ay=INVARIANT:eng=panchanga_engine/2.0.0-P2,Agni Vasa formula: tithi 3 → AGNI_VASA_TABLE lookup.,panchanga_engine/2.0.0-P2,single_pass,2.0.0-P2,,2026-08-08 00:20:28.078056+00,,f,f,f,,0,
4037eddc26194bf1,482012f1-710e-4a25-994a-93821f5871aa,INVARIANT,6479bb56-e0b1-4294-9bb2-d2fb1c987bb6,panchanga_agni_vasa,AGNI_VASA_BIRTH,auspicious_for_yagna_flag,true,,,,panchanga_agni_vasa.AGNI_VASA_BIRTH.auspicious_for_yagna_flag@chart=482012f1-710e-4a25-994a-93821f5871aa:ay=INVARIANT:eng=panchanga_engine/2.0.0-P2,Agni Vasa auspicious for yajna: True.,panchanga_engine/2.0.0-P2,single_pass,2.0.0-P2,,2026-08-08 00:20:28.078056+00,,f,f,f,,0,
f5890d60b358cab0,482012f1-710e-4a25-994a-93821f5871aa,INVARIANT,6479bb56-e0b1-4294-9bb2-d2fb1c987bb6,panchanga_hora_birth,HORA_BIRTH,lord,hora_saturn,,,,panchanga_hora_birth.HORA_BIRTH.lord@chart=482012f1-710e-4a25-994a-93821f5871aa:ay=INVARIANT:eng=panchanga_engine/2.0.0-P2,Hora lord at birth: hora_saturn.,panchanga_engine/2.0.0-P2,single,2.0.0-P2,,2026-08-08 00:20:28.078056+00,,f,f,f,,0,
6fa4e2cfb74ceba8,482012f1-710e-4a25-994a-93821f5871aa,INVARIANT,6479bb56-e0b1-4294-9bb2-d2fb1c987bb6,panchanga_choghadiya_birth,CHOGHADIYA_BIRTH,choghadiya_slot,choghadiya_amrit,,,,panchanga_choghadiya_birth.CHOGHADIYA_BIRTH.choghadiya_slot@chart=482012f1-710e-4a25-994a-93821f5871aa:ay=INVARIANT:eng=panchanga_engine/2.0.0-P2,Choghadiya at birth: choghadiya_amrit.,panchanga_engine/2.0.0-P2,single,2.0.0-P2,,2026-08-08 00:20:28.078056+00,,f,f,f,,0,
408784dbb4e5b1f2,482012f1-710e-4a25-994a-93821f5871aa,INVARIANT,6479bb56-e0b1-4294-9bb2-d2fb1c987bb6,panchanga_rahu_kalam,RAHU_KALAM_BIRTH_DAY,start_iso,1984-02-05T10:45:09.500000+00:00,,,,panchanga_rahu_kalam.RAHU_KALAM_BIRTH_DAY.start_iso@chart=482012f1-710e-4a25-994a-93821f5871aa:ay=INVARIANT:eng=panchanga_engine/2.0.0-P2,Rahu Kalam start: 1984-02-05T10:45:09.500000+00:00.,panchanga_engine/2.0.0-P2,single_pass,2.0.0-P2,,2026-08-08 00:20:28.078056+00,,f,f,f,,0,
765ad6e43b7edccd,482012f1-710e-4a25-994a-93821f5871aa,INVARIANT,6479bb56-e0b1-4294-9bb2-d2fb1c987bb6,panchanga_rahu_kalam,RAHU_KALAM_BIRTH_DAY,end_iso,1984-02-05T12:09:58+00:00,,,,panchanga_rahu_kalam.RAHU_KALAM_BIRTH_DAY.end_iso@chart=482012f1-710e-4a25-994a-93821f5871aa:ay=INVARIANT:eng=panchanga_engine/2.0.0-P2,Rahu Kalam end: 1984-02-05T12:09:58+00:00.,panchanga_engine/2.0.0-P2,single_pass,2.0.0-P2,,2026-08-08 00:20:28.078056+00,,f,f,f,,0,
48bbc83aa6bd15e4,482012f1-710e-4a25-994a-93821f5871aa,INVARIANT,6479bb56-e0b1-4294-9bb2-d2fb1c987bb6,panchanga_rahu_kalam,RAHU_KALAM_BIRTH_DAY,duration_minutes,,84.8083333333333,,minutes,panchanga_rahu_kalam.RAHU_KALAM_BIRTH_DAY.duration_minutes@chart=482012f1-710e-4a25-994a-93821f5871aa:ay=INVARIANT:eng=panchanga_engine/2.0.0-P2,Rahu Kalam duration: 84.8 min.,panchanga_engine/2.0.0-P2,single_pass,2.0.0-P2,,2026-08-08 00:20:28.078056+00,,f,f,f,,0,
86069467e3ae355f,482012f1-710e-4a25-994a-93821f5871aa,INVARIANT,6479bb56-e0b1-4294-9bb2-d2fb1c987bb6,panchanga_yamaganda_kalam,YAMAGANDA_KALAM_BIRTH_DAY,start_iso,1984-02-05T06:30:44+00:00,,,,panchanga_yamaganda_kalam.YAMAGANDA_KALAM_BIRTH_DAY.start_iso@chart=482012f1-710e-4a25-994a-93821f5871aa:ay=INVARIANT:eng=panchanga_engine/2.0.0-P2,Yamaganda Kalam start: 1984-02-05T06:30:44+00:00.,panchanga_engine/2.0.0-P2,single_pass,2.0.0-P2,,2026-08-08 00:20:28.078056+00,,f,f,f,,0,
b29d253bf52f2f01,482012f1-710e-4a25-994a-93821f5871aa,INVARIANT,6479bb56-e0b1-4294-9bb2-d2fb1c987bb6,panchanga_yamaganda_kalam,YAMAGANDA_KALAM_BIRTH_DAY,end_iso,1984-02-05T07:55:32.500000+00:00,,,,panchanga_yamaganda_kalam.YAMAGANDA_KALAM_BIRTH_DAY.end_iso@chart=482012f1-710e-4a25-994a-93821f5871aa:ay=INVARIANT:eng=panchanga_engine/2.0.0-P2,Yamaganda Kalam end: 1984-02-05T07:55:32.500000+00:00.,panchanga_engine/2.0.0-P2,single_pass,2.0.0-P2,,2026-08-08 00:20:28.078056+00,,f,f,f,,0,
271f7e22db82b5b7,482012f1-710e-4a25-994a-93821f5871aa,INVARIANT,6479bb56-e0b1-4294-9bb2-d2fb1c987bb6,panchanga_yamaganda_kalam,YAMAGANDA_KALAM_BIRTH_DAY,duration_minutes,,84.8083333333333,,minutes,panchanga_yamaganda_kalam.YAMAGANDA_KALAM_BIRTH_DAY.duration_minutes@chart=482012f1-710e-4a25-994a-93821f5871aa:ay=INVARIANT:eng=panchanga_engine/2.0.0-P2,Yamaganda Kalam duration: 84.8 min.,panchanga_engine/2.0.0-P2,single_pass,2.0.0-P2,,2026-08-08 00:20:28.078056+00,,f,f,f,,0,
41438bc7db18ee19,482012f1-710e-4a25-994a-93821f5871aa,INVARIANT,6479bb56-e0b1-4294-9bb2-d2fb1c987bb6,panchanga_gulika_kalam,GULIKA_KALAM_BIRTH_DAY,start_iso,1984-02-05T09:20:21+00:00,,,,panchanga_gulika_kalam.GULIKA_KALAM_BIRTH_DAY.start_iso@chart=482012f1-710e-4a25-994a-93821f5871aa:ay=INVARIANT:eng=panchanga_engine/2.0.0-P2,Gulika Kalam start: 1984-02-05T09:20:21+00:00.,panchanga_engine/2.0.0-P2,single_pass,2.0.0-P2,,2026-08-08 00:20:28.078056+00,,f,f,f,,0,
beb22dc98e4d1b6a,482012f1-710e-4a25-994a-93821f5871aa,INVARIANT,6479bb56-e0b1-4294-9bb2-d2fb1c987bb6,panchanga_krakaca,KRAKACA_BIRTH_DAY,start_iso,1984-02-05T19:14:00.500000+00:00,,,,panchanga_krakaca.KRAKACA_BIRTH_DAY.start_iso@chart=482012f1-710e-4a25-994a-93821f5871aa:ay=INVARIANT:eng=panchanga_engine/2.0.0-P2,Krakaca start: 1984-02-05T19:14:00.500000+00:00.,panchanga_engine/2.0.0-P2,single_pass,2.0.0-P2,,2026-08-08 00:20:28.078056+00,,f,f,f,,0,
d653e1577858a0d5,482012f1-710e-4a25-994a-93821f5871aa,INVARIANT,6479bb56-e0b1-4294-9bb2-d2fb1c987bb6,panchanga_krakaca,KRAKACA_BIRTH_DAY,end_iso,1984-02-05T20:38:49+00:00,,,,panchanga_krakaca.KRAKACA_BIRTH_DAY.end_iso@chart=482012f1-710e-4a25-994a-93821f5871aa:ay=INVARIANT:eng=panchanga_engine/2.0.0-P2,Krakaca end: 1984-02-05T20:38:49+00:00.,panchanga_engine/2.0.0-P2,single_pass,2.0.0-P2,,2026-08-08 00:20:28.078056+00,,f,f,f,,0,
1ff9f277ee0f5061,482012f1-710e-4a25-994a-93821f5871aa,INVARIANT,6479bb56-e0b1-4294-9bb2-d2fb1c987bb6,panchanga_krakaca,KRAKACA_BIRTH_DAY,duration_minutes,,84.8083333333333,,minutes,panchanga_krakaca.KRAKACA_BIRTH_DAY.duration_minutes@chart=482012f1-710e-4a25-994a-93821f5871aa:ay=INVARIANT:eng=panchanga_engine/2.0.0-P2,Krakaca duration: 84.8 min.,panchanga_engine/2.0.0-P2,single_pass,2.0.0-P2,,2026-08-08 00:20:28.078056+00,,f,f,f,,0,
b8857d680621246c,482012f1-710e-4a25-994a-93821f5871aa,INVARIANT,6479bb56-e0b1-4294-9bb2-d2fb1c987bb6,panchanga_abhijit_muhurta,ABHIJIT_MUHURTA_BIRTH_DAY,start_iso,1984-02-05T06:08:07.066667+00:00,,,,panchanga_abhijit_muhurta.ABHIJIT_MUHURTA_BIRTH_DAY.start_iso@chart=482012f1-710e-4a25-994a-93821f5871aa:ay=INVARIANT:eng=panchanga_engine/2.0.0-P2,Abhijit Muhurta start: 1984-02-05T06:08:07.066667+00:00.,panchanga_engine/2.0.0-P2,single_pass,2.0.0-P2,,2026-08-08 00:20:28.078056+00,,f,f,f,,0,
043ede182e7f532d,482012f1-710e-4a25-994a-93821f5871aa,INVARIANT,6479bb56-e0b1-4294-9bb2-d2fb1c987bb6,panchanga_abhijit_muhurta,ABHIJIT_MUHURTA_BIRTH_DAY,end_iso,1984-02-05T06:53:20.933333+00:00,,,,panchanga_abhijit_muhurta.ABHIJIT_MUHURTA_BIRTH_DAY.end_iso@chart=482012f1-710e-4a25-994a-93821f5871aa:ay=INVARIANT:eng=panchanga_engine/2.0.0-P2,Abhijit Muhurta end: 1984-02-05T06:53:20.933333+00:00.,panchanga_engine/2.0.0-P2,single_pass,2.0.0-P2,,2026-08-08 00:20:28.078056+00,,f,f,f,,0,
5a842bd1f658fe5b,482012f1-710e-4a25-994a-93821f5871aa,INVARIANT,6479bb56-e0b1-4294-9bb2-d2fb1c987bb6,panchanga_abhijit_muhurta,ABHIJIT_MUHURTA_BIRTH_DAY,duration_minutes,,45.2311111,,minutes,panchanga_abhijit_muhurta.ABHIJIT_MUHURTA_BIRTH_DAY.duration_minutes@chart=482012f1-710e-4a25-994a-93821f5871aa:ay=INVARIANT:eng=panchanga_engine/2.0.0-P2,Abhijit Muhurta duration: 45.2 min.,panchanga_engine/2.0.0-P2,single_pass,2.0.0-P2,,2026-08-08 00:20:28.078056+00,,f,f,f,,0,
1b08cbeed3befb61,482012f1-710e-4a25-994a-93821f5871aa,INVARIANT,6479bb56-e0b1-4294-9bb2-d2fb1c987bb6,panchanga_brahma_muhurta,BRAHMA_MUHURTA_BIRTH_DAY,start_iso,1984-02-04T23:15:30+00:00,,,,panchanga_brahma_muhurta.BRAHMA_MUHURTA_BIRTH_DAY.start_iso@chart=482012f1-710e-4a25-994a-93821f5871aa:ay=INVARIANT:eng=panchanga_engine/2.0.0-P2,Brahma Muhurta start: 1984-02-04T23:15:30+00:00.,panchanga_engine/2.0.0-P2,single_pass,2.0.0-P2,,2026-08-08 00:20:28.078056+00,,f,f,f,,0,
7e8a853f0ccee22a,482012f1-710e-4a25-994a-93821f5871aa,INVARIANT,6479bb56-e0b1-4294-9bb2-d2fb1c987bb6,panchanga_brahma_muhurta,BRAHMA_MUHURTA_BIRTH_DAY,end_iso,1984-02-05T00:03:30+00:00,,,,panchanga_brahma_muhurta.BRAHMA_MUHURTA_BIRTH_DAY.end_iso@chart=482012f1-710e-4a25-994a-93821f5871aa:ay=INVARIANT:eng=panchanga_engine/2.0.0-P2,Brahma Muhurta end: 1984-02-05T00:03:30+00:00.,panchanga_engine/2.0.0-P2,single_pass,2.0.0-P2,,2026-08-08 00:20:28.078056+00,,f,f,f,,0,
54ba0f85110c18ea,482012f1-710e-4a25-994a-93821f5871aa,INVARIANT,6479bb56-e0b1-4294-9bb2-d2fb1c987bb6,panchanga_brahma_muhurta,BRAHMA_MUHURTA_BIRTH_DAY,duration_minutes,,48,,minutes,panchanga_brahma_muhurta.BRAHMA_MUHURTA_BIRTH_DAY.duration_minutes@chart=482012f1-710e-4a25-994a-93821f5871aa:ay=INVARIANT:eng=panchanga_engine/2.0.0-P2,Brahma Muhurta duration: 48.0 min.,panchanga_engine/2.0.0-P2,single_pass,2.0.0-P2,,2026-08-08 00:20:28.078056+00,,f,f,f,,0,
1d5cd755ddc9e188,482012f1-710e-4a25-994a-93821f5871aa,INVARIANT,6479bb56-e0b1-4294-9bb2-d2fb1c987bb6,panchanga_pratah_sandhya,PRATAH_SANDHYA_BIRTH_DAY,start_iso,1984-02-05T00:51:30+00:00,,,,panchanga_pratah_sandhya.PRATAH_SANDHYA_BIRTH_DAY.start_iso@chart=482012f1-710e-4a25-994a-93821f5871aa:ay=INVARIANT:eng=panchanga_engine/2.0.0-P2,Pratah Sandhya start: 1984-02-05T00:51:30+00:00.,panchanga_engine/2.0.0-P2,single_pass,2.0.0-P2,,2026-08-08 00:20:28.078056+00,,f,f,f,,0,
09ec18c8c8e3dd18,482012f1-710e-4a25-994a-93821f5871aa,INVARIANT,6479bb56-e0b1-4294-9bb2-d2fb1c987bb6,panchanga_pratah_sandhya,PRATAH_SANDHYA_BIRTH_DAY,end_iso,1984-02-05T01:39:30+00:00,,,,panchanga_pratah_sandhya.PRATAH_SANDHYA_BIRTH_DAY.end_iso@chart=482012f1-710e-4a25-994a-93821f5871aa:ay=INVARIANT:eng=panchanga_engine/2.0.0-P2,Pratah Sandhya end: 1984-02-05T01:39:30+00:00.,panchanga_engine/2.0.0-P2,single_pass,2.0.0-P2,,2026-08-08 00:20:28.078056+00,,f,f,f,,0,
7b9ef69f3886eb87,482012f1-710e-4a25-994a-93821f5871aa,INVARIANT,6479bb56-e0b1-4294-9bb2-d2fb1c987bb6,panchanga_pratah_sandhya,PRATAH_SANDHYA_BIRTH_DAY,duration_minutes,,48,,minutes,panchanga_pratah_sandhya.PRATAH_SANDHYA_BIRTH_DAY.duration_minutes@chart=482012f1-710e-4a25-994a-93821f5871aa:ay=INVARIANT:eng=panchanga_engine/2.0.0-P2,Pratah Sandhya duration: 48.0 min.,panchanga_engine/2.0.0-P2,single_pass,2.0.0-P2,,2026-08-08 00:20:28.078056+00,,f,f,f,,0,
0180ffa5fe303b75,482012f1-710e-4a25-994a-93821f5871aa,INVARIANT,6479bb56-e0b1-4294-9bb2-d2fb1c987bb6,panchanga_madhyahna_sandhya,MADHYAHNA_SANDHYA_BIRTH_DAY,start_iso,1984-02-05T06:06:44+00:00,,,,panchanga_madhyahna_sandhya.MADHYAHNA_SANDHYA_BIRTH_DAY.start_iso@chart=482012f1-710e-4a25-994a-93821f5871aa:ay=INVARIANT:eng=panchanga_engine/2.0.0-P2,Madhyahna Sandhya start: 1984-02-05T06:06:44+00:00.,panchanga_engine/2.0.0-P2,single_pass,2.0.0-P2,,2026-08-08 00:20:28.078056+00,,f,f,f,,0,
367e26c52adec0f3,482012f1-710e-4a25-994a-93821f5871aa,INVARIANT,6479bb56-e0b1-4294-9bb2-d2fb1c987bb6,panchanga_madhyahna_sandhya,MADHYAHNA_SANDHYA_BIRTH_DAY,end_iso,1984-02-05T06:54:44+00:00,,,,panchanga_madhyahna_sandhya.MADHYAHNA_SANDHYA_BIRTH_DAY.end_iso@chart=482012f1-710e-4a25-994a-93821f5871aa:ay=INVARIANT:eng=panchanga_engine/2.0.0-P2,Madhyahna Sandhya end: 1984-02-05T06:54:44+00:00.,panchanga_engine/2.0.0-P2,single_pass,2.0.0-P2,,2026-08-08 00:20:28.078056+00,,f,f,f,,0,
1a101e27b72cbd38,482012f1-710e-4a25-994a-93821f5871aa,INVARIANT,6479bb56-e0b1-4294-9bb2-d2fb1c987bb6,panchanga_madhyahna_sandhya,MADHYAHNA_SANDHYA_BIRTH_DAY,duration_minutes,,48,,minutes,panchanga_madhyahna_sandhya.MADHYAHNA_SANDHYA_BIRTH_DAY.duration_minutes@chart=482012f1-710e-4a25-994a-93821f5871aa:ay=INVARIANT:eng=panchanga_engine/2.0.0-P2,Madhyahna Sandhya duration: 48.0 min.,panchanga_engine/2.0.0-P2,single_pass,2.0.0-P2,,2026-08-08 00:20:28.078056+00,,f,f,f,,0,
a49b4c7a43e34d13,482012f1-710e-4a25-994a-93821f5871aa,INVARIANT,6479bb56-e0b1-4294-9bb2-d2fb1c987bb6,panchanga_sayam_sandhya,SAYAM_SANDHYA_BIRTH_DAY,start_iso,1984-02-05T11:21:58+00:00,,,,panchanga_sayam_sandhya.SAYAM_SANDHYA_BIRTH_DAY.start_iso@chart=482012f1-710e-4a25-994a-93821f5871aa:ay=INVARIANT:eng=panchanga_engine/2.0.0-P2,Sayam Sandhya start: 1984-02-05T11:21:58+00:00.,panchanga_engine/2.0.0-P2,single_pass,2.0.0-P2,,2026-08-08 00:20:28.078056+00,,f,f,f,,0,
6e16ee9d459b9d02,482012f1-710e-4a25-994a-93821f5871aa,INVARIANT,6479bb56-e0b1-4294-9bb2-d2fb1c987bb6,panchanga_sayam_sandhya,SAYAM_SANDHYA_BIRTH_DAY,end_iso,1984-02-05T12:09:58+00:00,,,,panchanga_sayam_sandhya.SAYAM_SANDHYA_BIRTH_DAY.end_iso@chart=482012f1-710e-4a25-994a-93821f5871aa:ay=INVARIANT:eng=panchanga_engine/2.0.0-P2,Sayam Sandhya end: 1984-02-05T12:09:58+00:00.,panchanga_engine/2.0.0-P2,single_pass,2.0.0-P2,,2026-08-08 00:20:28.078056+00,,f,f,f,,0,
2cf61c4f9d84ba9b,482012f1-710e-4a25-994a-93821f5871aa,INVARIANT,6479bb56-e0b1-4294-9bb2-d2fb1c987bb6,panchanga_sayam_sandhya,SAYAM_SANDHYA_BIRTH_DAY,duration_minutes,,48,,minutes,panchanga_sayam_sandhya.SAYAM_SANDHYA_BIRTH_DAY.duration_minutes@chart=482012f1-710e-4a25-994a-93821f5871aa:ay=INVARIANT:eng=panchanga_engine/2.0.0-P2,Sayam Sandhya duration: 48.0 min.,panchanga_engine/2.0.0-P2,single_pass,2.0.0-P2,,2026-08-08 00:20:28.078056+00,,f,f,f,,0,
5fa2a921c6faf616,482012f1-710e-4a25-994a-93821f5871aa,INVARIANT,6479bb56-e0b1-4294-9bb2-d2fb1c987bb6,panchanga_vijaya_muhurta,VIJAYA_MUHURTA_BIRTH_DAY,start_iso,1984-02-05T10:39:30.266667+00:00,,,,panchanga_vijaya_muhurta.VIJAYA_MUHURTA_BIRTH_DAY.start_iso@chart=482012f1-710e-4a25-994a-93821f5871aa:ay=INVARIANT:eng=panchanga_engine/2.0.0-P2,Vijaya Muhurta start: 1984-02-05T10:39:30.266667+00:00.,panchanga_engine/2.0.0-P2,single_pass,2.0.0-P2,,2026-08-08 00:20:28.078056+00,,f,f,f,,0,
c583bab246ae21fa,482012f1-710e-4a25-994a-93821f5871aa,INVARIANT,6479bb56-e0b1-4294-9bb2-d2fb1c987bb6,panchanga_vijaya_muhurta,VIJAYA_MUHURTA_BIRTH_DAY,end_iso,1984-02-05T11:24:44.133333+00:00,,,,panchanga_vijaya_muhurta.VIJAYA_MUHURTA_BIRTH_DAY.end_iso@chart=482012f1-710e-4a25-994a-93821f5871aa:ay=INVARIANT:eng=panchanga_engine/2.0.0-P2,Vijaya Muhurta end: 1984-02-05T11:24:44.133333+00:00.,panchanga_engine/2.0.0-P2,single_pass,2.0.0-P2,,2026-08-08 00:20:28.078056+00,,f,f,f,,0,
2f6dbbee4c8d165a,482012f1-710e-4a25-994a-93821f5871aa,INVARIANT,6479bb56-e0b1-4294-9bb2-d2fb1c987bb6,panchanga_vijaya_muhurta,VIJAYA_MUHURTA_BIRTH_DAY,duration_minutes,,45.2311111,,minutes,panchanga_vijaya_muhurta.VIJAYA_MUHURTA_BIRTH_DAY.duration_minutes@chart=482012f1-710e-4a25-994a-93821f5871aa:ay=INVARIANT:eng=panchanga_engine/2.0.0-P2,Vijaya Muhurta duration: 45.2 min.,panchanga_engine/2.0.0-P2,single_pass,2.0.0-P2,,2026-08-08 00:20:28.078056+00,,f,f,f,,0,
594be0966e455aa2,482012f1-710e-4a25-994a-93821f5871aa,INVARIANT,6479bb56-e0b1-4294-9bb2-d2fb1c987bb6,panchanga_godhuli_muhurta,GODHULI_MUHURTA_BIRTH_DAY,start_iso,1984-02-05T11:45:58+00:00,,,,panchanga_godhuli_muhurta.GODHULI_MUHURTA_BIRTH_DAY.start_iso@chart=482012f1-710e-4a25-994a-93821f5871aa:ay=INVARIANT:eng=panchanga_engine/2.0.0-P2,Godhuli Muhurta start: 1984-02-05T11:45:58+00:00.,panchanga_engine/2.0.0-P2,single_pass,2.0.0-P2,,2026-08-08 00:20:28.078056+00,,f,f,f,,0,
c5d779cc07cb67b1,482012f1-710e-4a25-994a-93821f5871aa,INVARIANT,6479bb56-e0b1-4294-9bb2-d2fb1c987bb6,panchanga_godhuli_muhurta,GODHULI_MUHURTA_BIRTH_DAY,end_iso,1984-02-05T12:33:58+00:00,,,,panchanga_godhuli_muhurta.GODHULI_MUHURTA_BIRTH_DAY.end_iso@chart=482012f1-710e-4a25-994a-93821f5871aa:ay=INVARIANT:eng=panchanga_engine/2.0.0-P2,Godhuli Muhurta end: 1984-02-05T12:33:58+00:00.,panchanga_engine/2.0.0-P2,single_pass,2.0.0-P2,,2026-08-08 00:20:28.078056+00,,f,f,f,,0,
6ffa347971cba88d,482012f1-710e-4a25-994a-93821f5871aa,INVARIANT,6479bb56-e0b1-4294-9bb2-d2fb1c987bb6,panchanga_godhuli_muhurta,GODHULI_MUHURTA_BIRTH_DAY,duration_minutes,,48,,minutes,panchanga_godhuli_muhurta.GODHULI_MUHURTA_BIRTH_DAY.duration_minutes@chart=482012f1-710e-4a25-994a-93821f5871aa:ay=INVARIANT:eng=panchanga_engine/2.0.0-P2,Godhuli Muhurta duration: 48.0 min.,panchanga_engine/2.0.0-P2,single_pass,2.0.0-P2,,2026-08-08 00:20:28.078056+00,,f,f,f,,0,
80e5cab56a8a933a,482012f1-710e-4a25-994a-93821f5871aa,INVARIANT,6479bb56-e0b1-4294-9bb2-d2fb1c987bb6,panchanga_nishita_kala,NISHITA_KALA_BIRTH_DAY,start_iso,1984-02-05T18:06:44+00:00,,,,panchanga_nishita_kala.NISHITA_KALA_BIRTH_DAY.start_iso@chart=482012f1-710e-4a25-994a-93821f5871aa:ay=INVARIANT:eng=panchanga_engine/2.0.0-P2,Nishita Kala start: 1984-02-05T18:06:44+00:00.,panchanga_engine/2.0.0-P2,single_pass,2.0.0-P2,,2026-08-08 00:20:28.078056+00,,f,f,f,,0,
f8017a57c9c1cad5,482012f1-710e-4a25-994a-93821f5871aa,INVARIANT,6479bb56-e0b1-4294-9bb2-d2fb1c987bb6,panchanga_nishita_kala,NISHITA_KALA_BIRTH_DAY,end_iso,1984-02-05T18:54:44+00:00,,,,panchanga_nishita_kala.NISHITA_KALA_BIRTH_DAY.end_iso@chart=482012f1-710e-4a25-994a-93821f5871aa:ay=INVARIANT:eng=panchanga_engine/2.0.0-P2,Nishita Kala end: 1984-02-05T18:54:44+00:00.,panchanga_engine/2.0.0-P2,single_pass,2.0.0-P2,,2026-08-08 00:20:28.078056+00,,f,f,f,,0,
f4137838917da55e,482012f1-710e-4a25-994a-93821f5871aa,INVARIANT,6479bb56-e0b1-4294-9bb2-d2fb1c987bb6,panchanga_nishita_kala,NISHITA_KALA_BIRTH_DAY,duration_minutes,,48,,minutes,panchanga_nishita_kala.NISHITA_KALA_BIRTH_DAY.duration_minutes@chart=482012f1-710e-4a25-994a-93821f5871aa:ay=INVARIANT:eng=panchanga_engine/2.0.0-P2,Nishita Kala duration: 48.0 min.,panchanga_engine/2.0.0-P2,single_pass,2.0.0-P2,,2026-08-08 00:20:28.078056+00,,f,f,f,,0,
858faac8f816ac56,482012f1-710e-4a25-994a-93821f5871aa,lahiri_chitrapaksha,6479bb56-e0b1-4294-9bb2-d2fb1c987bb6,panchanga_nakshatra_moon,NAKSHATRA_MOON_BIRTH,name,Purva Bhadrapada,,,,panchanga_nakshatra_moon.NAKSHATRA_MOON_BIRTH.name@chart=482012f1-710e-4a25-994a-93821f5871aa:ay=lahiri_chitrapaksha:eng=panchanga_engine/2.0.0-P2,Moon nakshatra at birth: Purva Bhadrapada (lahiri_chitrapaksha).,panchanga_engine/2.0.0-P2,single,2.0.0-P2,,2026-08-08 00:20:28.078056+00,,f,f,f,,0,
a57a7948089792ce,482012f1-710e-4a25-994a-93821f5871aa,lahiri_chitrapaksha,6479bb56-e0b1-4294-9bb2-d2fb1c987bb6,panchanga_nakshatra_moon,NAKSHATRA_MOON_BIRTH,number,,25,,,panchanga_nakshatra_moon.NAKSHATRA_MOON_BIRTH.number@chart=482012f1-710e-4a25-994a-93821f5871aa:ay=lahiri_chitrapaksha:eng=panchanga_engine/2.0.0-P2,Moon nakshatra number: 25 (lahiri_chitrapaksha).,panchanga_engine/2.0.0-P2,single,2.0.0-P2,,2026-08-08 00:20:28.078056+00,,f,f,f,,0,
cc2dbd77a0cf717c,482012f1-710e-4a25-994a-93821f5871aa,lahiri_chitrapaksha,6479bb56-e0b1-4294-9bb2-d2fb1c987bb6,panchanga_nakshatra_moon,NAKSHATRA_MOON_BIRTH,vimshottari_starting_lord,Jupiter,,,,panchanga_nakshatra_moon.NAKSHATRA_MOON_BIRTH.vimshottari_starting_lord@chart=482012f1-710e-4a25-994a-93821f5871aa:ay=lahiri_chitrapaksha:eng=panchanga_engine/2.0.0-P2,Vimshottari dasha starting lord for Purva Bhadrapada: Jupiter (lahiri_chitrapaksha).,panchanga_engine/2.0.0-P2,single,2.0.0-P2,,2026-08-08 00:20:28.078056+00,,f,f,f,,0,
5d4befb999e99b42,482012f1-710e-4a25-994a-93821f5871aa,lahiri_chitrapaksha,6479bb56-e0b1-4294-9bb2-d2fb1c987bb6,panchanga_nakshatra_moon,NAKSHATRA_MOON_BIRTH,arambha_iso,1984-02-05T17:55:22+00:00,,,,panchanga_nakshatra_moon.NAKSHATRA_MOON_BIRTH.arambha_iso@chart=482012f1-710e-4a25-994a-93821f5871aa:ay=lahiri_chitrapaksha:eng=panchanga_engine/2.0.0-P2,Moon nakshatra ends: 1984-02-05T17:55:22+00:00 (lahiri_chitrapaksha).,panchanga_engine/2.0.0-P2,single,2.0.0-P2,,2026-08-08 00:20:28.078056+00,,f,f,f,,0,
4a3d351aa27fe5a5,482012f1-710e-4a25-994a-93821f5871aa,lahiri_chitrapaksha,6479bb56-e0b1-4294-9bb2-d2fb1c987bb6,panchanga_nakshatra_moon,NAKSHATRA_MOON_BIRTH,deity,Aja Ekapad,,,,panchanga_nakshatra_moon.NAKSHATRA_MOON_BIRTH.deity@chart=482012f1-710e-4a25-994a-93821f5871aa:ay=lahiri_chitrapaksha:eng=panchanga_engine/2.0.0-P2,Moon nakshatra deity: Aja Ekapad (lahiri_chitrapaksha).,panchanga_engine/2.0.0-P2,single,2.0.0-P2,,2026-08-08 00:20:28.078056+00,,f,f,f,,0,
92d66c34bd0be2b1,482012f1-710e-4a25-994a-93821f5871aa,lahiri_chitrapaksha,6479bb56-e0b1-4294-9bb2-d2fb1c987bb6,panchanga_panchaka_classification,PANCHAKA_MRITYU,active_at_birth_flag,false,,,,panchanga_panchaka_classification.PANCHAKA_MRITYU.active_at_birth_flag@chart=482012f1-710e-4a25-994a-93821f5871aa:ay=lahiri_chitrapaksha:eng=panchanga_engine/2.0.0-P2,Mrityu Panchaka at birth: False (lahiri_chitrapaksha).,panchanga_engine/2.0.0-P2,single_pass,2.0.0-P2,,2026-08-08 00:20:28.078056+00,,f,f,f,,0,
42fcef4830dff942,482012f1-710e-4a25-994a-93821f5871aa,lahiri_chitrapaksha,6479bb56-e0b1-4294-9bb2-d2fb1c987bb6,panchanga_panchaka_classification,PANCHAKA_MRITYU,nakshatra_component,Revati,,,,panchanga_panchaka_classification.PANCHAKA_MRITYU.nakshatra_component@chart=482012f1-710e-4a25-994a-93821f5871aa:ay=lahiri_chitrapaksha:eng=panchanga_engine/2.0.0-P2,Mrityu Panchaka nakshatra: Revati.,panchanga_engine/2.0.0-P2,single_pass,2.0.0-P2,,2026-08-08 00:20:28.078056+00,,f,f,f,,0,
439901b9276e6347,482012f1-710e-4a25-994a-93821f5871aa,lahiri_chitrapaksha,6479bb56-e0b1-4294-9bb2-d2fb1c987bb6,panchanga_panchaka_classification,PANCHAKA_OVERALL,panchaka_overall_classification,Agni,,,,panchanga_panchaka_classification.PANCHAKA_OVERALL.panchaka_overall_classification@chart=482012f1-710e-4a25-994a-93821f5871aa:ay=lahiri_chitrapaksha:eng=panchanga_engine/2.0.0-P2,Active panchaka at birth: Agni (lahiri_chitrapaksha).,panchanga_engine/2.0.0-P2,single_pass,2.0.0-P2,,2026-08-08 00:20:28.078056+00,,f,f,f,,0,
c9bce1de63119bec,482012f1-710e-4a25-994a-93821f5871aa,true_chitra,6479bb56-e0b1-4294-9bb2-d2fb1c987bb6,panchanga_nakshatra_moon,NAKSHATRA_MOON_BIRTH,deity,Aja Ekapad,,,,panchanga_nakshatra_moon.NAKSHATRA_MOON_BIRTH.deity@chart=482012f1-710e-4a25-994a-93821f5871aa:ay=true_chitra:eng=panchanga_engine/2.0.0-P2,Moon nakshatra deity: Aja Ekapad (true_chitra).,panchanga_engine/2.0.0-P2,single,2.0.0-P2,,2026-08-08 00:20:28.078056+00,,f,f,f,,0,
532034af2b30b382,482012f1-710e-4a25-994a-93821f5871aa,true_chitra,6479bb56-e0b1-4294-9bb2-d2fb1c987bb6,panchanga_special_yoga_combinations,YOGA_UNKNOWN,combination_name,unknown,,,,panchanga_special_yoga_combinations.YOGA_UNKNOWN.combination_name@chart=482012f1-710e-4a25-994a-93821f5871aa:ay=true_chitra:eng=panchanga_engine/2.0.0-P2,Special yoga unknown: active at birth (true_chitra).,panchanga_engine/2.0.0-P2,single_pass,2.0.0-P2,,2026-08-08 00:20:28.078056+00,,f,f,f,,0,
7ae1fed670afbfec,482012f1-710e-4a25-994a-93821f5871aa,true_chitra,6479bb56-e0b1-4294-9bb2-d2fb1c987bb6,panchanga_special_yoga_combinations,YOGA_UNKNOWN,active_at_birth_flag,true,,,,panchanga_special_yoga_combinations.YOGA_UNKNOWN.active_at_birth_flag@chart=482012f1-710e-4a25-994a-93821f5871aa:ay=true_chitra:eng=panchanga_engine/2.0.0-P2,Special yoga unknown active at birth: true (true_chitra).,panchanga_engine/2.0.0-P2,single_pass,2.0.0-P2,,2026-08-08 00:20:28.078056+00,,f,f,f,,0,
f5198283ff9f2015,482012f1-710e-4a25-994a-93821f5871aa,true_chitra,6479bb56-e0b1-4294-9bb2-d2fb1c987bb6,panchanga_special_yoga_combinations,YOGA_UNKNOWN,constituent_facts_jsonb_atomic,,,"{""vara"": ""Ravivara"", ""tithi"": ""Shukla Tritiya"", ""nakshatra"": ""Purva Bhadrapada""}",,panchanga_special_yoga_combinations.YOGA_UNKNOWN.constituent_facts_jsonb_atomic@chart=482012f1-710e-4a25-994a-93821f5871aa:ay=true_chitra:eng=panchanga_engine/2.0.0-P2,"Special yoga unknown constituent: tithi=Shukla Tritiya, vara=Ravivara, nakshatra=Purva Bhadrapada.",panchanga_engine/2.0.0-P2,single_pass,2.0.0-P2,,2026-08-08 00:20:28.078056+00,,f,f,f,,0,
8449dbd4260f7ec7,482012f1-710e-4a25-994a-93821f5871aa,true_chitra,6479bb56-e0b1-4294-9bb2-d2fb1c987bb6,panchanga_panchaka_classification,PANCHAKA_ROGA,panchaka_name,Roga,,,,panchanga_panchaka_classification.PANCHAKA_ROGA.panchaka_name@chart=482012f1-710e-4a25-994a-93821f5871aa:ay=true_chitra:eng=panchanga_engine/2.0.0-P2,Panchaka type Roga: active=False (true_chitra).,panchanga_engine/2.0.0-P2,single_pass,2.0.0-P2,,2026-08-08 00:20:28.078056+00,,f,f,f,,0,
9d9540a87ecc6520,482012f1-710e-4a25-994a-93821f5871aa,true_chitra,6479bb56-e0b1-4294-9bb2-d2fb1c987bb6,panchanga_panchaka_classification,PANCHAKA_ROGA,active_at_birth_flag,false,,,,panchanga_panchaka_classification.PANCHAKA_ROGA.active_at_birth_flag@chart=482012f1-710e-4a25-994a-93821f5871aa:ay=true_chitra:eng=panchanga_engine/2.0.0-P2,Roga Panchaka at birth: False (true_chitra).,panchanga_engine/2.0.0-P2,single_pass,2.0.0-P2,,2026-08-08 00:20:28.078056+00,,f,f,f,,0,
2d8307c8d507ca5d,482012f1-710e-4a25-994a-93821f5871aa,true_chitra,6479bb56-e0b1-4294-9bb2-d2fb1c987bb6,panchanga_panchaka_classification,PANCHAKA_ROGA,nakshatra_component,Dhanishtha,,,,panchanga_panchaka_classification.PANCHAKA_ROGA.nakshatra_component@chart=482012f1-710e-4a25-994a-93821f5871aa:ay=true_chitra:eng=panchanga_engine/2.0.0-P2,Roga Panchaka nakshatra: Dhanishtha.,panchanga_engine/2.0.0-P2,single_pass,2.0.0-P2,,2026-08-08 00:20:28.078056+00,,f,f,f,,0,
d7a60beb57629a94,482012f1-710e-4a25-994a-93821f5871aa,true_chitra,6479bb56-e0b1-4294-9bb2-d2fb1c987bb6,panchanga_panchaka_classification,PANCHAKA_RAJA,panchaka_name,Raja,,,,panchanga_panchaka_classification.PANCHAKA_RAJA.panchaka_name@chart=482012f1-710e-4a25-994a-93821f5871aa:ay=true_chitra:eng=panchanga_engine/2.0.0-P2,Panchaka type Raja: active=False (true_chitra).,panchanga_engine/2.0.0-P2,single_pass,2.0.0-P2,,2026-08-08 00:20:28.078056+00,,f,f,f,,0,
c8c8045044764925,482012f1-710e-4a25-994a-93821f5871aa,true_chitra,6479bb56-e0b1-4294-9bb2-d2fb1c987bb6,panchanga_panchaka_classification,PANCHAKA_RAJA,active_at_birth_flag,false,,,,panchanga_panchaka_classification.PANCHAKA_RAJA.active_at_birth_flag@chart=482012f1-710e-4a25-994a-93821f5871aa:ay=true_chitra:eng=panchanga_engine/2.0.0-P2,Raja Panchaka at birth: False (true_chitra).,panchanga_engine/2.0.0-P2,single_pass,2.0.0-P2,,2026-08-08 00:20:28.078056+00,,f,f,f,,0,
9d9097834e5573b1,482012f1-710e-4a25-994a-93821f5871aa,true_chitra,6479bb56-e0b1-4294-9bb2-d2fb1c987bb6,panchanga_panchaka_classification,PANCHAKA_RAJA,nakshatra_component,Shatabhisha,,,,panchanga_panchaka_classification.PANCHAKA_RAJA.nakshatra_component@chart=482012f1-710e-4a25-994a-93821f5871aa:ay=true_chitra:eng=panchanga_engine/2.0.0-P2,Raja Panchaka nakshatra: Shatabhisha.,panchanga_engine/2.0.0-P2,single_pass,2.0.0-P2,,2026-08-08 00:20:28.078056+00,,f,f,f,,0,
72d6a7cfbc8693bb,482012f1-710e-4a25-994a-93821f5871aa,true_chitra,6479bb56-e0b1-4294-9bb2-d2fb1c987bb6,panchanga_panchaka_classification,PANCHAKA_AGNI,panchaka_name,Agni,,,,panchanga_panchaka_classification.PANCHAKA_AGNI.panchaka_name@chart=482012f1-710e-4a25-994a-93821f5871aa:ay=true_chitra:eng=panchanga_engine/2.0.0-P2,Panchaka type Agni: active=True (true_chitra).,panchanga_engine/2.0.0-P2,single_pass,2.0.0-P2,,2026-08-08 00:20:28.078056+00,,f,f,f,,0,
883e1d7952e01606,482012f1-710e-4a25-994a-93821f5871aa,true_chitra,6479bb56-e0b1-4294-9bb2-d2fb1c987bb6,panchanga_panchaka_classification,PANCHAKA_AGNI,active_at_birth_flag,true,,,,panchanga_panchaka_classification.PANCHAKA_AGNI.active_at_birth_flag@chart=482012f1-710e-4a25-994a-93821f5871aa:ay=true_chitra:eng=panchanga_engine/2.0.0-P2,Agni Panchaka at birth: True (true_chitra).,panchanga_engine/2.0.0-P2,single_pass,2.0.0-P2,,2026-08-08 00:20:28.078056+00,,f,f,f,,0,
f0d12355b045efc2,482012f1-710e-4a25-994a-93821f5871aa,true_chitra,6479bb56-e0b1-4294-9bb2-d2fb1c987bb6,panchanga_panchaka_classification,PANCHAKA_AGNI,nakshatra_component,Purva Bhadrapada,,,,panchanga_panchaka_classification.PANCHAKA_AGNI.nakshatra_component@chart=482012f1-710e-4a25-994a-93821f5871aa:ay=true_chitra:eng=panchanga_engine/2.0.0-P2,Agni Panchaka nakshatra: Purva Bhadrapada.,panchanga_engine/2.0.0-P2,single_pass,2.0.0-P2,,2026-08-08 00:20:28.078056+00,,f,f,f,,0,
d3ada8e12a204a44,482012f1-710e-4a25-994a-93821f5871aa,true_chitra,6479bb56-e0b1-4294-9bb2-d2fb1c987bb6,panchanga_panchaka_classification,PANCHAKA_CHORA,panchaka_name,Chora,,,,panchanga_panchaka_classification.PANCHAKA_CHORA.panchaka_name@chart=482012f1-710e-4a25-994a-93821f5871aa:ay=true_chitra:eng=panchanga_engine/2.0.0-P2,Panchaka type Chora: active=False (true_chitra).,panchanga_engine/2.0.0-P2,single_pass,2.0.0-P2,,2026-08-08 00:20:28.078056+00,,f,f,f,,0,
363dcf2ef5649821,482012f1-710e-4a25-994a-93821f5871aa,true_chitra,6479bb56-e0b1-4294-9bb2-d2fb1c987bb6,panchanga_panchaka_classification,PANCHAKA_CHORA,active_at_birth_flag,false,,,,panchanga_panchaka_classification.PANCHAKA_CHORA.active_at_birth_flag@chart=482012f1-710e-4a25-994a-93821f5871aa:ay=true_chitra:eng=panchanga_engine/2.0.0-P2,Chora Panchaka at birth: False (true_chitra).,panchanga_engine/2.0.0-P2,single_pass,2.0.0-P2,,2026-08-08 00:20:28.078056+00,,f,f,f,,0,
ef18e3ec20a0c6e6,482012f1-710e-4a25-994a-93821f5871aa,true_chitra,6479bb56-e0b1-4294-9bb2-d2fb1c987bb6,panchanga_panchaka_classification,PANCHAKA_CHORA,nakshatra_component,Uttara Bhadrapada,,,,panchanga_panchaka_classification.PANCHAKA_CHORA.nakshatra_component@chart=482012f1-710e-4a25-994a-93821f5871aa:ay=true_chitra:eng=panchanga_engine/2.0.0-P2,Chora Panchaka nakshatra: Uttara Bhadrapada.,panchanga_engine/2.0.0-P2,single_pass,2.0.0-P2,,2026-08-08 00:20:28.078056+00,,f,f,f,,0,
53fc46a00b61d020,482012f1-710e-4a25-994a-93821f5871aa,true_chitra,6479bb56-e0b1-4294-9bb2-d2fb1c987bb6,panchanga_panchaka_classification,PANCHAKA_MRITYU,panchaka_name,Mrityu,,,,panchanga_panchaka_classification.PANCHAKA_MRITYU.panchaka_name@chart=482012f1-710e-4a25-994a-93821f5871aa:ay=true_chitra:eng=panchanga_engine/2.0.0-P2,Panchaka type Mrityu: active=False (true_chitra).,panchanga_engine/2.0.0-P2,single_pass,2.0.0-P2,,2026-08-08 00:20:28.078056+00,,f,f,f,,0,
3590450b5d3d6d8d,482012f1-710e-4a25-994a-93821f5871aa,krishnamurti,6479bb56-e0b1-4294-9bb2-d2fb1c987bb6,panchanga_nakshatra_moon,NAKSHATRA_MOON_BIRTH,vimshottari_starting_lord,Jupiter,,,,panchanga_nakshatra_moon.NAKSHATRA_MOON_BIRTH.vimshottari_starting_lord@chart=482012f1-710e-4a25-994a-93821f5871aa:ay=krishnamurti:eng=panchanga_engine/2.0.0-P2,Vimshottari dasha starting lord for Purva Bhadrapada: Jupiter (krishnamurti).,panchanga_engine/2.0.0-P2,single,2.0.0-P2,,2026-08-08 00:20:28.078056+00,,f,f,f,,0,
e05368212eef88e0,482012f1-710e-4a25-994a-93821f5871aa,krishnamurti,6479bb56-e0b1-4294-9bb2-d2fb1c987bb6,panchanga_nakshatra_moon,NAKSHATRA_MOON_BIRTH,arambha_iso,1984-02-05T17:55:22+00:00,,,,panchanga_nakshatra_moon.NAKSHATRA_MOON_BIRTH.arambha_iso@chart=482012f1-710e-4a25-994a-93821f5871aa:ay=krishnamurti:eng=panchanga_engine/2.0.0-P2,Moon nakshatra ends: 1984-02-05T17:55:22+00:00 (krishnamurti).,panchanga_engine/2.0.0-P2,single,2.0.0-P2,,2026-08-08 00:20:28.078056+00,,f,f,f,,0,
cac46519b7a616dd,482012f1-710e-4a25-994a-93821f5871aa,krishnamurti,6479bb56-e0b1-4294-9bb2-d2fb1c987bb6,panchanga_nakshatra_moon,NAKSHATRA_MOON_BIRTH,deity,Aja Ekapad,,,,panchanga_nakshatra_moon.NAKSHATRA_MOON_BIRTH.deity@chart=482012f1-710e-4a25-994a-93821f5871aa:ay=krishnamurti:eng=panchanga_engine/2.0.0-P2,Moon nakshatra deity: Aja Ekapad (krishnamurti).,panchanga_engine/2.0.0-P2,single,2.0.0-P2,,2026-08-08 00:20:28.078056+00,,f,f,f,,0,
f563d39a0c612566,482012f1-710e-4a25-994a-93821f5871aa,krishnamurti,6479bb56-e0b1-4294-9bb2-d2fb1c987bb6,panchanga_special_yoga_combinations,YOGA_UNKNOWN,combination_name,unknown,,,,panchanga_special_yoga_combinations.YOGA_UNKNOWN.combination_name@chart=482012f1-710e-4a25-994a-93821f5871aa:ay=krishnamurti:eng=panchanga_engine/2.0.0-P2,Special yoga unknown: active at birth (krishnamurti).,panchanga_engine/2.0.0-P2,single_pass,2.0.0-P2,,2026-08-08 00:20:28.078056+00,,f,f,f,,0,
02cf365dc142a067,482012f1-710e-4a25-994a-93821f5871aa,krishnamurti,6479bb56-e0b1-4294-9bb2-d2fb1c987bb6,panchanga_special_yoga_combinations,YOGA_UNKNOWN,active_at_birth_flag,true,,,,panchanga_special_yoga_combinations.YOGA_UNKNOWN.active_at_birth_flag@chart=482012f1-710e-4a25-994a-93821f5871aa:ay=krishnamurti:eng=panchanga_engine/2.0.0-P2,Special yoga unknown active at birth: true (krishnamurti).,panchanga_engine/2.0.0-P2,single_pass,2.0.0-P2,,2026-08-08 00:20:28.078056+00,,f,f,f,,0,
fddcab1a11cf2c36,482012f1-710e-4a25-994a-93821f5871aa,krishnamurti,6479bb56-e0b1-4294-9bb2-d2fb1c987bb6,panchanga_special_yoga_combinations,YOGA_UNKNOWN,constituent_facts_jsonb_atomic,,,"{""vara"": ""Ravivara"", ""tithi"": ""Shukla Tritiya"", ""nakshatra"": ""Purva Bhadrapada""}",,panchanga_special_yoga_combinations.YOGA_UNKNOWN.constituent_facts_jsonb_atomic@chart=482012f1-710e-4a25-994a-93821f5871aa:ay=krishnamurti:eng=panchanga_engine/2.0.0-P2,"Special yoga unknown constituent: tithi=Shukla Tritiya, vara=Ravivara, nakshatra=Purva Bhadrapada.",panchanga_engine/2.0.0-P2,single_pass,2.0.0-P2,,2026-08-08 00:20:28.078056+00,,f,f,f,,0,
03d88771c1d9422b,482012f1-710e-4a25-994a-93821f5871aa,krishnamurti,6479bb56-e0b1-4294-9bb2-d2fb1c987bb6,panchanga_panchaka_classification,PANCHAKA_ROGA,panchaka_name,Roga,,,,panchanga_panchaka_classification.PANCHAKA_ROGA.panchaka_name@chart=482012f1-710e-4a25-994a-93821f5871aa:ay=krishnamurti:eng=panchanga_engine/2.0.0-P2,Panchaka type Roga: active=False (krishnamurti).,panchanga_engine/2.0.0-P2,single_pass,2.0.0-P2,,2026-08-08 00:20:28.078056+00,,f,f,f,,0,
ec3b59811875dd7f,482012f1-710e-4a25-994a-93821f5871aa,krishnamurti,6479bb56-e0b1-4294-9bb2-d2fb1c987bb6,panchanga_panchaka_classification,PANCHAKA_ROGA,active_at_birth_flag,false,,,,panchanga_panchaka_classification.PANCHAKA_ROGA.active_at_birth_flag@chart=482012f1-710e-4a25-994a-93821f5871aa:ay=krishnamurti:eng=panchanga_engine/2.0.0-P2,Roga Panchaka at birth: False (krishnamurti).,panchanga_engine/2.0.0-P2,single_pass,2.0.0-P2,,2026-08-08 00:20:28.078056+00,,f,f,f,,0,
fc508689f20d439e,482012f1-710e-4a25-994a-93821f5871aa,krishnamurti,6479bb56-e0b1-4294-9bb2-d2fb1c987bb6,panchanga_panchaka_classification,PANCHAKA_ROGA,nakshatra_component,Dhanishtha,,,,panchanga_panchaka_classification.PANCHAKA_ROGA.nakshatra_component@chart=482012f1-710e-4a25-994a-93821f5871aa:ay=krishnamurti:eng=panchanga_engine/2.0.0-P2,Roga Panchaka nakshatra: Dhanishtha.,panchanga_engine/2.0.0-P2,single_pass,2.0.0-P2,,2026-08-08 00:20:28.078056+00,,f,f,f,,0,
76c0bad7f0ad123e,482012f1-710e-4a25-994a-93821f5871aa,krishnamurti,6479bb56-e0b1-4294-9bb2-d2fb1c987bb6,panchanga_panchaka_classification,PANCHAKA_RAJA,panchaka_name,Raja,,,,panchanga_panchaka_classification.PANCHAKA_RAJA.panchaka_name@chart=482012f1-710e-4a25-994a-93821f5871aa:ay=krishnamurti:eng=panchanga_engine/2.0.0-P2,Panchaka type Raja: active=False (krishnamurti).,panchanga_engine/2.0.0-P2,single_pass,2.0.0-P2,,2026-08-08 00:20:28.078056+00,,f,f,f,,0,
63f7a050b1df941e,482012f1-710e-4a25-994a-93821f5871aa,krishnamurti,6479bb56-e0b1-4294-9bb2-d2fb1c987bb6,panchanga_panchaka_classification,PANCHAKA_RAJA,active_at_birth_flag,false,,,,panchanga_panchaka_classification.PANCHAKA_RAJA.active_at_birth_flag@chart=482012f1-710e-4a25-994a-93821f5871aa:ay=krishnamurti:eng=panchanga_engine/2.0.0-P2,Raja Panchaka at birth: False (krishnamurti).,panchanga_engine/2.0.0-P2,single_pass,2.0.0-P2,,2026-08-08 00:20:28.078056+00,,f,f,f,,0,
3c92c9b42e0244ca,482012f1-710e-4a25-994a-93821f5871aa,krishnamurti,6479bb56-e0b1-4294-9bb2-d2fb1c987bb6,panchanga_panchaka_classification,PANCHAKA_RAJA,nakshatra_component,Shatabhisha,,,,panchanga_panchaka_classification.PANCHAKA_RAJA.nakshatra_component@chart=482012f1-710e-4a25-994a-93821f5871aa:ay=krishnamurti:eng=panchanga_engine/2.0.0-P2,Raja Panchaka nakshatra: Shatabhisha.,panchanga_engine/2.0.0-P2,single_pass,2.0.0-P2,,2026-08-08 00:20:28.078056+00,,f,f,f,,0,
8e2b667e394f8a33,482012f1-710e-4a25-994a-93821f5871aa,krishnamurti,6479bb56-e0b1-4294-9bb2-d2fb1c987bb6,panchanga_panchaka_classification,PANCHAKA_AGNI,panchaka_name,Agni,,,,panchanga_panchaka_classification.PANCHAKA_AGNI.panchaka_name@chart=482012f1-710e-4a25-994a-93821f5871aa:ay=krishnamurti:eng=panchanga_engine/2.0.0-P2,Panchaka type Agni: active=True (krishnamurti).,panchanga_engine/2.0.0-P2,single_pass,2.0.0-P2,,2026-08-08 00:20:28.078056+00,,f,f,f,,0,
9268825a66bff1d3,482012f1-710e-4a25-994a-93821f5871aa,krishnamurti,6479bb56-e0b1-4294-9bb2-d2fb1c987bb6,panchanga_panchaka_classification,PANCHAKA_AGNI,active_at_birth_flag,true,,,,panchanga_panchaka_classification.PANCHAKA_AGNI.active_at_birth_flag@chart=482012f1-710e-4a25-994a-93821f5871aa:ay=krishnamurti:eng=panchanga_engine/2.0.0-P2,Agni Panchaka at birth: True (krishnamurti).,panchanga_engine/2.0.0-P2,single_pass,2.0.0-P2,,2026-08-08 00:20:28.078056+00,,f,f,f,,0,
d2695b9be3380df1,482012f1-710e-4a25-994a-93821f5871aa,krishnamurti,6479bb56-e0b1-4294-9bb2-d2fb1c987bb6,panchanga_panchaka_classification,PANCHAKA_AGNI,nakshatra_component,Purva Bhadrapada,,,,panchanga_panchaka_classification.PANCHAKA_AGNI.nakshatra_component@chart=482012f1-710e-4a25-994a-93821f5871aa:ay=krishnamurti:eng=panchanga_engine/2.0.0-P2,Agni Panchaka nakshatra: Purva Bhadrapada.,panchanga_engine/2.0.0-P2,single_pass,2.0.0-P2,,2026-08-08 00:20:28.078056+00,,f,f,f,,0,
169102b77182d5a3,482012f1-710e-4a25-994a-93821f5871aa,krishnamurti,6479bb56-e0b1-4294-9bb2-d2fb1c987bb6,panchanga_panchaka_classification,PANCHAKA_CHORA,panchaka_name,Chora,,,,panchanga_panchaka_classification.PANCHAKA_CHORA.panchaka_name@chart=482012f1-710e-4a25-994a-93821f5871aa:ay=krishnamurti:eng=panchanga_engine/2.0.0-P2,Panchaka type Chora: active=False (krishnamurti).,panchanga_engine/2.0.0-P2,single_pass,2.0.0-P2,,2026-08-08 00:20:28.078056+00,,f,f,f,,0,
ee257978ade075fe,482012f1-710e-4a25-994a-93821f5871aa,raman,6479bb56-e0b1-4294-9bb2-d2fb1c987bb6,panchanga_nakshatra_moon,NAKSHATRA_MOON_BIRTH,name,Purva Bhadrapada,,,,panchanga_nakshatra_moon.NAKSHATRA_MOON_BIRTH.name@chart=482012f1-710e-4a25-994a-93821f5871aa:ay=raman:eng=panchanga_engine/2.0.0-P2,Moon nakshatra at birth: Purva Bhadrapada (raman).,panchanga_engine/2.0.0-P2,single,2.0.0-P2,,2026-08-08 00:20:28.078056+00,,f,f,f,,0,
0620b36abb504d4d,482012f1-710e-4a25-994a-93821f5871aa,raman,6479bb56-e0b1-4294-9bb2-d2fb1c987bb6,panchanga_nakshatra_moon,NAKSHATRA_MOON_BIRTH,number,,25,,,panchanga_nakshatra_moon.NAKSHATRA_MOON_BIRTH.number@chart=482012f1-710e-4a25-994a-93821f5871aa:ay=raman:eng=panchanga_engine/2.0.0-P2,Moon nakshatra number: 25 (raman).,panchanga_engine/2.0.0-P2,single,2.0.0-P2,,2026-08-08 00:20:28.078056+00,,f,f,f,,0,
e2518ec9798297f3,482012f1-710e-4a25-994a-93821f5871aa,raman,6479bb56-e0b1-4294-9bb2-d2fb1c987bb6,panchanga_nakshatra_moon,NAKSHATRA_MOON_BIRTH,vimshottari_starting_lord,Jupiter,,,,panchanga_nakshatra_moon.NAKSHATRA_MOON_BIRTH.vimshottari_starting_lord@chart=482012f1-710e-4a25-994a-93821f5871aa:ay=raman:eng=panchanga_engine/2.0.0-P2,Vimshottari dasha starting lord for Purva Bhadrapada: Jupiter (raman).,panchanga_engine/2.0.0-P2,single,2.0.0-P2,,2026-08-08 00:20:28.078056+00,,f,f,f,,0,
c6930eb903294d5c,482012f1-710e-4a25-994a-93821f5871aa,raman,6479bb56-e0b1-4294-9bb2-d2fb1c987bb6,panchanga_nakshatra_moon,NAKSHATRA_MOON_BIRTH,arambha_iso,1984-02-05T17:55:22+00:00,,,,panchanga_nakshatra_moon.NAKSHATRA_MOON_BIRTH.arambha_iso@chart=482012f1-710e-4a25-994a-93821f5871aa:ay=raman:eng=panchanga_engine/2.0.0-P2,Moon nakshatra ends: 1984-02-05T17:55:22+00:00 (raman).,panchanga_engine/2.0.0-P2,single,2.0.0-P2,,2026-08-08 00:20:28.078056+00,,f,f,f,,0,
b2025ef0cc56ef44,482012f1-710e-4a25-994a-93821f5871aa,raman,6479bb56-e0b1-4294-9bb2-d2fb1c987bb6,panchanga_nakshatra_moon,NAKSHATRA_MOON_BIRTH,deity,Aja Ekapad,,,,panchanga_nakshatra_moon.NAKSHATRA_MOON_BIRTH.deity@chart=482012f1-710e-4a25-994a-93821f5871aa:ay=raman:eng=panchanga_engine/2.0.0-P2,Moon nakshatra deity: Aja Ekapad (raman).,panchanga_engine/2.0.0-P2,single,2.0.0-P2,,2026-08-08 00:20:28.078056+00,,f,f,f,,0,
b0f2b47d4ce0926d,482012f1-710e-4a25-994a-93821f5871aa,raman,6479bb56-e0b1-4294-9bb2-d2fb1c987bb6,panchanga_special_yoga_combinations,YOGA_UNKNOWN,combination_name,unknown,,,,panchanga_special_yoga_combinations.YOGA_UNKNOWN.combination_name@chart=482012f1-710e-4a25-994a-93821f5871aa:ay=raman:eng=panchanga_engine/2.0.0-P2,Special yoga unknown: active at birth (raman).,panchanga_engine/2.0.0-P2,single_pass,2.0.0-P2,,2026-08-08 00:20:28.078056+00,,f,f,f,,0,
8f641559fc4fae22,482012f1-710e-4a25-994a-93821f5871aa,raman,6479bb56-e0b1-4294-9bb2-d2fb1c987bb6,panchanga_special_yoga_combinations,YOGA_UNKNOWN,active_at_birth_flag,true,,,,panchanga_special_yoga_combinations.YOGA_UNKNOWN.active_at_birth_flag@chart=482012f1-710e-4a25-994a-93821f5871aa:ay=raman:eng=panchanga_engine/2.0.0-P2,Special yoga unknown active at birth: true (raman).,panchanga_engine/2.0.0-P2,single_pass,2.0.0-P2,,2026-08-08 00:20:28.078056+00,,f,f,f,,0,
17ab920e26e25ecf,482012f1-710e-4a25-994a-93821f5871aa,raman,6479bb56-e0b1-4294-9bb2-d2fb1c987bb6,panchanga_special_yoga_combinations,YOGA_UNKNOWN,constituent_facts_jsonb_atomic,,,"{""vara"": ""Ravivara"", ""tithi"": ""Shukla Tritiya"", ""nakshatra"": ""Purva Bhadrapada""}",,panchanga_special_yoga_combinations.YOGA_UNKNOWN.constituent_facts_jsonb_atomic@chart=482012f1-710e-4a25-994a-93821f5871aa:ay=raman:eng=panchanga_engine/2.0.0-P2,"Special yoga unknown constituent: tithi=Shukla Tritiya, vara=Ravivara, nakshatra=Purva Bhadrapada.",panchanga_engine/2.0.0-P2,single_pass,2.0.0-P2,,2026-08-08 00:20:28.078056+00,,f,f,f,,0,
7b3d5a79bffecc4d,482012f1-710e-4a25-994a-93821f5871aa,raman,6479bb56-e0b1-4294-9bb2-d2fb1c987bb6,panchanga_panchaka_classification,PANCHAKA_ROGA,panchaka_name,Roga,,,,panchanga_panchaka_classification.PANCHAKA_ROGA.panchaka_name@chart=482012f1-710e-4a25-994a-93821f5871aa:ay=raman:eng=panchanga_engine/2.0.0-P2,Panchaka type Roga: active=False (raman).,panchanga_engine/2.0.0-P2,single_pass,2.0.0-P2,,2026-08-08 00:20:28.078056+00,,f,f,f,,0,
5baa1ee935f0e0e2,482012f1-710e-4a25-994a-93821f5871aa,INVARIANT,6479bb56-e0b1-4294-9bb2-d2fb1c987bb6,panchanga_solar_context,SOLAR_CONTEXT_BIRTH,ayana,Uttarayana,,,,panchanga_solar_context.SOLAR_CONTEXT_BIRTH.ayana@chart=482012f1-710e-4a25-994a-93821f5871aa:ay=INVARIANT:eng=panchanga_engine/2.0.0-P2,Ayana at birth: Uttarayana.,panchanga_engine/2.0.0-P2,single,2.0.0-P2,,2026-08-08 00:20:28.078056+00,,f,f,f,,0,
2561ea1dc7595ff8,482012f1-710e-4a25-994a-93821f5871aa,INVARIANT,6479bb56-e0b1-4294-9bb2-d2fb1c987bb6,panchanga_solar_context,SOLAR_CONTEXT_BIRTH,ritu,Hemanta,,,,panchanga_solar_context.SOLAR_CONTEXT_BIRTH.ritu@chart=482012f1-710e-4a25-994a-93821f5871aa:ay=INVARIANT:eng=panchanga_engine/2.0.0-P2,Ritu at birth: Hemanta.,panchanga_engine/2.0.0-P2,single,2.0.0-P2,,2026-08-08 00:20:28.078056+00,,f,f,f,,0,
5bf940af8a9dbd04,482012f1-710e-4a25-994a-93821f5871aa,INVARIANT,6479bb56-e0b1-4294-9bb2-d2fb1c987bb6,panchanga_solar_context,SOLAR_CONTEXT_BIRTH,solar_arc_into_current_sign_deg,,291.9568,,deg,panchanga_solar_context.SOLAR_CONTEXT_BIRTH.solar_arc_into_current_sign_deg@chart=482012f1-710e-4a25-994a-93821f5871aa:ay=INVARIANT:eng=panchanga_engine/2.0.0-P2,Sun's arc into current sign: 291.9568 deg.,panchanga_engine/2.0.0-P2,single,2.0.0-P2,,2026-08-08 00:20:28.078056+00,,f,f,f,,0,
ababf0433b5edda2,482012f1-710e-4a25-994a-93821f5871aa,INVARIANT,6479bb56-e0b1-4294-9bb2-d2fb1c987bb6,panchanga_calendrical,CALENDRICAL_BIRTH,masa_purnimanta,Pausha,,,,panchanga_calendrical.CALENDRICAL_BIRTH.masa_purnimanta@chart=482012f1-710e-4a25-994a-93821f5871aa:ay=INVARIANT:eng=panchanga_engine/2.0.0-P2,Masa (Purnimanta): Pausha.,panchanga_engine/2.0.0-P2,single,2.0.0-P2,,2026-08-08 00:20:28.078056+00,,f,f,f,,0,
3fce68f6012f5505,482012f1-710e-4a25-994a-93821f5871aa,INVARIANT,6479bb56-e0b1-4294-9bb2-d2fb1c987bb6,panchanga_calendrical,CALENDRICAL_BIRTH,masa_amanta,Margashirsha,,,,panchanga_calendrical.CALENDRICAL_BIRTH.masa_amanta@chart=482012f1-710e-4a25-994a-93821f5871aa:ay=INVARIANT:eng=panchanga_engine/2.0.0-P2,Masa (Amanta): Margashirsha.,panchanga_engine/2.0.0-P2,single,2.0.0-P2,,2026-08-08 00:20:28.078056+00,,f,f,f,,0,
315e3a6ad91b30bd,482012f1-710e-4a25-994a-93821f5871aa,INVARIANT,6479bb56-e0b1-4294-9bb2-d2fb1c987bb6,panchanga_calendrical,CALENDRICAL_BIRTH,adhika_masa_flag,false,,,,panchanga_calendrical.CALENDRICAL_BIRTH.adhika_masa_flag@chart=482012f1-710e-4a25-994a-93821f5871aa:ay=INVARIANT:eng=panchanga_engine/2.0.0-P2,Adhika (intercalary) masa: False.,panchanga_engine/2.0.0-P2,single,2.0.0-P2,,2026-08-08 00:20:28.078056+00,,f,f,f,,0,
6c259b5f61000e4a,482012f1-710e-4a25-994a-93821f5871aa,INVARIANT,6479bb56-e0b1-4294-9bb2-d2fb1c987bb6,panchanga_calendrical,CALENDRICAL_BIRTH,kshaya_masa_flag,false,,,,panchanga_calendrical.CALENDRICAL_BIRTH.kshaya_masa_flag@chart=482012f1-710e-4a25-994a-93821f5871aa:ay=INVARIANT:eng=panchanga_engine/2.0.0-P2,Kshaya (suppressed) masa: False.,panchanga_engine/2.0.0-P2,single,2.0.0-P2,,2026-08-08 00:20:28.078056+00,,f,f,f,,0,
47982703de8865be,482012f1-710e-4a25-994a-93821f5871aa,INVARIANT,6479bb56-e0b1-4294-9bb2-d2fb1c987bb6,panchanga_calendrical,CALENDRICAL_BIRTH,vikram_samvat,,2040,,,panchanga_calendrical.CALENDRICAL_BIRTH.vikram_samvat@chart=482012f1-710e-4a25-994a-93821f5871aa:ay=INVARIANT:eng=panchanga_engine/2.0.0-P2,Vikram Samvat: 2040.,panchanga_engine/2.0.0-P2,single,2.0.0-P2,,2026-08-08 00:20:28.078056+00,,f,f,f,,0,
b04379c71286ed0b,482012f1-710e-4a25-994a-93821f5871aa,INVARIANT,6479bb56-e0b1-4294-9bb2-d2fb1c987bb6,panchanga_calendrical,CALENDRICAL_BIRTH,shaka_samvat,,1906,,,panchanga_calendrical.CALENDRICAL_BIRTH.shaka_samvat@chart=482012f1-710e-4a25-994a-93821f5871aa:ay=INVARIANT:eng=panchanga_engine/2.0.0-P2,Shaka Samvat: 1906.,panchanga_engine/2.0.0-P2,single,2.0.0-P2,,2026-08-08 00:20:28.078056+00,,f,f,f,,0,
8dce44cca46e67ab,482012f1-710e-4a25-994a-93821f5871aa,INVARIANT,6479bb56-e0b1-4294-9bb2-d2fb1c987bb6,panchanga_calendrical,CALENDRICAL_BIRTH,kali_samvat,,5086,,,panchanga_calendrical.CALENDRICAL_BIRTH.kali_samvat@chart=482012f1-710e-4a25-994a-93821f5871aa:ay=INVARIANT:eng=panchanga_engine/2.0.0-P2,Kali Samvat: 5086.,panchanga_engine/2.0.0-P2,single,2.0.0-P2,,2026-08-08 00:20:28.078056+00,,f,f,f,,0,
f8dadbcf4c47b761,482012f1-710e-4a25-994a-93821f5871aa,INVARIANT,6479bb56-e0b1-4294-9bb2-d2fb1c987bb6,panchanga_calendrical,CALENDRICAL_BIRTH,jovian_60yr_cycle_name,Paridhavin,,,,panchanga_calendrical.CALENDRICAL_BIRTH.jovian_60yr_cycle_name@chart=482012f1-710e-4a25-994a-93821f5871aa:ay=INVARIANT:eng=panchanga_engine/2.0.0-P2,Jovian 60-year cycle: Paridhavin.,panchanga_engine/2.0.0-P2,single,2.0.0-P2,,2026-08-08 00:20:28.078056+00,,f,f,f,,0,
e9eccf54f729852d,482012f1-710e-4a25-994a-93821f5871aa,INVARIANT,6479bb56-e0b1-4294-9bb2-d2fb1c987bb6,panchanga_calendrical,CALENDRICAL_BIRTH,jovian_60yr_position,,46,,,panchanga_calendrical.CALENDRICAL_BIRTH.jovian_60yr_position@chart=482012f1-710e-4a25-994a-93821f5871aa:ay=INVARIANT:eng=panchanga_engine/2.0.0-P2,Jovian 60-year position: 46/60.,panchanga_engine/2.0.0-P2,single,2.0.0-P2,,2026-08-08 00:20:28.078056+00,,f,f,f,,0,
a510a41b8c65ed16,482012f1-710e-4a25-994a-93821f5871aa,INVARIANT,6479bb56-e0b1-4294-9bb2-d2fb1c987bb6,panchanga_sun_moon_dynamics,SUN_MOON_DYNAMICS_BIRTH,sun_moon_separation_deg,,35.0982,,deg,panchanga_sun_moon_dynamics.SUN_MOON_DYNAMICS_BIRTH.sun_moon_separation_deg@chart=482012f1-710e-4a25-994a-93821f5871aa:ay=INVARIANT:eng=panchanga_engine/2.0.0-P2,Sun-Moon separation at birth: 35.0982 deg.,panchanga_engine/2.0.0-P2,single,2.0.0-P2,,2026-08-08 00:20:28.078056+00,,f,f,f,,0,
c7c25c84d28fa454,482012f1-710e-4a25-994a-93821f5871aa,INVARIANT,6479bb56-e0b1-4294-9bb2-d2fb1c987bb6,panchanga_sun_moon_dynamics,SUN_MOON_DYNAMICS_BIRTH,moon_illumination_pct,,9.75,,%,panchanga_sun_moon_dynamics.SUN_MOON_DYNAMICS_BIRTH.moon_illumination_pct@chart=482012f1-710e-4a25-994a-93821f5871aa:ay=INVARIANT:eng=panchanga_engine/2.0.0-P2,Moon illumination at birth: 9.75%.,panchanga_engine/2.0.0-P2,single,2.0.0-P2,,2026-08-08 00:20:28.078056+00,,f,f,f,,0,
318758bb5185f88f,482012f1-710e-4a25-994a-93821f5871aa,INVARIANT,6479bb56-e0b1-4294-9bb2-d2fb1c987bb6,panchanga_sun_moon_dynamics,SUN_MOON_DYNAMICS_BIRTH,moon_phase_angle_deg,,35.0982,,deg,panchanga_sun_moon_dynamics.SUN_MOON_DYNAMICS_BIRTH.moon_phase_angle_deg@chart=482012f1-710e-4a25-994a-93821f5871aa:ay=INVARIANT:eng=panchanga_engine/2.0.0-P2,Moon phase angle at birth: 35.0982 deg.,panchanga_engine/2.0.0-P2,single,2.0.0-P2,,2026-08-08 00:20:28.078056+00,,f,f,f,,0,
10f821650c8ff8fb,482012f1-710e-4a25-994a-93821f5871aa,INVARIANT,6479bb56-e0b1-4294-9bb2-d2fb1c987bb6,panchanga_sun_moon_dynamics,SUN_MOON_DYNAMICS_BIRTH,tithi_arambha_iso,1984-02-05T07:12:47+00:00,,,,panchanga_sun_moon_dynamics.SUN_MOON_DYNAMICS_BIRTH.tithi_arambha_iso@chart=482012f1-710e-4a25-994a-93821f5871aa:ay=INVARIANT:eng=panchanga_engine/2.0.0-P2,Tithi ends: 1984-02-05T07:12:47+00:00.,panchanga_engine/2.0.0-P2,single,2.0.0-P2,,2026-08-08 00:20:28.078056+00,,f,f,f,,0,
051356db0730033d,482012f1-710e-4a25-994a-93821f5871aa,INVARIANT,6479bb56-e0b1-4294-9bb2-d2fb1c987bb6,panchanga_sun_moon_dynamics,SUN_MOON_DYNAMICS_BIRTH,nakshatra_arambha_iso,1984-02-05T17:55:22+00:00,,,,panchanga_sun_moon_dynamics.SUN_MOON_DYNAMICS_BIRTH.nakshatra_arambha_iso@chart=482012f1-710e-4a25-994a-93821f5871aa:ay=INVARIANT:eng=panchanga_engine/2.0.0-P2,Nakshatra ends: 1984-02-05T17:55:22+00:00.,panchanga_engine/2.0.0-P2,single,2.0.0-P2,,2026-08-08 00:20:28.078056+00,,f,f,f,,0,
38df94ee2338ff36,482012f1-710e-4a25-994a-93821f5871aa,INVARIANT,6479bb56-e0b1-4294-9bb2-d2fb1c987bb6,panchanga_sun_moon_dynamics,SUN_MOON_DYNAMICS_BIRTH,yoga_arambha_iso,1984-02-05T19:29:13+00:00,,,,panchanga_sun_moon_dynamics.SUN_MOON_DYNAMICS_BIRTH.yoga_arambha_iso@chart=482012f1-710e-4a25-994a-93821f5871aa:ay=INVARIANT:eng=panchanga_engine/2.0.0-P2,Yoga ends: 1984-02-05T19:29:13+00:00.,panchanga_engine/2.0.0-P2,single,2.0.0-P2,,2026-08-08 00:20:28.078056+00,,f,f,f,,0,
e6e31fa2fd02a91c,482012f1-710e-4a25-994a-93821f5871aa,INVARIANT,6479bb56-e0b1-4294-9bb2-d2fb1c987bb6,panchanga_sun_moon_dynamics,SUN_MOON_DYNAMICS_BIRTH,karana_arambha_iso,1984-02-05T07:12:47+00:00,,,,panchanga_sun_moon_dynamics.SUN_MOON_DYNAMICS_BIRTH.karana_arambha_iso@chart=482012f1-710e-4a25-994a-93821f5871aa:ay=INVARIANT:eng=panchanga_engine/2.0.0-P2,Karana ends: 1984-02-05T07:12:47+00:00.,panchanga_engine/2.0.0-P2,single,2.0.0-P2,,2026-08-08 00:20:28.078056+00,,f,f,f,,0,
21f146a8b18aa3cf,482012f1-710e-4a25-994a-93821f5871aa,INVARIANT,6479bb56-e0b1-4294-9bb2-d2fb1c987bb6,panchanga_gulika_kalam,GULIKA_KALAM_BIRTH_DAY,end_iso,1984-02-05T10:45:09.500000+00:00,,,,panchanga_gulika_kalam.GULIKA_KALAM_BIRTH_DAY.end_iso@chart=482012f1-710e-4a25-994a-93821f5871aa:ay=INVARIANT:eng=panchanga_engine/2.0.0-P2,Gulika Kalam end: 1984-02-05T10:45:09.500000+00:00.,panchanga_engine/2.0.0-P2,single_pass,2.0.0-P2,,2026-08-08 00:20:28.078056+00,,f,f,f,,0,
6a1c40443caf5cea,482012f1-710e-4a25-994a-93821f5871aa,INVARIANT,6479bb56-e0b1-4294-9bb2-d2fb1c987bb6,panchanga_gulika_kalam,GULIKA_KALAM_BIRTH_DAY,duration_minutes,,84.8083333333333,,minutes,panchanga_gulika_kalam.GULIKA_KALAM_BIRTH_DAY.duration_minutes@chart=482012f1-710e-4a25-994a-93821f5871aa:ay=INVARIANT:eng=panchanga_engine/2.0.0-P2,Gulika Kalam duration: 84.8 min.,panchanga_engine/2.0.0-P2,single_pass,2.0.0-P2,,2026-08-08 00:20:28.078056+00,,f,f,f,,0,
8b7285d6fb050450,482012f1-710e-4a25-994a-93821f5871aa,INVARIANT,6479bb56-e0b1-4294-9bb2-d2fb1c987bb6,panchanga_durmuhurta,DURMUHURTA_BIRTH_DAY,start_iso,1984-02-05T09:39:30+00:00,,,,panchanga_durmuhurta.DURMUHURTA_BIRTH_DAY.start_iso@chart=482012f1-710e-4a25-994a-93821f5871aa:ay=INVARIANT:eng=panchanga_engine/2.0.0-P2,Durmuhurta start: 1984-02-05T09:39:30+00:00.,panchanga_engine/2.0.0-P2,single_pass,2.0.0-P2,,2026-08-08 00:20:28.078056+00,,f,f,f,,0,
113228794593ca2c,482012f1-710e-4a25-994a-93821f5871aa,INVARIANT,6479bb56-e0b1-4294-9bb2-d2fb1c987bb6,panchanga_durmuhurta,DURMUHURTA_BIRTH_DAY,end_iso,1984-02-05T10:27:30+00:00,,,,panchanga_durmuhurta.DURMUHURTA_BIRTH_DAY.end_iso@chart=482012f1-710e-4a25-994a-93821f5871aa:ay=INVARIANT:eng=panchanga_engine/2.0.0-P2,Durmuhurta end: 1984-02-05T10:27:30+00:00.,panchanga_engine/2.0.0-P2,single_pass,2.0.0-P2,,2026-08-08 00:20:28.078056+00,,f,f,f,,0,
4cf13a8a7661f277,482012f1-710e-4a25-994a-93821f5871aa,INVARIANT,6479bb56-e0b1-4294-9bb2-d2fb1c987bb6,panchanga_durmuhurta,DURMUHURTA_BIRTH_DAY,duration_minutes,,48,,minutes,panchanga_durmuhurta.DURMUHURTA_BIRTH_DAY.duration_minutes@chart=482012f1-710e-4a25-994a-93821f5871aa:ay=INVARIANT:eng=panchanga_engine/2.0.0-P2,Durmuhurta duration: 48.0 min.,panchanga_engine/2.0.0-P2,single_pass,2.0.0-P2,,2026-08-08 00:20:28.078056+00,,f,f,f,,0,
49c7706cafb2a43d,482012f1-710e-4a25-994a-93821f5871aa,INVARIANT,6479bb56-e0b1-4294-9bb2-d2fb1c987bb6,panchanga_varjyam,VARJYAM_BIRTH_DAY,start_iso,1984-02-05T21:39:30+00:00,,,,panchanga_varjyam.VARJYAM_BIRTH_DAY.start_iso@chart=482012f1-710e-4a25-994a-93821f5871aa:ay=INVARIANT:eng=panchanga_engine/2.0.0-P2,Varjyam start: 1984-02-05T21:39:30+00:00.,panchanga_engine/2.0.0-P2,single_pass,2.0.0-P2,,2026-08-08 00:20:28.078056+00,,f,f,f,,0,
28ef53fdd47d7ef8,482012f1-710e-4a25-994a-93821f5871aa,INVARIANT,6479bb56-e0b1-4294-9bb2-d2fb1c987bb6,panchanga_varjyam,VARJYAM_BIRTH_DAY,end_iso,1984-02-05T23:15:30+00:00,,,,panchanga_varjyam.VARJYAM_BIRTH_DAY.end_iso@chart=482012f1-710e-4a25-994a-93821f5871aa:ay=INVARIANT:eng=panchanga_engine/2.0.0-P2,Varjyam end: 1984-02-05T23:15:30+00:00.,panchanga_engine/2.0.0-P2,single_pass,2.0.0-P2,,2026-08-08 00:20:28.078056+00,,f,f,f,,0,
36ab8662e0b75271,482012f1-710e-4a25-994a-93821f5871aa,INVARIANT,6479bb56-e0b1-4294-9bb2-d2fb1c987bb6,panchanga_varjyam,VARJYAM_BIRTH_DAY,duration_minutes,,96,,minutes,panchanga_varjyam.VARJYAM_BIRTH_DAY.duration_minutes@chart=482012f1-710e-4a25-994a-93821f5871aa:ay=INVARIANT:eng=panchanga_engine/2.0.0-P2,Varjyam duration: 96.0 min.,panchanga_engine/2.0.0-P2,single_pass,2.0.0-P2,,2026-08-08 00:20:28.078056+00,,f,f,f,,0,
64d125b5dd3ff59d,482012f1-710e-4a25-994a-93821f5871aa,INVARIANT,6479bb56-e0b1-4294-9bb2-d2fb1c987bb6,panchanga_visha_ghati,VISHA_GHATI_BIRTH_DAY,start_iso,1984-02-05T02:27:30+00:00,,,,panchanga_visha_ghati.VISHA_GHATI_BIRTH_DAY.start_iso@chart=482012f1-710e-4a25-994a-93821f5871aa:ay=INVARIANT:eng=panchanga_engine/2.0.0-P2,Visha Ghati start: 1984-02-05T02:27:30+00:00.,panchanga_engine/2.0.0-P2,single_pass,2.0.0-P2,,2026-08-08 00:20:28.078056+00,,f,f,f,,0,
2245b095c493dc4b,482012f1-710e-4a25-994a-93821f5871aa,INVARIANT,6479bb56-e0b1-4294-9bb2-d2fb1c987bb6,panchanga_visha_ghati,VISHA_GHATI_BIRTH_DAY,end_iso,1984-02-05T02:51:30+00:00,,,,panchanga_visha_ghati.VISHA_GHATI_BIRTH_DAY.end_iso@chart=482012f1-710e-4a25-994a-93821f5871aa:ay=INVARIANT:eng=panchanga_engine/2.0.0-P2,Visha Ghati end: 1984-02-05T02:51:30+00:00.,panchanga_engine/2.0.0-P2,single_pass,2.0.0-P2,,2026-08-08 00:20:28.078056+00,,f,f,f,,0,
1ac9a19eb1afc531,482012f1-710e-4a25-994a-93821f5871aa,INVARIANT,6479bb56-e0b1-4294-9bb2-d2fb1c987bb6,panchanga_visha_ghati,VISHA_GHATI_BIRTH_DAY,duration_minutes,,24,,minutes,panchanga_visha_ghati.VISHA_GHATI_BIRTH_DAY.duration_minutes@chart=482012f1-710e-4a25-994a-93821f5871aa:ay=INVARIANT:eng=panchanga_engine/2.0.0-P2,Visha Ghati duration: 24.0 min.,panchanga_engine/2.0.0-P2,single_pass,2.0.0-P2,,2026-08-08 00:20:28.078056+00,,f,f,f,,0,
24a1a8a135dbcd03,482012f1-710e-4a25-994a-93821f5871aa,INVARIANT,6479bb56-e0b1-4294-9bb2-d2fb1c987bb6,panchanga_sashtighati,SASHTIGHATI_BIRTH_DAY,start_iso,1984-02-05T02:51:30+00:00,,,,panchanga_sashtighati.SASHTIGHATI_BIRTH_DAY.start_iso@chart=482012f1-710e-4a25-994a-93821f5871aa:ay=INVARIANT:eng=panchanga_engine/2.0.0-P2,Sashtighati start: 1984-02-05T02:51:30+00:00.,panchanga_engine/2.0.0-P2,single_pass,2.0.0-P2,,2026-08-08 00:20:28.078056+00,,f,f,f,,0,
2e96c060b4cf817b,482012f1-710e-4a25-994a-93821f5871aa,INVARIANT,6479bb56-e0b1-4294-9bb2-d2fb1c987bb6,panchanga_sashtighati,SASHTIGHATI_BIRTH_DAY,end_iso,1984-02-05T03:15:30+00:00,,,,panchanga_sashtighati.SASHTIGHATI_BIRTH_DAY.end_iso@chart=482012f1-710e-4a25-994a-93821f5871aa:ay=INVARIANT:eng=panchanga_engine/2.0.0-P2,Sashtighati end: 1984-02-05T03:15:30+00:00.,panchanga_engine/2.0.0-P2,single_pass,2.0.0-P2,,2026-08-08 00:20:28.078056+00,,f,f,f,,0,
225580dd48643831,482012f1-710e-4a25-994a-93821f5871aa,INVARIANT,6479bb56-e0b1-4294-9bb2-d2fb1c987bb6,panchanga_sashtighati,SASHTIGHATI_BIRTH_DAY,duration_minutes,,24,,minutes,panchanga_sashtighati.SASHTIGHATI_BIRTH_DAY.duration_minutes@chart=482012f1-710e-4a25-994a-93821f5871aa:ay=INVARIANT:eng=panchanga_engine/2.0.0-P2,Sashtighati duration: 24.0 min.,panchanga_engine/2.0.0-P2,single_pass,2.0.0-P2,,2026-08-08 00:20:28.078056+00,,f,f,f,,0,
b1f779a3aa558d8f,482012f1-710e-4a25-994a-93821f5871aa,INVARIANT,6479bb56-e0b1-4294-9bb2-d2fb1c987bb6,panchanga_yamakantaka,YAMAKANTAKA_BIRTH_DAY,start_iso,1984-02-05T05:05:55.500000+00:00,,,,panchanga_yamakantaka.YAMAKANTAKA_BIRTH_DAY.start_iso@chart=482012f1-710e-4a25-994a-93821f5871aa:ay=INVARIANT:eng=panchanga_engine/2.0.0-P2,Yamakantaka start: 1984-02-05T05:05:55.500000+00:00.,panchanga_engine/2.0.0-P2,single_pass,2.0.0-P2,,2026-08-08 00:20:28.078056+00,,f,f,f,,0,
f35d8204ce8c22f3,482012f1-710e-4a25-994a-93821f5871aa,INVARIANT,6479bb56-e0b1-4294-9bb2-d2fb1c987bb6,panchanga_yamakantaka,YAMAKANTAKA_BIRTH_DAY,end_iso,1984-02-05T06:30:44+00:00,,,,panchanga_yamakantaka.YAMAKANTAKA_BIRTH_DAY.end_iso@chart=482012f1-710e-4a25-994a-93821f5871aa:ay=INVARIANT:eng=panchanga_engine/2.0.0-P2,Yamakantaka end: 1984-02-05T06:30:44+00:00.,panchanga_engine/2.0.0-P2,single_pass,2.0.0-P2,,2026-08-08 00:20:28.078056+00,,f,f,f,,0,
e7acae582675598c,482012f1-710e-4a25-994a-93821f5871aa,INVARIANT,6479bb56-e0b1-4294-9bb2-d2fb1c987bb6,panchanga_yamakantaka,YAMAKANTAKA_BIRTH_DAY,duration_minutes,,84.8083333333333,,minutes,panchanga_yamakantaka.YAMAKANTAKA_BIRTH_DAY.duration_minutes@chart=482012f1-710e-4a25-994a-93821f5871aa:ay=INVARIANT:eng=panchanga_engine/2.0.0-P2,Yamakantaka duration: 84.8 min.,panchanga_engine/2.0.0-P2,single_pass,2.0.0-P2,,2026-08-08 00:20:28.078056+00,,f,f,f,,0,
a59defb86b8ab9b5,482012f1-710e-4a25-994a-93821f5871aa,lahiri_chitrapaksha,6479bb56-e0b1-4294-9bb2-d2fb1c987bb6,panchanga_special_yoga_combinations,YOGA_UNKNOWN,combination_name,unknown,,,,panchanga_special_yoga_combinations.YOGA_UNKNOWN.combination_name@chart=482012f1-710e-4a25-994a-93821f5871aa:ay=lahiri_chitrapaksha:eng=panchanga_engine/2.0.0-P2,Special yoga unknown: active at birth (lahiri_chitrapaksha).,panchanga_engine/2.0.0-P2,single_pass,2.0.0-P2,,2026-08-08 00:20:28.078056+00,,f,f,f,,0,
55cead964012043f,482012f1-710e-4a25-994a-93821f5871aa,lahiri_chitrapaksha,6479bb56-e0b1-4294-9bb2-d2fb1c987bb6,panchanga_special_yoga_combinations,YOGA_UNKNOWN,active_at_birth_flag,true,,,,panchanga_special_yoga_combinations.YOGA_UNKNOWN.active_at_birth_flag@chart=482012f1-710e-4a25-994a-93821f5871aa:ay=lahiri_chitrapaksha:eng=panchanga_engine/2.0.0-P2,Special yoga unknown active at birth: true (lahiri_chitrapaksha).,panchanga_engine/2.0.0-P2,single_pass,2.0.0-P2,,2026-08-08 00:20:28.078056+00,,f,f,f,,0,
61f63ee1286a2d1d,482012f1-710e-4a25-994a-93821f5871aa,lahiri_chitrapaksha,6479bb56-e0b1-4294-9bb2-d2fb1c987bb6,panchanga_special_yoga_combinations,YOGA_UNKNOWN,constituent_facts_jsonb_atomic,,,"{""vara"": ""Ravivara"", ""tithi"": ""Shukla Tritiya"", ""nakshatra"": ""Purva Bhadrapada""}",,panchanga_special_yoga_combinations.YOGA_UNKNOWN.constituent_facts_jsonb_atomic@chart=482012f1-710e-4a25-994a-93821f5871aa:ay=lahiri_chitrapaksha:eng=panchanga_engine/2.0.0-P2,"Special yoga unknown constituent: tithi=Shukla Tritiya, vara=Ravivara, nakshatra=Purva Bhadrapada.",panchanga_engine/2.0.0-P2,single_pass,2.0.0-P2,,2026-08-08 00:20:28.078056+00,,f,f,f,,0,
67e715a3b4c4b5ec,482012f1-710e-4a25-994a-93821f5871aa,lahiri_chitrapaksha,6479bb56-e0b1-4294-9bb2-d2fb1c987bb6,panchanga_panchaka_classification,PANCHAKA_ROGA,panchaka_name,Roga,,,,panchanga_panchaka_classification.PANCHAKA_ROGA.panchaka_name@chart=482012f1-710e-4a25-994a-93821f5871aa:ay=lahiri_chitrapaksha:eng=panchanga_engine/2.0.0-P2,Panchaka type Roga: active=False (lahiri_chitrapaksha).,panchanga_engine/2.0.0-P2,single_pass,2.0.0-P2,,2026-08-08 00:20:28.078056+00,,f,f,f,,0,
74d8d05f55e9ebd6,482012f1-710e-4a25-994a-93821f5871aa,lahiri_chitrapaksha,6479bb56-e0b1-4294-9bb2-d2fb1c987bb6,panchanga_panchaka_classification,PANCHAKA_ROGA,active_at_birth_flag,false,,,,panchanga_panchaka_classification.PANCHAKA_ROGA.active_at_birth_flag@chart=482012f1-710e-4a25-994a-93821f5871aa:ay=lahiri_chitrapaksha:eng=panchanga_engine/2.0.0-P2,Roga Panchaka at birth: False (lahiri_chitrapaksha).,panchanga_engine/2.0.0-P2,single_pass,2.0.0-P2,,2026-08-08 00:20:28.078056+00,,f,f,f,,0,
b398e79ff9b2f161,482012f1-710e-4a25-994a-93821f5871aa,lahiri_chitrapaksha,6479bb56-e0b1-4294-9bb2-d2fb1c987bb6,panchanga_panchaka_classification,PANCHAKA_ROGA,nakshatra_component,Dhanishtha,,,,panchanga_panchaka_classification.PANCHAKA_ROGA.nakshatra_component@chart=482012f1-710e-4a25-994a-93821f5871aa:ay=lahiri_chitrapaksha:eng=panchanga_engine/2.0.0-P2,Roga Panchaka nakshatra: Dhanishtha.,panchanga_engine/2.0.0-P2,single_pass,2.0.0-P2,,2026-08-08 00:20:28.078056+00,,f,f,f,,0,
de2c98cdc610c10f,482012f1-710e-4a25-994a-93821f5871aa,lahiri_chitrapaksha,6479bb56-e0b1-4294-9bb2-d2fb1c987bb6,panchanga_panchaka_classification,PANCHAKA_RAJA,panchaka_name,Raja,,,,panchanga_panchaka_classification.PANCHAKA_RAJA.panchaka_name@chart=482012f1-710e-4a25-994a-93821f5871aa:ay=lahiri_chitrapaksha:eng=panchanga_engine/2.0.0-P2,Panchaka type Raja: active=False (lahiri_chitrapaksha).,panchanga_engine/2.0.0-P2,single_pass,2.0.0-P2,,2026-08-08 00:20:28.078056+00,,f,f,f,,0,
bb7cac0c8641ea7d,482012f1-710e-4a25-994a-93821f5871aa,lahiri_chitrapaksha,6479bb56-e0b1-4294-9bb2-d2fb1c987bb6,panchanga_panchaka_classification,PANCHAKA_RAJA,active_at_birth_flag,false,,,,panchanga_panchaka_classification.PANCHAKA_RAJA.active_at_birth_flag@chart=482012f1-710e-4a25-994a-93821f5871aa:ay=lahiri_chitrapaksha:eng=panchanga_engine/2.0.0-P2,Raja Panchaka at birth: False (lahiri_chitrapaksha).,panchanga_engine/2.0.0-P2,single_pass,2.0.0-P2,,2026-08-08 00:20:28.078056+00,,f,f,f,,0,
92406513e39cb0bf,482012f1-710e-4a25-994a-93821f5871aa,lahiri_chitrapaksha,6479bb56-e0b1-4294-9bb2-d2fb1c987bb6,panchanga_panchaka_classification,PANCHAKA_RAJA,nakshatra_component,Shatabhisha,,,,panchanga_panchaka_classification.PANCHAKA_RAJA.nakshatra_component@chart=482012f1-710e-4a25-994a-93821f5871aa:ay=lahiri_chitrapaksha:eng=panchanga_engine/2.0.0-P2,Raja Panchaka nakshatra: Shatabhisha.,panchanga_engine/2.0.0-P2,single_pass,2.0.0-P2,,2026-08-08 00:20:28.078056+00,,f,f,f,,0,
d11ac62fa5f390d5,482012f1-710e-4a25-994a-93821f5871aa,lahiri_chitrapaksha,6479bb56-e0b1-4294-9bb2-d2fb1c987bb6,panchanga_panchaka_classification,PANCHAKA_AGNI,panchaka_name,Agni,,,,panchanga_panchaka_classification.PANCHAKA_AGNI.panchaka_name@chart=482012f1-710e-4a25-994a-93821f5871aa:ay=lahiri_chitrapaksha:eng=panchanga_engine/2.0.0-P2,Panchaka type Agni: active=True (lahiri_chitrapaksha).,panchanga_engine/2.0.0-P2,single_pass,2.0.0-P2,,2026-08-08 00:20:28.078056+00,,f,f,f,,0,
f2a6685dfa3a4a59,482012f1-710e-4a25-994a-93821f5871aa,lahiri_chitrapaksha,6479bb56-e0b1-4294-9bb2-d2fb1c987bb6,panchanga_panchaka_classification,PANCHAKA_AGNI,active_at_birth_flag,true,,,,panchanga_panchaka_classification.PANCHAKA_AGNI.active_at_birth_flag@chart=482012f1-710e-4a25-994a-93821f5871aa:ay=lahiri_chitrapaksha:eng=panchanga_engine/2.0.0-P2,Agni Panchaka at birth: True (lahiri_chitrapaksha).,panchanga_engine/2.0.0-P2,single_pass,2.0.0-P2,,2026-08-08 00:20:28.078056+00,,f,f,f,,0,
36785ffe37e58dc9,482012f1-710e-4a25-994a-93821f5871aa,lahiri_chitrapaksha,6479bb56-e0b1-4294-9bb2-d2fb1c987bb6,panchanga_panchaka_classification,PANCHAKA_AGNI,nakshatra_component,Purva Bhadrapada,,,,panchanga_panchaka_classification.PANCHAKA_AGNI.nakshatra_component@chart=482012f1-710e-4a25-994a-93821f5871aa:ay=lahiri_chitrapaksha:eng=panchanga_engine/2.0.0-P2,Agni Panchaka nakshatra: Purva Bhadrapada.,panchanga_engine/2.0.0-P2,single_pass,2.0.0-P2,,2026-08-08 00:20:28.078056+00,,f,f,f,,0,
26606400b6573978,482012f1-710e-4a25-994a-93821f5871aa,lahiri_chitrapaksha,6479bb56-e0b1-4294-9bb2-d2fb1c987bb6,panchanga_panchaka_classification,PANCHAKA_CHORA,panchaka_name,Chora,,,,panchanga_panchaka_classification.PANCHAKA_CHORA.panchaka_name@chart=482012f1-710e-4a25-994a-93821f5871aa:ay=lahiri_chitrapaksha:eng=panchanga_engine/2.0.0-P2,Panchaka type Chora: active=False (lahiri_chitrapaksha).,panchanga_engine/2.0.0-P2,single_pass,2.0.0-P2,,2026-08-08 00:20:28.078056+00,,f,f,f,,0,
2d9c8d2f2b5be612,482012f1-710e-4a25-994a-93821f5871aa,lahiri_chitrapaksha,6479bb56-e0b1-4294-9bb2-d2fb1c987bb6,panchanga_panchaka_classification,PANCHAKA_CHORA,active_at_birth_flag,false,,,,panchanga_panchaka_classification.PANCHAKA_CHORA.active_at_birth_flag@chart=482012f1-710e-4a25-994a-93821f5871aa:ay=lahiri_chitrapaksha:eng=panchanga_engine/2.0.0-P2,Chora Panchaka at birth: False (lahiri_chitrapaksha).,panchanga_engine/2.0.0-P2,single_pass,2.0.0-P2,,2026-08-08 00:20:28.078056+00,,f,f,f,,0,
30345c6c57e54949,482012f1-710e-4a25-994a-93821f5871aa,lahiri_chitrapaksha,6479bb56-e0b1-4294-9bb2-d2fb1c987bb6,panchanga_panchaka_classification,PANCHAKA_CHORA,nakshatra_component,Uttara Bhadrapada,,,,panchanga_panchaka_classification.PANCHAKA_CHORA.nakshatra_component@chart=482012f1-710e-4a25-994a-93821f5871aa:ay=lahiri_chitrapaksha:eng=panchanga_engine/2.0.0-P2,Chora Panchaka nakshatra: Uttara Bhadrapada.,panchanga_engine/2.0.0-P2,single_pass,2.0.0-P2,,2026-08-08 00:20:28.078056+00,,f,f,f,,0,
962b240ab63f5971,482012f1-710e-4a25-994a-93821f5871aa,lahiri_chitrapaksha,6479bb56-e0b1-4294-9bb2-d2fb1c987bb6,panchanga_panchaka_classification,PANCHAKA_MRITYU,panchaka_name,Mrityu,,,,panchanga_panchaka_classification.PANCHAKA_MRITYU.panchaka_name@chart=482012f1-710e-4a25-994a-93821f5871aa:ay=lahiri_chitrapaksha:eng=panchanga_engine/2.0.0-P2,Panchaka type Mrityu: active=False (lahiri_chitrapaksha).,panchanga_engine/2.0.0-P2,single_pass,2.0.0-P2,,2026-08-08 00:20:28.078056+00,,f,f,f,,0,
cd5ed9a3be61152d,482012f1-710e-4a25-994a-93821f5871aa,true_chitra,6479bb56-e0b1-4294-9bb2-d2fb1c987bb6,panchanga_nakshatra_moon,NAKSHATRA_MOON_BIRTH,name,Purva Bhadrapada,,,,panchanga_nakshatra_moon.NAKSHATRA_MOON_BIRTH.name@chart=482012f1-710e-4a25-994a-93821f5871aa:ay=true_chitra:eng=panchanga_engine/2.0.0-P2,Moon nakshatra at birth: Purva Bhadrapada (true_chitra).,panchanga_engine/2.0.0-P2,single,2.0.0-P2,,2026-08-08 00:20:28.078056+00,,f,f,f,,0,
a59024abf5889a24,482012f1-710e-4a25-994a-93821f5871aa,true_chitra,6479bb56-e0b1-4294-9bb2-d2fb1c987bb6,panchanga_nakshatra_moon,NAKSHATRA_MOON_BIRTH,number,,25,,,panchanga_nakshatra_moon.NAKSHATRA_MOON_BIRTH.number@chart=482012f1-710e-4a25-994a-93821f5871aa:ay=true_chitra:eng=panchanga_engine/2.0.0-P2,Moon nakshatra number: 25 (true_chitra).,panchanga_engine/2.0.0-P2,single,2.0.0-P2,,2026-08-08 00:20:28.078056+00,,f,f,f,,0,
224f7ef5e062181e,482012f1-710e-4a25-994a-93821f5871aa,true_chitra,6479bb56-e0b1-4294-9bb2-d2fb1c987bb6,panchanga_nakshatra_moon,NAKSHATRA_MOON_BIRTH,vimshottari_starting_lord,Jupiter,,,,panchanga_nakshatra_moon.NAKSHATRA_MOON_BIRTH.vimshottari_starting_lord@chart=482012f1-710e-4a25-994a-93821f5871aa:ay=true_chitra:eng=panchanga_engine/2.0.0-P2,Vimshottari dasha starting lord for Purva Bhadrapada: Jupiter (true_chitra).,panchanga_engine/2.0.0-P2,single,2.0.0-P2,,2026-08-08 00:20:28.078056+00,,f,f,f,,0,
61fef66c2d0978e1,482012f1-710e-4a25-994a-93821f5871aa,true_chitra,6479bb56-e0b1-4294-9bb2-d2fb1c987bb6,panchanga_nakshatra_moon,NAKSHATRA_MOON_BIRTH,arambha_iso,1984-02-05T17:55:22+00:00,,,,panchanga_nakshatra_moon.NAKSHATRA_MOON_BIRTH.arambha_iso@chart=482012f1-710e-4a25-994a-93821f5871aa:ay=true_chitra:eng=panchanga_engine/2.0.0-P2,Moon nakshatra ends: 1984-02-05T17:55:22+00:00 (true_chitra).,panchanga_engine/2.0.0-P2,single,2.0.0-P2,,2026-08-08 00:20:28.078056+00,,f,f,f,,0,
8e3a67f08b56fa36,482012f1-710e-4a25-994a-93821f5871aa,true_chitra,6479bb56-e0b1-4294-9bb2-d2fb1c987bb6,panchanga_panchaka_classification,PANCHAKA_MRITYU,active_at_birth_flag,false,,,,panchanga_panchaka_classification.PANCHAKA_MRITYU.active_at_birth_flag@chart=482012f1-710e-4a25-994a-93821f5871aa:ay=true_chitra:eng=panchanga_engine/2.0.0-P2,Mrityu Panchaka at birth: False (true_chitra).,panchanga_engine/2.0.0-P2,single_pass,2.0.0-P2,,2026-08-08 00:20:28.078056+00,,f,f,f,,0,
789033bedff3f879,482012f1-710e-4a25-994a-93821f5871aa,true_chitra,6479bb56-e0b1-4294-9bb2-d2fb1c987bb6,panchanga_panchaka_classification,PANCHAKA_MRITYU,nakshatra_component,Revati,,,,panchanga_panchaka_classification.PANCHAKA_MRITYU.nakshatra_component@chart=482012f1-710e-4a25-994a-93821f5871aa:ay=true_chitra:eng=panchanga_engine/2.0.0-P2,Mrityu Panchaka nakshatra: Revati.,panchanga_engine/2.0.0-P2,single_pass,2.0.0-P2,,2026-08-08 00:20:28.078056+00,,f,f,f,,0,
3862f3f6b6c7d794,482012f1-710e-4a25-994a-93821f5871aa,true_chitra,6479bb56-e0b1-4294-9bb2-d2fb1c987bb6,panchanga_panchaka_classification,PANCHAKA_OVERALL,panchaka_overall_classification,Agni,,,,panchanga_panchaka_classification.PANCHAKA_OVERALL.panchaka_overall_classification@chart=482012f1-710e-4a25-994a-93821f5871aa:ay=true_chitra:eng=panchanga_engine/2.0.0-P2,Active panchaka at birth: Agni (true_chitra).,panchanga_engine/2.0.0-P2,single_pass,2.0.0-P2,,2026-08-08 00:20:28.078056+00,,f,f,f,,0,
8e2355d3017d2730,482012f1-710e-4a25-994a-93821f5871aa,krishnamurti,6479bb56-e0b1-4294-9bb2-d2fb1c987bb6,panchanga_nakshatra_moon,NAKSHATRA_MOON_BIRTH,name,Purva Bhadrapada,,,,panchanga_nakshatra_moon.NAKSHATRA_MOON_BIRTH.name@chart=482012f1-710e-4a25-994a-93821f5871aa:ay=krishnamurti:eng=panchanga_engine/2.0.0-P2,Moon nakshatra at birth: Purva Bhadrapada (krishnamurti).,panchanga_engine/2.0.0-P2,single,2.0.0-P2,,2026-08-08 00:20:28.078056+00,,f,f,f,,0,
56b0e8736549f4fd,482012f1-710e-4a25-994a-93821f5871aa,krishnamurti,6479bb56-e0b1-4294-9bb2-d2fb1c987bb6,panchanga_nakshatra_moon,NAKSHATRA_MOON_BIRTH,number,,25,,,panchanga_nakshatra_moon.NAKSHATRA_MOON_BIRTH.number@chart=482012f1-710e-4a25-994a-93821f5871aa:ay=krishnamurti:eng=panchanga_engine/2.0.0-P2,Moon nakshatra number: 25 (krishnamurti).,panchanga_engine/2.0.0-P2,single,2.0.0-P2,,2026-08-08 00:20:28.078056+00,,f,f,f,,0,
8e96d5965309ec12,482012f1-710e-4a25-994a-93821f5871aa,krishnamurti,6479bb56-e0b1-4294-9bb2-d2fb1c987bb6,panchanga_panchaka_classification,PANCHAKA_CHORA,active_at_birth_flag,false,,,,panchanga_panchaka_classification.PANCHAKA_CHORA.active_at_birth_flag@chart=482012f1-710e-4a25-994a-93821f5871aa:ay=krishnamurti:eng=panchanga_engine/2.0.0-P2,Chora Panchaka at birth: False (krishnamurti).,panchanga_engine/2.0.0-P2,single_pass,2.0.0-P2,,2026-08-08 00:20:28.078056+00,,f,f,f,,0,
bf95ac52fd81dfa4,482012f1-710e-4a25-994a-93821f5871aa,krishnamurti,6479bb56-e0b1-4294-9bb2-d2fb1c987bb6,panchanga_panchaka_classification,PANCHAKA_CHORA,nakshatra_component,Uttara Bhadrapada,,,,panchanga_panchaka_classification.PANCHAKA_CHORA.nakshatra_component@chart=482012f1-710e-4a25-994a-93821f5871aa:ay=krishnamurti:eng=panchanga_engine/2.0.0-P2,Chora Panchaka nakshatra: Uttara Bhadrapada.,panchanga_engine/2.0.0-P2,single_pass,2.0.0-P2,,2026-08-08 00:20:28.078056+00,,f,f,f,,0,
5ed1ca55889478ad,482012f1-710e-4a25-994a-93821f5871aa,krishnamurti,6479bb56-e0b1-4294-9bb2-d2fb1c987bb6,panchanga_panchaka_classification,PANCHAKA_MRITYU,panchaka_name,Mrityu,,,,panchanga_panchaka_classification.PANCHAKA_MRITYU.panchaka_name@chart=482012f1-710e-4a25-994a-93821f5871aa:ay=krishnamurti:eng=panchanga_engine/2.0.0-P2,Panchaka type Mrityu: active=False (krishnamurti).,panchanga_engine/2.0.0-P2,single_pass,2.0.0-P2,,2026-08-08 00:20:28.078056+00,,f,f,f,,0,
dc4853e9766d2f06,482012f1-710e-4a25-994a-93821f5871aa,krishnamurti,6479bb56-e0b1-4294-9bb2-d2fb1c987bb6,panchanga_panchaka_classification,PANCHAKA_MRITYU,active_at_birth_flag,false,,,,panchanga_panchaka_classification.PANCHAKA_MRITYU.active_at_birth_flag@chart=482012f1-710e-4a25-994a-93821f5871aa:ay=krishnamurti:eng=panchanga_engine/2.0.0-P2,Mrityu Panchaka at birth: False (krishnamurti).,panchanga_engine/2.0.0-P2,single_pass,2.0.0-P2,,2026-08-08 00:20:28.078056+00,,f,f,f,,0,
e4c42d876b1c5477,482012f1-710e-4a25-994a-93821f5871aa,krishnamurti,6479bb56-e0b1-4294-9bb2-d2fb1c987bb6,panchanga_panchaka_classification,PANCHAKA_MRITYU,nakshatra_component,Revati,,,,panchanga_panchaka_classification.PANCHAKA_MRITYU.nakshatra_component@chart=482012f1-710e-4a25-994a-93821f5871aa:ay=krishnamurti:eng=panchanga_engine/2.0.0-P2,Mrityu Panchaka nakshatra: Revati.,panchanga_engine/2.0.0-P2,single_pass,2.0.0-P2,,2026-08-08 00:20:28.078056+00,,f,f,f,,0,
df0f5ca51176bc82,482012f1-710e-4a25-994a-93821f5871aa,krishnamurti,6479bb56-e0b1-4294-9bb2-d2fb1c987bb6,panchanga_panchaka_classification,PANCHAKA_OVERALL,panchaka_overall_classification,Agni,,,,panchanga_panchaka_classification.PANCHAKA_OVERALL.panchaka_overall_classification@chart=482012f1-710e-4a25-994a-93821f5871aa:ay=krishnamurti:eng=panchanga_engine/2.0.0-P2,Active panchaka at birth: Agni (krishnamurti).,panchanga_engine/2.0.0-P2,single_pass,2.0.0-P2,,2026-08-08 00:20:28.078056+00,,f,f,f,,0,
5003f4573d9255d6,482012f1-710e-4a25-994a-93821f5871aa,raman,6479bb56-e0b1-4294-9bb2-d2fb1c987bb6,panchanga_panchaka_classification,PANCHAKA_AGNI,active_at_birth_flag,true,,,,panchanga_panchaka_classification.PANCHAKA_AGNI.active_at_birth_flag@chart=482012f1-710e-4a25-994a-93821f5871aa:ay=raman:eng=panchanga_engine/2.0.0-P2,Agni Panchaka at birth: True (raman).,panchanga_engine/2.0.0-P2,single_pass,2.0.0-P2,,2026-08-08 00:20:28.078056+00,,f,f,f,,0,
000b9273bf78ff26,482012f1-710e-4a25-994a-93821f5871aa,raman,6479bb56-e0b1-4294-9bb2-d2fb1c987bb6,panchanga_panchaka_classification,PANCHAKA_AGNI,nakshatra_component,Purva Bhadrapada,,,,panchanga_panchaka_classification.PANCHAKA_AGNI.nakshatra_component@chart=482012f1-710e-4a25-994a-93821f5871aa:ay=raman:eng=panchanga_engine/2.0.0-P2,Agni Panchaka nakshatra: Purva Bhadrapada.,panchanga_engine/2.0.0-P2,single_pass,2.0.0-P2,,2026-08-08 00:20:28.078056+00,,f,f,f,,0,
190c39410d9c6579,482012f1-710e-4a25-994a-93821f5871aa,raman,6479bb56-e0b1-4294-9bb2-d2fb1c987bb6,panchanga_panchaka_classification,PANCHAKA_CHORA,panchaka_name,Chora,,,,panchanga_panchaka_classification.PANCHAKA_CHORA.panchaka_name@chart=482012f1-710e-4a25-994a-93821f5871aa:ay=raman:eng=panchanga_engine/2.0.0-P2,Panchaka type Chora: active=False (raman).,panchanga_engine/2.0.0-P2,single_pass,2.0.0-P2,,2026-08-08 00:20:28.078056+00,,f,f,f,,0,
b8d30a384a75bbc0,482012f1-710e-4a25-994a-93821f5871aa,raman,6479bb56-e0b1-4294-9bb2-d2fb1c987bb6,panchanga_panchaka_classification,PANCHAKA_CHORA,active_at_birth_flag,false,,,,panchanga_panchaka_classification.PANCHAKA_CHORA.active_at_birth_flag@chart=482012f1-710e-4a25-994a-93821f5871aa:ay=raman:eng=panchanga_engine/2.0.0-P2,Chora Panchaka at birth: False (raman).,panchanga_engine/2.0.0-P2,single_pass,2.0.0-P2,,2026-08-08 00:20:28.078056+00,,f,f,f,,0,
77b0004fc4ab0f71,482012f1-710e-4a25-994a-93821f5871aa,raman,6479bb56-e0b1-4294-9bb2-d2fb1c987bb6,panchanga_panchaka_classification,PANCHAKA_CHORA,nakshatra_component,Uttara Bhadrapada,,,,panchanga_panchaka_classification.PANCHAKA_CHORA.nakshatra_component@chart=482012f1-710e-4a25-994a-93821f5871aa:ay=raman:eng=panchanga_engine/2.0.0-P2,Chora Panchaka nakshatra: Uttara Bhadrapada.,panchanga_engine/2.0.0-P2,single_pass,2.0.0-P2,,2026-08-08 00:20:28.078056+00,,f,f,f,,0,
6837ee86e4e5f334,482012f1-710e-4a25-994a-93821f5871aa,raman,6479bb56-e0b1-4294-9bb2-d2fb1c987bb6,panchanga_panchaka_classification,PANCHAKA_MRITYU,panchaka_name,Mrityu,,,,panchanga_panchaka_classification.PANCHAKA_MRITYU.panchaka_name@chart=482012f1-710e-4a25-994a-93821f5871aa:ay=raman:eng=panchanga_engine/2.0.0-P2,Panchaka type Mrityu: active=False (raman).,panchanga_engine/2.0.0-P2,single_pass,2.0.0-P2,,2026-08-08 00:20:28.078056+00,,f,f,f,,0,
35446dc5e4b088db,482012f1-710e-4a25-994a-93821f5871aa,raman,6479bb56-e0b1-4294-9bb2-d2fb1c987bb6,panchanga_panchaka_classification,PANCHAKA_MRITYU,active_at_birth_flag,false,,,,panchanga_panchaka_classification.PANCHAKA_MRITYU.active_at_birth_flag@chart=482012f1-710e-4a25-994a-93821f5871aa:ay=raman:eng=panchanga_engine/2.0.0-P2,Mrityu Panchaka at birth: False (raman).,panchanga_engine/2.0.0-P2,single_pass,2.0.0-P2,,2026-08-08 00:20:28.078056+00,,f,f,f,,0,
cefaf4e7d09a185f,482012f1-710e-4a25-994a-93821f5871aa,raman,6479bb56-e0b1-4294-9bb2-d2fb1c987bb6,panchanga_panchaka_classification,PANCHAKA_MRITYU,nakshatra_component,Revati,,,,panchanga_panchaka_classification.PANCHAKA_MRITYU.nakshatra_component@chart=482012f1-710e-4a25-994a-93821f5871aa:ay=raman:eng=panchanga_engine/2.0.0-P2,Mrityu Panchaka nakshatra: Revati.,panchanga_engine/2.0.0-P2,single_pass,2.0.0-P2,,2026-08-08 00:20:28.078056+00,,f,f,f,,0,
75390a7cce1260ca,482012f1-710e-4a25-994a-93821f5871aa,raman,6479bb56-e0b1-4294-9bb2-d2fb1c987bb6,panchanga_panchaka_classification,PANCHAKA_OVERALL,panchaka_overall_classification,Agni,,,,panchanga_panchaka_classification.PANCHAKA_OVERALL.panchaka_overall_classification@chart=482012f1-710e-4a25-994a-93821f5871aa:ay=raman:eng=panchanga_engine/2.0.0-P2,Active panchaka at birth: Agni (raman).,panchanga_engine/2.0.0-P2,single_pass,2.0.0-P2,,2026-08-08 00:20:28.078056+00,,f,f,f,,0,
d5583fca55cecce6,482012f1-710e-4a25-994a-93821f5871aa,surya_siddhanta_classical,6479bb56-e0b1-4294-9bb2-d2fb1c987bb6,panchanga_panchaka_classification,PANCHAKA_ROGA,active_at_birth_flag,false,,,,panchanga_panchaka_classification.PANCHAKA_ROGA.active_at_birth_flag@chart=482012f1-710e-4a25-994a-93821f5871aa:ay=surya_siddhanta_classical:eng=panchanga_engine/2.0.0-P2,Roga Panchaka at birth: False (surya_siddhanta_classical).,panchanga_engine/2.0.0-P2,single_pass,2.0.0-P2,,2026-08-08 00:20:28.078056+00,,f,f,f,,0,
7372e679f2cac8a2,482012f1-710e-4a25-994a-93821f5871aa,surya_siddhanta_classical,6479bb56-e0b1-4294-9bb2-d2fb1c987bb6,panchanga_panchaka_classification,PANCHAKA_ROGA,nakshatra_component,Dhanishtha,,,,panchanga_panchaka_classification.PANCHAKA_ROGA.nakshatra_component@chart=482012f1-710e-4a25-994a-93821f5871aa:ay=surya_siddhanta_classical:eng=panchanga_engine/2.0.0-P2,Roga Panchaka nakshatra: Dhanishtha.,panchanga_engine/2.0.0-P2,single_pass,2.0.0-P2,,2026-08-08 00:20:28.078056+00,,f,f,f,,0,
f8cb1e63b85edcfe,482012f1-710e-4a25-994a-93821f5871aa,surya_siddhanta_classical,6479bb56-e0b1-4294-9bb2-d2fb1c987bb6,panchanga_panchaka_classification,PANCHAKA_RAJA,panchaka_name,Raja,,,,panchanga_panchaka_classification.PANCHAKA_RAJA.panchaka_name@chart=482012f1-710e-4a25-994a-93821f5871aa:ay=surya_siddhanta_classical:eng=panchanga_engine/2.0.0-P2,Panchaka type Raja: active=False (surya_siddhanta_classical).,panchanga_engine/2.0.0-P2,single_pass,2.0.0-P2,,2026-08-08 00:20:28.078056+00,,f,f,f,,0,
e75130ee3b1896dd,482012f1-710e-4a25-994a-93821f5871aa,surya_siddhanta_classical,6479bb56-e0b1-4294-9bb2-d2fb1c987bb6,panchanga_panchaka_classification,PANCHAKA_RAJA,active_at_birth_flag,false,,,,panchanga_panchaka_classification.PANCHAKA_RAJA.active_at_birth_flag@chart=482012f1-710e-4a25-994a-93821f5871aa:ay=surya_siddhanta_classical:eng=panchanga_engine/2.0.0-P2,Raja Panchaka at birth: False (surya_siddhanta_classical).,panchanga_engine/2.0.0-P2,single_pass,2.0.0-P2,,2026-08-08 00:20:28.078056+00,,f,f,f,,0,
a2399e285897e959,482012f1-710e-4a25-994a-93821f5871aa,surya_siddhanta_classical,6479bb56-e0b1-4294-9bb2-d2fb1c987bb6,panchanga_panchaka_classification,PANCHAKA_RAJA,nakshatra_component,Shatabhisha,,,,panchanga_panchaka_classification.PANCHAKA_RAJA.nakshatra_component@chart=482012f1-710e-4a25-994a-93821f5871aa:ay=surya_siddhanta_classical:eng=panchanga_engine/2.0.0-P2,Raja Panchaka nakshatra: Shatabhisha.,panchanga_engine/2.0.0-P2,single_pass,2.0.0-P2,,2026-08-08 00:20:28.078056+00,,f,f,f,,0,
264241e933a3da02,482012f1-710e-4a25-994a-93821f5871aa,surya_siddhanta_classical,6479bb56-e0b1-4294-9bb2-d2fb1c987bb6,panchanga_panchaka_classification,PANCHAKA_AGNI,panchaka_name,Agni,,,,panchanga_panchaka_classification.PANCHAKA_AGNI.panchaka_name@chart=482012f1-710e-4a25-994a-93821f5871aa:ay=surya_siddhanta_classical:eng=panchanga_engine/2.0.0-P2,Panchaka type Agni: active=True (surya_siddhanta_classical).,panchanga_engine/2.0.0-P2,single_pass,2.0.0-P2,,2026-08-08 00:20:28.078056+00,,f,f,f,,0,
c8c978ea567d804d,482012f1-710e-4a25-994a-93821f5871aa,surya_siddhanta_classical,6479bb56-e0b1-4294-9bb2-d2fb1c987bb6,panchanga_panchaka_classification,PANCHAKA_AGNI,active_at_birth_flag,true,,,,panchanga_panchaka_classification.PANCHAKA_AGNI.active_at_birth_flag@chart=482012f1-710e-4a25-994a-93821f5871aa:ay=surya_siddhanta_classical:eng=panchanga_engine/2.0.0-P2,Agni Panchaka at birth: True (surya_siddhanta_classical).,panchanga_engine/2.0.0-P2,single_pass,2.0.0-P2,,2026-08-08 00:20:28.078056+00,,f,f,f,,0,
5d886c2b9062d746,482012f1-710e-4a25-994a-93821f5871aa,surya_siddhanta_classical,6479bb56-e0b1-4294-9bb2-d2fb1c987bb6,panchanga_panchaka_classification,PANCHAKA_AGNI,nakshatra_component,Purva Bhadrapada,,,,panchanga_panchaka_classification.PANCHAKA_AGNI.nakshatra_component@chart=482012f1-710e-4a25-994a-93821f5871aa:ay=surya_siddhanta_classical:eng=panchanga_engine/2.0.0-P2,Agni Panchaka nakshatra: Purva Bhadrapada.,panchanga_engine/2.0.0-P2,single_pass,2.0.0-P2,,2026-08-08 00:20:28.078056+00,,f,f,f,,0,
0925976d4bcbd969,482012f1-710e-4a25-994a-93821f5871aa,surya_siddhanta_classical,6479bb56-e0b1-4294-9bb2-d2fb1c987bb6,panchanga_panchaka_classification,PANCHAKA_CHORA,panchaka_name,Chora,,,,panchanga_panchaka_classification.PANCHAKA_CHORA.panchaka_name@chart=482012f1-710e-4a25-994a-93821f5871aa:ay=surya_siddhanta_classical:eng=panchanga_engine/2.0.0-P2,Panchaka type Chora: active=False (surya_siddhanta_classical).,panchanga_engine/2.0.0-P2,single_pass,2.0.0-P2,,2026-08-08 00:20:28.078056+00,,f,f,f,,0,
4d5acb44ea64b18a,482012f1-710e-4a25-994a-93821f5871aa,surya_siddhanta_classical,6479bb56-e0b1-4294-9bb2-d2fb1c987bb6,panchanga_panchaka_classification,PANCHAKA_CHORA,active_at_birth_flag,false,,,,panchanga_panchaka_classification.PANCHAKA_CHORA.active_at_birth_flag@chart=482012f1-710e-4a25-994a-93821f5871aa:ay=surya_siddhanta_classical:eng=panchanga_engine/2.0.0-P2,Chora Panchaka at birth: False (surya_siddhanta_classical).,panchanga_engine/2.0.0-P2,single_pass,2.0.0-P2,,2026-08-08 00:20:28.078056+00,,f,f,f,,0,
407fc53fd5e79b7b,482012f1-710e-4a25-994a-93821f5871aa,surya_siddhanta_classical,6479bb56-e0b1-4294-9bb2-d2fb1c987bb6,panchanga_panchaka_classification,PANCHAKA_CHORA,nakshatra_component,Uttara Bhadrapada,,,,panchanga_panchaka_classification.PANCHAKA_CHORA.nakshatra_component@chart=482012f1-710e-4a25-994a-93821f5871aa:ay=surya_siddhanta_classical:eng=panchanga_engine/2.0.0-P2,Chora Panchaka nakshatra: Uttara Bhadrapada.,panchanga_engine/2.0.0-P2,single_pass,2.0.0-P2,,2026-08-08 00:20:28.078056+00,,f,f,f,,0,
9b6f3ebbc49c2158,482012f1-710e-4a25-994a-93821f5871aa,surya_siddhanta_classical,6479bb56-e0b1-4294-9bb2-d2fb1c987bb6,panchanga_panchaka_classification,PANCHAKA_MRITYU,panchaka_name,Mrityu,,,,panchanga_panchaka_classification.PANCHAKA_MRITYU.panchaka_name@chart=482012f1-710e-4a25-994a-93821f5871aa:ay=surya_siddhanta_classical:eng=panchanga_engine/2.0.0-P2,Panchaka type Mrityu: active=False (surya_siddhanta_classical).,panchanga_engine/2.0.0-P2,single_pass,2.0.0-P2,,2026-08-08 00:20:28.078056+00,,f,f,f,,0,
54a57fe01db175eb,482012f1-710e-4a25-994a-93821f5871aa,surya_siddhanta_classical,6479bb56-e0b1-4294-9bb2-d2fb1c987bb6,panchanga_panchaka_classification,PANCHAKA_MRITYU,active_at_birth_flag,false,,,,panchanga_panchaka_classification.PANCHAKA_MRITYU.active_at_birth_flag@chart=482012f1-710e-4a25-994a-93821f5871aa:ay=surya_siddhanta_classical:eng=panchanga_engine/2.0.0-P2,Mrityu Panchaka at birth: False (surya_siddhanta_classical).,panchanga_engine/2.0.0-P2,single_pass,2.0.0-P2,,2026-08-08 00:20:28.078056+00,,f,f,f,,0,
1a043fb41751a112,482012f1-710e-4a25-994a-93821f5871aa,surya_siddhanta_classical,6479bb56-e0b1-4294-9bb2-d2fb1c987bb6,panchanga_panchaka_classification,PANCHAKA_MRITYU,nakshatra_component,Revati,,,,panchanga_panchaka_classification.PANCHAKA_MRITYU.nakshatra_component@chart=482012f1-710e-4a25-994a-93821f5871aa:ay=surya_siddhanta_classical:eng=panchanga_engine/2.0.0-P2,Mrityu Panchaka nakshatra: Revati.,panchanga_engine/2.0.0-P2,single_pass,2.0.0-P2,,2026-08-08 00:20:28.078056+00,,f,f,f,,0,
b8706b663c683cc6,482012f1-710e-4a25-994a-93821f5871aa,surya_siddhanta_classical,6479bb56-e0b1-4294-9bb2-d2fb1c987bb6,panchanga_panchaka_classification,PANCHAKA_OVERALL,panchaka_overall_classification,Agni,,,,panchanga_panchaka_classification.PANCHAKA_OVERALL.panchaka_overall_classification@chart=482012f1-710e-4a25-994a-93821f5871aa:ay=surya_siddhanta_classical:eng=panchanga_engine/2.0.0-P2,Active panchaka at birth: Agni (surya_siddhanta_classical).,panchanga_engine/2.0.0-P2,single_pass,2.0.0-P2,,2026-08-08 00:20:28.078056+00,,f,f,f,,0,
6e31d981926f78bf,482012f1-710e-4a25-994a-93821f5871aa,raman,6479bb56-e0b1-4294-9bb2-d2fb1c987bb6,panchanga_panchaka_classification,PANCHAKA_ROGA,active_at_birth_flag,false,,,,panchanga_panchaka_classification.PANCHAKA_ROGA.active_at_birth_flag@chart=482012f1-710e-4a25-994a-93821f5871aa:ay=raman:eng=panchanga_engine/2.0.0-P2,Roga Panchaka at birth: False (raman).,panchanga_engine/2.0.0-P2,single_pass,2.0.0-P2,,2026-08-08 00:20:28.078056+00,,f,f,f,,0,
c2f928c712f1b65b,482012f1-710e-4a25-994a-93821f5871aa,raman,6479bb56-e0b1-4294-9bb2-d2fb1c987bb6,panchanga_panchaka_classification,PANCHAKA_ROGA,nakshatra_component,Dhanishtha,,,,panchanga_panchaka_classification.PANCHAKA_ROGA.nakshatra_component@chart=482012f1-710e-4a25-994a-93821f5871aa:ay=raman:eng=panchanga_engine/2.0.0-P2,Roga Panchaka nakshatra: Dhanishtha.,panchanga_engine/2.0.0-P2,single_pass,2.0.0-P2,,2026-08-08 00:20:28.078056+00,,f,f,f,,0,
3d141af76cb239e5,482012f1-710e-4a25-994a-93821f5871aa,raman,6479bb56-e0b1-4294-9bb2-d2fb1c987bb6,panchanga_panchaka_classification,PANCHAKA_RAJA,panchaka_name,Raja,,,,panchanga_panchaka_classification.PANCHAKA_RAJA.panchaka_name@chart=482012f1-710e-4a25-994a-93821f5871aa:ay=raman:eng=panchanga_engine/2.0.0-P2,Panchaka type Raja: active=False (raman).,panchanga_engine/2.0.0-P2,single_pass,2.0.0-P2,,2026-08-08 00:20:28.078056+00,,f,f,f,,0,
317947358e7d3a63,482012f1-710e-4a25-994a-93821f5871aa,raman,6479bb56-e0b1-4294-9bb2-d2fb1c987bb6,panchanga_panchaka_classification,PANCHAKA_RAJA,active_at_birth_flag,false,,,,panchanga_panchaka_classification.PANCHAKA_RAJA.active_at_birth_flag@chart=482012f1-710e-4a25-994a-93821f5871aa:ay=raman:eng=panchanga_engine/2.0.0-P2,Raja Panchaka at birth: False (raman).,panchanga_engine/2.0.0-P2,single_pass,2.0.0-P2,,2026-08-08 00:20:28.078056+00,,f,f,f,,0,
f1b702a91a19f033,482012f1-710e-4a25-994a-93821f5871aa,raman,6479bb56-e0b1-4294-9bb2-d2fb1c987bb6,panchanga_panchaka_classification,PANCHAKA_RAJA,nakshatra_component,Shatabhisha,,,,panchanga_panchaka_classification.PANCHAKA_RAJA.nakshatra_component@chart=482012f1-710e-4a25-994a-93821f5871aa:ay=raman:eng=panchanga_engine/2.0.0-P2,Raja Panchaka nakshatra: Shatabhisha.,panchanga_engine/2.0.0-P2,single_pass,2.0.0-P2,,2026-08-08 00:20:28.078056+00,,f,f,f,,0,
b7d658a5c386da46,482012f1-710e-4a25-994a-93821f5871aa,raman,6479bb56-e0b1-4294-9bb2-d2fb1c987bb6,panchanga_panchaka_classification,PANCHAKA_AGNI,panchaka_name,Agni,,,,panchanga_panchaka_classification.PANCHAKA_AGNI.panchaka_name@chart=482012f1-710e-4a25-994a-93821f5871aa:ay=raman:eng=panchanga_engine/2.0.0-P2,Panchaka type Agni: active=True (raman).,panchanga_engine/2.0.0-P2,single_pass,2.0.0-P2,,2026-08-08 00:20:28.078056+00,,f,f,f,,0,
630a89ee7c2d0893,482012f1-710e-4a25-994a-93821f5871aa,surya_siddhanta_classical,6479bb56-e0b1-4294-9bb2-d2fb1c987bb6,panchanga_nakshatra_moon,NAKSHATRA_MOON_BIRTH,name,Purva Bhadrapada,,,,panchanga_nakshatra_moon.NAKSHATRA_MOON_BIRTH.name@chart=482012f1-710e-4a25-994a-93821f5871aa:ay=surya_siddhanta_classical:eng=panchanga_engine/2.0.0-P2,Moon nakshatra at birth: Purva Bhadrapada (surya_siddhanta_classical).,panchanga_engine/2.0.0-P2,single,2.0.0-P2,,2026-08-08 00:20:28.078056+00,,f,f,f,,0,
ad09784ef3f32169,482012f1-710e-4a25-994a-93821f5871aa,surya_siddhanta_classical,6479bb56-e0b1-4294-9bb2-d2fb1c987bb6,panchanga_nakshatra_moon,NAKSHATRA_MOON_BIRTH,number,,25,,,panchanga_nakshatra_moon.NAKSHATRA_MOON_BIRTH.number@chart=482012f1-710e-4a25-994a-93821f5871aa:ay=surya_siddhanta_classical:eng=panchanga_engine/2.0.0-P2,Moon nakshatra number: 25 (surya_siddhanta_classical).,panchanga_engine/2.0.0-P2,single,2.0.0-P2,,2026-08-08 00:20:28.078056+00,,f,f,f,,0,
979acfa0541ff998,482012f1-710e-4a25-994a-93821f5871aa,surya_siddhanta_classical,6479bb56-e0b1-4294-9bb2-d2fb1c987bb6,panchanga_nakshatra_moon,NAKSHATRA_MOON_BIRTH,vimshottari_starting_lord,Jupiter,,,,panchanga_nakshatra_moon.NAKSHATRA_MOON_BIRTH.vimshottari_starting_lord@chart=482012f1-710e-4a25-994a-93821f5871aa:ay=surya_siddhanta_classical:eng=panchanga_engine/2.0.0-P2,Vimshottari dasha starting lord for Purva Bhadrapada: Jupiter (surya_siddhanta_classical).,panchanga_engine/2.0.0-P2,single,2.0.0-P2,,2026-08-08 00:20:28.078056+00,,f,f,f,,0,
edce60d249a64bd9,482012f1-710e-4a25-994a-93821f5871aa,surya_siddhanta_classical,6479bb56-e0b1-4294-9bb2-d2fb1c987bb6,panchanga_nakshatra_moon,NAKSHATRA_MOON_BIRTH,arambha_iso,1984-02-05T17:55:22+00:00,,,,panchanga_nakshatra_moon.NAKSHATRA_MOON_BIRTH.arambha_iso@chart=482012f1-710e-4a25-994a-93821f5871aa:ay=surya_siddhanta_classical:eng=panchanga_engine/2.0.0-P2,Moon nakshatra ends: 1984-02-05T17:55:22+00:00 (surya_siddhanta_classical).,panchanga_engine/2.0.0-P2,single,2.0.0-P2,,2026-08-08 00:20:28.078056+00,,f,f,f,,0,
ea0599dc1904949a,482012f1-710e-4a25-994a-93821f5871aa,surya_siddhanta_classical,6479bb56-e0b1-4294-9bb2-d2fb1c987bb6,panchanga_nakshatra_moon,NAKSHATRA_MOON_BIRTH,deity,Aja Ekapad,,,,panchanga_nakshatra_moon.NAKSHATRA_MOON_BIRTH.deity@chart=482012f1-710e-4a25-994a-93821f5871aa:ay=surya_siddhanta_classical:eng=panchanga_engine/2.0.0-P2,Moon nakshatra deity: Aja Ekapad (surya_siddhanta_classical).,panchanga_engine/2.0.0-P2,single,2.0.0-P2,,2026-08-08 00:20:28.078056+00,,f,f,f,,0,
44e902546449c758,482012f1-710e-4a25-994a-93821f5871aa,surya_siddhanta_classical,6479bb56-e0b1-4294-9bb2-d2fb1c987bb6,panchanga_special_yoga_combinations,YOGA_UNKNOWN,combination_name,unknown,,,,panchanga_special_yoga_combinations.YOGA_UNKNOWN.combination_name@chart=482012f1-710e-4a25-994a-93821f5871aa:ay=surya_siddhanta_classical:eng=panchanga_engine/2.0.0-P2,Special yoga unknown: active at birth (surya_siddhanta_classical).,panchanga_engine/2.0.0-P2,single_pass,2.0.0-P2,,2026-08-08 00:20:28.078056+00,,f,f,f,,0,
cb6e805cbc0f671a,482012f1-710e-4a25-994a-93821f5871aa,surya_siddhanta_classical,6479bb56-e0b1-4294-9bb2-d2fb1c987bb6,panchanga_special_yoga_combinations,YOGA_UNKNOWN,active_at_birth_flag,true,,,,panchanga_special_yoga_combinations.YOGA_UNKNOWN.active_at_birth_flag@chart=482012f1-710e-4a25-994a-93821f5871aa:ay=surya_siddhanta_classical:eng=panchanga_engine/2.0.0-P2,Special yoga unknown active at birth: true (surya_siddhanta_classical).,panchanga_engine/2.0.0-P2,single_pass,2.0.0-P2,,2026-08-08 00:20:28.078056+00,,f,f,f,,0,
088b15a876fe0eb8,482012f1-710e-4a25-994a-93821f5871aa,surya_siddhanta_classical,6479bb56-e0b1-4294-9bb2-d2fb1c987bb6,panchanga_special_yoga_combinations,YOGA_UNKNOWN,constituent_facts_jsonb_atomic,,,"{""vara"": ""Ravivara"", ""tithi"": ""Shukla Tritiya"", ""nakshatra"": ""Purva Bhadrapada""}",,panchanga_special_yoga_combinations.YOGA_UNKNOWN.constituent_facts_jsonb_atomic@chart=482012f1-710e-4a25-994a-93821f5871aa:ay=surya_siddhanta_classical:eng=panchanga_engine/2.0.0-P2,"Special yoga unknown constituent: tithi=Shukla Tritiya, vara=Ravivara, nakshatra=Purva Bhadrapada.",panchanga_engine/2.0.0-P2,single_pass,2.0.0-P2,,2026-08-08 00:20:28.078056+00,,f,f,f,,0,
1c98712754377e00,482012f1-710e-4a25-994a-93821f5871aa,surya_siddhanta_classical,6479bb56-e0b1-4294-9bb2-d2fb1c987bb6,panchanga_panchaka_classification,PANCHAKA_ROGA,panchaka_name,Roga,,,,panchanga_panchaka_classification.PANCHAKA_ROGA.panchaka_name@chart=482012f1-710e-4a25-994a-93821f5871aa:ay=surya_siddhanta_classical:eng=panchanga_engine/2.0.0-P2,Panchaka type Roga: active=False (surya_siddhanta_classical).,panchanga_engine/2.0.0-P2,single_pass,2.0.0-P2,,2026-08-08 00:20:28.078056+00,,f,f,f,,0,
