chart_id,prediction_id,source_pramana_id,outcome_claim,domain,observation_window,eval_date,confidence_band,magnitude_expected,falsifier_jsonb,base_rate,emitted_at,lifecycle_status,driving_signals,frozen_bundle_hash,bundle_formula_version,created_at
482012f1-710e-4a25-994a-93821f5871aa,pred_024d552a-5466-49ea-af7f-8659d3e25c1b,024d552a-5466-49ea-af7f-8659d3e25c1b,mixed spirituality spiritual_turn,spirituality,"[2027-06-10,2027-07-10)",2027-07-10,"[0.75,0.8)",minor,"{""raw"": ""REFUTED if no spirituality event of magnitude ≥ minor is independently documented by 2027-07-10. CONFIRMED if a spirituality-domain event of matching magnitude is recorded in the Life-Event Log before 2027-07-10. Attestation: lel_entry.""}",,2026-08-13 01:16:29.658705+00,pending,"[{""strength"": 2.16108, ""family_id"": ""fam_graha_natal"", ""signal_id"": ""ebb1c88a-8141-4c7e-860b-54ac293a06ac""}, {""strength"": 2.16108, ""family_id"": ""fam_graha_natal"", ""signal_id"": ""483e332a-a168-4cf1-b93b-0ad55d77d91c""}, {""strength"": 2.16108, ""family_id"": ""fam_graha_natal"", ""signal_id"": ""c31d3e74-2f44-41a6-8025-b32e44dbe1e2""}, {""strength"": 2.16108, ""family_id"": ""fam_graha_natal"", ""signal_id"": ""bde5423d-ac30-4ecd-ab7b-1dbec4232742""}, {""strength"": 2.16108, ""family_id"": ""fam_graha_natal"", ""signal_id"": ""2dff20cd-12f5-492e-a88e-3fef42547eca""}]",19348ede31f3562e589298da3ad516b2,mi_bhavisya_v1.0,2026-08-13 01:16:27.648113+00
482012f1-710e-4a25-994a-93821f5871aa,pred_02ef46ca-a364-4a31-8e97-22443ae4cb39,02ef46ca-a364-4a31-8e97-22443ae4cb39,mixed career career_entry,career,"[2030-05-01,2031-04-27)",2031-04-27,"[0.198,0.297)",minor,"{""raw"": ""REFUTED if no career event of magnitude ≥ minor is independently documented by 2031-04-27. CONFIRMED if a career-domain event of matching magnitude is recorded in the Life-Event Log before 2031-04-27. Attestation: lel_entry.""}",,2026-08-13 01:16:29.658705+00,pending,"[{""strength"": 2.16108, ""family_id"": ""fam_graha_natal"", ""signal_id"": ""bde5423d-ac30-4ecd-ab7b-1dbec4232742""}, {""strength"": 2.16108, ""family_id"": ""fam_graha_natal"", ""signal_id"": ""2f9e0ce3-ce9a-4087-b725-bb1949728c37""}, {""strength"": 2.16108, ""family_id"": ""fam_graha_natal"", ""signal_id"": ""c23ae35b-629d-46b3-ad06-5b77fbdd27bf""}, {""strength"": 2.16108, ""family_id"": ""fam_graha_natal"", ""signal_id"": ""fdd4aafa-f03d-4b33-9453-37615f9f32e9""}, {""strength"": 2.11416, ""family_id"": ""fam_graha_natal"", ""signal_id"": ""69ff9578-80e1-43f2-9a75-8f712992b9ac""}]",b0d9af54868fce9a3ce77f27bde60d05,mi_bhavisya_v1.0,2026-08-13 01:16:27.648113+00
482012f1-710e-4a25-994a-93821f5871aa,pred_040d119f-2bb1-4270-bcba-793419dccf01,040d119f-2bb1-4270-bcba-793419dccf01,mixed transition transition_convergence_event,transition,"[2042-08-27,2043-08-23)",2043-08-23,"[0.594,0.694)",minor,"{""raw"": ""REFUTED if no transition event of magnitude ≥ minor is independently documented by 2043-08-23. CONFIRMED if a transition-domain event of matching magnitude is recorded in the Life-Event Log before 2043-08-23. Attestation: lel_entry.""}",,2026-08-13 01:16:29.658705+00,pending,"[{""strength"": 0.60375, ""family_id"": ""fam_transit"", ""signal_id"": ""55fe1091-cccc-4a0e-812a-be9215c08c37""}, {""strength"": 0.60375, ""family_id"": ""fam_graha_natal"", ""signal_id"": ""119e7513-c2a0-4813-9995-46bc97b3c968""}, {""strength"": 0.60375, ""family_id"": ""fam_graha_natal"", ""signal_id"": ""54152427-3d75-493a-aa5f-3c78ecb1cb03""}, {""strength"": 0.60375, ""family_id"": ""fam_graha_natal"", ""signal_id"": ""bb1f38bc-5680-43f5-aa10-fbe18c543348""}, {""strength"": 0.60375, ""family_id"": ""fam_transit"", ""signal_id"": ""22c8c1ec-ef90-4810-82d2-f6b81b505f45""}]",b74b1ead8ebecb50b948d01f5bc53582,mi_bhavisya_v1.0,2026-08-13 01:16:27.648113+00
482012f1-710e-4a25-994a-93821f5871aa,pred_045be9a8-10c1-4783-932d-d399f810dba0,045be9a8-10c1-4783-932d-d399f810dba0,mixed transition transition_convergence_event,transition,"[2038-10-10,2038-12-06)",2038-12-06,"[0.594,0.694)",minor,"{""raw"": ""REFUTED if no transition event of magnitude ≥ minor is independently documented by 2038-12-06. CONFIRMED if a transition-domain event of matching magnitude is recorded in the Life-Event Log before 2038-12-06. Attestation: lel_entry.""}",,2026-08-13 01:16:29.658705+00,pending,"[{""strength"": 0.60375, ""family_id"": ""fam_transit"", ""signal_id"": ""55fe1091-cccc-4a0e-812a-be9215c08c37""}, {""strength"": 0.60375, ""family_id"": ""fam_graha_natal"", ""signal_id"": ""119e7513-c2a0-4813-9995-46bc97b3c968""}, {""strength"": 0.60375, ""family_id"": ""fam_graha_natal"", ""signal_id"": ""54152427-3d75-493a-aa5f-3c78ecb1cb03""}, {""strength"": 0.60375, ""family_id"": ""fam_graha_natal"", ""signal_id"": ""bb1f38bc-5680-43f5-aa10-fbe18c543348""}, {""strength"": 0.60375, ""family_id"": ""fam_transit"", ""signal_id"": ""22c8c1ec-ef90-4810-82d2-f6b81b505f45""}]",1853a05bc918949af841c4348fd7407f,mi_bhavisya_v1.0,2026-08-13 01:16:27.648113+00
482012f1-710e-4a25-994a-93821f5871aa,pred_057a97fa-27c1-461a-9fdd-7ed9d5ad4b83,057a97fa-27c1-461a-9fdd-7ed9d5ad4b83,mixed health illness_acute,health,"[2028-02-08,2028-03-09)",2028-03-09,"[0.675,0.775)",major,"{""raw"": ""REFUTED if no health event of magnitude ≥ major is independently documented by 2028-03-09. CONFIRMED if a health-domain event of matching magnitude is recorded in the Life-Event Log before 2028-03-09. Attestation: lel_entry.""}",,2026-08-13 01:16:29.658705+00,pending,"[{""strength"": 1.2, ""family_id"": ""fam_graha_natal"", ""signal_id"": ""e7bc769d-5e8d-4a3b-9c8c-5f3aef8d0ab0""}, {""strength"": 1.2, ""family_id"": ""fam_graha_natal"", ""signal_id"": ""422267a2-ae9a-4413-a737-a9a93407747e""}, {""strength"": 1.2, ""family_id"": ""fam_graha_natal"", ""signal_id"": ""fa44bc12-4651-449d-921b-689c26189bf4""}, {""strength"": 0.68425, ""family_id"": ""fam_yoga"", ""signal_id"": ""5128c630-9034-4f1c-9c64-60bec408ce9e""}, {""strength"": 0.68425, ""family_id"": ""fam_yoga"", ""signal_id"": ""b55163d0-1b65-47df-8d30-c31a98512fc7""}]",3a2f109697f0a50df39012f1432cfc5e,mi_bhavisya_v1.0,2026-08-13 01:16:27.648113+00
482012f1-710e-4a25-994a-93821f5871aa,pred_05f1a8db-d6c8-4121-9fbf-f86ecb7e8950,05f1a8db-d6c8-4121-9fbf-f86ecb7e8950,mixed wealth major_gain,wealth,"[2038-10-10,2038-12-06)",2038-12-06,"[0.75,0.8)",minor,"{""raw"": ""REFUTED if no wealth event of magnitude ≥ minor is independently documented by 2038-12-06. CONFIRMED if a wealth-domain event of matching magnitude is recorded in the Life-Event Log before 2038-12-06. Attestation: lel_entry.""}",,2026-08-13 01:16:29.658705+00,pending,"[{""strength"": 1.890945, ""family_id"": ""fam_graha_natal"", ""signal_id"": ""df5c4452-6e42-4bae-a6a2-15f3616a3703""}, {""strength"": 1.890945, ""family_id"": ""fam_graha_natal"", ""signal_id"": ""79c4cf73-d7cd-4716-92b8-07bd0df503fa""}, {""strength"": 1.890945, ""family_id"": ""fam_graha_natal"", ""signal_id"": ""888de1ae-b221-4503-a3e1-cf4d97e05254""}, {""strength"": 1.890945, ""family_id"": ""fam_graha_natal"", ""signal_id"": ""992a32ca-d695-47e8-95c5-4f4612e33577""}, {""strength"": 1.84989, ""family_id"": ""fam_graha_natal"", ""signal_id"": ""4c93cbb9-147e-475d-aa43-70c18181cf2c""}]",b1db7193e0d247bed7317a6531b925ce,mi_bhavisya_v1.0,2026-08-13 01:16:27.648113+00
482012f1-710e-4a25-994a-93821f5871aa,pred_066cf889-3b38-419f-813a-ecaa14054d07,066cf889-3b38-419f-813a-ecaa14054d07,mixed transition transition_convergence_event,transition,"[2031-01-04,2031-03-02)",2031-03-02,"[0.594,0.694)",minor,"{""raw"": ""REFUTED if no transition event of magnitude ≥ minor is independently documented by 2031-03-02. CONFIRMED if a transition-domain event of matching magnitude is recorded in the Life-Event Log before 2031-03-02. Attestation: lel_entry.""}",,2026-08-13 01:16:29.658705+00,pending,"[{""strength"": 0.60375, ""family_id"": ""fam_transit"", ""signal_id"": ""55fe1091-cccc-4a0e-812a-be9215c08c37""}, {""strength"": 0.60375, ""family_id"": ""fam_graha_natal"", ""signal_id"": ""119e7513-c2a0-4813-9995-46bc97b3c968""}, {""strength"": 0.60375, ""family_id"": ""fam_graha_natal"", ""signal_id"": ""54152427-3d75-493a-aa5f-3c78ecb1cb03""}, {""strength"": 0.60375, ""family_id"": ""fam_graha_natal"", ""signal_id"": ""bb1f38bc-5680-43f5-aa10-fbe18c543348""}, {""strength"": 0.60375, ""family_id"": ""fam_transit"", ""signal_id"": ""22c8c1ec-ef90-4810-82d2-f6b81b505f45""}]",53613a97a3d63b259da5c480fc54f57b,mi_bhavisya_v1.0,2026-08-13 01:16:27.648113+00
482012f1-710e-4a25-994a-93821f5871aa,pred_06a829fb-f070-4866-afc7-39bcb3fb3f87,06a829fb-f070-4866-afc7-39bcb3fb3f87,mixed transition transition_convergence_event,transition,"[2036-10-29,2036-12-25)",2036-12-25,"[0.594,0.694)",minor,"{""raw"": ""REFUTED if no transition event of magnitude ≥ minor is independently documented by 2036-12-25. CONFIRMED if a transition-domain event of matching magnitude is recorded in the Life-Event Log before 2036-12-25. Attestation: lel_entry.""}",,2026-08-13 01:16:29.658705+00,pending,"[{""strength"": 0.60375, ""family_id"": ""fam_transit"", ""signal_id"": ""55fe1091-cccc-4a0e-812a-be9215c08c37""}, {""strength"": 0.60375, ""family_id"": ""fam_graha_natal"", ""signal_id"": ""119e7513-c2a0-4813-9995-46bc97b3c968""}, {""strength"": 0.60375, ""family_id"": ""fam_graha_natal"", ""signal_id"": ""54152427-3d75-493a-aa5f-3c78ecb1cb03""}, {""strength"": 0.60375, ""family_id"": ""fam_graha_natal"", ""signal_id"": ""bb1f38bc-5680-43f5-aa10-fbe18c543348""}, {""strength"": 0.60375, ""family_id"": ""fam_transit"", ""signal_id"": ""22c8c1ec-ef90-4810-82d2-f6b81b505f45""}]",be85fac7af5fdce258edd780e0cd1f4e,mi_bhavisya_v1.0,2026-08-13 01:16:27.648113+00
482012f1-710e-4a25-994a-93821f5871aa,pred_0706693e-361c-4e9e-bebb-88802b35444d,0706693e-361c-4e9e-bebb-88802b35444d,mixed wealth major_gain,wealth,"[2041-07-31,2042-07-26)",2042-07-26,"[0.75,0.8)",minor,"{""raw"": ""REFUTED if no wealth event of magnitude ≥ minor is independently documented by 2042-07-26. CONFIRMED if a wealth-domain event of matching magnitude is recorded in the Life-Event Log before 2042-07-26. Attestation: lel_entry.""}",,2026-08-13 01:16:29.658705+00,pending,"[{""strength"": 1.890945, ""family_id"": ""fam_graha_natal"", ""signal_id"": ""df5c4452-6e42-4bae-a6a2-15f3616a3703""}, {""strength"": 1.890945, ""family_id"": ""fam_graha_natal"", ""signal_id"": ""79c4cf73-d7cd-4716-92b8-07bd0df503fa""}, {""strength"": 1.890945, ""family_id"": ""fam_graha_natal"", ""signal_id"": ""888de1ae-b221-4503-a3e1-cf4d97e05254""}, {""strength"": 1.890945, ""family_id"": ""fam_graha_natal"", ""signal_id"": ""992a32ca-d695-47e8-95c5-4f4612e33577""}, {""strength"": 1.84989, ""family_id"": ""fam_graha_natal"", ""signal_id"": ""4c93cbb9-147e-475d-aa43-70c18181cf2c""}]",fdb0ad8d7826012f5d211962655bf2b3,mi_bhavisya_v1.0,2026-08-13 01:16:27.648113+00
482012f1-710e-4a25-994a-93821f5871aa,pred_07f0d4c9-8c11-4b35-acd0-dbd04a02f35e,07f0d4c9-8c11-4b35-acd0-dbd04a02f35e,mixed transition transition_convergence_event,transition,"[2044-08-30,2047-02-12)",2047-02-12,"[0.594,0.694)",minor,"{""raw"": ""REFUTED if no transition event of magnitude ≥ minor is independently documented by 2047-02-12. CONFIRMED if a transition-domain event of matching magnitude is recorded in the Life-Event Log before 2047-02-12. Attestation: lel_entry.""}",,2026-08-13 01:16:29.658705+00,pending,"[{""strength"": 0.60375, ""family_id"": ""fam_transit"", ""signal_id"": ""55fe1091-cccc-4a0e-812a-be9215c08c37""}, {""strength"": 0.60375, ""family_id"": ""fam_graha_natal"", ""signal_id"": ""119e7513-c2a0-4813-9995-46bc97b3c968""}, {""strength"": 0.60375, ""family_id"": ""fam_graha_natal"", ""signal_id"": ""54152427-3d75-493a-aa5f-3c78ecb1cb03""}, {""strength"": 0.60375, ""family_id"": ""fam_graha_natal"", ""signal_id"": ""bb1f38bc-5680-43f5-aa10-fbe18c543348""}, {""strength"": 0.60375, ""family_id"": ""fam_transit"", ""signal_id"": ""22c8c1ec-ef90-4810-82d2-f6b81b505f45""}]",730c3570b3e1b3c861ce33f09f29d723,mi_bhavisya_v1.0,2026-08-13 01:16:27.648113+00
482012f1-710e-4a25-994a-93821f5871aa,pred_0a4f4a76-1f84-478e-9560-6cee8c92e180,0a4f4a76-1f84-478e-9560-6cee8c92e180,mixed transition transition_convergence_event,transition,"[2037-09-16,2038-09-12)",2038-09-12,"[0.594,0.694)",minor,"{""raw"": ""REFUTED if no transition event of magnitude ≥ minor is independently documented by 2038-09-12. CONFIRMED if a transition-domain event of matching magnitude is recorded in the Life-Event Log before 2038-09-12. Attestation: lel_entry.""}",,2026-08-13 01:16:29.658705+00,pending,"[{""strength"": 0.60375, ""family_id"": ""fam_transit"", ""signal_id"": ""55fe1091-cccc-4a0e-812a-be9215c08c37""}, {""strength"": 0.60375, ""family_id"": ""fam_graha_natal"", ""signal_id"": ""119e7513-c2a0-4813-9995-46bc97b3c968""}, {""strength"": 0.60375, ""family_id"": ""fam_graha_natal"", ""signal_id"": ""54152427-3d75-493a-aa5f-3c78ecb1cb03""}, {""strength"": 0.60375, ""family_id"": ""fam_graha_natal"", ""signal_id"": ""bb1f38bc-5680-43f5-aa10-fbe18c543348""}, {""strength"": 0.60375, ""family_id"": ""fam_transit"", ""signal_id"": ""22c8c1ec-ef90-4810-82d2-f6b81b505f45""}]",51d32b53951ac96b9a4e568ce39f7a76,mi_bhavisya_v1.0,2026-08-13 01:16:27.648113+00
482012f1-710e-4a25-994a-93821f5871aa,pred_0d2241c8-bfaf-4303-80e6-34ea9acb053a,0d2241c8-bfaf-4303-80e6-34ea9acb053a,elevated career career_entry,career,"[2027-10-20,2030-04-03)",2030-04-03,"[0.198,0.297)",minor,"{""raw"": ""{'deny_observable': 'No observable career event within ±21 days of 2027-10-20 despite favorable circumstances', 'evaluation_date': '2027-10-20', 'confirm_observable': 'Observable within ±21 days of 2027-10-20: significant career event (new role, promotion, venture launch, client gain)', 'evaluation_window_days': 21}""}",,2026-08-13 01:16:29.658705+00,pending,"[{""strength"": 2.16108, ""family_id"": ""fam_graha_natal"", ""signal_id"": ""bde5423d-ac30-4ecd-ab7b-1dbec4232742""}, {""strength"": 2.16108, ""family_id"": ""fam_graha_natal"", ""signal_id"": ""2f9e0ce3-ce9a-4087-b725-bb1949728c37""}, {""strength"": 2.16108, ""family_id"": ""fam_graha_natal"", ""signal_id"": ""c23ae35b-629d-46b3-ad06-5b77fbdd27bf""}, {""strength"": 2.16108, ""family_id"": ""fam_graha_natal"", ""signal_id"": ""fdd4aafa-f03d-4b33-9453-37615f9f32e9""}, {""strength"": 2.11416, ""family_id"": ""fam_graha_natal"", ""signal_id"": ""69ff9578-80e1-43f2-9a75-8f712992b9ac""}]",f76bdacb0e2a5fbe79ae347668753fd7,mi_bhavisya_v1.0,2026-08-13 01:16:27.648113+00
482012f1-710e-4a25-994a-93821f5871aa,pred_1031d3c5-e0bf-401f-aeab-6888415d4901,1031d3c5-e0bf-401f-aeab-6888415d4901,mixed transition transition_convergence_event,transition,"[2044-06-23,2046-12-06)",2046-12-06,"[0.594,0.694)",minor,"{""raw"": ""REFUTED if no transition event of magnitude ≥ minor is independently documented by 2046-12-06. CONFIRMED if a transition-domain event of matching magnitude is recorded in the Life-Event Log before 2046-12-06. Attestation: lel_entry.""}",,2026-08-13 01:16:29.658705+00,pending,"[{""strength"": 0.60375, ""family_id"": ""fam_transit"", ""signal_id"": ""55fe1091-cccc-4a0e-812a-be9215c08c37""}, {""strength"": 0.60375, ""family_id"": ""fam_graha_natal"", ""signal_id"": ""119e7513-c2a0-4813-9995-46bc97b3c968""}, {""strength"": 0.60375, ""family_id"": ""fam_graha_natal"", ""signal_id"": ""54152427-3d75-493a-aa5f-3c78ecb1cb03""}, {""strength"": 0.60375, ""family_id"": ""fam_graha_natal"", ""signal_id"": ""bb1f38bc-5680-43f5-aa10-fbe18c543348""}, {""strength"": 0.60375, ""family_id"": ""fam_transit"", ""signal_id"": ""22c8c1ec-ef90-4810-82d2-f6b81b505f45""}]",a21c84a392173b4aeb67c0a29a4b44ba,mi_bhavisya_v1.0,2026-08-13 01:16:27.648113+00
482012f1-710e-4a25-994a-93821f5871aa,pred_11e7b48d-89fa-4ee7-8309-5f5897004cf0,11e7b48d-89fa-4ee7-8309-5f5897004cf0,mixed career career_entry,career,"[2049-11-25,2050-01-21)",2050-01-21,"[0.01,0.1)",minor,"{""raw"": ""REFUTED if no career event of magnitude ≥ minor is independently documented by 2050-01-21. CONFIRMED if a career-domain event of matching magnitude is recorded in the Life-Event Log before 2050-01-21. Attestation: lel_entry.""}",,2026-08-13 01:16:29.658705+00,pending,"[{""strength"": 2.16108, ""family_id"": ""fam_graha_natal"", ""signal_id"": ""bde5423d-ac30-4ecd-ab7b-1dbec4232742""}, {""strength"": 2.16108, ""family_id"": ""fam_graha_natal"", ""signal_id"": ""2f9e0ce3-ce9a-4087-b725-bb1949728c37""}, {""strength"": 2.16108, ""family_id"": ""fam_graha_natal"", ""signal_id"": ""c23ae35b-629d-46b3-ad06-5b77fbdd27bf""}, {""strength"": 2.16108, ""family_id"": ""fam_graha_natal"", ""signal_id"": ""fdd4aafa-f03d-4b33-9453-37615f9f32e9""}, {""strength"": 2.11416, ""family_id"": ""fam_graha_natal"", ""signal_id"": ""69ff9578-80e1-43f2-9a75-8f712992b9ac""}]",f5649a6d3632c6716103cf1a5a09d67e,mi_bhavisya_v1.0,2026-08-13 01:16:27.648113+00
482012f1-710e-4a25-994a-93821f5871aa,pred_12a16552-76e3-4435-8add-d8f642ffd5fa,12a16552-76e3-4435-8add-d8f642ffd5fa,mixed wealth major_gain,wealth,"[2027-08-24,2027-10-20)",2027-10-20,"[0.75,0.8)",minor,"{""raw"": ""REFUTED if no wealth event of magnitude ≥ minor is independently documented by 2027-10-20. CONFIRMED if a wealth-domain event of matching magnitude is recorded in the Life-Event Log before 2027-10-20. Attestation: lel_entry.""}",,2026-08-13 01:16:29.658705+00,pending,"[{""strength"": 1.890945, ""family_id"": ""fam_graha_natal"", ""signal_id"": ""df5c4452-6e42-4bae-a6a2-15f3616a3703""}, {""strength"": 1.890945, ""family_id"": ""fam_graha_natal"", ""signal_id"": ""79c4cf73-d7cd-4716-92b8-07bd0df503fa""}, {""strength"": 1.890945, ""family_id"": ""fam_graha_natal"", ""signal_id"": ""888de1ae-b221-4503-a3e1-cf4d97e05254""}, {""strength"": 1.890945, ""family_id"": ""fam_graha_natal"", ""signal_id"": ""992a32ca-d695-47e8-95c5-4f4612e33577""}, {""strength"": 1.84989, ""family_id"": ""fam_graha_natal"", ""signal_id"": ""4c93cbb9-147e-475d-aa43-70c18181cf2c""}]",fcc55f75ec237c4540b33ab10f81f0f5,mi_bhavisya_v1.0,2026-08-13 01:16:27.648113+00
482012f1-710e-4a25-994a-93821f5871aa,pred_1308e667-9315-4f17-90c2-175913c78773,1308e667-9315-4f17-90c2-175913c78773,mixed transition transition_convergence_event,transition,"[2030-08-07,2030-10-03)",2030-10-03,"[0.594,0.694)",minor,"{""raw"": ""REFUTED if no transition event of magnitude ≥ minor is independently documented by 2030-10-03. CONFIRMED if a transition-domain event of matching magnitude is recorded in the Life-Event Log before 2030-10-03. Attestation: lel_entry.""}",,2026-08-13 01:16:29.658705+00,pending,"[{""strength"": 0.60375, ""family_id"": ""fam_transit"", ""signal_id"": ""55fe1091-cccc-4a0e-812a-be9215c08c37""}, {""strength"": 0.60375, ""family_id"": ""fam_graha_natal"", ""signal_id"": ""119e7513-c2a0-4813-9995-46bc97b3c968""}, {""strength"": 0.60375, ""family_id"": ""fam_graha_natal"", ""signal_id"": ""54152427-3d75-493a-aa5f-3c78ecb1cb03""}, {""strength"": 0.60375, ""family_id"": ""fam_graha_natal"", ""signal_id"": ""bb1f38bc-5680-43f5-aa10-fbe18c543348""}, {""strength"": 0.60375, ""family_id"": ""fam_transit"", ""signal_id"": ""22c8c1ec-ef90-4810-82d2-f6b81b505f45""}]",79287061a7e2e9ae4c4719c5653f2d04,mi_bhavisya_v1.0,2026-08-13 01:16:27.648113+00
482012f1-710e-4a25-994a-93821f5871aa,pred_14ca8e88-14a9-46af-af84-6b66db2b9ccb,14ca8e88-14a9-46af-af84-6b66db2b9ccb,mixed spirituality spiritual_turn,spirituality,"[2028-12-11,2029-01-10)",2029-01-10,"[0.75,0.8)",minor,"{""raw"": ""REFUTED if no spirituality event of magnitude ≥ minor is independently documented by 2029-01-10. CONFIRMED if a spirituality-domain event of matching magnitude is recorded in the Life-Event Log before 2029-01-10. Attestation: lel_entry.""}",,2026-08-13 01:16:29.658705+00,pending,"[{""strength"": 2.16108, ""family_id"": ""fam_graha_natal"", ""signal_id"": ""ebb1c88a-8141-4c7e-860b-54ac293a06ac""}, {""strength"": 2.16108, ""family_id"": ""fam_graha_natal"", ""signal_id"": ""483e332a-a168-4cf1-b93b-0ad55d77d91c""}, {""strength"": 2.16108, ""family_id"": ""fam_graha_natal"", ""signal_id"": ""c31d3e74-2f44-41a6-8025-b32e44dbe1e2""}, {""strength"": 2.16108, ""family_id"": ""fam_graha_natal"", ""signal_id"": ""bde5423d-ac30-4ecd-ab7b-1dbec4232742""}, {""strength"": 2.16108, ""family_id"": ""fam_graha_natal"", ""signal_id"": ""2dff20cd-12f5-492e-a88e-3fef42547eca""}]",05f44c8c057859ef6ac87bae21b19463,mi_bhavisya_v1.0,2026-08-13 01:16:27.648113+00
482012f1-710e-4a25-994a-93821f5871aa,pred_16d2f0cb-7336-4673-9d65-9b08b551d1fd,16d2f0cb-7336-4673-9d65-9b08b551d1fd,mixed transition transition_convergence_event,transition,"[2029-08-24,2030-08-20)",2030-08-20,"[0.594,0.694)",minor,"{""raw"": ""REFUTED if no transition event of magnitude ≥ minor is independently documented by 2030-08-20. CONFIRMED if a transition-domain event of matching magnitude is recorded in the Life-Event Log before 2030-08-20. Attestation: lel_entry.""}",,2026-08-13 01:16:29.658705+00,pending,"[{""strength"": 0.60375, ""family_id"": ""fam_transit"", ""signal_id"": ""55fe1091-cccc-4a0e-812a-be9215c08c37""}, {""strength"": 0.60375, ""family_id"": ""fam_graha_natal"", ""signal_id"": ""119e7513-c2a0-4813-9995-46bc97b3c968""}, {""strength"": 0.60375, ""family_id"": ""fam_graha_natal"", ""signal_id"": ""54152427-3d75-493a-aa5f-3c78ecb1cb03""}, {""strength"": 0.60375, ""family_id"": ""fam_graha_natal"", ""signal_id"": ""bb1f38bc-5680-43f5-aa10-fbe18c543348""}, {""strength"": 0.60375, ""family_id"": ""fam_transit"", ""signal_id"": ""22c8c1ec-ef90-4810-82d2-f6b81b505f45""}]",5a19db00985773e62e6e1e9d2fd9d944,mi_bhavisya_v1.0,2026-08-13 01:16:27.648113+00
482012f1-710e-4a25-994a-93821f5871aa,pred_1725ee1e-b8b0-4ffb-871a-6efb15680f7b,1725ee1e-b8b0-4ffb-871a-6efb15680f7b,mixed wealth major_gain,wealth,"[2030-05-01,2031-04-27)",2031-04-27,"[0.75,0.8)",minor,"{""raw"": ""REFUTED if no wealth event of magnitude ≥ minor is independently documented by 2031-04-27. CONFIRMED if a wealth-domain event of matching magnitude is recorded in the Life-Event Log before 2031-04-27. Attestation: lel_entry.""}",,2026-08-13 01:16:29.658705+00,pending,"[{""strength"": 1.890945, ""family_id"": ""fam_graha_natal"", ""signal_id"": ""df5c4452-6e42-4bae-a6a2-15f3616a3703""}, {""strength"": 1.890945, ""family_id"": ""fam_graha_natal"", ""signal_id"": ""79c4cf73-d7cd-4716-92b8-07bd0df503fa""}, {""strength"": 1.890945, ""family_id"": ""fam_graha_natal"", ""signal_id"": ""888de1ae-b221-4503-a3e1-cf4d97e05254""}, {""strength"": 1.890945, ""family_id"": ""fam_graha_natal"", ""signal_id"": ""992a32ca-d695-47e8-95c5-4f4612e33577""}, {""strength"": 1.84989, ""family_id"": ""fam_graha_natal"", ""signal_id"": ""4c93cbb9-147e-475d-aa43-70c18181cf2c""}]",18de88966f639d3a57a88726c8e971c8,mi_bhavisya_v1.0,2026-08-13 01:16:27.648113+00
482012f1-710e-4a25-994a-93821f5871aa,pred_1838a99c-42b0-4217-9aa9-b40e95ee3b1a,1838a99c-42b0-4217-9aa9-b40e95ee3b1a,mixed relationship marriage,relationship,"[2049-12-04,2052-05-18)",2052-05-18,"[0.01,0.11)",minor,"{""raw"": ""REFUTED if no relationship event of magnitude ≥ minor is independently documented by 2052-05-18. CONFIRMED if a relationship-domain event of matching magnitude is recorded in the Life-Event Log before 2052-05-18. Attestation: lel_entry.""}",,2026-08-13 01:16:29.658705+00,pending,"[{""strength"": 2.16108, ""family_id"": ""fam_graha_natal"", ""signal_id"": ""ebb1c88a-8141-4c7e-860b-54ac293a06ac""}, {""strength"": 2.16108, ""family_id"": ""fam_graha_natal"", ""signal_id"": ""483e332a-a168-4cf1-b93b-0ad55d77d91c""}, {""strength"": 2.16108, ""family_id"": ""fam_graha_natal"", ""signal_id"": ""c31d3e74-2f44-41a6-8025-b32e44dbe1e2""}, {""strength"": 2.16108, ""family_id"": ""fam_graha_natal"", ""signal_id"": ""2dff20cd-12f5-492e-a88e-3fef42547eca""}, {""strength"": 2.16108, ""family_id"": ""fam_graha_natal"", ""signal_id"": ""d49da2e1-4b63-45f1-920e-c274df3ded21""}]",13eb1f116649d9b8c7c011f4c692e6a1,mi_bhavisya_v1.0,2026-08-13 01:16:27.648113+00
482012f1-710e-4a25-994a-93821f5871aa,pred_1b91874b-c8fa-4a0e-88c7-a910969b34c0,1b91874b-c8fa-4a0e-88c7-a910969b34c0,mixed transition transition_convergence_event,transition,"[2027-03-09,2027-05-06)",2027-05-06,"[0.594,0.694)",minor,"{""raw"": ""REFUTED if no transition event of magnitude ≥ minor is independently documented by 2027-05-06. CONFIRMED if a transition-domain event of matching magnitude is recorded in the Life-Event Log before 2027-05-06. Attestation: lel_entry.""}",,2026-08-13 01:16:29.658705+00,pending,"[{""strength"": 0.60375, ""family_id"": ""fam_transit"", ""signal_id"": ""55fe1091-cccc-4a0e-812a-be9215c08c37""}, {""strength"": 0.60375, ""family_id"": ""fam_graha_natal"", ""signal_id"": ""119e7513-c2a0-4813-9995-46bc97b3c968""}, {""strength"": 0.60375, ""family_id"": ""fam_graha_natal"", ""signal_id"": ""54152427-3d75-493a-aa5f-3c78ecb1cb03""}, {""strength"": 0.60375, ""family_id"": ""fam_graha_natal"", ""signal_id"": ""bb1f38bc-5680-43f5-aa10-fbe18c543348""}, {""strength"": 0.60375, ""family_id"": ""fam_transit"", ""signal_id"": ""22c8c1ec-ef90-4810-82d2-f6b81b505f45""}]",aa155d4920e973ae45bd48dd97f5696f,mi_bhavisya_v1.0,2026-08-13 01:16:27.648113+00
482012f1-710e-4a25-994a-93821f5871aa,pred_1c87f91c-1e9d-488f-85ac-46130140d135,1c87f91c-1e9d-488f-85ac-46130140d135,mixed transition transition_convergence_event,transition,"[2038-05-19,2038-07-16)",2038-07-16,"[0.594,0.694)",minor,"{""raw"": ""REFUTED if no transition event of magnitude ≥ minor is independently documented by 2038-07-16. CONFIRMED if a transition-domain event of matching magnitude is recorded in the Life-Event Log before 2038-07-16. Attestation: lel_entry.""}",,2026-08-13 01:16:29.658705+00,pending,"[{""strength"": 0.60375, ""family_id"": ""fam_transit"", ""signal_id"": ""55fe1091-cccc-4a0e-812a-be9215c08c37""}, {""strength"": 0.60375, ""family_id"": ""fam_graha_natal"", ""signal_id"": ""119e7513-c2a0-4813-9995-46bc97b3c968""}, {""strength"": 0.60375, ""family_id"": ""fam_graha_natal"", ""signal_id"": ""54152427-3d75-493a-aa5f-3c78ecb1cb03""}, {""strength"": 0.60375, ""family_id"": ""fam_graha_natal"", ""signal_id"": ""bb1f38bc-5680-43f5-aa10-fbe18c543348""}, {""strength"": 0.60375, ""family_id"": ""fam_transit"", ""signal_id"": ""22c8c1ec-ef90-4810-82d2-f6b81b505f45""}]",336526e61593ca5a5ccea765982c5eef,mi_bhavisya_v1.0,2026-08-13 01:16:27.648113+00
482012f1-710e-4a25-994a-93821f5871aa,pred_238d15a4-c198-4dfe-86f0-b91a20fccaec,238d15a4-c198-4dfe-86f0-b91a20fccaec,mixed transition transition_convergence_event,transition,"[2036-06-09,2036-08-06)",2036-08-06,"[0.594,0.694)",minor,"{""raw"": ""REFUTED if no transition event of magnitude ≥ minor is independently documented by 2036-08-06. CONFIRMED if a transition-domain event of matching magnitude is recorded in the Life-Event Log before 2036-08-06. Attestation: lel_entry.""}",,2026-08-13 01:16:29.658705+00,pending,"[{""strength"": 0.60375, ""family_id"": ""fam_transit"", ""signal_id"": ""55fe1091-cccc-4a0e-812a-be9215c08c37""}, {""strength"": 0.60375, ""family_id"": ""fam_graha_natal"", ""signal_id"": ""119e7513-c2a0-4813-9995-46bc97b3c968""}, {""strength"": 0.60375, ""family_id"": ""fam_graha_natal"", ""signal_id"": ""54152427-3d75-493a-aa5f-3c78ecb1cb03""}, {""strength"": 0.60375, ""family_id"": ""fam_graha_natal"", ""signal_id"": ""bb1f38bc-5680-43f5-aa10-fbe18c543348""}, {""strength"": 0.60375, ""family_id"": ""fam_transit"", ""signal_id"": ""22c8c1ec-ef90-4810-82d2-f6b81b505f45""}]",cc0566837f2619004839ee37d147bd10,mi_bhavisya_v1.0,2026-08-13 01:16:27.648113+00
482012f1-710e-4a25-994a-93821f5871aa,pred_23bd38d3-6e61-4057-b728-1d91be93100c,23bd38d3-6e61-4057-b728-1d91be93100c,mixed relationship marriage,relationship,"[2022-04-29,2024-10-11)",2024-10-11,"[0.75,0.8)",moderate,"{""raw"": ""REFUTED if no relationship event of magnitude ≥ moderate is independently documented by 2024-10-11. CONFIRMED if a relationship-domain event of matching magnitude is recorded in the Life-Event Log before 2024-10-11. Attestation: lel_entry.""}",,2026-08-13 01:16:29.658705+00,pending,"[{""strength"": 2.16108, ""family_id"": ""fam_graha_natal"", ""signal_id"": ""ebb1c88a-8141-4c7e-860b-54ac293a06ac""}, {""strength"": 2.16108, ""family_id"": ""fam_graha_natal"", ""signal_id"": ""483e332a-a168-4cf1-b93b-0ad55d77d91c""}, {""strength"": 2.16108, ""family_id"": ""fam_graha_natal"", ""signal_id"": ""c31d3e74-2f44-41a6-8025-b32e44dbe1e2""}, {""strength"": 2.16108, ""family_id"": ""fam_graha_natal"", ""signal_id"": ""2dff20cd-12f5-492e-a88e-3fef42547eca""}, {""strength"": 2.16108, ""family_id"": ""fam_graha_natal"", ""signal_id"": ""d49da2e1-4b63-45f1-920e-c274df3ded21""}]",f5413c66c09cf86448ab948af863a960,mi_bhavisya_v1.0,2026-08-13 01:16:27.648113+00
482012f1-710e-4a25-994a-93821f5871aa,pred_241dc768-1675-4a51-9816-47cb0972126e,241dc768-1675-4a51-9816-47cb0972126e,mixed transition transition_convergence_event,transition,"[2049-11-25,2050-01-21)",2050-01-21,"[0.594,0.694)",minor,"{""raw"": ""REFUTED if no transition event of magnitude ≥ minor is independently documented by 2050-01-21. CONFIRMED if a transition-domain event of matching magnitude is recorded in the Life-Event Log before 2050-01-21. Attestation: lel_entry.""}",,2026-08-13 01:16:29.658705+00,pending,"[{""strength"": 0.60375, ""family_id"": ""fam_transit"", ""signal_id"": ""55fe1091-cccc-4a0e-812a-be9215c08c37""}, {""strength"": 0.60375, ""family_id"": ""fam_graha_natal"", ""signal_id"": ""119e7513-c2a0-4813-9995-46bc97b3c968""}, {""strength"": 0.60375, ""family_id"": ""fam_graha_natal"", ""signal_id"": ""54152427-3d75-493a-aa5f-3c78ecb1cb03""}, {""strength"": 0.60375, ""family_id"": ""fam_graha_natal"", ""signal_id"": ""bb1f38bc-5680-43f5-aa10-fbe18c543348""}, {""strength"": 0.60375, ""family_id"": ""fam_transit"", ""signal_id"": ""22c8c1ec-ef90-4810-82d2-f6b81b505f45""}]",74ab55a6ea9f7342a5df0e146d2f14d8,mi_bhavisya_v1.0,2026-08-13 01:16:27.648113+00
482012f1-710e-4a25-994a-93821f5871aa,pred_28186bdd-eb93-40e1-b879-9afd75981d64,28186bdd-eb93-40e1-b879-9afd75981d64,mixed career career_entry,career,"[2041-01-27,2043-07-13)",2043-07-13,"[0.198,0.297)",minor,"{""raw"": ""REFUTED if no career event of magnitude ≥ minor is independently documented by 2043-07-13. CONFIRMED if a career-domain event of matching magnitude is recorded in the Life-Event Log before 2043-07-13. Attestation: lel_entry.""}",,2026-08-13 01:16:29.658705+00,pending,"[{""strength"": 2.16108, ""family_id"": ""fam_graha_natal"", ""signal_id"": ""bde5423d-ac30-4ecd-ab7b-1dbec4232742""}, {""strength"": 2.16108, ""family_id"": ""fam_graha_natal"", ""signal_id"": ""2f9e0ce3-ce9a-4087-b725-bb1949728c37""}, {""strength"": 2.16108, ""family_id"": ""fam_graha_natal"", ""signal_id"": ""c23ae35b-629d-46b3-ad06-5b77fbdd27bf""}, {""strength"": 2.16108, ""family_id"": ""fam_graha_natal"", ""signal_id"": ""fdd4aafa-f03d-4b33-9453-37615f9f32e9""}, {""strength"": 2.11416, ""family_id"": ""fam_graha_natal"", ""signal_id"": ""69ff9578-80e1-43f2-9a75-8f712992b9ac""}]",f282521267793bd3dc1468aabdf1a26c,mi_bhavisya_v1.0,2026-08-13 01:16:27.648113+00
482012f1-710e-4a25-994a-93821f5871aa,pred_2b35548c-f119-4608-9028-48ee08c77f10,2b35548c-f119-4608-9028-48ee08c77f10,mixed transition transition_convergence_event,transition,"[2034-07-12,2036-12-25)",2036-12-25,"[0.594,0.694)",minor,"{""raw"": ""REFUTED if no transition event of magnitude ≥ minor is independently documented by 2036-12-25. CONFIRMED if a transition-domain event of matching magnitude is recorded in the Life-Event Log before 2036-12-25. Attestation: lel_entry.""}",,2026-08-13 01:16:29.658705+00,pending,"[{""strength"": 0.60375, ""family_id"": ""fam_transit"", ""signal_id"": ""55fe1091-cccc-4a0e-812a-be9215c08c37""}, {""strength"": 0.60375, ""family_id"": ""fam_graha_natal"", ""signal_id"": ""119e7513-c2a0-4813-9995-46bc97b3c968""}, {""strength"": 0.60375, ""family_id"": ""fam_graha_natal"", ""signal_id"": ""54152427-3d75-493a-aa5f-3c78ecb1cb03""}, {""strength"": 0.60375, ""family_id"": ""fam_graha_natal"", ""signal_id"": ""bb1f38bc-5680-43f5-aa10-fbe18c543348""}, {""strength"": 0.60375, ""family_id"": ""fam_transit"", ""signal_id"": ""22c8c1ec-ef90-4810-82d2-f6b81b505f45""}]",f748b16b3149738928647ab02e4b6828,mi_bhavisya_v1.0,2026-08-13 01:16:27.648113+00
482012f1-710e-4a25-994a-93821f5871aa,pred_2edf6df4-cbf4-44b6-a0ee-ab426c88eabb,2edf6df4-cbf4-44b6-a0ee-ab426c88eabb,mixed transition transition_convergence_event,transition,"[2032-12-08,2033-02-03)",2033-02-03,"[0.594,0.694)",minor,"{""raw"": ""REFUTED if no transition event of magnitude ≥ minor is independently documented by 2033-02-03. CONFIRMED if a transition-domain event of matching magnitude is recorded in the Life-Event Log before 2033-02-03. Attestation: lel_entry.""}",,2026-08-13 01:16:29.658705+00,pending,"[{""strength"": 0.60375, ""family_id"": ""fam_transit"", ""signal_id"": ""55fe1091-cccc-4a0e-812a-be9215c08c37""}, {""strength"": 0.60375, ""family_id"": ""fam_graha_natal"", ""signal_id"": ""119e7513-c2a0-4813-9995-46bc97b3c968""}, {""strength"": 0.60375, ""family_id"": ""fam_graha_natal"", ""signal_id"": ""54152427-3d75-493a-aa5f-3c78ecb1cb03""}, {""strength"": 0.60375, ""family_id"": ""fam_graha_natal"", ""signal_id"": ""bb1f38bc-5680-43f5-aa10-fbe18c543348""}, {""strength"": 0.60375, ""family_id"": ""fam_transit"", ""signal_id"": ""22c8c1ec-ef90-4810-82d2-f6b81b505f45""}]",e5c0627e089497429cb090aac66a3297,mi_bhavisya_v1.0,2026-08-13 01:16:27.648113+00
482012f1-710e-4a25-994a-93821f5871aa,pred_30fe8756-3341-40fc-94fd-a2e1cc1b395d,30fe8756-3341-40fc-94fd-a2e1cc1b395d,mixed career career_entry,career,"[2025-03-29,2027-09-12)",2027-09-12,"[0.198,0.297)",minor,"{""raw"": ""REFUTED if no career event of magnitude ≥ minor is independently documented by 2027-09-12. CONFIRMED if a career-domain event of matching magnitude is recorded in the Life-Event Log before 2027-09-12. Attestation: lel_entry.""}",,2026-08-13 01:16:29.658705+00,pending,"[{""strength"": 2.16108, ""family_id"": ""fam_graha_natal"", ""signal_id"": ""bde5423d-ac30-4ecd-ab7b-1dbec4232742""}, {""strength"": 2.16108, ""family_id"": ""fam_graha_natal"", ""signal_id"": ""2f9e0ce3-ce9a-4087-b725-bb1949728c37""}, {""strength"": 2.16108, ""family_id"": ""fam_graha_natal"", ""signal_id"": ""c23ae35b-629d-46b3-ad06-5b77fbdd27bf""}, {""strength"": 2.16108, ""family_id"": ""fam_graha_natal"", ""signal_id"": ""fdd4aafa-f03d-4b33-9453-37615f9f32e9""}, {""strength"": 2.11416, ""family_id"": ""fam_graha_natal"", ""signal_id"": ""69ff9578-80e1-43f2-9a75-8f712992b9ac""}]",ba8fa07f0b3b26fe345ce6cdbb05575b,mi_bhavisya_v1.0,2026-08-13 01:16:27.648113+00
482012f1-710e-4a25-994a-93821f5871aa,pred_316b489e-f0b9-422f-82e5-1c0409dae31d,316b489e-f0b9-422f-82e5-1c0409dae31d,mixed relationship marriage,relationship,"[2049-03-06,2051-08-20)",2051-08-20,"[0.01,0.11)",minor,"{""raw"": ""REFUTED if no relationship event of magnitude ≥ minor is independently documented by 2051-08-20. CONFIRMED if a relationship-domain event of matching magnitude is recorded in the Life-Event Log before 2051-08-20. Attestation: lel_entry.""}",,2026-08-13 01:16:29.658705+00,pending,"[{""strength"": 2.16108, ""family_id"": ""fam_graha_natal"", ""signal_id"": ""ebb1c88a-8141-4c7e-860b-54ac293a06ac""}, {""strength"": 2.16108, ""family_id"": ""fam_graha_natal"", ""signal_id"": ""483e332a-a168-4cf1-b93b-0ad55d77d91c""}, {""strength"": 2.16108, ""family_id"": ""fam_graha_natal"", ""signal_id"": ""c31d3e74-2f44-41a6-8025-b32e44dbe1e2""}, {""strength"": 2.16108, ""family_id"": ""fam_graha_natal"", ""signal_id"": ""2dff20cd-12f5-492e-a88e-3fef42547eca""}, {""strength"": 2.16108, ""family_id"": ""fam_graha_natal"", ""signal_id"": ""d49da2e1-4b63-45f1-920e-c274df3ded21""}]",ddc6f9b096cb04b6c43bf762e0a1d8b2,mi_bhavisya_v1.0,2026-08-13 01:16:27.648113+00
482012f1-710e-4a25-994a-93821f5871aa,pred_32ef8885-dbfb-404f-967f-5c42cadbec11,32ef8885-dbfb-404f-967f-5c42cadbec11,mixed wealth major_gain,wealth,"[2044-08-08,2044-10-05)",2044-10-05,"[0.75,0.8)",minor,"{""raw"": ""REFUTED if no wealth event of magnitude ≥ minor is independently documented by 2044-10-05. CONFIRMED if a wealth-domain event of matching magnitude is recorded in the Life-Event Log before 2044-10-05. Attestation: lel_entry.""}",,2026-08-13 01:16:29.658705+00,pending,"[{""strength"": 1.890945, ""family_id"": ""fam_graha_natal"", ""signal_id"": ""df5c4452-6e42-4bae-a6a2-15f3616a3703""}, {""strength"": 1.890945, ""family_id"": ""fam_graha_natal"", ""signal_id"": ""79c4cf73-d7cd-4716-92b8-07bd0df503fa""}, {""strength"": 1.890945, ""family_id"": ""fam_graha_natal"", ""signal_id"": ""888de1ae-b221-4503-a3e1-cf4d97e05254""}, {""strength"": 1.890945, ""family_id"": ""fam_graha_natal"", ""signal_id"": ""992a32ca-d695-47e8-95c5-4f4612e33577""}, {""strength"": 1.84989, ""family_id"": ""fam_graha_natal"", ""signal_id"": ""4c93cbb9-147e-475d-aa43-70c18181cf2c""}]",f98da6574326fd03fcd6c7495b84fa48,mi_bhavisya_v1.0,2026-08-13 01:16:27.648113+00
482012f1-710e-4a25-994a-93821f5871aa,pred_341b7a0c-1171-4d00-9a25-a697d1338ce8,341b7a0c-1171-4d00-9a25-a697d1338ce8,mixed transition transition_convergence_event,transition,"[2026-09-18,2026-11-14)",2026-11-14,"[0.594,0.694)",minor,"{""raw"": ""REFUTED if no transition event of magnitude ≥ minor is independently documented by 2026-11-14. CONFIRMED if a transition-domain event of matching magnitude is recorded in the Life-Event Log before 2026-11-14. Attestation: lel_entry.""}",,2026-08-13 01:16:29.658705+00,pending,"[{""strength"": 0.60375, ""family_id"": ""fam_transit"", ""signal_id"": ""55fe1091-cccc-4a0e-812a-be9215c08c37""}, {""strength"": 0.60375, ""family_id"": ""fam_graha_natal"", ""signal_id"": ""119e7513-c2a0-4813-9995-46bc97b3c968""}, {""strength"": 0.60375, ""family_id"": ""fam_graha_natal"", ""signal_id"": ""54152427-3d75-493a-aa5f-3c78ecb1cb03""}, {""strength"": 0.60375, ""family_id"": ""fam_graha_natal"", ""signal_id"": ""bb1f38bc-5680-43f5-aa10-fbe18c543348""}, {""strength"": 0.60375, ""family_id"": ""fam_transit"", ""signal_id"": ""22c8c1ec-ef90-4810-82d2-f6b81b505f45""}]",63fc7a008499829f00ba10611aad076a,mi_bhavisya_v1.0,2026-08-13 01:16:27.648113+00
482012f1-710e-4a25-994a-93821f5871aa,pred_36353bce-5e51-4969-8ce1-10d70f5f3af6,36353bce-5e51-4969-8ce1-10d70f5f3af6,mixed wealth major_gain,wealth,"[2041-09-26,2044-03-10)",2044-03-10,"[0.75,0.8)",minor,"{""raw"": ""REFUTED if no wealth event of magnitude ≥ minor is independently documented by 2044-03-10. CONFIRMED if a wealth-domain event of matching magnitude is recorded in the Life-Event Log before 2044-03-10. Attestation: lel_entry.""}",,2026-08-13 01:16:29.658705+00,pending,"[{""strength"": 1.890945, ""family_id"": ""fam_graha_natal"", ""signal_id"": ""df5c4452-6e42-4bae-a6a2-15f3616a3703""}, {""strength"": 1.890945, ""family_id"": ""fam_graha_natal"", ""signal_id"": ""79c4cf73-d7cd-4716-92b8-07bd0df503fa""}, {""strength"": 1.890945, ""family_id"": ""fam_graha_natal"", ""signal_id"": ""888de1ae-b221-4503-a3e1-cf4d97e05254""}, {""strength"": 1.890945, ""family_id"": ""fam_graha_natal"", ""signal_id"": ""992a32ca-d695-47e8-95c5-4f4612e33577""}, {""strength"": 1.84989, ""family_id"": ""fam_graha_natal"", ""signal_id"": ""4c93cbb9-147e-475d-aa43-70c18181cf2c""}]",edf8d1fdbe135599c86f0dd9c351c36c,mi_bhavisya_v1.0,2026-08-13 01:16:27.648113+00
482012f1-710e-4a25-994a-93821f5871aa,pred_42955a0b-5b57-4fa2-b466-3e01a428f427,42955a0b-5b57-4fa2-b466-3e01a428f427,elevated character psychological_arc,character,"[2027-10-20,2030-04-03)",2030-04-03,"[0.75,0.8)",minor,"{""raw"": ""{'deny_observable': 'No observable character event within ±21 days of 2027-10-20 despite favorable circumstances', 'evaluation_date': '2027-10-20', 'confirm_observable': 'Observable within ±21 days of 2027-10-20: personal transformation (mindset shift, psychological change)', 'evaluation_window_days': 21}""}",,2026-08-13 01:16:29.658705+00,pending,"[{""strength"": 2.16108, ""family_id"": ""fam_graha_natal"", ""signal_id"": ""ebb1c88a-8141-4c7e-860b-54ac293a06ac""}, {""strength"": 2.16108, ""family_id"": ""fam_graha_natal"", ""signal_id"": ""483e332a-a168-4cf1-b93b-0ad55d77d91c""}, {""strength"": 2.16108, ""family_id"": ""fam_graha_natal"", ""signal_id"": ""c31d3e74-2f44-41a6-8025-b32e44dbe1e2""}, {""strength"": 2.16108, ""family_id"": ""fam_graha_natal"", ""signal_id"": ""2dff20cd-12f5-492e-a88e-3fef42547eca""}, {""strength"": 2.16108, ""family_id"": ""fam_graha_natal"", ""signal_id"": ""d49da2e1-4b63-45f1-920e-c274df3ded21""}]",b118b6e0eac9fc9aee90f8c8c9f9ff0a,mi_bhavisya_v1.0,2026-08-13 01:16:27.648113+00
482012f1-710e-4a25-994a-93821f5871aa,pred_43822bc3-594f-494d-8926-3b12b408b26d,43822bc3-594f-494d-8926-3b12b408b26d,mixed career career_entry,career,"[2047-12-18,2048-02-13)",2048-02-13,"[0.01,0.1)",minor,"{""raw"": ""REFUTED if no career event of magnitude ≥ minor is independently documented by 2048-02-13. CONFIRMED if a career-domain event of matching magnitude is recorded in the Life-Event Log before 2048-02-13. Attestation: lel_entry.""}",,2026-08-13 01:16:29.658705+00,pending,"[{""strength"": 2.16108, ""family_id"": ""fam_graha_natal"", ""signal_id"": ""bde5423d-ac30-4ecd-ab7b-1dbec4232742""}, {""strength"": 2.16108, ""family_id"": ""fam_graha_natal"", ""signal_id"": ""2f9e0ce3-ce9a-4087-b725-bb1949728c37""}, {""strength"": 2.16108, ""family_id"": ""fam_graha_natal"", ""signal_id"": ""c23ae35b-629d-46b3-ad06-5b77fbdd27bf""}, {""strength"": 2.16108, ""family_id"": ""fam_graha_natal"", ""signal_id"": ""fdd4aafa-f03d-4b33-9453-37615f9f32e9""}, {""strength"": 2.11416, ""family_id"": ""fam_graha_natal"", ""signal_id"": ""69ff9578-80e1-43f2-9a75-8f712992b9ac""}]",41eb6be6917c0d497bbbb895f3b6ba61,mi_bhavisya_v1.0,2026-08-13 01:16:27.648113+00
482012f1-710e-4a25-994a-93821f5871aa,pred_4a71244c-23e8-4c39-9a3a-b0abd6be000c,4a71244c-23e8-4c39-9a3a-b0abd6be000c,mixed career career_entry,career,"[2034-11-17,2035-01-14)",2035-01-14,"[0.198,0.297)",minor,"{""raw"": ""REFUTED if no career event of magnitude ≥ minor is independently documented by 2035-01-14. CONFIRMED if a career-domain event of matching magnitude is recorded in the Life-Event Log before 2035-01-14. Attestation: lel_entry.""}",,2026-08-13 01:16:29.658705+00,pending,"[{""strength"": 2.16108, ""family_id"": ""fam_graha_natal"", ""signal_id"": ""bde5423d-ac30-4ecd-ab7b-1dbec4232742""}, {""strength"": 2.16108, ""family_id"": ""fam_graha_natal"", ""signal_id"": ""2f9e0ce3-ce9a-4087-b725-bb1949728c37""}, {""strength"": 2.16108, ""family_id"": ""fam_graha_natal"", ""signal_id"": ""c23ae35b-629d-46b3-ad06-5b77fbdd27bf""}, {""strength"": 2.16108, ""family_id"": ""fam_graha_natal"", ""signal_id"": ""fdd4aafa-f03d-4b33-9453-37615f9f32e9""}, {""strength"": 2.11416, ""family_id"": ""fam_graha_natal"", ""signal_id"": ""69ff9578-80e1-43f2-9a75-8f712992b9ac""}]",13afc6767b1d0140db14d4abe97ae319,mi_bhavisya_v1.0,2026-08-13 01:16:27.648113+00
482012f1-710e-4a25-994a-93821f5871aa,pred_4a8d892c-984c-4073-bc89-76ea8ca08dee,4a8d892c-984c-4073-bc89-76ea8ca08dee,mixed spirituality spiritual_turn,spirituality,"[2029-08-09,2029-09-08)",2029-09-08,"[0.75,0.8)",minor,"{""raw"": ""REFUTED if no spirituality event of magnitude ≥ minor is independently documented by 2029-09-08. CONFIRMED if a spirituality-domain event of matching magnitude is recorded in the Life-Event Log before 2029-09-08. Attestation: lel_entry.""}",,2026-08-13 01:16:29.658705+00,pending,"[{""strength"": 2.16108, ""family_id"": ""fam_graha_natal"", ""signal_id"": ""ebb1c88a-8141-4c7e-860b-54ac293a06ac""}, {""strength"": 2.16108, ""family_id"": ""fam_graha_natal"", ""signal_id"": ""483e332a-a168-4cf1-b93b-0ad55d77d91c""}, {""strength"": 2.16108, ""family_id"": ""fam_graha_natal"", ""signal_id"": ""c31d3e74-2f44-41a6-8025-b32e44dbe1e2""}, {""strength"": 2.16108, ""family_id"": ""fam_graha_natal"", ""signal_id"": ""bde5423d-ac30-4ecd-ab7b-1dbec4232742""}, {""strength"": 2.16108, ""family_id"": ""fam_graha_natal"", ""signal_id"": ""2dff20cd-12f5-492e-a88e-3fef42547eca""}]",b7ad8a7cc97e1726eba958c8c1bdd83c,mi_bhavisya_v1.0,2026-08-13 01:16:27.648113+00
482012f1-710e-4a25-994a-93821f5871aa,pred_4ac99b91-9d77-42c7-85aa-66991f55b4c8,4ac99b91-9d77-42c7-85aa-66991f55b4c8,mixed wealth major_gain,wealth,"[2029-07-28,2029-09-23)",2029-09-23,"[0.75,0.8)",minor,"{""raw"": ""REFUTED if no wealth event of magnitude ≥ minor is independently documented by 2029-09-23. CONFIRMED if a wealth-domain event of matching magnitude is recorded in the Life-Event Log before 2029-09-23. Attestation: lel_entry.""}",,2026-08-13 01:16:29.658705+00,pending,"[{""strength"": 1.890945, ""family_id"": ""fam_graha_natal"", ""signal_id"": ""df5c4452-6e42-4bae-a6a2-15f3616a3703""}, {""strength"": 1.890945, ""family_id"": ""fam_graha_natal"", ""signal_id"": ""79c4cf73-d7cd-4716-92b8-07bd0df503fa""}, {""strength"": 1.890945, ""family_id"": ""fam_graha_natal"", ""signal_id"": ""888de1ae-b221-4503-a3e1-cf4d97e05254""}, {""strength"": 1.890945, ""family_id"": ""fam_graha_natal"", ""signal_id"": ""992a32ca-d695-47e8-95c5-4f4612e33577""}, {""strength"": 1.84989, ""family_id"": ""fam_graha_natal"", ""signal_id"": ""4c93cbb9-147e-475d-aa43-70c18181cf2c""}]",25f55ba55ad9e795bb91df51a2f68bee,mi_bhavisya_v1.0,2026-08-13 01:16:27.648113+00
482012f1-710e-4a25-994a-93821f5871aa,pred_4d132638-c8b5-4c69-8eea-5a3678198e94,4d132638-c8b5-4c69-8eea-5a3678198e94,mixed transition transition_convergence_event,transition,"[2040-04-21,2040-06-17)",2040-06-17,"[0.594,0.694)",minor,"{""raw"": ""REFUTED if no transition event of magnitude ≥ minor is independently documented by 2040-06-17. CONFIRMED if a transition-domain event of matching magnitude is recorded in the Life-Event Log before 2040-06-17. Attestation: lel_entry.""}",,2026-08-13 01:16:29.658705+00,pending,"[{""strength"": 0.60375, ""family_id"": ""fam_transit"", ""signal_id"": ""55fe1091-cccc-4a0e-812a-be9215c08c37""}, {""strength"": 0.60375, ""family_id"": ""fam_graha_natal"", ""signal_id"": ""119e7513-c2a0-4813-9995-46bc97b3c968""}, {""strength"": 0.60375, ""family_id"": ""fam_graha_natal"", ""signal_id"": ""54152427-3d75-493a-aa5f-3c78ecb1cb03""}, {""strength"": 0.60375, ""family_id"": ""fam_graha_natal"", ""signal_id"": ""bb1f38bc-5680-43f5-aa10-fbe18c543348""}, {""strength"": 0.60375, ""family_id"": ""fam_transit"", ""signal_id"": ""22c8c1ec-ef90-4810-82d2-f6b81b505f45""}]",4d1232ff381e74583d3868fd289438cc,mi_bhavisya_v1.0,2026-08-13 01:16:27.648113+00
482012f1-710e-4a25-994a-93821f5871aa,pred_4e90007f-0101-43b5-adf1-690c96fda70d,4e90007f-0101-43b5-adf1-690c96fda70d,mixed wealth major_gain,wealth,"[2034-07-12,2036-12-25)",2036-12-25,"[0.75,0.8)",minor,"{""raw"": ""REFUTED if no wealth event of magnitude ≥ minor is independently documented by 2036-12-25. CONFIRMED if a wealth-domain event of matching magnitude is recorded in the Life-Event Log before 2036-12-25. Attestation: lel_entry.""}",,2026-08-13 01:16:29.658705+00,pending,"[{""strength"": 1.890945, ""family_id"": ""fam_graha_natal"", ""signal_id"": ""df5c4452-6e42-4bae-a6a2-15f3616a3703""}, {""strength"": 1.890945, ""family_id"": ""fam_graha_natal"", ""signal_id"": ""79c4cf73-d7cd-4716-92b8-07bd0df503fa""}, {""strength"": 1.890945, ""family_id"": ""fam_graha_natal"", ""signal_id"": ""888de1ae-b221-4503-a3e1-cf4d97e05254""}, {""strength"": 1.890945, ""family_id"": ""fam_graha_natal"", ""signal_id"": ""992a32ca-d695-47e8-95c5-4f4612e33577""}, {""strength"": 1.84989, ""family_id"": ""fam_graha_natal"", ""signal_id"": ""4c93cbb9-147e-475d-aa43-70c18181cf2c""}]",a1b517c7f3a2c8d77ce14c5ea442e6d5,mi_bhavisya_v1.0,2026-08-13 01:16:27.648113+00
482012f1-710e-4a25-994a-93821f5871aa,pred_4f18d77f-880b-4ed7-942c-39025f34374d,4f18d77f-880b-4ed7-942c-39025f34374d,mixed transition transition_convergence_event,transition,"[2041-09-28,2041-11-24)",2041-11-24,"[0.594,0.694)",minor,"{""raw"": ""REFUTED if no transition event of magnitude ≥ minor is independently documented by 2041-11-24. CONFIRMED if a transition-domain event of matching magnitude is recorded in the Life-Event Log before 2041-11-24. Attestation: lel_entry.""}",,2026-08-13 01:16:29.658705+00,pending,"[{""strength"": 0.60375, ""family_id"": ""fam_transit"", ""signal_id"": ""55fe1091-cccc-4a0e-812a-be9215c08c37""}, {""strength"": 0.60375, ""family_id"": ""fam_graha_natal"", ""signal_id"": ""119e7513-c2a0-4813-9995-46bc97b3c968""}, {""strength"": 0.60375, ""family_id"": ""fam_graha_natal"", ""signal_id"": ""54152427-3d75-493a-aa5f-3c78ecb1cb03""}, {""strength"": 0.60375, ""family_id"": ""fam_graha_natal"", ""signal_id"": ""bb1f38bc-5680-43f5-aa10-fbe18c543348""}, {""strength"": 0.60375, ""family_id"": ""fam_transit"", ""signal_id"": ""22c8c1ec-ef90-4810-82d2-f6b81b505f45""}]",d1bc9f834f1660b33c14923f7321d239,mi_bhavisya_v1.0,2026-08-13 01:16:27.648113+00
482012f1-710e-4a25-994a-93821f5871aa,pred_500bae57-030a-4268-a6c0-3b067a9c1dd3,500bae57-030a-4268-a6c0-3b067a9c1dd3,mixed wealth major_gain,wealth,"[2042-09-01,2042-10-28)",2042-10-28,"[0.75,0.8)",minor,"{""raw"": ""REFUTED if no wealth event of magnitude ≥ minor is independently documented by 2042-10-28. CONFIRMED if a wealth-domain event of matching magnitude is recorded in the Life-Event Log before 2042-10-28. Attestation: lel_entry.""}",,2026-08-13 01:16:29.658705+00,pending,"[{""strength"": 1.890945, ""family_id"": ""fam_graha_natal"", ""signal_id"": ""df5c4452-6e42-4bae-a6a2-15f3616a3703""}, {""strength"": 1.890945, ""family_id"": ""fam_graha_natal"", ""signal_id"": ""79c4cf73-d7cd-4716-92b8-07bd0df503fa""}, {""strength"": 1.890945, ""family_id"": ""fam_graha_natal"", ""signal_id"": ""888de1ae-b221-4503-a3e1-cf4d97e05254""}, {""strength"": 1.890945, ""family_id"": ""fam_graha_natal"", ""signal_id"": ""992a32ca-d695-47e8-95c5-4f4612e33577""}, {""strength"": 1.84989, ""family_id"": ""fam_graha_natal"", ""signal_id"": ""4c93cbb9-147e-475d-aa43-70c18181cf2c""}]",5b6d7bcfdd34e49b215c0834826c7deb,mi_bhavisya_v1.0,2026-08-13 01:16:27.648113+00
482012f1-710e-4a25-994a-93821f5871aa,pred_533f0b3b-9a20-4f2f-a288-0c5e507eff37,533f0b3b-9a20-4f2f-a288-0c5e507eff37,mixed spirituality spiritual_turn,spirituality,"[2027-01-09,2027-02-08)",2027-02-08,"[0.75,0.8)",minor,"{""raw"": ""REFUTED if no spirituality event of magnitude ≥ minor is independently documented by 2027-02-08. CONFIRMED if a spirituality-domain event of matching magnitude is recorded in the Life-Event Log before 2027-02-08. Attestation: lel_entry.""}",,2026-08-13 01:16:29.658705+00,pending,"[{""strength"": 2.16108, ""family_id"": ""fam_graha_natal"", ""signal_id"": ""ebb1c88a-8141-4c7e-860b-54ac293a06ac""}, {""strength"": 2.16108, ""family_id"": ""fam_graha_natal"", ""signal_id"": ""483e332a-a168-4cf1-b93b-0ad55d77d91c""}, {""strength"": 2.16108, ""family_id"": ""fam_graha_natal"", ""signal_id"": ""c31d3e74-2f44-41a6-8025-b32e44dbe1e2""}, {""strength"": 2.16108, ""family_id"": ""fam_graha_natal"", ""signal_id"": ""bde5423d-ac30-4ecd-ab7b-1dbec4232742""}, {""strength"": 2.16108, ""family_id"": ""fam_graha_natal"", ""signal_id"": ""2dff20cd-12f5-492e-a88e-3fef42547eca""}]",29c94f876ac0def9328c3399472b4c7d,mi_bhavisya_v1.0,2026-08-13 01:16:27.648113+00
482012f1-710e-4a25-994a-93821f5871aa,pred_53a130ce-4e0f-4aa2-b708-5567add165d0,53a130ce-4e0f-4aa2-b708-5567add165d0,elevated relationship relationship_discovery_event,relationship,"[2026-08-12,2026-11-10)",2026-11-10,"[0.272,0.372)",minor,"{""raw"": ""REFUTED if no relationship event of magnitude ≥ minor is independently documented by 2026-11-10. CONFIRMED if a relationship-domain event of matching magnitude is recorded in the Life-Event Log before 2026-11-10. Attestation: lel_entry.""}",,2026-08-13 01:16:29.658705+00,pending,"[{""strength"": 2.16108, ""family_id"": ""fam_graha_natal"", ""signal_id"": ""ebb1c88a-8141-4c7e-860b-54ac293a06ac""}, {""strength"": 2.16108, ""family_id"": ""fam_graha_natal"", ""signal_id"": ""483e332a-a168-4cf1-b93b-0ad55d77d91c""}, {""strength"": 2.16108, ""family_id"": ""fam_graha_natal"", ""signal_id"": ""c31d3e74-2f44-41a6-8025-b32e44dbe1e2""}, {""strength"": 2.16108, ""family_id"": ""fam_graha_natal"", ""signal_id"": ""2dff20cd-12f5-492e-a88e-3fef42547eca""}, {""strength"": 2.16108, ""family_id"": ""fam_graha_natal"", ""signal_id"": ""d49da2e1-4b63-45f1-920e-c274df3ded21""}]",4c43b7aa8c4bf6a4056c7e55e72ad50f,mi_bhavisya_v1.0,2026-08-13 01:16:27.648113+00
482012f1-710e-4a25-994a-93821f5871aa,pred_542f7d20-5745-44d1-8662-ed707bf63483,542f7d20-5745-44d1-8662-ed707bf63483,mixed wealth major_gain,wealth,"[2031-01-04,2031-03-02)",2031-03-02,"[0.75,0.8)",minor,"{""raw"": ""REFUTED if no wealth event of magnitude ≥ minor is independently documented by 2031-03-02. CONFIRMED if a wealth-domain event of matching magnitude is recorded in the Life-Event Log before 2031-03-02. Attestation: lel_entry.""}",,2026-08-13 01:16:29.658705+00,pending,"[{""strength"": 1.890945, ""family_id"": ""fam_graha_natal"", ""signal_id"": ""df5c4452-6e42-4bae-a6a2-15f3616a3703""}, {""strength"": 1.890945, ""family_id"": ""fam_graha_natal"", ""signal_id"": ""79c4cf73-d7cd-4716-92b8-07bd0df503fa""}, {""strength"": 1.890945, ""family_id"": ""fam_graha_natal"", ""signal_id"": ""888de1ae-b221-4503-a3e1-cf4d97e05254""}, {""strength"": 1.890945, ""family_id"": ""fam_graha_natal"", ""signal_id"": ""992a32ca-d695-47e8-95c5-4f4612e33577""}, {""strength"": 1.84989, ""family_id"": ""fam_graha_natal"", ""signal_id"": ""4c93cbb9-147e-475d-aa43-70c18181cf2c""}]",64e1dd398551d1a710cfb088294c8c15,mi_bhavisya_v1.0,2026-08-13 01:16:27.648113+00
482012f1-710e-4a25-994a-93821f5871aa,pred_56f291b5-3fba-4eee-adf6-0081abcd73d3,56f291b5-3fba-4eee-adf6-0081abcd73d3,mixed wealth major_gain,wealth,"[2028-12-26,2029-12-22)",2029-12-22,"[0.75,0.8)",minor,"{""raw"": ""REFUTED if no wealth event of magnitude ≥ minor is independently documented by 2029-12-22. CONFIRMED if a wealth-domain event of matching magnitude is recorded in the Life-Event Log before 2029-12-22. Attestation: lel_entry.""}",,2026-08-13 01:16:29.658705+00,pending,"[{""strength"": 1.890945, ""family_id"": ""fam_graha_natal"", ""signal_id"": ""df5c4452-6e42-4bae-a6a2-15f3616a3703""}, {""strength"": 1.890945, ""family_id"": ""fam_graha_natal"", ""signal_id"": ""79c4cf73-d7cd-4716-92b8-07bd0df503fa""}, {""strength"": 1.890945, ""family_id"": ""fam_graha_natal"", ""signal_id"": ""888de1ae-b221-4503-a3e1-cf4d97e05254""}, {""strength"": 1.890945, ""family_id"": ""fam_graha_natal"", ""signal_id"": ""992a32ca-d695-47e8-95c5-4f4612e33577""}, {""strength"": 1.84989, ""family_id"": ""fam_graha_natal"", ""signal_id"": ""4c93cbb9-147e-475d-aa43-70c18181cf2c""}]",71585ffb765226aaaf6944c489650ced,mi_bhavisya_v1.0,2026-08-13 01:16:27.648113+00
482012f1-710e-4a25-994a-93821f5871aa,pred_5754ef52-2ba3-441e-89f4-df2b052a0a6a,5754ef52-2ba3-441e-89f4-df2b052a0a6a,mixed transition transition_convergence_event,transition,"[2030-09-22,2031-09-18)",2031-09-18,"[0.594,0.694)",minor,"{""raw"": ""REFUTED if no transition event of magnitude ≥ minor is independently documented by 2031-09-18. CONFIRMED if a transition-domain event of matching magnitude is recorded in the Life-Event Log before 2031-09-18. Attestation: lel_entry.""}",,2026-08-13 01:16:29.658705+00,pending,"[{""strength"": 0.60375, ""family_id"": ""fam_transit"", ""signal_id"": ""55fe1091-cccc-4a0e-812a-be9215c08c37""}, {""strength"": 0.60375, ""family_id"": ""fam_graha_natal"", ""signal_id"": ""119e7513-c2a0-4813-9995-46bc97b3c968""}, {""strength"": 0.60375, ""family_id"": ""fam_graha_natal"", ""signal_id"": ""54152427-3d75-493a-aa5f-3c78ecb1cb03""}, {""strength"": 0.60375, ""family_id"": ""fam_graha_natal"", ""signal_id"": ""bb1f38bc-5680-43f5-aa10-fbe18c543348""}, {""strength"": 0.60375, ""family_id"": ""fam_transit"", ""signal_id"": ""22c8c1ec-ef90-4810-82d2-f6b81b505f45""}]",9c859dc834cc9ec6bcd07abc585c98f6,mi_bhavisya_v1.0,2026-08-13 01:16:27.648113+00
482012f1-710e-4a25-994a-93821f5871aa,pred_58a52e8d-2b46-4a20-b5fd-3b72db121890,58a52e8d-2b46-4a20-b5fd-3b72db121890,mixed career career_entry,career,"[2032-12-08,2033-02-03)",2033-02-03,"[0.198,0.297)",minor,"{""raw"": ""REFUTED if no career event of magnitude ≥ minor is independently documented by 2033-02-03. CONFIRMED if a career-domain event of matching magnitude is recorded in the Life-Event Log before 2033-02-03. Attestation: lel_entry.""}",,2026-08-13 01:16:29.658705+00,pending,"[{""strength"": 2.16108, ""family_id"": ""fam_graha_natal"", ""signal_id"": ""bde5423d-ac30-4ecd-ab7b-1dbec4232742""}, {""strength"": 2.16108, ""family_id"": ""fam_graha_natal"", ""signal_id"": ""2f9e0ce3-ce9a-4087-b725-bb1949728c37""}, {""strength"": 2.16108, ""family_id"": ""fam_graha_natal"", ""signal_id"": ""c23ae35b-629d-46b3-ad06-5b77fbdd27bf""}, {""strength"": 2.16108, ""family_id"": ""fam_graha_natal"", ""signal_id"": ""fdd4aafa-f03d-4b33-9453-37615f9f32e9""}, {""strength"": 2.11416, ""family_id"": ""fam_graha_natal"", ""signal_id"": ""69ff9578-80e1-43f2-9a75-8f712992b9ac""}]",9b593ebdd87f53b20d40aa77e67bab19,mi_bhavisya_v1.0,2026-08-13 01:16:27.648113+00
482012f1-710e-4a25-994a-93821f5871aa,pred_59400edd-a6b0-4946-a16c-ec7e0f7d739e,59400edd-a6b0-4946-a16c-ec7e0f7d739e,mixed transition transition_convergence_event,transition,"[2030-05-01,2031-04-27)",2031-04-27,"[0.594,0.694)",minor,"{""raw"": ""REFUTED if no transition event of magnitude ≥ minor is independently documented by 2031-04-27. CONFIRMED if a transition-domain event of matching magnitude is recorded in the Life-Event Log before 2031-04-27. Attestation: lel_entry.""}",,2026-08-13 01:16:29.658705+00,pending,"[{""strength"": 0.60375, ""family_id"": ""fam_transit"", ""signal_id"": ""55fe1091-cccc-4a0e-812a-be9215c08c37""}, {""strength"": 0.60375, ""family_id"": ""fam_graha_natal"", ""signal_id"": ""119e7513-c2a0-4813-9995-46bc97b3c968""}, {""strength"": 0.60375, ""family_id"": ""fam_graha_natal"", ""signal_id"": ""54152427-3d75-493a-aa5f-3c78ecb1cb03""}, {""strength"": 0.60375, ""family_id"": ""fam_graha_natal"", ""signal_id"": ""bb1f38bc-5680-43f5-aa10-fbe18c543348""}, {""strength"": 0.60375, ""family_id"": ""fam_transit"", ""signal_id"": ""22c8c1ec-ef90-4810-82d2-f6b81b505f45""}]",2b7306144168b534d9a8f75709dd39ae,mi_bhavisya_v1.0,2026-08-13 01:16:27.648113+00
482012f1-710e-4a25-994a-93821f5871aa,pred_5ab5b95b-c6fe-4dd2-b4f1-dfd608e203c7,5ab5b95b-c6fe-4dd2-b4f1-dfd608e203c7,elevated health health_discovery_event,health,"[2026-08-12,2026-11-10)",2026-11-10,"[0.272,0.372)",minor,"{""raw"": ""REFUTED if no health event of magnitude ≥ minor is independently documented by 2026-11-10. CONFIRMED if a health-domain event of matching magnitude is recorded in the Life-Event Log before 2026-11-10. Attestation: lel_entry.""}",,2026-08-13 01:16:29.658705+00,pending,"[{""strength"": 1.2, ""family_id"": ""fam_graha_natal"", ""signal_id"": ""e7bc769d-5e8d-4a3b-9c8c-5f3aef8d0ab0""}, {""strength"": 1.2, ""family_id"": ""fam_graha_natal"", ""signal_id"": ""422267a2-ae9a-4413-a737-a9a93407747e""}, {""strength"": 1.2, ""family_id"": ""fam_graha_natal"", ""signal_id"": ""fa44bc12-4651-449d-921b-689c26189bf4""}, {""strength"": 0.68425, ""family_id"": ""fam_yoga"", ""signal_id"": ""5128c630-9034-4f1c-9c64-60bec408ce9e""}, {""strength"": 0.68425, ""family_id"": ""fam_yoga"", ""signal_id"": ""b55163d0-1b65-47df-8d30-c31a98512fc7""}]",f03a63626e4f17ac24209de268ddee3d,mi_bhavisya_v1.0,2026-08-13 01:16:27.648113+00
482012f1-710e-4a25-994a-93821f5871aa,pred_5bbc59c1-94d5-4133-ac8e-e1c235f4b0a2,5bbc59c1-94d5-4133-ac8e-e1c235f4b0a2,mixed transition transition_convergence_event,transition,"[2042-09-01,2042-10-28)",2042-10-28,"[0.594,0.694)",minor,"{""raw"": ""REFUTED if no transition event of magnitude ≥ minor is independently documented by 2042-10-28. CONFIRMED if a transition-domain event of matching magnitude is recorded in the Life-Event Log before 2042-10-28. Attestation: lel_entry.""}",,2026-08-13 01:16:29.658705+00,pending,"[{""strength"": 0.60375, ""family_id"": ""fam_transit"", ""signal_id"": ""55fe1091-cccc-4a0e-812a-be9215c08c37""}, {""strength"": 0.60375, ""family_id"": ""fam_graha_natal"", ""signal_id"": ""119e7513-c2a0-4813-9995-46bc97b3c968""}, {""strength"": 0.60375, ""family_id"": ""fam_graha_natal"", ""signal_id"": ""54152427-3d75-493a-aa5f-3c78ecb1cb03""}, {""strength"": 0.60375, ""family_id"": ""fam_graha_natal"", ""signal_id"": ""bb1f38bc-5680-43f5-aa10-fbe18c543348""}, {""strength"": 0.60375, ""family_id"": ""fam_transit"", ""signal_id"": ""22c8c1ec-ef90-4810-82d2-f6b81b505f45""}]",0c2ab9b3942bc0e833cb2377f8c8e56b,mi_bhavisya_v1.0,2026-08-13 01:16:27.648113+00
482012f1-710e-4a25-994a-93821f5871aa,pred_5c72c595-bd84-4afb-9bd6-6d63ccfb5268,5c72c595-bd84-4afb-9bd6-6d63ccfb5268,mixed career career_entry,career,"[2029-07-28,2029-09-23)",2029-09-23,"[0.198,0.297)",minor,"{""raw"": ""REFUTED if no career event of magnitude ≥ minor is independently documented by 2029-09-23. CONFIRMED if a career-domain event of matching magnitude is recorded in the Life-Event Log before 2029-09-23. Attestation: lel_entry.""}",,2026-08-13 01:16:29.658705+00,pending,"[{""strength"": 2.16108, ""family_id"": ""fam_graha_natal"", ""signal_id"": ""bde5423d-ac30-4ecd-ab7b-1dbec4232742""}, {""strength"": 2.16108, ""family_id"": ""fam_graha_natal"", ""signal_id"": ""2f9e0ce3-ce9a-4087-b725-bb1949728c37""}, {""strength"": 2.16108, ""family_id"": ""fam_graha_natal"", ""signal_id"": ""c23ae35b-629d-46b3-ad06-5b77fbdd27bf""}, {""strength"": 2.16108, ""family_id"": ""fam_graha_natal"", ""signal_id"": ""fdd4aafa-f03d-4b33-9453-37615f9f32e9""}, {""strength"": 2.11416, ""family_id"": ""fam_graha_natal"", ""signal_id"": ""69ff9578-80e1-43f2-9a75-8f712992b9ac""}]",31a7ae5fc1e19b9b3f65f493d58b0d2e,mi_bhavisya_v1.0,2026-08-13 01:16:27.648113+00
482012f1-710e-4a25-994a-93821f5871aa,pred_5f64e035-3af3-4446-863e-cc0a9b64d3cb,5f64e035-3af3-4446-863e-cc0a9b64d3cb,mixed transition transition_convergence_event,transition,"[2026-06-01,2027-05-28)",2027-05-28,"[0.594,0.694)",minor,"{""raw"": ""REFUTED if no transition event of magnitude ≥ minor is independently documented by 2027-05-28. CONFIRMED if a transition-domain event of matching magnitude is recorded in the Life-Event Log before 2027-05-28. Attestation: lel_entry.""}",,2026-08-13 01:16:29.658705+00,pending,"[{""strength"": 0.60375, ""family_id"": ""fam_transit"", ""signal_id"": ""55fe1091-cccc-4a0e-812a-be9215c08c37""}, {""strength"": 0.60375, ""family_id"": ""fam_graha_natal"", ""signal_id"": ""119e7513-c2a0-4813-9995-46bc97b3c968""}, {""strength"": 0.60375, ""family_id"": ""fam_graha_natal"", ""signal_id"": ""54152427-3d75-493a-aa5f-3c78ecb1cb03""}, {""strength"": 0.60375, ""family_id"": ""fam_graha_natal"", ""signal_id"": ""bb1f38bc-5680-43f5-aa10-fbe18c543348""}, {""strength"": 0.60375, ""family_id"": ""fam_transit"", ""signal_id"": ""22c8c1ec-ef90-4810-82d2-f6b81b505f45""}]",2685c7d761b730e6b574eaa584b628b2,mi_bhavisya_v1.0,2026-08-13 01:16:27.648113+00
482012f1-710e-4a25-994a-93821f5871aa,pred_60fbe639-beb0-4308-ac45-e51301947057,60fbe639-beb0-4308-ac45-e51301947057,elevated career career_discovery_event,career,"[2026-08-12,2026-11-10)",2026-11-10,"[0.272,0.372)",minor,"{""raw"": ""REFUTED if no career event of magnitude ≥ minor is independently documented by 2026-11-10. CONFIRMED if a career-domain event of matching magnitude is recorded in the Life-Event Log before 2026-11-10. Attestation: lel_entry.""}",,2026-08-13 01:16:29.658705+00,pending,"[{""strength"": 2.16108, ""family_id"": ""fam_graha_natal"", ""signal_id"": ""bde5423d-ac30-4ecd-ab7b-1dbec4232742""}, {""strength"": 2.16108, ""family_id"": ""fam_graha_natal"", ""signal_id"": ""2f9e0ce3-ce9a-4087-b725-bb1949728c37""}, {""strength"": 2.16108, ""family_id"": ""fam_graha_natal"", ""signal_id"": ""c23ae35b-629d-46b3-ad06-5b77fbdd27bf""}, {""strength"": 2.16108, ""family_id"": ""fam_graha_natal"", ""signal_id"": ""fdd4aafa-f03d-4b33-9453-37615f9f32e9""}, {""strength"": 2.11416, ""family_id"": ""fam_graha_natal"", ""signal_id"": ""69ff9578-80e1-43f2-9a75-8f712992b9ac""}]",37375c939e10043cf7a07cbf3baaa2c3,mi_bhavisya_v1.0,2026-08-13 01:16:27.648113+00
482012f1-710e-4a25-994a-93821f5871aa,pred_615b7a23-7341-42be-9455-6a8fa4a84ed4,615b7a23-7341-42be-9455-6a8fa4a84ed4,mixed transition transition_convergence_event,transition,"[2043-07-30,2044-07-25)",2044-07-25,"[0.594,0.694)",minor,"{""raw"": ""REFUTED if no transition event of magnitude ≥ minor is independently documented by 2044-07-25. CONFIRMED if a transition-domain event of matching magnitude is recorded in the Life-Event Log before 2044-07-25. Attestation: lel_entry.""}",,2026-08-13 01:16:29.658705+00,pending,"[{""strength"": 0.60375, ""family_id"": ""fam_transit"", ""signal_id"": ""55fe1091-cccc-4a0e-812a-be9215c08c37""}, {""strength"": 0.60375, ""family_id"": ""fam_graha_natal"", ""signal_id"": ""119e7513-c2a0-4813-9995-46bc97b3c968""}, {""strength"": 0.60375, ""family_id"": ""fam_graha_natal"", ""signal_id"": ""54152427-3d75-493a-aa5f-3c78ecb1cb03""}, {""strength"": 0.60375, ""family_id"": ""fam_graha_natal"", ""signal_id"": ""bb1f38bc-5680-43f5-aa10-fbe18c543348""}, {""strength"": 0.60375, ""family_id"": ""fam_transit"", ""signal_id"": ""22c8c1ec-ef90-4810-82d2-f6b81b505f45""}]",6e0ee5f72f2b20056c889e81016ac63e,mi_bhavisya_v1.0,2026-08-13 01:16:27.648113+00
482012f1-710e-4a25-994a-93821f5871aa,pred_62a085fe-73aa-4e5b-95fa-62f009c5eb8f,62a085fe-73aa-4e5b-95fa-62f009c5eb8f,mixed career career_entry,career,"[2040-09-21,2040-11-17)",2040-11-17,"[0.198,0.297)",minor,"{""raw"": ""REFUTED if no career event of magnitude ≥ minor is independently documented by 2040-11-17. CONFIRMED if a career-domain event of matching magnitude is recorded in the Life-Event Log before 2040-11-17. Attestation: lel_entry.""}",,2026-08-13 01:16:29.658705+00,pending,"[{""strength"": 2.16108, ""family_id"": ""fam_graha_natal"", ""signal_id"": ""bde5423d-ac30-4ecd-ab7b-1dbec4232742""}, {""strength"": 2.16108, ""family_id"": ""fam_graha_natal"", ""signal_id"": ""2f9e0ce3-ce9a-4087-b725-bb1949728c37""}, {""strength"": 2.16108, ""family_id"": ""fam_graha_natal"", ""signal_id"": ""c23ae35b-629d-46b3-ad06-5b77fbdd27bf""}, {""strength"": 2.16108, ""family_id"": ""fam_graha_natal"", ""signal_id"": ""fdd4aafa-f03d-4b33-9453-37615f9f32e9""}, {""strength"": 2.11416, ""family_id"": ""fam_graha_natal"", ""signal_id"": ""69ff9578-80e1-43f2-9a75-8f712992b9ac""}]",98fe71db689e4132363824e31ff59d83,mi_bhavisya_v1.0,2026-08-13 01:16:27.648113+00
482012f1-710e-4a25-994a-93821f5871aa,pred_639f219c-54a7-4f05-aea8-e09f775596fd,639f219c-54a7-4f05-aea8-e09f775596fd,mixed transition transition_convergence_event,transition,"[2040-12-03,2041-11-29)",2041-11-29,"[0.594,0.694)",minor,"{""raw"": ""REFUTED if no transition event of magnitude ≥ minor is independently documented by 2041-11-29. CONFIRMED if a transition-domain event of matching magnitude is recorded in the Life-Event Log before 2041-11-29. Attestation: lel_entry.""}",,2026-08-13 01:16:29.658705+00,pending,"[{""strength"": 0.60375, ""family_id"": ""fam_transit"", ""signal_id"": ""55fe1091-cccc-4a0e-812a-be9215c08c37""}, {""strength"": 0.60375, ""family_id"": ""fam_graha_natal"", ""signal_id"": ""119e7513-c2a0-4813-9995-46bc97b3c968""}, {""strength"": 0.60375, ""family_id"": ""fam_graha_natal"", ""signal_id"": ""54152427-3d75-493a-aa5f-3c78ecb1cb03""}, {""strength"": 0.60375, ""family_id"": ""fam_graha_natal"", ""signal_id"": ""bb1f38bc-5680-43f5-aa10-fbe18c543348""}, {""strength"": 0.60375, ""family_id"": ""fam_transit"", ""signal_id"": ""22c8c1ec-ef90-4810-82d2-f6b81b505f45""}]",180c266bb3be023daa5495d6545caf1c,mi_bhavisya_v1.0,2026-08-13 01:16:27.648113+00
482012f1-710e-4a25-994a-93821f5871aa,pred_6775cfb7-53fd-4f0e-a911-01622ebdcf61,6775cfb7-53fd-4f0e-a911-01622ebdcf61,mixed transition transition_convergence_event,transition,"[2031-06-13,2032-06-08)",2032-06-08,"[0.594,0.694)",minor,"{""raw"": ""REFUTED if no transition event of magnitude ≥ minor is independently documented by 2032-06-08. CONFIRMED if a transition-domain event of matching magnitude is recorded in the Life-Event Log before 2032-06-08. Attestation: lel_entry.""}",,2026-08-13 01:16:29.658705+00,pending,"[{""strength"": 0.60375, ""family_id"": ""fam_transit"", ""signal_id"": ""55fe1091-cccc-4a0e-812a-be9215c08c37""}, {""strength"": 0.60375, ""family_id"": ""fam_graha_natal"", ""signal_id"": ""119e7513-c2a0-4813-9995-46bc97b3c968""}, {""strength"": 0.60375, ""family_id"": ""fam_graha_natal"", ""signal_id"": ""54152427-3d75-493a-aa5f-3c78ecb1cb03""}, {""strength"": 0.60375, ""family_id"": ""fam_graha_natal"", ""signal_id"": ""bb1f38bc-5680-43f5-aa10-fbe18c543348""}, {""strength"": 0.60375, ""family_id"": ""fam_transit"", ""signal_id"": ""22c8c1ec-ef90-4810-82d2-f6b81b505f45""}]",132e8074769a71e056c2277c2667d5dd,mi_bhavisya_v1.0,2026-08-13 01:16:27.648113+00
482012f1-710e-4a25-994a-93821f5871aa,pred_68754b6c-0e2b-4d67-9256-69c60c7f5da2,68754b6c-0e2b-4d67-9256-69c60c7f5da2,mixed transition transition_convergence_event,transition,"[2029-07-28,2029-09-23)",2029-09-23,"[0.594,0.694)",minor,"{""raw"": ""REFUTED if no transition event of magnitude ≥ minor is independently documented by 2029-09-23. CONFIRMED if a transition-domain event of matching magnitude is recorded in the Life-Event Log before 2029-09-23. Attestation: lel_entry.""}",,2026-08-13 01:16:29.658705+00,pending,"[{""strength"": 0.60375, ""family_id"": ""fam_transit"", ""signal_id"": ""55fe1091-cccc-4a0e-812a-be9215c08c37""}, {""strength"": 0.60375, ""family_id"": ""fam_graha_natal"", ""signal_id"": ""119e7513-c2a0-4813-9995-46bc97b3c968""}, {""strength"": 0.60375, ""family_id"": ""fam_graha_natal"", ""signal_id"": ""54152427-3d75-493a-aa5f-3c78ecb1cb03""}, {""strength"": 0.60375, ""family_id"": ""fam_graha_natal"", ""signal_id"": ""bb1f38bc-5680-43f5-aa10-fbe18c543348""}, {""strength"": 0.60375, ""family_id"": ""fam_transit"", ""signal_id"": ""22c8c1ec-ef90-4810-82d2-f6b81b505f45""}]",8fac2a219669ae9f27821279c5636b18,mi_bhavisya_v1.0,2026-08-13 01:16:27.648113+00
482012f1-710e-4a25-994a-93821f5871aa,pred_6b95104e-a02d-440f-9bde-2f28f16a79f5,6b95104e-a02d-440f-9bde-2f28f16a79f5,mixed wealth major_gain,wealth,"[2046-07-01,2046-08-27)",2046-08-27,"[0.324,0.424)",minor,"{""raw"": ""REFUTED if no wealth event of magnitude ≥ minor is independently documented by 2046-08-27. CONFIRMED if a wealth-domain event of matching magnitude is recorded in the Life-Event Log before 2046-08-27. Attestation: lel_entry.""}",,2026-08-13 01:16:29.658705+00,pending,"[{""strength"": 1.890945, ""family_id"": ""fam_graha_natal"", ""signal_id"": ""df5c4452-6e42-4bae-a6a2-15f3616a3703""}, {""strength"": 1.890945, ""family_id"": ""fam_graha_natal"", ""signal_id"": ""79c4cf73-d7cd-4716-92b8-07bd0df503fa""}, {""strength"": 1.890945, ""family_id"": ""fam_graha_natal"", ""signal_id"": ""888de1ae-b221-4503-a3e1-cf4d97e05254""}, {""strength"": 1.890945, ""family_id"": ""fam_graha_natal"", ""signal_id"": ""992a32ca-d695-47e8-95c5-4f4612e33577""}, {""strength"": 1.84989, ""family_id"": ""fam_graha_natal"", ""signal_id"": ""4c93cbb9-147e-475d-aa43-70c18181cf2c""}]",85059f0219e73997fd1952276d73eb37,mi_bhavisya_v1.0,2026-08-13 01:16:27.648113+00
482012f1-710e-4a25-994a-93821f5871aa,pred_6bb13d11-e014-4ea5-8121-c9bc2eef192b,6bb13d11-e014-4ea5-8121-c9bc2eef192b,mixed transition transition_convergence_event,transition,"[2040-09-21,2040-11-17)",2040-11-17,"[0.594,0.694)",minor,"{""raw"": ""REFUTED if no transition event of magnitude ≥ minor is independently documented by 2040-11-17. CONFIRMED if a transition-domain event of matching magnitude is recorded in the Life-Event Log before 2040-11-17. Attestation: lel_entry.""}",,2026-08-13 01:16:29.658705+00,pending,"[{""strength"": 0.60375, ""family_id"": ""fam_transit"", ""signal_id"": ""55fe1091-cccc-4a0e-812a-be9215c08c37""}, {""strength"": 0.60375, ""family_id"": ""fam_graha_natal"", ""signal_id"": ""119e7513-c2a0-4813-9995-46bc97b3c968""}, {""strength"": 0.60375, ""family_id"": ""fam_graha_natal"", ""signal_id"": ""54152427-3d75-493a-aa5f-3c78ecb1cb03""}, {""strength"": 0.60375, ""family_id"": ""fam_graha_natal"", ""signal_id"": ""bb1f38bc-5680-43f5-aa10-fbe18c543348""}, {""strength"": 0.60375, ""family_id"": ""fam_transit"", ""signal_id"": ""22c8c1ec-ef90-4810-82d2-f6b81b505f45""}]",b2a8499cae29fef8755f54df5e324d97,mi_bhavisya_v1.0,2026-08-13 01:16:27.648113+00
482012f1-710e-4a25-994a-93821f5871aa,pred_6d609555-af6a-4a4e-a88a-c14337fc38f3,6d609555-af6a-4a4e-a88a-c14337fc38f3,mixed career career_entry,career,"[2042-06-09,2043-06-05)",2043-06-05,"[0.198,0.297)",minor,"{""raw"": ""REFUTED if no career event of magnitude ≥ minor is independently documented by 2043-06-05. CONFIRMED if a career-domain event of matching magnitude is recorded in the Life-Event Log before 2043-06-05. Attestation: lel_entry.""}",,2026-08-13 01:16:29.658705+00,pending,"[{""strength"": 2.16108, ""family_id"": ""fam_graha_natal"", ""signal_id"": ""bde5423d-ac30-4ecd-ab7b-1dbec4232742""}, {""strength"": 2.16108, ""family_id"": ""fam_graha_natal"", ""signal_id"": ""2f9e0ce3-ce9a-4087-b725-bb1949728c37""}, {""strength"": 2.16108, ""family_id"": ""fam_graha_natal"", ""signal_id"": ""c23ae35b-629d-46b3-ad06-5b77fbdd27bf""}, {""strength"": 2.16108, ""family_id"": ""fam_graha_natal"", ""signal_id"": ""fdd4aafa-f03d-4b33-9453-37615f9f32e9""}, {""strength"": 2.11416, ""family_id"": ""fam_graha_natal"", ""signal_id"": ""69ff9578-80e1-43f2-9a75-8f712992b9ac""}]",4d30b67f071d0767eec2bbfac68f3159,mi_bhavisya_v1.0,2026-08-13 01:16:27.648113+00
482012f1-710e-4a25-994a-93821f5871aa,pred_6e0c6351-d7bd-4efe-abf1-447ee6760f5c,6e0c6351-d7bd-4efe-abf1-447ee6760f5c,mixed transition transition_convergence_event,transition,"[2039-03-03,2040-02-27)",2040-02-27,"[0.594,0.694)",minor,"{""raw"": ""REFUTED if no transition event of magnitude ≥ minor is independently documented by 2040-02-27. CONFIRMED if a transition-domain event of matching magnitude is recorded in the Life-Event Log before 2040-02-27. Attestation: lel_entry.""}",,2026-08-13 01:16:29.658705+00,pending,"[{""strength"": 0.60375, ""family_id"": ""fam_transit"", ""signal_id"": ""55fe1091-cccc-4a0e-812a-be9215c08c37""}, {""strength"": 0.60375, ""family_id"": ""fam_graha_natal"", ""signal_id"": ""119e7513-c2a0-4813-9995-46bc97b3c968""}, {""strength"": 0.60375, ""family_id"": ""fam_graha_natal"", ""signal_id"": ""54152427-3d75-493a-aa5f-3c78ecb1cb03""}, {""strength"": 0.60375, ""family_id"": ""fam_graha_natal"", ""signal_id"": ""bb1f38bc-5680-43f5-aa10-fbe18c543348""}, {""strength"": 0.60375, ""family_id"": ""fam_transit"", ""signal_id"": ""22c8c1ec-ef90-4810-82d2-f6b81b505f45""}]",52e0b1d208960d30f17f051021acb655,mi_bhavisya_v1.0,2026-08-13 01:16:27.648113+00
482012f1-710e-4a25-994a-93821f5871aa,pred_6ecc4a2e-75eb-4348-9a48-5536430db361,6ecc4a2e-75eb-4348-9a48-5536430db361,mixed wealth major_gain,wealth,"[2034-11-17,2035-01-14)",2035-01-14,"[0.75,0.8)",minor,"{""raw"": ""REFUTED if no wealth event of magnitude ≥ minor is independently documented by 2035-01-14. CONFIRMED if a wealth-domain event of matching magnitude is recorded in the Life-Event Log before 2035-01-14. Attestation: lel_entry.""}",,2026-08-13 01:16:29.658705+00,pending,"[{""strength"": 1.890945, ""family_id"": ""fam_graha_natal"", ""signal_id"": ""df5c4452-6e42-4bae-a6a2-15f3616a3703""}, {""strength"": 1.890945, ""family_id"": ""fam_graha_natal"", ""signal_id"": ""79c4cf73-d7cd-4716-92b8-07bd0df503fa""}, {""strength"": 1.890945, ""family_id"": ""fam_graha_natal"", ""signal_id"": ""888de1ae-b221-4503-a3e1-cf4d97e05254""}, {""strength"": 1.890945, ""family_id"": ""fam_graha_natal"", ""signal_id"": ""992a32ca-d695-47e8-95c5-4f4612e33577""}, {""strength"": 1.84989, ""family_id"": ""fam_graha_natal"", ""signal_id"": ""4c93cbb9-147e-475d-aa43-70c18181cf2c""}]",bd9fdf57ad38997c341597246cd3fd18,mi_bhavisya_v1.0,2026-08-13 01:16:27.648113+00
482012f1-710e-4a25-994a-93821f5871aa,pred_6f29c05b-bdce-4ae4-82bf-0e30aad9f2aa,6f29c05b-bdce-4ae4-82bf-0e30aad9f2aa,mixed transition transition_convergence_event,transition,"[2050-04-01,2051-03-28)",2051-03-28,"[0.594,0.694)",minor,"{""raw"": ""REFUTED if no transition event of magnitude ≥ minor is independently documented by 2051-03-28. CONFIRMED if a transition-domain event of matching magnitude is recorded in the Life-Event Log before 2051-03-28. Attestation: lel_entry.""}",,2026-08-13 01:16:29.658705+00,pending,"[{""strength"": 0.60375, ""family_id"": ""fam_transit"", ""signal_id"": ""55fe1091-cccc-4a0e-812a-be9215c08c37""}, {""strength"": 0.60375, ""family_id"": ""fam_graha_natal"", ""signal_id"": ""119e7513-c2a0-4813-9995-46bc97b3c968""}, {""strength"": 0.60375, ""family_id"": ""fam_graha_natal"", ""signal_id"": ""54152427-3d75-493a-aa5f-3c78ecb1cb03""}, {""strength"": 0.60375, ""family_id"": ""fam_graha_natal"", ""signal_id"": ""bb1f38bc-5680-43f5-aa10-fbe18c543348""}, {""strength"": 0.60375, ""family_id"": ""fam_transit"", ""signal_id"": ""22c8c1ec-ef90-4810-82d2-f6b81b505f45""}]",a3936ace34f71d95b30b7a27f44e2d94,mi_bhavisya_v1.0,2026-08-13 01:16:27.648113+00
482012f1-710e-4a25-994a-93821f5871aa,pred_71726f2a-e429-4085-b2cb-1e854cd360dd,71726f2a-e429-4085-b2cb-1e854cd360dd,mixed transition transition_convergence_event,transition,"[2041-01-27,2043-07-13)",2043-07-13,"[0.594,0.694)",minor,"{""raw"": ""REFUTED if no transition event of magnitude ≥ minor is independently documented by 2043-07-13. CONFIRMED if a transition-domain event of matching magnitude is recorded in the Life-Event Log before 2043-07-13. Attestation: lel_entry.""}",,2026-08-13 01:16:29.658705+00,pending,"[{""strength"": 0.60375, ""family_id"": ""fam_transit"", ""signal_id"": ""55fe1091-cccc-4a0e-812a-be9215c08c37""}, {""strength"": 0.60375, ""family_id"": ""fam_graha_natal"", ""signal_id"": ""119e7513-c2a0-4813-9995-46bc97b3c968""}, {""strength"": 0.60375, ""family_id"": ""fam_graha_natal"", ""signal_id"": ""54152427-3d75-493a-aa5f-3c78ecb1cb03""}, {""strength"": 0.60375, ""family_id"": ""fam_graha_natal"", ""signal_id"": ""bb1f38bc-5680-43f5-aa10-fbe18c543348""}, {""strength"": 0.60375, ""family_id"": ""fam_transit"", ""signal_id"": ""22c8c1ec-ef90-4810-82d2-f6b81b505f45""}]",764f249a54674db237ae947323d12344,mi_bhavisya_v1.0,2026-08-13 01:16:27.648113+00
482012f1-710e-4a25-994a-93821f5871aa,pred_721dc389-1f98-43fb-8c02-24149c21211b,721dc389-1f98-43fb-8c02-24149c21211b,mixed transition transition_convergence_event,transition,"[2042-01-02,2042-12-29)",2042-12-29,"[0.594,0.694)",minor,"{""raw"": ""REFUTED if no transition event of magnitude ≥ minor is independently documented by 2042-12-29. CONFIRMED if a transition-domain event of matching magnitude is recorded in the Life-Event Log before 2042-12-29. Attestation: lel_entry.""}",,2026-08-13 01:16:29.658705+00,pending,"[{""strength"": 0.60375, ""family_id"": ""fam_transit"", ""signal_id"": ""55fe1091-cccc-4a0e-812a-be9215c08c37""}, {""strength"": 0.60375, ""family_id"": ""fam_graha_natal"", ""signal_id"": ""119e7513-c2a0-4813-9995-46bc97b3c968""}, {""strength"": 0.60375, ""family_id"": ""fam_graha_natal"", ""signal_id"": ""54152427-3d75-493a-aa5f-3c78ecb1cb03""}, {""strength"": 0.60375, ""family_id"": ""fam_graha_natal"", ""signal_id"": ""bb1f38bc-5680-43f5-aa10-fbe18c543348""}, {""strength"": 0.60375, ""family_id"": ""fam_transit"", ""signal_id"": ""22c8c1ec-ef90-4810-82d2-f6b81b505f45""}]",4ae1a45fa537da7e15db22680773d162,mi_bhavisya_v1.0,2026-08-13 01:16:27.648113+00
482012f1-710e-4a25-994a-93821f5871aa,pred_72e57390-8028-4ae9-8a26-143ace42091a,72e57390-8028-4ae9-8a26-143ace42091a,mixed career career_entry,career,"[2028-12-26,2029-12-22)",2029-12-22,"[0.198,0.297)",minor,"{""raw"": ""REFUTED if no career event of magnitude ≥ minor is independently documented by 2029-12-22. CONFIRMED if a career-domain event of matching magnitude is recorded in the Life-Event Log before 2029-12-22. Attestation: lel_entry.""}",,2026-08-13 01:16:29.658705+00,pending,"[{""strength"": 2.16108, ""family_id"": ""fam_graha_natal"", ""signal_id"": ""bde5423d-ac30-4ecd-ab7b-1dbec4232742""}, {""strength"": 2.16108, ""family_id"": ""fam_graha_natal"", ""signal_id"": ""2f9e0ce3-ce9a-4087-b725-bb1949728c37""}, {""strength"": 2.16108, ""family_id"": ""fam_graha_natal"", ""signal_id"": ""c23ae35b-629d-46b3-ad06-5b77fbdd27bf""}, {""strength"": 2.16108, ""family_id"": ""fam_graha_natal"", ""signal_id"": ""fdd4aafa-f03d-4b33-9453-37615f9f32e9""}, {""strength"": 2.11416, ""family_id"": ""fam_graha_natal"", ""signal_id"": ""69ff9578-80e1-43f2-9a75-8f712992b9ac""}]",b8b85aad0f113428af31188bd3dc6e38,mi_bhavisya_v1.0,2026-08-13 01:16:27.648113+00
482012f1-710e-4a25-994a-93821f5871aa,pred_7329e9e9-03f7-429e-a39d-6f58f20f5606,7329e9e9-03f7-429e-a39d-6f58f20f5606,mixed wealth major_gain,wealth,"[2049-11-25,2050-01-21)",2050-01-21,"[0.324,0.424)",minor,"{""raw"": ""REFUTED if no wealth event of magnitude ≥ minor is independently documented by 2050-01-21. CONFIRMED if a wealth-domain event of matching magnitude is recorded in the Life-Event Log before 2050-01-21. Attestation: lel_entry.""}",,2026-08-13 01:16:29.658705+00,pending,"[{""strength"": 1.890945, ""family_id"": ""fam_graha_natal"", ""signal_id"": ""df5c4452-6e42-4bae-a6a2-15f3616a3703""}, {""strength"": 1.890945, ""family_id"": ""fam_graha_natal"", ""signal_id"": ""79c4cf73-d7cd-4716-92b8-07bd0df503fa""}, {""strength"": 1.890945, ""family_id"": ""fam_graha_natal"", ""signal_id"": ""888de1ae-b221-4503-a3e1-cf4d97e05254""}, {""strength"": 1.890945, ""family_id"": ""fam_graha_natal"", ""signal_id"": ""992a32ca-d695-47e8-95c5-4f4612e33577""}, {""strength"": 1.84989, ""family_id"": ""fam_graha_natal"", ""signal_id"": ""4c93cbb9-147e-475d-aa43-70c18181cf2c""}]",b8ee3d77c9d60a9b5563778233a189c5,mi_bhavisya_v1.0,2026-08-13 01:16:27.648113+00
482012f1-710e-4a25-994a-93821f5871aa,pred_7463abe7-c435-494e-83b9-4ce3e7385925,7463abe7-c435-494e-83b9-4ce3e7385925,mixed relationship marriage,relationship,"[1995-06-02,1997-11-14)",1997-11-14,"[0.01,0.07)",minor,"{""raw"": ""REFUTED if no relationship event of magnitude ≥ minor is independently documented by 1997-11-14. CONFIRMED if a relationship-domain event of matching magnitude is recorded in the Life-Event Log before 1997-11-14. Attestation: lel_entry.""}",,2026-08-13 01:16:29.658705+00,pending,"[{""strength"": 2.16108, ""family_id"": ""fam_graha_natal"", ""signal_id"": ""ebb1c88a-8141-4c7e-860b-54ac293a06ac""}, {""strength"": 2.16108, ""family_id"": ""fam_graha_natal"", ""signal_id"": ""483e332a-a168-4cf1-b93b-0ad55d77d91c""}, {""strength"": 2.16108, ""family_id"": ""fam_graha_natal"", ""signal_id"": ""c31d3e74-2f44-41a6-8025-b32e44dbe1e2""}, {""strength"": 2.16108, ""family_id"": ""fam_graha_natal"", ""signal_id"": ""2dff20cd-12f5-492e-a88e-3fef42547eca""}, {""strength"": 2.16108, ""family_id"": ""fam_graha_natal"", ""signal_id"": ""d49da2e1-4b63-45f1-920e-c274df3ded21""}]",4bf115e701f4f358acdff862292dc192,mi_bhavisya_v1.0,2026-08-13 01:16:27.648113+00
482012f1-710e-4a25-994a-93821f5871aa,pred_77a8398c-c864-4259-9bb0-110ccce216f1,77a8398c-c864-4259-9bb0-110ccce216f1,mixed transition transition_convergence_event,transition,"[2030-01-24,2031-01-20)",2031-01-20,"[0.594,0.694)",minor,"{""raw"": ""REFUTED if no transition event of magnitude ≥ minor is independently documented by 2031-01-20. CONFIRMED if a transition-domain event of matching magnitude is recorded in the Life-Event Log before 2031-01-20. Attestation: lel_entry.""}",,2026-08-13 01:16:29.658705+00,pending,"[{""strength"": 0.60375, ""family_id"": ""fam_transit"", ""signal_id"": ""55fe1091-cccc-4a0e-812a-be9215c08c37""}, {""strength"": 0.60375, ""family_id"": ""fam_graha_natal"", ""signal_id"": ""119e7513-c2a0-4813-9995-46bc97b3c968""}, {""strength"": 0.60375, ""family_id"": ""fam_graha_natal"", ""signal_id"": ""54152427-3d75-493a-aa5f-3c78ecb1cb03""}, {""strength"": 0.60375, ""family_id"": ""fam_graha_natal"", ""signal_id"": ""bb1f38bc-5680-43f5-aa10-fbe18c543348""}, {""strength"": 0.60375, ""family_id"": ""fam_transit"", ""signal_id"": ""22c8c1ec-ef90-4810-82d2-f6b81b505f45""}]",d622e9f5aa4a546d21405f75b4e41362,mi_bhavisya_v1.0,2026-08-13 01:16:27.648113+00
482012f1-710e-4a25-994a-93821f5871aa,pred_78798c51-c165-4e76-aa96-bf0edb46836e,78798c51-c165-4e76-aa96-bf0edb46836e,mixed health illness_acute,health,"[2027-05-18,2027-06-17)",2027-06-17,"[0.675,0.775)",major,"{""raw"": ""REFUTED if no health event of magnitude ≥ major is independently documented by 2027-06-17. CONFIRMED if a health-domain event of matching magnitude is recorded in the Life-Event Log before 2027-06-17. Attestation: lel_entry.""}",,2026-08-13 01:16:29.658705+00,pending,"[{""strength"": 1.2, ""family_id"": ""fam_graha_natal"", ""signal_id"": ""e7bc769d-5e8d-4a3b-9c8c-5f3aef8d0ab0""}, {""strength"": 1.2, ""family_id"": ""fam_graha_natal"", ""signal_id"": ""422267a2-ae9a-4413-a737-a9a93407747e""}, {""strength"": 1.2, ""family_id"": ""fam_graha_natal"", ""signal_id"": ""fa44bc12-4651-449d-921b-689c26189bf4""}, {""strength"": 0.68425, ""family_id"": ""fam_yoga"", ""signal_id"": ""5128c630-9034-4f1c-9c64-60bec408ce9e""}, {""strength"": 0.68425, ""family_id"": ""fam_yoga"", ""signal_id"": ""b55163d0-1b65-47df-8d30-c31a98512fc7""}]",dfb9b0ef36641ac5f4fcb4c7f4cc03bb,mi_bhavisya_v1.0,2026-08-13 01:16:27.648113+00
482012f1-710e-4a25-994a-93821f5871aa,pred_7f5a2022-ab5b-4781-850a-7cc861ed93fe,7f5a2022-ab5b-4781-850a-7cc861ed93fe,elevated character character_discovery_event,character,"[2026-08-12,2026-11-10)",2026-11-10,"[0.272,0.372)",minor,"{""raw"": ""REFUTED if no character event of magnitude ≥ minor is independently documented by 2026-11-10. CONFIRMED if a character-domain event of matching magnitude is recorded in the Life-Event Log before 2026-11-10. Attestation: lel_entry.""}",,2026-08-13 01:16:29.658705+00,pending,"[{""strength"": 2.16108, ""family_id"": ""fam_graha_natal"", ""signal_id"": ""ebb1c88a-8141-4c7e-860b-54ac293a06ac""}, {""strength"": 2.16108, ""family_id"": ""fam_graha_natal"", ""signal_id"": ""483e332a-a168-4cf1-b93b-0ad55d77d91c""}, {""strength"": 2.16108, ""family_id"": ""fam_graha_natal"", ""signal_id"": ""c31d3e74-2f44-41a6-8025-b32e44dbe1e2""}, {""strength"": 2.16108, ""family_id"": ""fam_graha_natal"", ""signal_id"": ""2dff20cd-12f5-492e-a88e-3fef42547eca""}, {""strength"": 2.16108, ""family_id"": ""fam_graha_natal"", ""signal_id"": ""d49da2e1-4b63-45f1-920e-c274df3ded21""}]",6b15926ffdd460810f5856610cdb9492,mi_bhavisya_v1.0,2026-08-13 01:16:27.648113+00
482012f1-710e-4a25-994a-93821f5871aa,pred_7fdf4ac0-4acf-4ebb-a0ac-5b29ee87f491,7fdf4ac0-4acf-4ebb-a0ac-5b29ee87f491,mixed wealth major_gain,wealth,"[2036-10-29,2036-12-25)",2036-12-25,"[0.75,0.8)",minor,"{""raw"": ""REFUTED if no wealth event of magnitude ≥ minor is independently documented by 2036-12-25. CONFIRMED if a wealth-domain event of matching magnitude is recorded in the Life-Event Log before 2036-12-25. Attestation: lel_entry.""}",,2026-08-13 01:16:29.658705+00,pending,"[{""strength"": 1.890945, ""family_id"": ""fam_graha_natal"", ""signal_id"": ""df5c4452-6e42-4bae-a6a2-15f3616a3703""}, {""strength"": 1.890945, ""family_id"": ""fam_graha_natal"", ""signal_id"": ""79c4cf73-d7cd-4716-92b8-07bd0df503fa""}, {""strength"": 1.890945, ""family_id"": ""fam_graha_natal"", ""signal_id"": ""888de1ae-b221-4503-a3e1-cf4d97e05254""}, {""strength"": 1.890945, ""family_id"": ""fam_graha_natal"", ""signal_id"": ""992a32ca-d695-47e8-95c5-4f4612e33577""}, {""strength"": 1.84989, ""family_id"": ""fam_graha_natal"", ""signal_id"": ""4c93cbb9-147e-475d-aa43-70c18181cf2c""}]",a2062a6831a18e51329ade9c1584abd1,mi_bhavisya_v1.0,2026-08-13 01:16:27.648113+00
482012f1-710e-4a25-994a-93821f5871aa,pred_8054b838-b690-43d7-b286-a752e40345e2,8054b838-b690-43d7-b286-a752e40345e2,mixed career career_entry,career,"[2027-08-24,2027-10-20)",2027-10-20,"[0.198,0.297)",minor,"{""raw"": ""REFUTED if no career event of magnitude ≥ minor is independently documented by 2027-10-20. CONFIRMED if a career-domain event of matching magnitude is recorded in the Life-Event Log before 2027-10-20. Attestation: lel_entry.""}",,2026-08-13 01:16:29.658705+00,pending,"[{""strength"": 2.16108, ""family_id"": ""fam_graha_natal"", ""signal_id"": ""bde5423d-ac30-4ecd-ab7b-1dbec4232742""}, {""strength"": 2.16108, ""family_id"": ""fam_graha_natal"", ""signal_id"": ""2f9e0ce3-ce9a-4087-b725-bb1949728c37""}, {""strength"": 2.16108, ""family_id"": ""fam_graha_natal"", ""signal_id"": ""c23ae35b-629d-46b3-ad06-5b77fbdd27bf""}, {""strength"": 2.16108, ""family_id"": ""fam_graha_natal"", ""signal_id"": ""fdd4aafa-f03d-4b33-9453-37615f9f32e9""}, {""strength"": 2.11416, ""family_id"": ""fam_graha_natal"", ""signal_id"": ""69ff9578-80e1-43f2-9a75-8f712992b9ac""}]",3aa8823d4b26d825ce4cd60bee3319f8,mi_bhavisya_v1.0,2026-08-13 01:16:27.648113+00
482012f1-710e-4a25-994a-93821f5871aa,pred_846fe7c9-1824-4d95-8718-a35076f1fcea,846fe7c9-1824-4d95-8718-a35076f1fcea,mixed career career_entry,career,"[2031-01-04,2031-03-02)",2031-03-02,"[0.198,0.297)",minor,"{""raw"": ""REFUTED if no career event of magnitude ≥ minor is independently documented by 2031-03-02. CONFIRMED if a career-domain event of matching magnitude is recorded in the Life-Event Log before 2031-03-02. Attestation: lel_entry.""}",,2026-08-13 01:16:29.658705+00,pending,"[{""strength"": 2.16108, ""family_id"": ""fam_graha_natal"", ""signal_id"": ""bde5423d-ac30-4ecd-ab7b-1dbec4232742""}, {""strength"": 2.16108, ""family_id"": ""fam_graha_natal"", ""signal_id"": ""2f9e0ce3-ce9a-4087-b725-bb1949728c37""}, {""strength"": 2.16108, ""family_id"": ""fam_graha_natal"", ""signal_id"": ""c23ae35b-629d-46b3-ad06-5b77fbdd27bf""}, {""strength"": 2.16108, ""family_id"": ""fam_graha_natal"", ""signal_id"": ""fdd4aafa-f03d-4b33-9453-37615f9f32e9""}, {""strength"": 2.11416, ""family_id"": ""fam_graha_natal"", ""signal_id"": ""69ff9578-80e1-43f2-9a75-8f712992b9ac""}]",afa7da630fc6ebbee2ea19a02d870a02,mi_bhavisya_v1.0,2026-08-13 01:16:27.648113+00
482012f1-710e-4a25-994a-93821f5871aa,pred_85786ccb-247f-44ab-a2ea-b45e4c2455ba,85786ccb-247f-44ab-a2ea-b45e4c2455ba,mixed transition transition_convergence_event,transition,"[2046-01-20,2046-03-18)",2046-03-18,"[0.594,0.694)",minor,"{""raw"": ""REFUTED if no transition event of magnitude ≥ minor is independently documented by 2046-03-18. CONFIRMED if a transition-domain event of matching magnitude is recorded in the Life-Event Log before 2046-03-18. Attestation: lel_entry.""}",,2026-08-13 01:16:29.658705+00,pending,"[{""strength"": 0.60375, ""family_id"": ""fam_transit"", ""signal_id"": ""55fe1091-cccc-4a0e-812a-be9215c08c37""}, {""strength"": 0.60375, ""family_id"": ""fam_graha_natal"", ""signal_id"": ""119e7513-c2a0-4813-9995-46bc97b3c968""}, {""strength"": 0.60375, ""family_id"": ""fam_graha_natal"", ""signal_id"": ""54152427-3d75-493a-aa5f-3c78ecb1cb03""}, {""strength"": 0.60375, ""family_id"": ""fam_graha_natal"", ""signal_id"": ""bb1f38bc-5680-43f5-aa10-fbe18c543348""}, {""strength"": 0.60375, ""family_id"": ""fam_transit"", ""signal_id"": ""22c8c1ec-ef90-4810-82d2-f6b81b505f45""}]",544448797ab5491c24a3dc70bede6d12,mi_bhavisya_v1.0,2026-08-13 01:16:27.648113+00
482012f1-710e-4a25-994a-93821f5871aa,pred_8674627d-134c-4302-8253-21ee66313a0a,8674627d-134c-4302-8253-21ee66313a0a,mixed transition transition_convergence_event,transition,"[2025-10-18,2026-10-14)",2026-10-14,"[0.594,0.694)",minor,"{""raw"": ""REFUTED if no transition event of magnitude ≥ minor is independently documented by 2026-10-14. CONFIRMED if a transition-domain event of matching magnitude is recorded in the Life-Event Log before 2026-10-14. Attestation: lel_entry.""}",,2026-08-13 01:16:29.658705+00,pending,"[{""strength"": 0.60375, ""family_id"": ""fam_transit"", ""signal_id"": ""55fe1091-cccc-4a0e-812a-be9215c08c37""}, {""strength"": 0.60375, ""family_id"": ""fam_graha_natal"", ""signal_id"": ""119e7513-c2a0-4813-9995-46bc97b3c968""}, {""strength"": 0.60375, ""family_id"": ""fam_graha_natal"", ""signal_id"": ""54152427-3d75-493a-aa5f-3c78ecb1cb03""}, {""strength"": 0.60375, ""family_id"": ""fam_graha_natal"", ""signal_id"": ""bb1f38bc-5680-43f5-aa10-fbe18c543348""}, {""strength"": 0.60375, ""family_id"": ""fam_transit"", ""signal_id"": ""22c8c1ec-ef90-4810-82d2-f6b81b505f45""}]",edc1c9445b66624131c7b7146d5d1ac9,mi_bhavisya_v1.0,2026-08-13 01:16:27.648113+00
482012f1-710e-4a25-994a-93821f5871aa,pred_8769f33a-5dc2-4c77-901c-e5f6045863a1,8769f33a-5dc2-4c77-901c-e5f6045863a1,mixed career career_entry,career,"[2041-09-26,2044-03-10)",2044-03-10,"[0.198,0.297)",minor,"{""raw"": ""REFUTED if no career event of magnitude ≥ minor is independently documented by 2044-03-10. CONFIRMED if a career-domain event of matching magnitude is recorded in the Life-Event Log before 2044-03-10. Attestation: lel_entry.""}",,2026-08-13 01:16:29.658705+00,pending,"[{""strength"": 2.16108, ""family_id"": ""fam_graha_natal"", ""signal_id"": ""bde5423d-ac30-4ecd-ab7b-1dbec4232742""}, {""strength"": 2.16108, ""family_id"": ""fam_graha_natal"", ""signal_id"": ""2f9e0ce3-ce9a-4087-b725-bb1949728c37""}, {""strength"": 2.16108, ""family_id"": ""fam_graha_natal"", ""signal_id"": ""c23ae35b-629d-46b3-ad06-5b77fbdd27bf""}, {""strength"": 2.16108, ""family_id"": ""fam_graha_natal"", ""signal_id"": ""fdd4aafa-f03d-4b33-9453-37615f9f32e9""}, {""strength"": 2.11416, ""family_id"": ""fam_graha_natal"", ""signal_id"": ""69ff9578-80e1-43f2-9a75-8f712992b9ac""}]",f66b1c1189a41aef1f10e58d58e3aec3,mi_bhavisya_v1.0,2026-08-13 01:16:27.648113+00
482012f1-710e-4a25-994a-93821f5871aa,pred_87ef2e6b-d601-424c-8f8a-0fd9dbe09a7f,87ef2e6b-d601-424c-8f8a-0fd9dbe09a7f,mixed career career_entry,career,"[2049-12-04,2052-05-18)",2052-05-18,"[0.01,0.1)",minor,"{""raw"": ""REFUTED if no career event of magnitude ≥ minor is independently documented by 2052-05-18. CONFIRMED if a career-domain event of matching magnitude is recorded in the Life-Event Log before 2052-05-18. Attestation: lel_entry.""}",,2026-08-13 01:16:29.658705+00,pending,"[{""strength"": 2.16108, ""family_id"": ""fam_graha_natal"", ""signal_id"": ""bde5423d-ac30-4ecd-ab7b-1dbec4232742""}, {""strength"": 2.16108, ""family_id"": ""fam_graha_natal"", ""signal_id"": ""2f9e0ce3-ce9a-4087-b725-bb1949728c37""}, {""strength"": 2.16108, ""family_id"": ""fam_graha_natal"", ""signal_id"": ""c23ae35b-629d-46b3-ad06-5b77fbdd27bf""}, {""strength"": 2.16108, ""family_id"": ""fam_graha_natal"", ""signal_id"": ""fdd4aafa-f03d-4b33-9453-37615f9f32e9""}, {""strength"": 2.11416, ""family_id"": ""fam_graha_natal"", ""signal_id"": ""69ff9578-80e1-43f2-9a75-8f712992b9ac""}]",e8122a8e20e9578aa7b36df0fce31711,mi_bhavisya_v1.0,2026-08-13 01:16:27.648113+00
482012f1-710e-4a25-994a-93821f5871aa,pred_88d9b7da-01fa-4664-b1b6-60ab7be996af,88d9b7da-01fa-4664-b1b6-60ab7be996af,mixed relationship marriage,relationship,"[1995-08-09,1998-01-22)",1998-01-22,"[0.01,0.07)",moderate,"{""raw"": ""REFUTED if no relationship event of magnitude ≥ moderate is independently documented by 1998-01-22. CONFIRMED if a relationship-domain event of matching magnitude is recorded in the Life-Event Log before 1998-01-22. Attestation: lel_entry.""}",,2026-08-13 01:16:29.658705+00,pending,"[{""strength"": 2.16108, ""family_id"": ""fam_graha_natal"", ""signal_id"": ""ebb1c88a-8141-4c7e-860b-54ac293a06ac""}, {""strength"": 2.16108, ""family_id"": ""fam_graha_natal"", ""signal_id"": ""483e332a-a168-4cf1-b93b-0ad55d77d91c""}, {""strength"": 2.16108, ""family_id"": ""fam_graha_natal"", ""signal_id"": ""c31d3e74-2f44-41a6-8025-b32e44dbe1e2""}, {""strength"": 2.16108, ""family_id"": ""fam_graha_natal"", ""signal_id"": ""2dff20cd-12f5-492e-a88e-3fef42547eca""}, {""strength"": 2.16108, ""family_id"": ""fam_graha_natal"", ""signal_id"": ""d49da2e1-4b63-45f1-920e-c274df3ded21""}]",0267165edadf1732d52c17e2b99e9b90,mi_bhavisya_v1.0,2026-08-13 01:16:27.648113+00
482012f1-710e-4a25-994a-93821f5871aa,pred_8aa28d54-8c02-44a4-93bf-57f3def45872,8aa28d54-8c02-44a4-93bf-57f3def45872,mixed career career_entry,career,"[2046-01-20,2046-03-18)",2046-03-18,"[0.01,0.1)",minor,"{""raw"": ""REFUTED if no career event of magnitude ≥ minor is independently documented by 2046-03-18. CONFIRMED if a career-domain event of matching magnitude is recorded in the Life-Event Log before 2046-03-18. Attestation: lel_entry.""}",,2026-08-13 01:16:29.658705+00,pending,"[{""strength"": 2.16108, ""family_id"": ""fam_graha_natal"", ""signal_id"": ""bde5423d-ac30-4ecd-ab7b-1dbec4232742""}, {""strength"": 2.16108, ""family_id"": ""fam_graha_natal"", ""signal_id"": ""2f9e0ce3-ce9a-4087-b725-bb1949728c37""}, {""strength"": 2.16108, ""family_id"": ""fam_graha_natal"", ""signal_id"": ""c23ae35b-629d-46b3-ad06-5b77fbdd27bf""}, {""strength"": 2.16108, ""family_id"": ""fam_graha_natal"", ""signal_id"": ""fdd4aafa-f03d-4b33-9453-37615f9f32e9""}, {""strength"": 2.11416, ""family_id"": ""fam_graha_natal"", ""signal_id"": ""69ff9578-80e1-43f2-9a75-8f712992b9ac""}]",e052316baa0034a61c9988d3e4b3325a,mi_bhavisya_v1.0,2026-08-13 01:16:27.648113+00
482012f1-710e-4a25-994a-93821f5871aa,pred_8d06c686-ac1c-4cb9-a51e-25d4da5be59e,8d06c686-ac1c-4cb9-a51e-25d4da5be59e,mixed health illness_acute,health,"[2032-05-15,2032-06-14)",2032-06-14,"[0.675,0.775)",minor,"{""raw"": ""REFUTED if no health event of magnitude ≥ minor is independently documented by 2032-06-14. CONFIRMED if a health-domain event of matching magnitude is recorded in the Life-Event Log before 2032-06-14. Attestation: lel_entry.""}",,2026-08-13 01:16:29.658705+00,pending,"[{""strength"": 1.2, ""family_id"": ""fam_graha_natal"", ""signal_id"": ""e7bc769d-5e8d-4a3b-9c8c-5f3aef8d0ab0""}, {""strength"": 1.2, ""family_id"": ""fam_graha_natal"", ""signal_id"": ""422267a2-ae9a-4413-a737-a9a93407747e""}, {""strength"": 1.2, ""family_id"": ""fam_graha_natal"", ""signal_id"": ""fa44bc12-4651-449d-921b-689c26189bf4""}, {""strength"": 0.68425, ""family_id"": ""fam_yoga"", ""signal_id"": ""5128c630-9034-4f1c-9c64-60bec408ce9e""}, {""strength"": 0.68425, ""family_id"": ""fam_yoga"", ""signal_id"": ""b55163d0-1b65-47df-8d30-c31a98512fc7""}]",c26a49e1f432190980fe8df59ee87515,mi_bhavisya_v1.0,2026-08-13 01:16:27.648113+00
482012f1-710e-4a25-994a-93821f5871aa,pred_8d364789-d299-46ac-b895-5fef6b1bd831,8d364789-d299-46ac-b895-5fef6b1bd831,mixed wealth major_gain,wealth,"[2032-12-08,2033-02-03)",2033-02-03,"[0.75,0.8)",minor,"{""raw"": ""REFUTED if no wealth event of magnitude ≥ minor is independently documented by 2033-02-03. CONFIRMED if a wealth-domain event of matching magnitude is recorded in the Life-Event Log before 2033-02-03. Attestation: lel_entry.""}",,2026-08-13 01:16:29.658705+00,pending,"[{""strength"": 1.890945, ""family_id"": ""fam_graha_natal"", ""signal_id"": ""df5c4452-6e42-4bae-a6a2-15f3616a3703""}, {""strength"": 1.890945, ""family_id"": ""fam_graha_natal"", ""signal_id"": ""79c4cf73-d7cd-4716-92b8-07bd0df503fa""}, {""strength"": 1.890945, ""family_id"": ""fam_graha_natal"", ""signal_id"": ""888de1ae-b221-4503-a3e1-cf4d97e05254""}, {""strength"": 1.890945, ""family_id"": ""fam_graha_natal"", ""signal_id"": ""992a32ca-d695-47e8-95c5-4f4612e33577""}, {""strength"": 1.84989, ""family_id"": ""fam_graha_natal"", ""signal_id"": ""4c93cbb9-147e-475d-aa43-70c18181cf2c""}]",d8b23ab6c09848ccfd258317a63e605a,mi_bhavisya_v1.0,2026-08-13 01:16:27.648113+00
482012f1-710e-4a25-994a-93821f5871aa,pred_8ed39fb9-881d-4b5a-9f2e-367069fb0e05,8ed39fb9-881d-4b5a-9f2e-367069fb0e05,mixed spirituality spiritual_turn,spirituality,"[2029-03-14,2029-04-13)",2029-04-13,"[0.75,0.8)",minor,"{""raw"": ""REFUTED if no spirituality event of magnitude ≥ minor is independently documented by 2029-04-13. CONFIRMED if a spirituality-domain event of matching magnitude is recorded in the Life-Event Log before 2029-04-13. Attestation: lel_entry.""}",,2026-08-13 01:16:29.658705+00,pending,"[{""strength"": 2.16108, ""family_id"": ""fam_graha_natal"", ""signal_id"": ""ebb1c88a-8141-4c7e-860b-54ac293a06ac""}, {""strength"": 2.16108, ""family_id"": ""fam_graha_natal"", ""signal_id"": ""483e332a-a168-4cf1-b93b-0ad55d77d91c""}, {""strength"": 2.16108, ""family_id"": ""fam_graha_natal"", ""signal_id"": ""c31d3e74-2f44-41a6-8025-b32e44dbe1e2""}, {""strength"": 2.16108, ""family_id"": ""fam_graha_natal"", ""signal_id"": ""bde5423d-ac30-4ecd-ab7b-1dbec4232742""}, {""strength"": 2.16108, ""family_id"": ""fam_graha_natal"", ""signal_id"": ""2dff20cd-12f5-492e-a88e-3fef42547eca""}]",991e6fa33cb8dac76832d8ba942e3e65,mi_bhavisya_v1.0,2026-08-13 01:16:27.648113+00
482012f1-710e-4a25-994a-93821f5871aa,pred_8f0b249e-9a8e-4e80-91b1-212d6d41c56d,8f0b249e-9a8e-4e80-91b1-212d6d41c56d,mixed transition transition_convergence_event,transition,"[2034-06-30,2034-08-26)",2034-08-26,"[0.594,0.694)",minor,"{""raw"": ""REFUTED if no transition event of magnitude ≥ minor is independently documented by 2034-08-26. CONFIRMED if a transition-domain event of matching magnitude is recorded in the Life-Event Log before 2034-08-26. Attestation: lel_entry.""}",,2026-08-13 01:16:29.658705+00,pending,"[{""strength"": 0.60375, ""family_id"": ""fam_transit"", ""signal_id"": ""55fe1091-cccc-4a0e-812a-be9215c08c37""}, {""strength"": 0.60375, ""family_id"": ""fam_graha_natal"", ""signal_id"": ""119e7513-c2a0-4813-9995-46bc97b3c968""}, {""strength"": 0.60375, ""family_id"": ""fam_graha_natal"", ""signal_id"": ""54152427-3d75-493a-aa5f-3c78ecb1cb03""}, {""strength"": 0.60375, ""family_id"": ""fam_graha_natal"", ""signal_id"": ""bb1f38bc-5680-43f5-aa10-fbe18c543348""}, {""strength"": 0.60375, ""family_id"": ""fam_transit"", ""signal_id"": ""22c8c1ec-ef90-4810-82d2-f6b81b505f45""}]",96fd295f9985a2d8938b1842607d50b4,mi_bhavisya_v1.0,2026-08-13 01:16:27.648113+00
482012f1-710e-4a25-994a-93821f5871aa,pred_917e2d0c-b113-4a11-bd11-2228a0765649,917e2d0c-b113-4a11-bd11-2228a0765649,elevated character psychological_arc,character,"[2027-10-20,2030-04-03)",2030-04-03,"[0.75,0.8)",minor,"{""raw"": ""{'deny_observable': 'No observable character event within ±21 days of 2027-10-20 despite favorable circumstances', 'evaluation_date': '2027-10-20', 'confirm_observable': 'Observable within ±21 days of 2027-10-20: personal transformation (mindset shift, psychological change)', 'evaluation_window_days': 21}""}",,2026-08-13 01:16:29.658705+00,pending,"[{""strength"": 2.16108, ""family_id"": ""fam_graha_natal"", ""signal_id"": ""ebb1c88a-8141-4c7e-860b-54ac293a06ac""}, {""strength"": 2.16108, ""family_id"": ""fam_graha_natal"", ""signal_id"": ""483e332a-a168-4cf1-b93b-0ad55d77d91c""}, {""strength"": 2.16108, ""family_id"": ""fam_graha_natal"", ""signal_id"": ""c31d3e74-2f44-41a6-8025-b32e44dbe1e2""}, {""strength"": 2.16108, ""family_id"": ""fam_graha_natal"", ""signal_id"": ""2dff20cd-12f5-492e-a88e-3fef42547eca""}, {""strength"": 2.16108, ""family_id"": ""fam_graha_natal"", ""signal_id"": ""d49da2e1-4b63-45f1-920e-c274df3ded21""}]",37351f1b9ad6ca8cdb10cd272855ccef,mi_bhavisya_v1.0,2026-08-13 01:16:27.648113+00
482012f1-710e-4a25-994a-93821f5871aa,pred_91f37953-94be-4f67-9298-7275b329fcd7,91f37953-94be-4f67-9298-7275b329fcd7,mixed career career_entry,career,"[2036-10-29,2036-12-25)",2036-12-25,"[0.198,0.297)",minor,"{""raw"": ""REFUTED if no career event of magnitude ≥ minor is independently documented by 2036-12-25. CONFIRMED if a career-domain event of matching magnitude is recorded in the Life-Event Log before 2036-12-25. Attestation: lel_entry.""}",,2026-08-13 01:16:29.658705+00,pending,"[{""strength"": 2.16108, ""family_id"": ""fam_graha_natal"", ""signal_id"": ""bde5423d-ac30-4ecd-ab7b-1dbec4232742""}, {""strength"": 2.16108, ""family_id"": ""fam_graha_natal"", ""signal_id"": ""2f9e0ce3-ce9a-4087-b725-bb1949728c37""}, {""strength"": 2.16108, ""family_id"": ""fam_graha_natal"", ""signal_id"": ""c23ae35b-629d-46b3-ad06-5b77fbdd27bf""}, {""strength"": 2.16108, ""family_id"": ""fam_graha_natal"", ""signal_id"": ""fdd4aafa-f03d-4b33-9453-37615f9f32e9""}, {""strength"": 2.11416, ""family_id"": ""fam_graha_natal"", ""signal_id"": ""69ff9578-80e1-43f2-9a75-8f712992b9ac""}]",f3d9278a0f8864b0bdbcab1f85dcfee4,mi_bhavisya_v1.0,2026-08-13 01:16:27.648113+00
482012f1-710e-4a25-994a-93821f5871aa,pred_93d03af4-8e60-4750-8cc3-c0812bbd0e32,93d03af4-8e60-4750-8cc3-c0812bbd0e32,elevated relationship marriage,relationship,"[2027-10-20,2030-04-03)",2030-04-03,"[0.252,0.352)",minor,"{""raw"": ""{'deny_observable': 'No observable relationship event within ±21 days of 2027-10-20 despite favorable circumstances', 'evaluation_date': '2027-10-20', 'confirm_observable': 'Observable within ±21 days of 2027-10-20: significant relational event (union, separation, new connection)', 'evaluation_window_days': 21}""}",,2026-08-13 01:16:29.658705+00,pending,"[{""strength"": 2.16108, ""family_id"": ""fam_graha_natal"", ""signal_id"": ""ebb1c88a-8141-4c7e-860b-54ac293a06ac""}, {""strength"": 2.16108, ""family_id"": ""fam_graha_natal"", ""signal_id"": ""483e332a-a168-4cf1-b93b-0ad55d77d91c""}, {""strength"": 2.16108, ""family_id"": ""fam_graha_natal"", ""signal_id"": ""c31d3e74-2f44-41a6-8025-b32e44dbe1e2""}, {""strength"": 2.16108, ""family_id"": ""fam_graha_natal"", ""signal_id"": ""2dff20cd-12f5-492e-a88e-3fef42547eca""}, {""strength"": 2.16108, ""family_id"": ""fam_graha_natal"", ""signal_id"": ""d49da2e1-4b63-45f1-920e-c274df3ded21""}]",f2b88768e8e3713aa4f30a0e11e28963,mi_bhavisya_v1.0,2026-08-13 01:16:27.648113+00
482012f1-710e-4a25-994a-93821f5871aa,pred_98660c88-4d9c-477b-b580-7e79cb489724,98660c88-4d9c-477b-b580-7e79cb489724,mixed career career_entry,career,"[2027-10-20,2030-04-03)",2030-04-03,"[0.198,0.297)",minor,"{""raw"": ""REFUTED if no career event of magnitude ≥ minor is independently documented by 2030-04-03. CONFIRMED if a career-domain event of matching magnitude is recorded in the Life-Event Log before 2030-04-03. Attestation: lel_entry.""}",,2026-08-13 01:16:29.658705+00,pending,"[{""strength"": 2.16108, ""family_id"": ""fam_graha_natal"", ""signal_id"": ""bde5423d-ac30-4ecd-ab7b-1dbec4232742""}, {""strength"": 2.16108, ""family_id"": ""fam_graha_natal"", ""signal_id"": ""2f9e0ce3-ce9a-4087-b725-bb1949728c37""}, {""strength"": 2.16108, ""family_id"": ""fam_graha_natal"", ""signal_id"": ""c23ae35b-629d-46b3-ad06-5b77fbdd27bf""}, {""strength"": 2.16108, ""family_id"": ""fam_graha_natal"", ""signal_id"": ""fdd4aafa-f03d-4b33-9453-37615f9f32e9""}, {""strength"": 2.11416, ""family_id"": ""fam_graha_natal"", ""signal_id"": ""69ff9578-80e1-43f2-9a75-8f712992b9ac""}]",d9609a1d99b6f919234cbc6552dbb23e,mi_bhavisya_v1.0,2026-08-13 01:16:27.648113+00
482012f1-710e-4a25-994a-93821f5871aa,pred_9b32c540-06f2-4f70-9306-6cf69750339b,9b32c540-06f2-4f70-9306-6cf69750339b,mixed wealth major_gain,wealth,"[2040-12-03,2041-11-29)",2041-11-29,"[0.75,0.8)",minor,"{""raw"": ""REFUTED if no wealth event of magnitude ≥ minor is independently documented by 2041-11-29. CONFIRMED if a wealth-domain event of matching magnitude is recorded in the Life-Event Log before 2041-11-29. Attestation: lel_entry.""}",,2026-08-13 01:16:29.658705+00,pending,"[{""strength"": 1.890945, ""family_id"": ""fam_graha_natal"", ""signal_id"": ""df5c4452-6e42-4bae-a6a2-15f3616a3703""}, {""strength"": 1.890945, ""family_id"": ""fam_graha_natal"", ""signal_id"": ""79c4cf73-d7cd-4716-92b8-07bd0df503fa""}, {""strength"": 1.890945, ""family_id"": ""fam_graha_natal"", ""signal_id"": ""888de1ae-b221-4503-a3e1-cf4d97e05254""}, {""strength"": 1.890945, ""family_id"": ""fam_graha_natal"", ""signal_id"": ""992a32ca-d695-47e8-95c5-4f4612e33577""}, {""strength"": 1.84989, ""family_id"": ""fam_graha_natal"", ""signal_id"": ""4c93cbb9-147e-475d-aa43-70c18181cf2c""}]",d65ddc917c53ad3ec6ec51c0ccf4829a,mi_bhavisya_v1.0,2026-08-13 01:16:27.648113+00
482012f1-710e-4a25-994a-93821f5871aa,pred_9c4a659e-9b71-4310-b767-d9353828c265,9c4a659e-9b71-4310-b767-d9353828c265,mixed career career_entry,career,"[2044-08-08,2044-10-05)",2044-10-05,"[0.198,0.297)",minor,"{""raw"": ""REFUTED if no career event of magnitude ≥ minor is independently documented by 2044-10-05. CONFIRMED if a career-domain event of matching magnitude is recorded in the Life-Event Log before 2044-10-05. Attestation: lel_entry.""}",,2026-08-13 01:16:29.658705+00,pending,"[{""strength"": 2.16108, ""family_id"": ""fam_graha_natal"", ""signal_id"": ""bde5423d-ac30-4ecd-ab7b-1dbec4232742""}, {""strength"": 2.16108, ""family_id"": ""fam_graha_natal"", ""signal_id"": ""2f9e0ce3-ce9a-4087-b725-bb1949728c37""}, {""strength"": 2.16108, ""family_id"": ""fam_graha_natal"", ""signal_id"": ""c23ae35b-629d-46b3-ad06-5b77fbdd27bf""}, {""strength"": 2.16108, ""family_id"": ""fam_graha_natal"", ""signal_id"": ""fdd4aafa-f03d-4b33-9453-37615f9f32e9""}, {""strength"": 2.11416, ""family_id"": ""fam_graha_natal"", ""signal_id"": ""69ff9578-80e1-43f2-9a75-8f712992b9ac""}]",fabd2b7150db97f7c91426ef1f3ee016,mi_bhavisya_v1.0,2026-08-13 01:16:27.648113+00
482012f1-710e-4a25-994a-93821f5871aa,pred_9f112326-9db9-4658-8e5b-f2927599032f,9f112326-9db9-4658-8e5b-f2927599032f,mixed relationship marriage,relationship,"[1990-03-20,1992-09-02)",1992-09-02,"[0.01,0.07)",minor,"{""raw"": ""REFUTED if no relationship event of magnitude ≥ minor is independently documented by 1992-09-02. CONFIRMED if a relationship-domain event of matching magnitude is recorded in the Life-Event Log before 1992-09-02. Attestation: lel_entry.""}",,2026-08-13 01:16:29.658705+00,pending,"[{""strength"": 2.16108, ""family_id"": ""fam_graha_natal"", ""signal_id"": ""ebb1c88a-8141-4c7e-860b-54ac293a06ac""}, {""strength"": 2.16108, ""family_id"": ""fam_graha_natal"", ""signal_id"": ""483e332a-a168-4cf1-b93b-0ad55d77d91c""}, {""strength"": 2.16108, ""family_id"": ""fam_graha_natal"", ""signal_id"": ""c31d3e74-2f44-41a6-8025-b32e44dbe1e2""}, {""strength"": 2.16108, ""family_id"": ""fam_graha_natal"", ""signal_id"": ""2dff20cd-12f5-492e-a88e-3fef42547eca""}, {""strength"": 2.16108, ""family_id"": ""fam_graha_natal"", ""signal_id"": ""d49da2e1-4b63-45f1-920e-c274df3ded21""}]",85b0f5c662819d119ecafb7887aef7a8,mi_bhavisya_v1.0,2026-08-13 01:16:27.648113+00
482012f1-710e-4a25-994a-93821f5871aa,pred_a2b12517-fce4-4012-afc7-3c7c575d54e6,a2b12517-fce4-4012-afc7-3c7c575d54e6,mixed transition transition_convergence_event,transition,"[2042-06-09,2043-06-05)",2043-06-05,"[0.594,0.694)",minor,"{""raw"": ""REFUTED if no transition event of magnitude ≥ minor is independently documented by 2043-06-05. CONFIRMED if a transition-domain event of matching magnitude is recorded in the Life-Event Log before 2043-06-05. Attestation: lel_entry.""}",,2026-08-13 01:16:29.658705+00,pending,"[{""strength"": 0.60375, ""family_id"": ""fam_transit"", ""signal_id"": ""55fe1091-cccc-4a0e-812a-be9215c08c37""}, {""strength"": 0.60375, ""family_id"": ""fam_graha_natal"", ""signal_id"": ""119e7513-c2a0-4813-9995-46bc97b3c968""}, {""strength"": 0.60375, ""family_id"": ""fam_graha_natal"", ""signal_id"": ""54152427-3d75-493a-aa5f-3c78ecb1cb03""}, {""strength"": 0.60375, ""family_id"": ""fam_graha_natal"", ""signal_id"": ""bb1f38bc-5680-43f5-aa10-fbe18c543348""}, {""strength"": 0.60375, ""family_id"": ""fam_transit"", ""signal_id"": ""22c8c1ec-ef90-4810-82d2-f6b81b505f45""}]",f78a68605134c3ed39dd8c7131f4c3ec,mi_bhavisya_v1.0,2026-08-13 01:16:27.648113+00
482012f1-710e-4a25-994a-93821f5871aa,pred_a41d08c4-930c-4a2b-8aa2-1f6a7aec196b,a41d08c4-930c-4a2b-8aa2-1f6a7aec196b,mixed transition transition_convergence_event,transition,"[2041-07-31,2042-07-26)",2042-07-26,"[0.594,0.694)",minor,"{""raw"": ""REFUTED if no transition event of magnitude ≥ minor is independently documented by 2042-07-26. CONFIRMED if a transition-domain event of matching magnitude is recorded in the Life-Event Log before 2042-07-26. Attestation: lel_entry.""}",,2026-08-13 01:16:29.658705+00,pending,"[{""strength"": 0.60375, ""family_id"": ""fam_transit"", ""signal_id"": ""55fe1091-cccc-4a0e-812a-be9215c08c37""}, {""strength"": 0.60375, ""family_id"": ""fam_graha_natal"", ""signal_id"": ""119e7513-c2a0-4813-9995-46bc97b3c968""}, {""strength"": 0.60375, ""family_id"": ""fam_graha_natal"", ""signal_id"": ""54152427-3d75-493a-aa5f-3c78ecb1cb03""}, {""strength"": 0.60375, ""family_id"": ""fam_graha_natal"", ""signal_id"": ""bb1f38bc-5680-43f5-aa10-fbe18c543348""}, {""strength"": 0.60375, ""family_id"": ""fam_transit"", ""signal_id"": ""22c8c1ec-ef90-4810-82d2-f6b81b505f45""}]",3510e8642128045c2bcbf413ac8ebdf7,mi_bhavisya_v1.0,2026-08-13 01:16:27.648113+00
482012f1-710e-4a25-994a-93821f5871aa,pred_a4a13518-b245-4f2a-9799-c3dfa079e369,a4a13518-b245-4f2a-9799-c3dfa079e369,mixed relationship marriage,relationship,"[1993-11-09,1996-04-24)",1996-04-24,"[0.01,0.07)",moderate,"{""raw"": ""REFUTED if no relationship event of magnitude ≥ moderate is independently documented by 1996-04-24. CONFIRMED if a relationship-domain event of matching magnitude is recorded in the Life-Event Log before 1996-04-24. Attestation: lel_entry.""}",,2026-08-13 01:16:29.658705+00,pending,"[{""strength"": 2.16108, ""family_id"": ""fam_graha_natal"", ""signal_id"": ""ebb1c88a-8141-4c7e-860b-54ac293a06ac""}, {""strength"": 2.16108, ""family_id"": ""fam_graha_natal"", ""signal_id"": ""483e332a-a168-4cf1-b93b-0ad55d77d91c""}, {""strength"": 2.16108, ""family_id"": ""fam_graha_natal"", ""signal_id"": ""c31d3e74-2f44-41a6-8025-b32e44dbe1e2""}, {""strength"": 2.16108, ""family_id"": ""fam_graha_natal"", ""signal_id"": ""2dff20cd-12f5-492e-a88e-3fef42547eca""}, {""strength"": 2.16108, ""family_id"": ""fam_graha_natal"", ""signal_id"": ""d49da2e1-4b63-45f1-920e-c274df3ded21""}]",b7ee48e311bec3e441c588d981b59514,mi_bhavisya_v1.0,2026-08-13 01:16:27.648113+00
482012f1-710e-4a25-994a-93821f5871aa,pred_a67bf956-1550-46a2-af50-3652355c069f,a67bf956-1550-46a2-af50-3652355c069f,mixed career career_entry,career,"[2041-07-31,2042-07-26)",2042-07-26,"[0.198,0.297)",minor,"{""raw"": ""REFUTED if no career event of magnitude ≥ minor is independently documented by 2042-07-26. CONFIRMED if a career-domain event of matching magnitude is recorded in the Life-Event Log before 2042-07-26. Attestation: lel_entry.""}",,2026-08-13 01:16:29.658705+00,pending,"[{""strength"": 2.16108, ""family_id"": ""fam_graha_natal"", ""signal_id"": ""bde5423d-ac30-4ecd-ab7b-1dbec4232742""}, {""strength"": 2.16108, ""family_id"": ""fam_graha_natal"", ""signal_id"": ""2f9e0ce3-ce9a-4087-b725-bb1949728c37""}, {""strength"": 2.16108, ""family_id"": ""fam_graha_natal"", ""signal_id"": ""c23ae35b-629d-46b3-ad06-5b77fbdd27bf""}, {""strength"": 2.16108, ""family_id"": ""fam_graha_natal"", ""signal_id"": ""fdd4aafa-f03d-4b33-9453-37615f9f32e9""}, {""strength"": 2.11416, ""family_id"": ""fam_graha_natal"", ""signal_id"": ""69ff9578-80e1-43f2-9a75-8f712992b9ac""}]",e9d41aaecfcb66fd0219f93837d2de6c,mi_bhavisya_v1.0,2026-08-13 01:16:27.648113+00
482012f1-710e-4a25-994a-93821f5871aa,pred_a811641d-9dd7-49ad-9914-0f65a63892f6,a811641d-9dd7-49ad-9914-0f65a63892f6,mixed relationship marriage,relationship,"[2023-01-17,2025-07-02)",2025-07-02,"[0.75,0.8)",moderate,"{""raw"": ""REFUTED if no relationship event of magnitude ≥ moderate is independently documented by 2025-07-02. CONFIRMED if a relationship-domain event of matching magnitude is recorded in the Life-Event Log before 2025-07-02. Attestation: lel_entry.""}",,2026-08-13 01:16:29.658705+00,pending,"[{""strength"": 2.16108, ""family_id"": ""fam_graha_natal"", ""signal_id"": ""ebb1c88a-8141-4c7e-860b-54ac293a06ac""}, {""strength"": 2.16108, ""family_id"": ""fam_graha_natal"", ""signal_id"": ""483e332a-a168-4cf1-b93b-0ad55d77d91c""}, {""strength"": 2.16108, ""family_id"": ""fam_graha_natal"", ""signal_id"": ""c31d3e74-2f44-41a6-8025-b32e44dbe1e2""}, {""strength"": 2.16108, ""family_id"": ""fam_graha_natal"", ""signal_id"": ""2dff20cd-12f5-492e-a88e-3fef42547eca""}, {""strength"": 2.16108, ""family_id"": ""fam_graha_natal"", ""signal_id"": ""d49da2e1-4b63-45f1-920e-c274df3ded21""}]",f64e178d1bf44072a49719f9b231f6d0,mi_bhavisya_v1.0,2026-08-13 01:16:27.648113+00
482012f1-710e-4a25-994a-93821f5871aa,pred_a90031c8-da8c-40e4-831b-2b90cf7630a8,a90031c8-da8c-40e4-831b-2b90cf7630a8,mixed transition transition_convergence_event,transition,"[2047-12-18,2048-02-13)",2048-02-13,"[0.594,0.694)",minor,"{""raw"": ""REFUTED if no transition event of magnitude ≥ minor is independently documented by 2048-02-13. CONFIRMED if a transition-domain event of matching magnitude is recorded in the Life-Event Log before 2048-02-13. Attestation: lel_entry.""}",,2026-08-13 01:16:29.658705+00,pending,"[{""strength"": 0.60375, ""family_id"": ""fam_transit"", ""signal_id"": ""55fe1091-cccc-4a0e-812a-be9215c08c37""}, {""strength"": 0.60375, ""family_id"": ""fam_graha_natal"", ""signal_id"": ""119e7513-c2a0-4813-9995-46bc97b3c968""}, {""strength"": 0.60375, ""family_id"": ""fam_graha_natal"", ""signal_id"": ""54152427-3d75-493a-aa5f-3c78ecb1cb03""}, {""strength"": 0.60375, ""family_id"": ""fam_graha_natal"", ""signal_id"": ""bb1f38bc-5680-43f5-aa10-fbe18c543348""}, {""strength"": 0.60375, ""family_id"": ""fam_transit"", ""signal_id"": ""22c8c1ec-ef90-4810-82d2-f6b81b505f45""}]",5eaa8156be7f69e692e42f3077fd878a,mi_bhavisya_v1.0,2026-08-13 01:16:27.648113+00
482012f1-710e-4a25-994a-93821f5871aa,pred_aaca7840-c159-45ee-944c-7fb05a974261,aaca7840-c159-45ee-944c-7fb05a974261,mixed transition transition_convergence_event,transition,"[2032-07-18,2032-09-13)",2032-09-13,"[0.594,0.694)",minor,"{""raw"": ""REFUTED if no transition event of magnitude ≥ minor is independently documented by 2032-09-13. CONFIRMED if a transition-domain event of matching magnitude is recorded in the Life-Event Log before 2032-09-13. Attestation: lel_entry.""}",,2026-08-13 01:16:29.658705+00,pending,"[{""strength"": 0.60375, ""family_id"": ""fam_transit"", ""signal_id"": ""55fe1091-cccc-4a0e-812a-be9215c08c37""}, {""strength"": 0.60375, ""family_id"": ""fam_graha_natal"", ""signal_id"": ""119e7513-c2a0-4813-9995-46bc97b3c968""}, {""strength"": 0.60375, ""family_id"": ""fam_graha_natal"", ""signal_id"": ""54152427-3d75-493a-aa5f-3c78ecb1cb03""}, {""strength"": 0.60375, ""family_id"": ""fam_graha_natal"", ""signal_id"": ""bb1f38bc-5680-43f5-aa10-fbe18c543348""}, {""strength"": 0.60375, ""family_id"": ""fam_transit"", ""signal_id"": ""22c8c1ec-ef90-4810-82d2-f6b81b505f45""}]",c9dc7d2270e2029b034735f4a2220553,mi_bhavisya_v1.0,2026-08-13 01:16:27.648113+00
482012f1-710e-4a25-994a-93821f5871aa,pred_ac2a7c74-2b01-4894-b822-f013efc64c99,ac2a7c74-2b01-4894-b822-f013efc64c99,mixed relationship marriage,relationship,"[2022-07-12,2024-12-25)",2024-12-25,"[0.75,0.8)",minor,"{""raw"": ""REFUTED if no relationship event of magnitude ≥ minor is independently documented by 2024-12-25. CONFIRMED if a relationship-domain event of matching magnitude is recorded in the Life-Event Log before 2024-12-25. Attestation: lel_entry.""}",,2026-08-13 01:16:29.658705+00,pending,"[{""strength"": 2.16108, ""family_id"": ""fam_graha_natal"", ""signal_id"": ""ebb1c88a-8141-4c7e-860b-54ac293a06ac""}, {""strength"": 2.16108, ""family_id"": ""fam_graha_natal"", ""signal_id"": ""483e332a-a168-4cf1-b93b-0ad55d77d91c""}, {""strength"": 2.16108, ""family_id"": ""fam_graha_natal"", ""signal_id"": ""c31d3e74-2f44-41a6-8025-b32e44dbe1e2""}, {""strength"": 2.16108, ""family_id"": ""fam_graha_natal"", ""signal_id"": ""2dff20cd-12f5-492e-a88e-3fef42547eca""}, {""strength"": 2.16108, ""family_id"": ""fam_graha_natal"", ""signal_id"": ""d49da2e1-4b63-45f1-920e-c274df3ded21""}]",f5b1abca8205acf570356ef7fb8f3225,mi_bhavisya_v1.0,2026-08-13 01:16:27.648113+00
482012f1-710e-4a25-994a-93821f5871aa,pred_acdce3e1-376c-4781-bf71-54a669a2f188,acdce3e1-376c-4781-bf71-54a669a2f188,mixed relationship marriage,relationship,"[2025-03-29,2027-09-12)",2027-09-12,"[0.252,0.352)",minor,"{""raw"": ""REFUTED if no relationship event of magnitude ≥ minor is independently documented by 2027-09-12. CONFIRMED if a relationship-domain event of matching magnitude is recorded in the Life-Event Log before 2027-09-12. Attestation: lel_entry.""}",,2026-08-13 01:16:29.658705+00,pending,"[{""strength"": 2.16108, ""family_id"": ""fam_graha_natal"", ""signal_id"": ""ebb1c88a-8141-4c7e-860b-54ac293a06ac""}, {""strength"": 2.16108, ""family_id"": ""fam_graha_natal"", ""signal_id"": ""483e332a-a168-4cf1-b93b-0ad55d77d91c""}, {""strength"": 2.16108, ""family_id"": ""fam_graha_natal"", ""signal_id"": ""c31d3e74-2f44-41a6-8025-b32e44dbe1e2""}, {""strength"": 2.16108, ""family_id"": ""fam_graha_natal"", ""signal_id"": ""2dff20cd-12f5-492e-a88e-3fef42547eca""}, {""strength"": 2.16108, ""family_id"": ""fam_graha_natal"", ""signal_id"": ""d49da2e1-4b63-45f1-920e-c274df3ded21""}]",ef11c1855035bc88f20bfa93bf452826,mi_bhavisya_v1.0,2026-08-13 01:16:27.648113+00
482012f1-710e-4a25-994a-93821f5871aa,pred_ad4d9e84-e7dd-4135-aa95-e1dec1d6698b,ad4d9e84-e7dd-4135-aa95-e1dec1d6698b,mixed career career_entry,career,"[2040-12-03,2041-11-29)",2041-11-29,"[0.198,0.297)",minor,"{""raw"": ""REFUTED if no career event of magnitude ≥ minor is independently documented by 2041-11-29. CONFIRMED if a career-domain event of matching magnitude is recorded in the Life-Event Log before 2041-11-29. Attestation: lel_entry.""}",,2026-08-13 01:16:29.658705+00,pending,"[{""strength"": 2.16108, ""family_id"": ""fam_graha_natal"", ""signal_id"": ""bde5423d-ac30-4ecd-ab7b-1dbec4232742""}, {""strength"": 2.16108, ""family_id"": ""fam_graha_natal"", ""signal_id"": ""2f9e0ce3-ce9a-4087-b725-bb1949728c37""}, {""strength"": 2.16108, ""family_id"": ""fam_graha_natal"", ""signal_id"": ""c23ae35b-629d-46b3-ad06-5b77fbdd27bf""}, {""strength"": 2.16108, ""family_id"": ""fam_graha_natal"", ""signal_id"": ""fdd4aafa-f03d-4b33-9453-37615f9f32e9""}, {""strength"": 2.11416, ""family_id"": ""fam_graha_natal"", ""signal_id"": ""69ff9578-80e1-43f2-9a75-8f712992b9ac""}]",c44de666d7682e49519d503bf7725edb,mi_bhavisya_v1.0,2026-08-13 01:16:27.648113+00
482012f1-710e-4a25-994a-93821f5871aa,pred_ae1089b8-c9da-4ce3-a118-8597c0c49260,ae1089b8-c9da-4ce3-a118-8597c0c49260,mixed transition transition_convergence_event,transition,"[2028-12-26,2029-12-22)",2029-12-22,"[0.594,0.694)",minor,"{""raw"": ""REFUTED if no transition event of magnitude ≥ minor is independently documented by 2029-12-22. CONFIRMED if a transition-domain event of matching magnitude is recorded in the Life-Event Log before 2029-12-22. Attestation: lel_entry.""}",,2026-08-13 01:16:29.658705+00,pending,"[{""strength"": 0.60375, ""family_id"": ""fam_transit"", ""signal_id"": ""55fe1091-cccc-4a0e-812a-be9215c08c37""}, {""strength"": 0.60375, ""family_id"": ""fam_graha_natal"", ""signal_id"": ""119e7513-c2a0-4813-9995-46bc97b3c968""}, {""strength"": 0.60375, ""family_id"": ""fam_graha_natal"", ""signal_id"": ""54152427-3d75-493a-aa5f-3c78ecb1cb03""}, {""strength"": 0.60375, ""family_id"": ""fam_graha_natal"", ""signal_id"": ""bb1f38bc-5680-43f5-aa10-fbe18c543348""}, {""strength"": 0.60375, ""family_id"": ""fam_transit"", ""signal_id"": ""22c8c1ec-ef90-4810-82d2-f6b81b505f45""}]",888c1eb440916680051ccbfbf725b1cf,mi_bhavisya_v1.0,2026-08-13 01:16:27.648113+00
482012f1-710e-4a25-994a-93821f5871aa,pred_b0ed02fc-980c-4a7b-ae9b-201c5f58010c,b0ed02fc-980c-4a7b-ae9b-201c5f58010c,mixed wealth major_gain,wealth,"[2047-12-18,2048-02-13)",2048-02-13,"[0.324,0.424)",minor,"{""raw"": ""REFUTED if no wealth event of magnitude ≥ minor is independently documented by 2048-02-13. CONFIRMED if a wealth-domain event of matching magnitude is recorded in the Life-Event Log before 2048-02-13. Attestation: lel_entry.""}",,2026-08-13 01:16:29.658705+00,pending,"[{""strength"": 1.890945, ""family_id"": ""fam_graha_natal"", ""signal_id"": ""df5c4452-6e42-4bae-a6a2-15f3616a3703""}, {""strength"": 1.890945, ""family_id"": ""fam_graha_natal"", ""signal_id"": ""79c4cf73-d7cd-4716-92b8-07bd0df503fa""}, {""strength"": 1.890945, ""family_id"": ""fam_graha_natal"", ""signal_id"": ""888de1ae-b221-4503-a3e1-cf4d97e05254""}, {""strength"": 1.890945, ""family_id"": ""fam_graha_natal"", ""signal_id"": ""992a32ca-d695-47e8-95c5-4f4612e33577""}, {""strength"": 1.84989, ""family_id"": ""fam_graha_natal"", ""signal_id"": ""4c93cbb9-147e-475d-aa43-70c18181cf2c""}]",4c1f370739b3cceed49114602eafca5d,mi_bhavisya_v1.0,2026-08-13 01:16:27.648113+00
482012f1-710e-4a25-994a-93821f5871aa,pred_b26fe9ac-4da3-4fab-b827-8aa389b9ef21,b26fe9ac-4da3-4fab-b827-8aa389b9ef21,mixed transition transition_convergence_event,transition,"[2046-07-01,2046-08-27)",2046-08-27,"[0.594,0.694)",minor,"{""raw"": ""REFUTED if no transition event of magnitude ≥ minor is independently documented by 2046-08-27. CONFIRMED if a transition-domain event of matching magnitude is recorded in the Life-Event Log before 2046-08-27. Attestation: lel_entry.""}",,2026-08-13 01:16:29.658705+00,pending,"[{""strength"": 0.60375, ""family_id"": ""fam_transit"", ""signal_id"": ""55fe1091-cccc-4a0e-812a-be9215c08c37""}, {""strength"": 0.60375, ""family_id"": ""fam_graha_natal"", ""signal_id"": ""119e7513-c2a0-4813-9995-46bc97b3c968""}, {""strength"": 0.60375, ""family_id"": ""fam_graha_natal"", ""signal_id"": ""54152427-3d75-493a-aa5f-3c78ecb1cb03""}, {""strength"": 0.60375, ""family_id"": ""fam_graha_natal"", ""signal_id"": ""bb1f38bc-5680-43f5-aa10-fbe18c543348""}, {""strength"": 0.60375, ""family_id"": ""fam_transit"", ""signal_id"": ""22c8c1ec-ef90-4810-82d2-f6b81b505f45""}]",4a331d820b487498aea991210f4b60bb,mi_bhavisya_v1.0,2026-08-13 01:16:27.648113+00
482012f1-710e-4a25-994a-93821f5871aa,pred_b90952da-52fa-40bc-97c1-4a494eaa6fda,b90952da-52fa-40bc-97c1-4a494eaa6fda,mixed transition transition_convergence_event,transition,"[2027-01-24,2028-01-20)",2028-01-20,"[0.594,0.694)",minor,"{""raw"": ""REFUTED if no transition event of magnitude ≥ minor is independently documented by 2028-01-20. CONFIRMED if a transition-domain event of matching magnitude is recorded in the Life-Event Log before 2028-01-20. Attestation: lel_entry.""}",,2026-08-13 01:16:29.658705+00,pending,"[{""strength"": 0.60375, ""family_id"": ""fam_transit"", ""signal_id"": ""55fe1091-cccc-4a0e-812a-be9215c08c37""}, {""strength"": 0.60375, ""family_id"": ""fam_graha_natal"", ""signal_id"": ""119e7513-c2a0-4813-9995-46bc97b3c968""}, {""strength"": 0.60375, ""family_id"": ""fam_graha_natal"", ""signal_id"": ""54152427-3d75-493a-aa5f-3c78ecb1cb03""}, {""strength"": 0.60375, ""family_id"": ""fam_graha_natal"", ""signal_id"": ""bb1f38bc-5680-43f5-aa10-fbe18c543348""}, {""strength"": 0.60375, ""family_id"": ""fam_transit"", ""signal_id"": ""22c8c1ec-ef90-4810-82d2-f6b81b505f45""}]",9155ce78080686c28e09d32626e36da0,mi_bhavisya_v1.0,2026-08-13 01:16:27.648113+00
482012f1-710e-4a25-994a-93821f5871aa,pred_bd38006a-7110-4f2e-8025-c9847093c4a1,bd38006a-7110-4f2e-8025-c9847093c4a1,mixed career career_entry,career,"[2049-03-06,2051-08-20)",2051-08-20,"[0.01,0.1)",minor,"{""raw"": ""REFUTED if no career event of magnitude ≥ minor is independently documented by 2051-08-20. CONFIRMED if a career-domain event of matching magnitude is recorded in the Life-Event Log before 2051-08-20. Attestation: lel_entry.""}",,2026-08-13 01:16:29.658705+00,pending,"[{""strength"": 2.16108, ""family_id"": ""fam_graha_natal"", ""signal_id"": ""bde5423d-ac30-4ecd-ab7b-1dbec4232742""}, {""strength"": 2.16108, ""family_id"": ""fam_graha_natal"", ""signal_id"": ""2f9e0ce3-ce9a-4087-b725-bb1949728c37""}, {""strength"": 2.16108, ""family_id"": ""fam_graha_natal"", ""signal_id"": ""c23ae35b-629d-46b3-ad06-5b77fbdd27bf""}, {""strength"": 2.16108, ""family_id"": ""fam_graha_natal"", ""signal_id"": ""fdd4aafa-f03d-4b33-9453-37615f9f32e9""}, {""strength"": 2.11416, ""family_id"": ""fam_graha_natal"", ""signal_id"": ""69ff9578-80e1-43f2-9a75-8f712992b9ac""}]",748024d2181a078900a1dc4e5fe96569,mi_bhavisya_v1.0,2026-08-13 01:16:27.648113+00
482012f1-710e-4a25-994a-93821f5871aa,pred_bdf24533-7279-45b6-a26e-31ed7afedd28,bdf24533-7279-45b6-a26e-31ed7afedd28,mixed transition transition_convergence_event,transition,"[2049-08-27,2050-08-23)",2050-08-23,"[0.594,0.694)",minor,"{""raw"": ""REFUTED if no transition event of magnitude ≥ minor is independently documented by 2050-08-23. CONFIRMED if a transition-domain event of matching magnitude is recorded in the Life-Event Log before 2050-08-23. Attestation: lel_entry.""}",,2026-08-13 01:16:29.658705+00,pending,"[{""strength"": 0.60375, ""family_id"": ""fam_transit"", ""signal_id"": ""55fe1091-cccc-4a0e-812a-be9215c08c37""}, {""strength"": 0.60375, ""family_id"": ""fam_graha_natal"", ""signal_id"": ""119e7513-c2a0-4813-9995-46bc97b3c968""}, {""strength"": 0.60375, ""family_id"": ""fam_graha_natal"", ""signal_id"": ""54152427-3d75-493a-aa5f-3c78ecb1cb03""}, {""strength"": 0.60375, ""family_id"": ""fam_graha_natal"", ""signal_id"": ""bb1f38bc-5680-43f5-aa10-fbe18c543348""}, {""strength"": 0.60375, ""family_id"": ""fam_transit"", ""signal_id"": ""22c8c1ec-ef90-4810-82d2-f6b81b505f45""}]",319f59b2cd65cd304857f6c93160ef1f,mi_bhavisya_v1.0,2026-08-13 01:16:27.648113+00
482012f1-710e-4a25-994a-93821f5871aa,pred_c0c2324a-6715-44da-bbf6-91b1bcff29bb,c0c2324a-6715-44da-bbf6-91b1bcff29bb,mixed transition transition_convergence_event,transition,"[2043-12-11,2046-05-26)",2046-05-26,"[0.594,0.694)",minor,"{""raw"": ""REFUTED if no transition event of magnitude ≥ minor is independently documented by 2046-05-26. CONFIRMED if a transition-domain event of matching magnitude is recorded in the Life-Event Log before 2046-05-26. Attestation: lel_entry.""}",,2026-08-13 01:16:29.658705+00,pending,"[{""strength"": 0.60375, ""family_id"": ""fam_transit"", ""signal_id"": ""55fe1091-cccc-4a0e-812a-be9215c08c37""}, {""strength"": 0.60375, ""family_id"": ""fam_graha_natal"", ""signal_id"": ""119e7513-c2a0-4813-9995-46bc97b3c968""}, {""strength"": 0.60375, ""family_id"": ""fam_graha_natal"", ""signal_id"": ""54152427-3d75-493a-aa5f-3c78ecb1cb03""}, {""strength"": 0.60375, ""family_id"": ""fam_graha_natal"", ""signal_id"": ""bb1f38bc-5680-43f5-aa10-fbe18c543348""}, {""strength"": 0.60375, ""family_id"": ""fam_transit"", ""signal_id"": ""22c8c1ec-ef90-4810-82d2-f6b81b505f45""}]",8e130511f7e5e8d78559e03747b47e1a,mi_bhavisya_v1.0,2026-08-13 01:16:27.648113+00
482012f1-710e-4a25-994a-93821f5871aa,pred_c0fa3e1e-68e5-4987-9cf3-cfd899040a4a,c0fa3e1e-68e5-4987-9cf3-cfd899040a4a,mixed relationship marriage,relationship,"[2020-01-24,2022-07-08)",2022-07-08,"[0.75,0.8)",minor,"{""raw"": ""REFUTED if no relationship event of magnitude ≥ minor is independently documented by 2022-07-08. CONFIRMED if a relationship-domain event of matching magnitude is recorded in the Life-Event Log before 2022-07-08. Attestation: lel_entry.""}",,2026-08-13 01:16:29.658705+00,pending,"[{""strength"": 2.16108, ""family_id"": ""fam_graha_natal"", ""signal_id"": ""ebb1c88a-8141-4c7e-860b-54ac293a06ac""}, {""strength"": 2.16108, ""family_id"": ""fam_graha_natal"", ""signal_id"": ""483e332a-a168-4cf1-b93b-0ad55d77d91c""}, {""strength"": 2.16108, ""family_id"": ""fam_graha_natal"", ""signal_id"": ""c31d3e74-2f44-41a6-8025-b32e44dbe1e2""}, {""strength"": 2.16108, ""family_id"": ""fam_graha_natal"", ""signal_id"": ""2dff20cd-12f5-492e-a88e-3fef42547eca""}, {""strength"": 2.16108, ""family_id"": ""fam_graha_natal"", ""signal_id"": ""d49da2e1-4b63-45f1-920e-c274df3ded21""}]",6caf9fe4f068c38e7c08ca16a042031d,mi_bhavisya_v1.0,2026-08-13 01:16:27.648113+00
482012f1-710e-4a25-994a-93821f5871aa,pred_c2f46367-4b10-4cbb-9ddb-081c67892834,c2f46367-4b10-4cbb-9ddb-081c67892834,mixed transition transition_convergence_event,transition,"[2027-08-24,2027-10-20)",2027-10-20,"[0.594,0.694)",minor,"{""raw"": ""REFUTED if no transition event of magnitude ≥ minor is independently documented by 2027-10-20. CONFIRMED if a transition-domain event of matching magnitude is recorded in the Life-Event Log before 2027-10-20. Attestation: lel_entry.""}",,2026-08-13 01:16:29.658705+00,pending,"[{""strength"": 0.60375, ""family_id"": ""fam_transit"", ""signal_id"": ""55fe1091-cccc-4a0e-812a-be9215c08c37""}, {""strength"": 0.60375, ""family_id"": ""fam_graha_natal"", ""signal_id"": ""119e7513-c2a0-4813-9995-46bc97b3c968""}, {""strength"": 0.60375, ""family_id"": ""fam_graha_natal"", ""signal_id"": ""54152427-3d75-493a-aa5f-3c78ecb1cb03""}, {""strength"": 0.60375, ""family_id"": ""fam_graha_natal"", ""signal_id"": ""bb1f38bc-5680-43f5-aa10-fbe18c543348""}, {""strength"": 0.60375, ""family_id"": ""fam_transit"", ""signal_id"": ""22c8c1ec-ef90-4810-82d2-f6b81b505f45""}]",c118c24a95eb1ec77efb2ad78cd8ce11,mi_bhavisya_v1.0,2026-08-13 01:16:27.648113+00
482012f1-710e-4a25-994a-93821f5871aa,pred_c7c60f9c-d94e-4bd8-a884-6deeed79b8ec,c7c60f9c-d94e-4bd8-a884-6deeed79b8ec,mixed relationship marriage,relationship,"[1993-10-15,1996-03-29)",1996-03-29,"[0.01,0.07)",minor,"{""raw"": ""REFUTED if no relationship event of magnitude ≥ minor is independently documented by 1996-03-29. CONFIRMED if a relationship-domain event of matching magnitude is recorded in the Life-Event Log before 1996-03-29. Attestation: lel_entry.""}",,2026-08-13 01:16:29.658705+00,pending,"[{""strength"": 2.16108, ""family_id"": ""fam_graha_natal"", ""signal_id"": ""ebb1c88a-8141-4c7e-860b-54ac293a06ac""}, {""strength"": 2.16108, ""family_id"": ""fam_graha_natal"", ""signal_id"": ""483e332a-a168-4cf1-b93b-0ad55d77d91c""}, {""strength"": 2.16108, ""family_id"": ""fam_graha_natal"", ""signal_id"": ""c31d3e74-2f44-41a6-8025-b32e44dbe1e2""}, {""strength"": 2.16108, ""family_id"": ""fam_graha_natal"", ""signal_id"": ""2dff20cd-12f5-492e-a88e-3fef42547eca""}, {""strength"": 2.16108, ""family_id"": ""fam_graha_natal"", ""signal_id"": ""d49da2e1-4b63-45f1-920e-c274df3ded21""}]",4fa36174ab26eaf4801b464c11da1db1,mi_bhavisya_v1.0,2026-08-13 01:16:27.648113+00
482012f1-710e-4a25-994a-93821f5871aa,pred_c820c5c6-a272-442d-bc0a-288d16a97539,c820c5c6-a272-442d-bc0a-288d16a97539,mixed transition transition_convergence_event,transition,"[2038-05-11,2039-05-07)",2039-05-07,"[0.594,0.694)",minor,"{""raw"": ""REFUTED if no transition event of magnitude ≥ minor is independently documented by 2039-05-07. CONFIRMED if a transition-domain event of matching magnitude is recorded in the Life-Event Log before 2039-05-07. Attestation: lel_entry.""}",,2026-08-13 01:16:29.658705+00,pending,"[{""strength"": 0.60375, ""family_id"": ""fam_transit"", ""signal_id"": ""55fe1091-cccc-4a0e-812a-be9215c08c37""}, {""strength"": 0.60375, ""family_id"": ""fam_graha_natal"", ""signal_id"": ""119e7513-c2a0-4813-9995-46bc97b3c968""}, {""strength"": 0.60375, ""family_id"": ""fam_graha_natal"", ""signal_id"": ""54152427-3d75-493a-aa5f-3c78ecb1cb03""}, {""strength"": 0.60375, ""family_id"": ""fam_graha_natal"", ""signal_id"": ""bb1f38bc-5680-43f5-aa10-fbe18c543348""}, {""strength"": 0.60375, ""family_id"": ""fam_transit"", ""signal_id"": ""22c8c1ec-ef90-4810-82d2-f6b81b505f45""}]",c02925590698580c7a0f3ed415876222,mi_bhavisya_v1.0,2026-08-13 01:16:27.648113+00
482012f1-710e-4a25-994a-93821f5871aa,pred_c8bd0f42-fb62-4365-b480-49125f3d42aa,c8bd0f42-fb62-4365-b480-49125f3d42aa,mixed career career_entry,career,"[2046-07-01,2046-08-27)",2046-08-27,"[0.01,0.1)",minor,"{""raw"": ""REFUTED if no career event of magnitude ≥ minor is independently documented by 2046-08-27. CONFIRMED if a career-domain event of matching magnitude is recorded in the Life-Event Log before 2046-08-27. Attestation: lel_entry.""}",,2026-08-13 01:16:29.658705+00,pending,"[{""strength"": 2.16108, ""family_id"": ""fam_graha_natal"", ""signal_id"": ""bde5423d-ac30-4ecd-ab7b-1dbec4232742""}, {""strength"": 2.16108, ""family_id"": ""fam_graha_natal"", ""signal_id"": ""2f9e0ce3-ce9a-4087-b725-bb1949728c37""}, {""strength"": 2.16108, ""family_id"": ""fam_graha_natal"", ""signal_id"": ""c23ae35b-629d-46b3-ad06-5b77fbdd27bf""}, {""strength"": 2.16108, ""family_id"": ""fam_graha_natal"", ""signal_id"": ""fdd4aafa-f03d-4b33-9453-37615f9f32e9""}, {""strength"": 2.11416, ""family_id"": ""fam_graha_natal"", ""signal_id"": ""69ff9578-80e1-43f2-9a75-8f712992b9ac""}]",14d880721fd3440a8079e5715be40e07,mi_bhavisya_v1.0,2026-08-13 01:16:27.648113+00
482012f1-710e-4a25-994a-93821f5871aa,pred_c988abfd-53a1-4529-81d1-4f5bd0c6dd3f,c988abfd-53a1-4529-81d1-4f5bd0c6dd3f,mixed career career_entry,career,"[2042-09-01,2042-10-28)",2042-10-28,"[0.198,0.297)",minor,"{""raw"": ""REFUTED if no career event of magnitude ≥ minor is independently documented by 2042-10-28. CONFIRMED if a career-domain event of matching magnitude is recorded in the Life-Event Log before 2042-10-28. Attestation: lel_entry.""}",,2026-08-13 01:16:29.658705+00,pending,"[{""strength"": 2.16108, ""family_id"": ""fam_graha_natal"", ""signal_id"": ""bde5423d-ac30-4ecd-ab7b-1dbec4232742""}, {""strength"": 2.16108, ""family_id"": ""fam_graha_natal"", ""signal_id"": ""2f9e0ce3-ce9a-4087-b725-bb1949728c37""}, {""strength"": 2.16108, ""family_id"": ""fam_graha_natal"", ""signal_id"": ""c23ae35b-629d-46b3-ad06-5b77fbdd27bf""}, {""strength"": 2.16108, ""family_id"": ""fam_graha_natal"", ""signal_id"": ""fdd4aafa-f03d-4b33-9453-37615f9f32e9""}, {""strength"": 2.11416, ""family_id"": ""fam_graha_natal"", ""signal_id"": ""69ff9578-80e1-43f2-9a75-8f712992b9ac""}]",966e002cadf2dab6aa16436720cd6cee,mi_bhavisya_v1.0,2026-08-13 01:16:27.648113+00
482012f1-710e-4a25-994a-93821f5871aa,pred_cd042cea-67ae-4531-bbe2-9be7b02c5418,cd042cea-67ae-4531-bbe2-9be7b02c5418,mixed character psychological_arc,character,"[2027-10-20,2030-04-03)",2030-04-03,"[0.75,0.8)",minor,"{""raw"": ""REFUTED if no character event of magnitude ≥ minor is independently documented by 2030-04-03. CONFIRMED if a character-domain event of matching magnitude is recorded in the Life-Event Log before 2030-04-03. Attestation: lel_entry.""}",,2026-08-13 01:16:29.658705+00,pending,"[{""strength"": 2.16108, ""family_id"": ""fam_graha_natal"", ""signal_id"": ""ebb1c88a-8141-4c7e-860b-54ac293a06ac""}, {""strength"": 2.16108, ""family_id"": ""fam_graha_natal"", ""signal_id"": ""483e332a-a168-4cf1-b93b-0ad55d77d91c""}, {""strength"": 2.16108, ""family_id"": ""fam_graha_natal"", ""signal_id"": ""c31d3e74-2f44-41a6-8025-b32e44dbe1e2""}, {""strength"": 2.16108, ""family_id"": ""fam_graha_natal"", ""signal_id"": ""2dff20cd-12f5-492e-a88e-3fef42547eca""}, {""strength"": 2.16108, ""family_id"": ""fam_graha_natal"", ""signal_id"": ""d49da2e1-4b63-45f1-920e-c274df3ded21""}]",16285f14168caf8e9826dd12c6f53375,mi_bhavisya_v1.0,2026-08-13 01:16:27.648113+00
482012f1-710e-4a25-994a-93821f5871aa,pred_cd6c4ec9-778e-47c9-93a6-7e6c14ed1cfc,cd6c4ec9-778e-47c9-93a6-7e6c14ed1cfc,mixed transition transition_convergence_event,transition,"[2041-09-26,2044-03-10)",2044-03-10,"[0.594,0.694)",minor,"{""raw"": ""REFUTED if no transition event of magnitude ≥ minor is independently documented by 2044-03-10. CONFIRMED if a transition-domain event of matching magnitude is recorded in the Life-Event Log before 2044-03-10. Attestation: lel_entry.""}",,2026-08-13 01:16:29.658705+00,pending,"[{""strength"": 0.60375, ""family_id"": ""fam_transit"", ""signal_id"": ""55fe1091-cccc-4a0e-812a-be9215c08c37""}, {""strength"": 0.60375, ""family_id"": ""fam_graha_natal"", ""signal_id"": ""119e7513-c2a0-4813-9995-46bc97b3c968""}, {""strength"": 0.60375, ""family_id"": ""fam_graha_natal"", ""signal_id"": ""54152427-3d75-493a-aa5f-3c78ecb1cb03""}, {""strength"": 0.60375, ""family_id"": ""fam_graha_natal"", ""signal_id"": ""bb1f38bc-5680-43f5-aa10-fbe18c543348""}, {""strength"": 0.60375, ""family_id"": ""fam_transit"", ""signal_id"": ""22c8c1ec-ef90-4810-82d2-f6b81b505f45""}]",223525214b653dc7f0ee0a695964ce33,mi_bhavisya_v1.0,2026-08-13 01:16:27.648113+00
482012f1-710e-4a25-994a-93821f5871aa,pred_cf9a25d0-5ef6-45d2-8f18-bbe72d64d1e7,cf9a25d0-5ef6-45d2-8f18-bbe72d64d1e7,mixed relationship marriage,relationship,"[1990-12-14,1993-05-29)",1993-05-29,"[0.01,0.07)",minor,"{""raw"": ""REFUTED if no relationship event of magnitude ≥ minor is independently documented by 1993-05-29. CONFIRMED if a relationship-domain event of matching magnitude is recorded in the Life-Event Log before 1993-05-29. Attestation: lel_entry.""}",,2026-08-13 01:16:29.658705+00,pending,"[{""strength"": 2.16108, ""family_id"": ""fam_graha_natal"", ""signal_id"": ""ebb1c88a-8141-4c7e-860b-54ac293a06ac""}, {""strength"": 2.16108, ""family_id"": ""fam_graha_natal"", ""signal_id"": ""483e332a-a168-4cf1-b93b-0ad55d77d91c""}, {""strength"": 2.16108, ""family_id"": ""fam_graha_natal"", ""signal_id"": ""c31d3e74-2f44-41a6-8025-b32e44dbe1e2""}, {""strength"": 2.16108, ""family_id"": ""fam_graha_natal"", ""signal_id"": ""2dff20cd-12f5-492e-a88e-3fef42547eca""}, {""strength"": 2.16108, ""family_id"": ""fam_graha_natal"", ""signal_id"": ""d49da2e1-4b63-45f1-920e-c274df3ded21""}]",2c6cd483e96d2e2c4f6ad945074ee6ef,mi_bhavisya_v1.0,2026-08-13 01:16:27.648113+00
482012f1-710e-4a25-994a-93821f5871aa,pred_d1d57b03-4640-490c-92f1-b62d17111f01,d1d57b03-4640-490c-92f1-b62d17111f01,mixed wealth major_gain,wealth,"[2041-01-27,2043-07-13)",2043-07-13,"[0.75,0.8)",minor,"{""raw"": ""REFUTED if no wealth event of magnitude ≥ minor is independently documented by 2043-07-13. CONFIRMED if a wealth-domain event of matching magnitude is recorded in the Life-Event Log before 2043-07-13. Attestation: lel_entry.""}",,2026-08-13 01:16:29.658705+00,pending,"[{""strength"": 1.890945, ""family_id"": ""fam_graha_natal"", ""signal_id"": ""df5c4452-6e42-4bae-a6a2-15f3616a3703""}, {""strength"": 1.890945, ""family_id"": ""fam_graha_natal"", ""signal_id"": ""79c4cf73-d7cd-4716-92b8-07bd0df503fa""}, {""strength"": 1.890945, ""family_id"": ""fam_graha_natal"", ""signal_id"": ""888de1ae-b221-4503-a3e1-cf4d97e05254""}, {""strength"": 1.890945, ""family_id"": ""fam_graha_natal"", ""signal_id"": ""992a32ca-d695-47e8-95c5-4f4612e33577""}, {""strength"": 1.84989, ""family_id"": ""fam_graha_natal"", ""signal_id"": ""4c93cbb9-147e-475d-aa43-70c18181cf2c""}]",ce5e7fe38bba65e93c6602b665c64dfe,mi_bhavisya_v1.0,2026-08-13 01:16:27.648113+00
482012f1-710e-4a25-994a-93821f5871aa,pred_d35e9b75-301e-4aff-a936-c0855692cfc7,d35e9b75-301e-4aff-a936-c0855692cfc7,mixed career career_entry,career,"[2038-10-10,2038-12-06)",2038-12-06,"[0.198,0.297)",minor,"{""raw"": ""REFUTED if no career event of magnitude ≥ minor is independently documented by 2038-12-06. CONFIRMED if a career-domain event of matching magnitude is recorded in the Life-Event Log before 2038-12-06. Attestation: lel_entry.""}",,2026-08-13 01:16:29.658705+00,pending,"[{""strength"": 2.16108, ""family_id"": ""fam_graha_natal"", ""signal_id"": ""bde5423d-ac30-4ecd-ab7b-1dbec4232742""}, {""strength"": 2.16108, ""family_id"": ""fam_graha_natal"", ""signal_id"": ""2f9e0ce3-ce9a-4087-b725-bb1949728c37""}, {""strength"": 2.16108, ""family_id"": ""fam_graha_natal"", ""signal_id"": ""c23ae35b-629d-46b3-ad06-5b77fbdd27bf""}, {""strength"": 2.16108, ""family_id"": ""fam_graha_natal"", ""signal_id"": ""fdd4aafa-f03d-4b33-9453-37615f9f32e9""}, {""strength"": 2.11416, ""family_id"": ""fam_graha_natal"", ""signal_id"": ""69ff9578-80e1-43f2-9a75-8f712992b9ac""}]",362398276412512fff8cb726c0ebb148,mi_bhavisya_v1.0,2026-08-13 01:16:27.648113+00
482012f1-710e-4a25-994a-93821f5871aa,pred_d91f6db5-b6b0-45d9-86db-ccada7c22c24,d91f6db5-b6b0-45d9-86db-ccada7c22c24,mixed spirituality spiritual_turn,spirituality,"[2026-10-16,2026-11-15)",2026-11-15,"[0.75,0.8)",minor,"{""raw"": ""REFUTED if no spirituality event of magnitude ≥ minor is independently documented by 2026-11-15. CONFIRMED if a spirituality-domain event of matching magnitude is recorded in the Life-Event Log before 2026-11-15. Attestation: lel_entry.""}",,2026-08-13 01:16:29.658705+00,pending,"[{""strength"": 2.16108, ""family_id"": ""fam_graha_natal"", ""signal_id"": ""ebb1c88a-8141-4c7e-860b-54ac293a06ac""}, {""strength"": 2.16108, ""family_id"": ""fam_graha_natal"", ""signal_id"": ""483e332a-a168-4cf1-b93b-0ad55d77d91c""}, {""strength"": 2.16108, ""family_id"": ""fam_graha_natal"", ""signal_id"": ""c31d3e74-2f44-41a6-8025-b32e44dbe1e2""}, {""strength"": 2.16108, ""family_id"": ""fam_graha_natal"", ""signal_id"": ""bde5423d-ac30-4ecd-ab7b-1dbec4232742""}, {""strength"": 2.16108, ""family_id"": ""fam_graha_natal"", ""signal_id"": ""2dff20cd-12f5-492e-a88e-3fef42547eca""}]",ebbe01c74ceb4222898cf6a04fee3aab,mi_bhavisya_v1.0,2026-08-13 01:16:27.648113+00
482012f1-710e-4a25-994a-93821f5871aa,pred_e19177a1-c1d0-49c7-9bdc-513a32b0d100,e19177a1-c1d0-49c7-9bdc-513a32b0d100,mixed transition transition_convergence_event,transition,"[2028-08-26,2028-10-22)",2028-10-22,"[0.594,0.694)",minor,"{""raw"": ""REFUTED if no transition event of magnitude ≥ minor is independently documented by 2028-10-22. CONFIRMED if a transition-domain event of matching magnitude is recorded in the Life-Event Log before 2028-10-22. Attestation: lel_entry.""}",,2026-08-13 01:16:29.658705+00,pending,"[{""strength"": 0.60375, ""family_id"": ""fam_transit"", ""signal_id"": ""55fe1091-cccc-4a0e-812a-be9215c08c37""}, {""strength"": 0.60375, ""family_id"": ""fam_graha_natal"", ""signal_id"": ""119e7513-c2a0-4813-9995-46bc97b3c968""}, {""strength"": 0.60375, ""family_id"": ""fam_graha_natal"", ""signal_id"": ""54152427-3d75-493a-aa5f-3c78ecb1cb03""}, {""strength"": 0.60375, ""family_id"": ""fam_graha_natal"", ""signal_id"": ""bb1f38bc-5680-43f5-aa10-fbe18c543348""}, {""strength"": 0.60375, ""family_id"": ""fam_transit"", ""signal_id"": ""22c8c1ec-ef90-4810-82d2-f6b81b505f45""}]",85b9468ce65068eba90b12f393feb4f5,mi_bhavisya_v1.0,2026-08-13 01:16:27.648113+00
482012f1-710e-4a25-994a-93821f5871aa,pred_e4127b44-d362-4e5b-95df-6f0442fed03f,e4127b44-d362-4e5b-95df-6f0442fed03f,mixed wealth major_gain,wealth,"[2042-06-09,2043-06-05)",2043-06-05,"[0.75,0.8)",minor,"{""raw"": ""REFUTED if no wealth event of magnitude ≥ minor is independently documented by 2043-06-05. CONFIRMED if a wealth-domain event of matching magnitude is recorded in the Life-Event Log before 2043-06-05. Attestation: lel_entry.""}",,2026-08-13 01:16:29.658705+00,pending,"[{""strength"": 1.890945, ""family_id"": ""fam_graha_natal"", ""signal_id"": ""df5c4452-6e42-4bae-a6a2-15f3616a3703""}, {""strength"": 1.890945, ""family_id"": ""fam_graha_natal"", ""signal_id"": ""79c4cf73-d7cd-4716-92b8-07bd0df503fa""}, {""strength"": 1.890945, ""family_id"": ""fam_graha_natal"", ""signal_id"": ""888de1ae-b221-4503-a3e1-cf4d97e05254""}, {""strength"": 1.890945, ""family_id"": ""fam_graha_natal"", ""signal_id"": ""992a32ca-d695-47e8-95c5-4f4612e33577""}, {""strength"": 1.84989, ""family_id"": ""fam_graha_natal"", ""signal_id"": ""4c93cbb9-147e-475d-aa43-70c18181cf2c""}]",47832405e2ab26c943fa72a9af28291d,mi_bhavisya_v1.0,2026-08-13 01:16:27.648113+00
482012f1-710e-4a25-994a-93821f5871aa,pred_e6255559-d4ed-43e1-a4de-af55a4113de8,e6255559-d4ed-43e1-a4de-af55a4113de8,mixed health illness_acute,health,"[2027-10-05,2027-11-04)",2027-11-04,"[0.675,0.775)",major,"{""raw"": ""REFUTED if no health event of magnitude ≥ major is independently documented by 2027-11-04. CONFIRMED if a health-domain event of matching magnitude is recorded in the Life-Event Log before 2027-11-04. Attestation: lel_entry.""}",,2026-08-13 01:16:29.658705+00,pending,"[{""strength"": 1.2, ""family_id"": ""fam_graha_natal"", ""signal_id"": ""e7bc769d-5e8d-4a3b-9c8c-5f3aef8d0ab0""}, {""strength"": 1.2, ""family_id"": ""fam_graha_natal"", ""signal_id"": ""422267a2-ae9a-4413-a737-a9a93407747e""}, {""strength"": 1.2, ""family_id"": ""fam_graha_natal"", ""signal_id"": ""fa44bc12-4651-449d-921b-689c26189bf4""}, {""strength"": 0.68425, ""family_id"": ""fam_yoga"", ""signal_id"": ""5128c630-9034-4f1c-9c64-60bec408ce9e""}, {""strength"": 0.68425, ""family_id"": ""fam_yoga"", ""signal_id"": ""b55163d0-1b65-47df-8d30-c31a98512fc7""}]",3c63b27039771eedf89e9dd617b4e92a,mi_bhavisya_v1.0,2026-08-13 01:16:27.648113+00
482012f1-710e-4a25-994a-93821f5871aa,pred_e6eb3853-c21b-4e9b-8896-e15224f6c34f,e6eb3853-c21b-4e9b-8896-e15224f6c34f,mixed wealth major_gain,wealth,"[2040-09-21,2040-11-17)",2040-11-17,"[0.75,0.8)",minor,"{""raw"": ""REFUTED if no wealth event of magnitude ≥ minor is independently documented by 2040-11-17. CONFIRMED if a wealth-domain event of matching magnitude is recorded in the Life-Event Log before 2040-11-17. Attestation: lel_entry.""}",,2026-08-13 01:16:29.658705+00,pending,"[{""strength"": 1.890945, ""family_id"": ""fam_graha_natal"", ""signal_id"": ""df5c4452-6e42-4bae-a6a2-15f3616a3703""}, {""strength"": 1.890945, ""family_id"": ""fam_graha_natal"", ""signal_id"": ""79c4cf73-d7cd-4716-92b8-07bd0df503fa""}, {""strength"": 1.890945, ""family_id"": ""fam_graha_natal"", ""signal_id"": ""888de1ae-b221-4503-a3e1-cf4d97e05254""}, {""strength"": 1.890945, ""family_id"": ""fam_graha_natal"", ""signal_id"": ""992a32ca-d695-47e8-95c5-4f4612e33577""}, {""strength"": 1.84989, ""family_id"": ""fam_graha_natal"", ""signal_id"": ""4c93cbb9-147e-475d-aa43-70c18181cf2c""}]",ca980dfdd3b7c36f6fd25575a6172781,mi_bhavisya_v1.0,2026-08-13 01:16:27.648113+00
482012f1-710e-4a25-994a-93821f5871aa,pred_e92119d7-9e00-47e1-ba43-b3ce2081de1b,e92119d7-9e00-47e1-ba43-b3ce2081de1b,mixed wealth major_gain,wealth,"[2046-01-20,2046-03-18)",2046-03-18,"[0.324,0.424)",minor,"{""raw"": ""REFUTED if no wealth event of magnitude ≥ minor is independently documented by 2046-03-18. CONFIRMED if a wealth-domain event of matching magnitude is recorded in the Life-Event Log before 2046-03-18. Attestation: lel_entry.""}",,2026-08-13 01:16:29.658705+00,pending,"[{""strength"": 1.890945, ""family_id"": ""fam_graha_natal"", ""signal_id"": ""df5c4452-6e42-4bae-a6a2-15f3616a3703""}, {""strength"": 1.890945, ""family_id"": ""fam_graha_natal"", ""signal_id"": ""79c4cf73-d7cd-4716-92b8-07bd0df503fa""}, {""strength"": 1.890945, ""family_id"": ""fam_graha_natal"", ""signal_id"": ""888de1ae-b221-4503-a3e1-cf4d97e05254""}, {""strength"": 1.890945, ""family_id"": ""fam_graha_natal"", ""signal_id"": ""992a32ca-d695-47e8-95c5-4f4612e33577""}, {""strength"": 1.84989, ""family_id"": ""fam_graha_natal"", ""signal_id"": ""4c93cbb9-147e-475d-aa43-70c18181cf2c""}]",a924cf0062f6caccbf5bda6d70324dc2,mi_bhavisya_v1.0,2026-08-13 01:16:27.648113+00
482012f1-710e-4a25-994a-93821f5871aa,pred_e9e0130b-cf28-42fc-9ace-5ae9fb08ba15,e9e0130b-cf28-42fc-9ace-5ae9fb08ba15,mixed character psychological_arc,character,"[2027-10-20,2030-04-03)",2030-04-03,"[0.75,0.8)",minor,"{""raw"": ""REFUTED if no character event of magnitude ≥ minor is independently documented by 2030-04-03. CONFIRMED if a character-domain event of matching magnitude is recorded in the Life-Event Log before 2030-04-03. Attestation: lel_entry.""}",,2026-08-13 01:16:29.658705+00,pending,"[{""strength"": 2.16108, ""family_id"": ""fam_graha_natal"", ""signal_id"": ""ebb1c88a-8141-4c7e-860b-54ac293a06ac""}, {""strength"": 2.16108, ""family_id"": ""fam_graha_natal"", ""signal_id"": ""483e332a-a168-4cf1-b93b-0ad55d77d91c""}, {""strength"": 2.16108, ""family_id"": ""fam_graha_natal"", ""signal_id"": ""c31d3e74-2f44-41a6-8025-b32e44dbe1e2""}, {""strength"": 2.16108, ""family_id"": ""fam_graha_natal"", ""signal_id"": ""2dff20cd-12f5-492e-a88e-3fef42547eca""}, {""strength"": 2.16108, ""family_id"": ""fam_graha_natal"", ""signal_id"": ""d49da2e1-4b63-45f1-920e-c274df3ded21""}]",3e44553ba545535512ac07641b4b7046,mi_bhavisya_v1.0,2026-08-13 01:16:27.648113+00
482012f1-710e-4a25-994a-93821f5871aa,pred_eba70a96-8783-460c-a229-1805c4f4058c,eba70a96-8783-460c-a229-1805c4f4058c,mixed wealth major_gain,wealth,"[2029-08-24,2030-08-20)",2030-08-20,"[0.75,0.8)",minor,"{""raw"": ""REFUTED if no wealth event of magnitude ≥ minor is independently documented by 2030-08-20. CONFIRMED if a wealth-domain event of matching magnitude is recorded in the Life-Event Log before 2030-08-20. Attestation: lel_entry.""}",,2026-08-13 01:16:29.658705+00,pending,"[{""strength"": 1.890945, ""family_id"": ""fam_graha_natal"", ""signal_id"": ""df5c4452-6e42-4bae-a6a2-15f3616a3703""}, {""strength"": 1.890945, ""family_id"": ""fam_graha_natal"", ""signal_id"": ""79c4cf73-d7cd-4716-92b8-07bd0df503fa""}, {""strength"": 1.890945, ""family_id"": ""fam_graha_natal"", ""signal_id"": ""888de1ae-b221-4503-a3e1-cf4d97e05254""}, {""strength"": 1.890945, ""family_id"": ""fam_graha_natal"", ""signal_id"": ""992a32ca-d695-47e8-95c5-4f4612e33577""}, {""strength"": 1.84989, ""family_id"": ""fam_graha_natal"", ""signal_id"": ""4c93cbb9-147e-475d-aa43-70c18181cf2c""}]",588abb529bcc894daadc3d4769407823,mi_bhavisya_v1.0,2026-08-13 01:16:27.648113+00
482012f1-710e-4a25-994a-93821f5871aa,pred_ee06cf79-b552-4191-a1c1-31b3b72c79f6,ee06cf79-b552-4191-a1c1-31b3b72c79f6,mixed wealth major_gain,wealth,"[2043-12-11,2046-05-26)",2046-05-26,"[0.75,0.8)",minor,"{""raw"": ""REFUTED if no wealth event of magnitude ≥ minor is independently documented by 2046-05-26. CONFIRMED if a wealth-domain event of matching magnitude is recorded in the Life-Event Log before 2046-05-26. Attestation: lel_entry.""}",,2026-08-13 01:16:29.658705+00,pending,"[{""strength"": 1.890945, ""family_id"": ""fam_graha_natal"", ""signal_id"": ""df5c4452-6e42-4bae-a6a2-15f3616a3703""}, {""strength"": 1.890945, ""family_id"": ""fam_graha_natal"", ""signal_id"": ""79c4cf73-d7cd-4716-92b8-07bd0df503fa""}, {""strength"": 1.890945, ""family_id"": ""fam_graha_natal"", ""signal_id"": ""888de1ae-b221-4503-a3e1-cf4d97e05254""}, {""strength"": 1.890945, ""family_id"": ""fam_graha_natal"", ""signal_id"": ""992a32ca-d695-47e8-95c5-4f4612e33577""}, {""strength"": 1.84989, ""family_id"": ""fam_graha_natal"", ""signal_id"": ""4c93cbb9-147e-475d-aa43-70c18181cf2c""}]",e767287b045085741937bf67f56cb8f1,mi_bhavisya_v1.0,2026-08-13 01:16:27.648113+00
482012f1-710e-4a25-994a-93821f5871aa,pred_f0b8c354-bffd-4e2e-a42a-3d59d8cc669e,f0b8c354-bffd-4e2e-a42a-3d59d8cc669e,mixed relationship marriage,relationship,"[1993-03-05,1995-08-19)",1995-08-19,"[0.01,0.07)",moderate,"{""raw"": ""REFUTED if no relationship event of magnitude ≥ moderate is independently documented by 1995-08-19. CONFIRMED if a relationship-domain event of matching magnitude is recorded in the Life-Event Log before 1995-08-19. Attestation: lel_entry.""}",,2026-08-13 01:16:29.658705+00,pending,"[{""strength"": 2.16108, ""family_id"": ""fam_graha_natal"", ""signal_id"": ""ebb1c88a-8141-4c7e-860b-54ac293a06ac""}, {""strength"": 2.16108, ""family_id"": ""fam_graha_natal"", ""signal_id"": ""483e332a-a168-4cf1-b93b-0ad55d77d91c""}, {""strength"": 2.16108, ""family_id"": ""fam_graha_natal"", ""signal_id"": ""c31d3e74-2f44-41a6-8025-b32e44dbe1e2""}, {""strength"": 2.16108, ""family_id"": ""fam_graha_natal"", ""signal_id"": ""2dff20cd-12f5-492e-a88e-3fef42547eca""}, {""strength"": 2.16108, ""family_id"": ""fam_graha_natal"", ""signal_id"": ""d49da2e1-4b63-45f1-920e-c274df3ded21""}]",130ee8dd029818a0292af2e8f2f6cc4c,mi_bhavisya_v1.0,2026-08-13 01:16:27.648113+00
482012f1-710e-4a25-994a-93821f5871aa,pred_f0c80dd3-075c-4701-9ee2-7d56c9019191,f0c80dd3-075c-4701-9ee2-7d56c9019191,mixed wealth major_gain,wealth,"[2044-06-23,2046-12-06)",2046-12-06,"[0.75,0.8)",minor,"{""raw"": ""REFUTED if no wealth event of magnitude ≥ minor is independently documented by 2046-12-06. CONFIRMED if a wealth-domain event of matching magnitude is recorded in the Life-Event Log before 2046-12-06. Attestation: lel_entry.""}",,2026-08-13 01:16:29.658705+00,pending,"[{""strength"": 1.890945, ""family_id"": ""fam_graha_natal"", ""signal_id"": ""df5c4452-6e42-4bae-a6a2-15f3616a3703""}, {""strength"": 1.890945, ""family_id"": ""fam_graha_natal"", ""signal_id"": ""79c4cf73-d7cd-4716-92b8-07bd0df503fa""}, {""strength"": 1.890945, ""family_id"": ""fam_graha_natal"", ""signal_id"": ""888de1ae-b221-4503-a3e1-cf4d97e05254""}, {""strength"": 1.890945, ""family_id"": ""fam_graha_natal"", ""signal_id"": ""992a32ca-d695-47e8-95c5-4f4612e33577""}, {""strength"": 1.84989, ""family_id"": ""fam_graha_natal"", ""signal_id"": ""4c93cbb9-147e-475d-aa43-70c18181cf2c""}]",ed20bb088c58247115790a522f8eec6f,mi_bhavisya_v1.0,2026-08-13 01:16:27.648113+00
482012f1-710e-4a25-994a-93821f5871aa,pred_f3a9d04e-a877-426f-ba4b-aed43e2c9822,f3a9d04e-a877-426f-ba4b-aed43e2c9822,mixed relationship marriage,relationship,"[2027-10-20,2030-04-03)",2030-04-03,"[0.252,0.352)",minor,"{""raw"": ""REFUTED if no relationship event of magnitude ≥ minor is independently documented by 2030-04-03. CONFIRMED if a relationship-domain event of matching magnitude is recorded in the Life-Event Log before 2030-04-03. Attestation: lel_entry.""}",,2026-08-13 01:16:29.658705+00,pending,"[{""strength"": 2.16108, ""family_id"": ""fam_graha_natal"", ""signal_id"": ""ebb1c88a-8141-4c7e-860b-54ac293a06ac""}, {""strength"": 2.16108, ""family_id"": ""fam_graha_natal"", ""signal_id"": ""483e332a-a168-4cf1-b93b-0ad55d77d91c""}, {""strength"": 2.16108, ""family_id"": ""fam_graha_natal"", ""signal_id"": ""c31d3e74-2f44-41a6-8025-b32e44dbe1e2""}, {""strength"": 2.16108, ""family_id"": ""fam_graha_natal"", ""signal_id"": ""2dff20cd-12f5-492e-a88e-3fef42547eca""}, {""strength"": 2.16108, ""family_id"": ""fam_graha_natal"", ""signal_id"": ""d49da2e1-4b63-45f1-920e-c274df3ded21""}]",72df1d875f9f98b5693adac84e23ed2d,mi_bhavisya_v1.0,2026-08-13 01:16:27.648113+00
482012f1-710e-4a25-994a-93821f5871aa,pred_f43ba6be-5c26-4753-be30-dab9403c1707,f43ba6be-5c26-4753-be30-dab9403c1707,mixed transition transition_convergence_event,transition,"[2044-08-08,2044-10-05)",2044-10-05,"[0.594,0.694)",minor,"{""raw"": ""REFUTED if no transition event of magnitude ≥ minor is independently documented by 2044-10-05. CONFIRMED if a transition-domain event of matching magnitude is recorded in the Life-Event Log before 2044-10-05. Attestation: lel_entry.""}",,2026-08-13 01:16:29.658705+00,pending,"[{""strength"": 0.60375, ""family_id"": ""fam_transit"", ""signal_id"": ""55fe1091-cccc-4a0e-812a-be9215c08c37""}, {""strength"": 0.60375, ""family_id"": ""fam_graha_natal"", ""signal_id"": ""119e7513-c2a0-4813-9995-46bc97b3c968""}, {""strength"": 0.60375, ""family_id"": ""fam_graha_natal"", ""signal_id"": ""54152427-3d75-493a-aa5f-3c78ecb1cb03""}, {""strength"": 0.60375, ""family_id"": ""fam_graha_natal"", ""signal_id"": ""bb1f38bc-5680-43f5-aa10-fbe18c543348""}, {""strength"": 0.60375, ""family_id"": ""fam_transit"", ""signal_id"": ""22c8c1ec-ef90-4810-82d2-f6b81b505f45""}]",fa7666b36dad204b1d2bd66f18235b97,mi_bhavisya_v1.0,2026-08-13 01:16:27.648113+00
482012f1-710e-4a25-994a-93821f5871aa,pred_f627473e-dfc0-49ac-8cc0-2481271b2ca7,f627473e-dfc0-49ac-8cc0-2481271b2ca7,mixed wealth major_gain,wealth,"[2044-08-30,2047-02-12)",2047-02-12,"[0.75,0.8)",minor,"{""raw"": ""REFUTED if no wealth event of magnitude ≥ minor is independently documented by 2047-02-12. CONFIRMED if a wealth-domain event of matching magnitude is recorded in the Life-Event Log before 2047-02-12. Attestation: lel_entry.""}",,2026-08-13 01:16:29.658705+00,pending,"[{""strength"": 1.890945, ""family_id"": ""fam_graha_natal"", ""signal_id"": ""df5c4452-6e42-4bae-a6a2-15f3616a3703""}, {""strength"": 1.890945, ""family_id"": ""fam_graha_natal"", ""signal_id"": ""79c4cf73-d7cd-4716-92b8-07bd0df503fa""}, {""strength"": 1.890945, ""family_id"": ""fam_graha_natal"", ""signal_id"": ""888de1ae-b221-4503-a3e1-cf4d97e05254""}, {""strength"": 1.890945, ""family_id"": ""fam_graha_natal"", ""signal_id"": ""992a32ca-d695-47e8-95c5-4f4612e33577""}, {""strength"": 1.84989, ""family_id"": ""fam_graha_natal"", ""signal_id"": ""4c93cbb9-147e-475d-aa43-70c18181cf2c""}]",6b37a168f012cbdb1e0b8994f43c6bef,mi_bhavisya_v1.0,2026-08-13 01:16:27.648113+00
482012f1-710e-4a25-994a-93821f5871aa,pred_f6a0f47e-fac5-4c98-ba7d-605b3329e820,f6a0f47e-fac5-4c98-ba7d-605b3329e820,mixed career career_entry,career,"[2029-08-24,2030-08-20)",2030-08-20,"[0.198,0.297)",minor,"{""raw"": ""REFUTED if no career event of magnitude ≥ minor is independently documented by 2030-08-20. CONFIRMED if a career-domain event of matching magnitude is recorded in the Life-Event Log before 2030-08-20. Attestation: lel_entry.""}",,2026-08-13 01:16:29.658705+00,pending,"[{""strength"": 2.16108, ""family_id"": ""fam_graha_natal"", ""signal_id"": ""bde5423d-ac30-4ecd-ab7b-1dbec4232742""}, {""strength"": 2.16108, ""family_id"": ""fam_graha_natal"", ""signal_id"": ""2f9e0ce3-ce9a-4087-b725-bb1949728c37""}, {""strength"": 2.16108, ""family_id"": ""fam_graha_natal"", ""signal_id"": ""c23ae35b-629d-46b3-ad06-5b77fbdd27bf""}, {""strength"": 2.16108, ""family_id"": ""fam_graha_natal"", ""signal_id"": ""fdd4aafa-f03d-4b33-9453-37615f9f32e9""}, {""strength"": 2.11416, ""family_id"": ""fam_graha_natal"", ""signal_id"": ""69ff9578-80e1-43f2-9a75-8f712992b9ac""}]",c3ef76b8ac632bf8391a3c3f8d99666d,mi_bhavisya_v1.0,2026-08-13 01:16:27.648113+00
482012f1-710e-4a25-994a-93821f5871aa,pred_f835ef27-5e8b-4fda-80c0-7c014f226cd9,f835ef27-5e8b-4fda-80c0-7c014f226cd9,mixed transition transition_convergence_event,transition,"[2034-11-17,2035-01-14)",2035-01-14,"[0.594,0.694)",minor,"{""raw"": ""REFUTED if no transition event of magnitude ≥ minor is independently documented by 2035-01-14. CONFIRMED if a transition-domain event of matching magnitude is recorded in the Life-Event Log before 2035-01-14. Attestation: lel_entry.""}",,2026-08-13 01:16:29.658705+00,pending,"[{""strength"": 0.60375, ""family_id"": ""fam_transit"", ""signal_id"": ""55fe1091-cccc-4a0e-812a-be9215c08c37""}, {""strength"": 0.60375, ""family_id"": ""fam_graha_natal"", ""signal_id"": ""119e7513-c2a0-4813-9995-46bc97b3c968""}, {""strength"": 0.60375, ""family_id"": ""fam_graha_natal"", ""signal_id"": ""54152427-3d75-493a-aa5f-3c78ecb1cb03""}, {""strength"": 0.60375, ""family_id"": ""fam_graha_natal"", ""signal_id"": ""bb1f38bc-5680-43f5-aa10-fbe18c543348""}, {""strength"": 0.60375, ""family_id"": ""fam_transit"", ""signal_id"": ""22c8c1ec-ef90-4810-82d2-f6b81b505f45""}]",17ae28f1a433b47e3551593df48bb9bb,mi_bhavisya_v1.0,2026-08-13 01:16:27.648113+00
482012f1-710e-4a25-994a-93821f5871aa,pred_faba67c3-67cc-4891-b22e-30329538ca9b,faba67c3-67cc-4891-b22e-30329538ca9b,mixed career career_entry,career,"[2044-06-23,2046-12-06)",2046-12-06,"[0.198,0.297)",minor,"{""raw"": ""REFUTED if no career event of magnitude ≥ minor is independently documented by 2046-12-06. CONFIRMED if a career-domain event of matching magnitude is recorded in the Life-Event Log before 2046-12-06. Attestation: lel_entry.""}",,2026-08-13 01:16:29.658705+00,pending,"[{""strength"": 2.16108, ""family_id"": ""fam_graha_natal"", ""signal_id"": ""bde5423d-ac30-4ecd-ab7b-1dbec4232742""}, {""strength"": 2.16108, ""family_id"": ""fam_graha_natal"", ""signal_id"": ""2f9e0ce3-ce9a-4087-b725-bb1949728c37""}, {""strength"": 2.16108, ""family_id"": ""fam_graha_natal"", ""signal_id"": ""c23ae35b-629d-46b3-ad06-5b77fbdd27bf""}, {""strength"": 2.16108, ""family_id"": ""fam_graha_natal"", ""signal_id"": ""fdd4aafa-f03d-4b33-9453-37615f9f32e9""}, {""strength"": 2.11416, ""family_id"": ""fam_graha_natal"", ""signal_id"": ""69ff9578-80e1-43f2-9a75-8f712992b9ac""}]",f5ffe60fd5491a0334d9ff9b1d80732a,mi_bhavisya_v1.0,2026-08-13 01:16:27.648113+00
482012f1-710e-4a25-994a-93821f5871aa,pred_fe63e3b4-1e56-4578-ae9b-5302454e19c6,fe63e3b4-1e56-4578-ae9b-5302454e19c6,mixed relationship marriage,relationship,"[1996-02-16,1998-08-01)",1998-08-01,"[0.01,0.07)",minor,"{""raw"": ""REFUTED if no relationship event of magnitude ≥ minor is independently documented by 1998-08-01. CONFIRMED if a relationship-domain event of matching magnitude is recorded in the Life-Event Log before 1998-08-01. Attestation: lel_entry.""}",,2026-08-13 01:16:29.658705+00,pending,"[{""strength"": 2.16108, ""family_id"": ""fam_graha_natal"", ""signal_id"": ""ebb1c88a-8141-4c7e-860b-54ac293a06ac""}, {""strength"": 2.16108, ""family_id"": ""fam_graha_natal"", ""signal_id"": ""483e332a-a168-4cf1-b93b-0ad55d77d91c""}, {""strength"": 2.16108, ""family_id"": ""fam_graha_natal"", ""signal_id"": ""c31d3e74-2f44-41a6-8025-b32e44dbe1e2""}, {""strength"": 2.16108, ""family_id"": ""fam_graha_natal"", ""signal_id"": ""2dff20cd-12f5-492e-a88e-3fef42547eca""}, {""strength"": 2.16108, ""family_id"": ""fam_graha_natal"", ""signal_id"": ""d49da2e1-4b63-45f1-920e-c274df3ded21""}]",bdae8cd781234fab94aa7a132ab56191,mi_bhavisya_v1.0,2026-08-13 01:16:27.648113+00
