signal_id,domain,planet,claim_excerpt,candidate_1_chunk_id,candidate_1_source,candidate_1_section,candidate_1_score,candidate_1_excerpt,candidate_2_chunk_id,candidate_2_source,candidate_2_section,candidate_2_score,candidate_2_excerpt,candidate_3_chunk_id,candidate_3_source,candidate_3_section,candidate_3_score,candidate_3_excerpt,accepted_candidate,override_citation
SIG.MSR.001,career,SATURN,Sasha Mahapurusha Yoga — Saturn Exalted in 7H Kendra,f8fe9a055f29e6e4f4f2b9217b97aa88,01_FACTS_LAYER/FORENSIC_ASTROLOGICAL_DATA_v8_0.md,§26.3,0.2568,### §26.3 D-10 Dashamsha Yogas  | ID | Yoga | Type | Key Configuration | Note | | --- | --- | --- | --- | --- | | `YGA.D10.SARALA` | Sarala Viparita Raja Yoga | Power from upheaval | 8L in 8H in D10 —,74b6cd7c73d35fbdbaccfe32018d261f,01_FACTS_LAYER/FORENSIC_ASTROLOGICAL_DATA_v8_0.md,§26.4,0.2581,### §26.4 D-2 Hora Yogas  | ID | Yoga | Type | Key Configuration | Note | | --- | --- | --- | --- | --- | | `YGA.D2.MAHA_YOGADA` | Maha Yogada | Power / authority / wealth | Specific AK + lagna lord c,,,,0.0000,,1,
SIG.MSR.002,relationships,VENUS,"D9 Neecha Bhanga Raja Yoga — Venus Debilitated Virgo D9, Cancelled by Mercury Vargottama",f43cc9d59dd83a0cd7c68742053d0985,01_FACTS_LAYER/FORENSIC_ASTROLOGICAL_DATA_v8_0.md,§3.5,0.1952,### §3.5 D9 — Navamsa (Dharma / Spouse / General Strength)  | ID | Body | D9 Sign | D1 Sign | Vargottama | | --- | --- | --- | --- | --- | | `D9.LAGNA` | D9 Lagna | Cancer | Aries (D1 Lagna) | NO | | ,835bf9f897fc9d3a5af3927297d8c363,01_FACTS_LAYER/FORENSIC_ASTROLOGICAL_DATA_v8_0.md,§26.2,0.2375,### §26.2 D-9 Navamsa Yogas  | ID | Yoga | Type | Key Configuration | Note | | --- | --- | --- | --- | --- | | `YGA.D9.GAJAKESARI` | Gaja-Kesari Yoga (D9) | Famous / virtuous | Jupiter and Moon both i,c0fff74c31aa2d277c40bb2800359e73,01_FACTS_LAYER/FORENSIC_ASTROLOGICAL_DATA_v8_0.md,§23.1,0.2451,#### Mercury (`PLN.MERCURY`)  | Dimension | Value | | --- | --- | | D1 Sign / Degree | Capricorn 00°50′11″ | | Nakshatra / Pada | Uttara Ashadha / 2 | | Abs Longitude | 270.84° | | Rashi House | 10 | ,1,
SIG.MSR.003,career,SATURN,"D9 Neecha Bhanga Raja Yoga — Saturn Debilitated Aries D9, Cancelled by Sun in D9 Lagna",f43cc9d59dd83a0cd7c68742053d0985,01_FACTS_LAYER/FORENSIC_ASTROLOGICAL_DATA_v8_0.md,§3.5,0.1908,### §3.5 D9 — Navamsa (Dharma / Spouse / General Strength)  | ID | Body | D9 Sign | D1 Sign | Vargottama | | --- | --- | --- | --- | --- | | `D9.LAGNA` | D9 Lagna | Cancer | Aries (D1 Lagna) | NO | | ,835bf9f897fc9d3a5af3927297d8c363,01_FACTS_LAYER/FORENSIC_ASTROLOGICAL_DATA_v8_0.md,§26.2,0.2465,### §26.2 D-9 Navamsa Yogas  | ID | Yoga | Type | Key Configuration | Note | | --- | --- | --- | --- | --- | | `YGA.D9.GAJAKESARI` | Gaja-Kesari Yoga (D9) | Famous / virtuous | Jupiter and Moon both i,7e3eef559eb3ac6793930b6c5b5a8619,01_FACTS_LAYER/FORENSIC_ASTROLOGICAL_DATA_v8_0.md,§23.1,0.2479,#### Saturn (`PLN.SATURN`)  | Dimension | Value | | --- | --- | | D1 Sign / Degree | Libra 22°27′04″ | | Nakshatra / Pada | Vishakha / 1 | | Abs Longitude | 202.45° | | Rashi House | 7 | | Chalit Hous,1,
SIG.MSR.004,spirit,MOON,Atmakaraka Moon in 11H Aquarius — D9 Karakamsa Gemini,c931151d617e1758464fb08133424f5f,01_FACTS_LAYER/FORENSIC_ASTROLOGICAL_DATA_v8_0.md,§23.1,0.2131,#### Moon (`PLN.MOON`)  | Dimension | Value | | --- | --- | | D1 Sign / Degree | Aquarius 27°02′48″ | | Nakshatra / Pada | Purva Bhadrapada / 3 | | Abs Longitude | 327.05° | | Rashi House | 11 | | Cha,3405d217ce6048546cb0cce72af4e24e,01_FACTS_LAYER/FORENSIC_ASTROLOGICAL_DATA_v8_0.md,§20.1,0.2592,"### §20.1 Deity Triad (Jaimini Derivation)  <!-- Atmakaraka = Moon (highest D1 longitude 27°02′). In D9, Moon is in Gemini. From Gemini: 12th = Taurus (Venus); 9th = Aquarius (Saturn); 1st = Gemini (M",8aabb6f2376b8a478262c58c5b29116c,01_FACTS_LAYER/FORENSIC_ASTROLOGICAL_DATA_v8_0.md,§3.13,0.2794,### §3.13 D45 — Akshavedamsa (Spiritual Purity)  | ID | House | Sign | Planets | | --- | --- | --- | --- | | `D45.LAGNA` | 1 | Libra | Neptune | | `D45.2` | 2 | Scorpio | (none) | | `D45.3` | 3 | Sagi,1,
SIG.MSR.005,travel,MOON,Moon-AK Chalit-12 Foreign Income Architecture,lel_chronic_pattern_sleep_irregularity_01,01_FACTS_LAYER/LIFE_EVENT_LOG_v1_2.md,4,0.3194,# [L1 fact] → [L2.5 interp embedded] ```yaml PATTERN.SLEEP_IRREGULARITY.01:   trait: Sleep irregularities; undisciplined sleep impacts schedule and productivity; night hours boost creativity   native_,c239d15a3b43ab047f854997c9f7d0cf,01_FACTS_LAYER/FORENSIC_ASTROLOGICAL_DATA_v8_0.md,§17,0.3499,## §17 — CHALIT KINETIC SHIFTS (DERIVED)  | ID | Planet | Rashi House | Chalit House | Shift | | --- | --- | --- | --- | --- | | `CKS.SUN` | Sun | 10 | 11 | +1 (Career → Gains) | | `CKS.MOON` | Moon |,09c25586af46165ae08059943dd24c47,01_FACTS_LAYER/FORENSIC_ASTROLOGICAL_DATA_v8_0.md,§25.1,0.3609,### §25.1 Moola Dasha (JH)  <!-- Moola Dasha is a Jaimini-derived system. Key period coverage from JH export. -->  | Moola Dasha Period | Sign | Approximate Coverage | | --- | --- | --- | | Current (2,2,
SIG.MSR.006,spirit,MOON,D9 12H Gemini Stellium — Moon + Jupiter + Rahu Disposited by Vargottama Mercury,f43cc9d59dd83a0cd7c68742053d0985,01_FACTS_LAYER/FORENSIC_ASTROLOGICAL_DATA_v8_0.md,§3.5,0.2230,### §3.5 D9 — Navamsa (Dharma / Spouse / General Strength)  | ID | Body | D9 Sign | D1 Sign | Vargottama | | --- | --- | --- | --- | --- | | `D9.LAGNA` | D9 Lagna | Cancer | Aries (D1 Lagna) | NO | | ,c0fff74c31aa2d277c40bb2800359e73,01_FACTS_LAYER/FORENSIC_ASTROLOGICAL_DATA_v8_0.md,§23.1,0.2231,#### Mercury (`PLN.MERCURY`)  | Dimension | Value | | --- | --- | | D1 Sign / Degree | Capricorn 00°50′11″ | | Nakshatra / Pada | Uttara Ashadha / 2 | | Abs Longitude | 270.84° | | Rashi House | 10 | ,21c7822594dc29a2dfc955d90ec1234e,01_FACTS_LAYER/FORENSIC_ASTROLOGICAL_DATA_v8_0.md,§3.15,0.2605,### §3.15 CSI Ledger — D1→D9 and D1→D10 Comparative Status  | ID | Planet | Vargottama | D1→D9 Dignity | D10 Placement | | --- | --- | --- | --- | --- | | `CSI.SUN` | Sun | NO | D1 Capricorn → D9 Canc,1,
SIG.MSR.007,career,JUPITER,Saraswati Yoga — Jupiter + Venus + Mercury in Kendra/Trikona — CYSS 91,8b9070e97dbaf3363145b7d172d26790,01_FACTS_LAYER/FORENSIC_ASTROLOGICAL_DATA_v8_0.md,§26.1,0.2520,### §26.1 D-1 Rashi Yogas  | ID | Yoga | Type | Key Planets / Houses | Note | | --- | --- | --- | --- | --- | | `YGA.D1.KALPADRUMA` | Kalpadruma / Parijata Yoga | Major royal yoga | Atmakaraka Moon; d,f8fe9a055f29e6e4f4f2b9217b97aa88,01_FACTS_LAYER/FORENSIC_ASTROLOGICAL_DATA_v8_0.md,§26.3,0.2574,### §26.3 D-10 Dashamsha Yogas  | ID | Yoga | Type | Key Configuration | Note | | --- | --- | --- | --- | --- | | `YGA.D10.SARALA` | Sarala Viparita Raja Yoga | Power from upheaval | 8L in 8H in D10 —,,,,0.0000,,1,
SIG.MSR.008,wealth,JUPITER,Lakshmi Yoga — 9L Jupiter Own-Sign + Venus Strong in 9H — CYSS 77,835bf9f897fc9d3a5af3927297d8c363,01_FACTS_LAYER/FORENSIC_ASTROLOGICAL_DATA_v8_0.md,§26.2,0.2461,### §26.2 D-9 Navamsa Yogas  | ID | Yoga | Type | Key Configuration | Note | | --- | --- | --- | --- | --- | | `YGA.D9.GAJAKESARI` | Gaja-Kesari Yoga (D9) | Famous / virtuous | Jupiter and Moon both i,,,,0.0000,,,,,0.0000,,1,
SIG.MSR.009,career,MERCURY,Mercury Vargottama + MD Lord + Yogi Planet — Chart Operational Spine,07746c57c9b49a44649d2584355e8c7d,01_FACTS_LAYER/FORENSIC_ASTROLOGICAL_DATA_v8_0.md,§26.5,0.2568,"### §26.5 Mercury Eight-System Convergence  <!-- [v8.0 architectural note — replaces ""Seven-System"" framing from MSR.413]:      Mercury accumulates 8 system-designations:      1. Current Vimshottari M",c0fff74c31aa2d277c40bb2800359e73,01_FACTS_LAYER/FORENSIC_ASTROLOGICAL_DATA_v8_0.md,§23.1,0.2670,#### Mercury (`PLN.MERCURY`)  | Dimension | Value | | --- | --- | | D1 Sign / Degree | Capricorn 00°50′11″ | | Nakshatra / Pada | Uttara Ashadha / 2 | | Abs Longitude | 270.84° | | Rashi House | 10 | ,175647a60dbd4740867395336cab8e09,01_FACTS_LAYER/FORENSIC_ASTROLOGICAL_DATA_v8_0.md,§15.1,0.2903,### §15.1 Panchang at Birth — v8.0 Updated  <!-- [v8.0 UPDATE]: Yoga = Shiva confirmed in both v6.0 and JH. JH additionally identifies Mercury as Yoga Lord (57.13% of Yoga remaining at birth). This is,1,
SIG.MSR.010,wealth,RAHU,Rahu in 2H Taurus Rohini — Wealth Through Unconventional Channels,2d29d836d98291df5258dcdc7be6ad69,01_FACTS_LAYER/FORENSIC_ASTROLOGICAL_DATA_v8_0.md,§23.1,0.2978,#### Rahu (`PLN.RAHU`)  | Dimension | Value | | --- | --- | | D1 Sign / Degree | Taurus 19°01′47″ | | Nakshatra / Pada | Rohini / 3 | | Abs Longitude | 49.03° | | Rashi House | 2 | | Chalit House | 2 ,,,,0.0000,,,,,0.0000,,1,
SIG.MSR.011,career,SUN,Anapha Yoga — Sun + Mercury in 12th from Moon (Capricorn),8b9070e97dbaf3363145b7d172d26790,01_FACTS_LAYER/FORENSIC_ASTROLOGICAL_DATA_v8_0.md,§26.1,0.2933,### §26.1 D-1 Rashi Yogas  | ID | Yoga | Type | Key Planets / Houses | Note | | --- | --- | --- | --- | --- | | `YGA.D1.KALPADRUMA` | Kalpadruma / Parijata Yoga | Major royal yoga | Atmakaraka Moon; d,d053861ab35e16c3e32605de32ad3990,01_FACTS_LAYER/FORENSIC_ASTROLOGICAL_DATA_v8_0.md,§18,0.3003,## §18 — CHANDRA CHART (FROM-MOON VIEW)  | ID | House from Moon | Sign | Planets | | --- | --- | --- | --- | | `CHN.1` | 1 (Self) | Aquarius | Moon | | `CHN.2` | 2 (Speech) | Pisces | (none) | | `CHN.,3f8a340ab244698b10ed31026eb9c620,01_FACTS_LAYER/FORENSIC_ASTROLOGICAL_DATA_v8_0.md,§16.1,0.3067,### §16.1 Classical Vedic Aspects (Graha Drishti)  | ID | Planet | From Sign | Aspect Rays | | --- | --- | --- | --- | | `ASP.G.SUN` | Sun | Capricorn | 7th on Cancer | | `ASP.G.MOON` | Moon | Aquariu,1,
SIG.MSR.012,relationships,VENUS,Venus Shadbala Rank 7 — Weakest Planet by Aggregate Strength,106c001998325b5fd63aba6fbd3c8411,01_FACTS_LAYER/FORENSIC_ASTROLOGICAL_DATA_v8_0.md,§6.5,0.2350,### §6.5 Vimsopaka Bala (20-Point Varga Strength)  | ID | Rank | Planet | Score | Band | | --- | --- | --- | --- | --- | | `VIM.1` | 1 | Jupiter | 12.1 | Dominant | | `VIM.2` | 2 | Mars | 11.8 | Very ,6ed5100e7b89d4ac2762a9a372638091,01_FACTS_LAYER/FORENSIC_ASTROLOGICAL_DATA_v8_0.md,§6.3,0.2600,### §6.3 Uccha Bala Ranking (Exaltation Proximity Proxy)  | ID | Planet | Uccha Score (max 60) | Band | | --- | --- | --- | --- | | `SBL.UCHA.RANK.1` | Saturn | 59.18 | Max | | `SBL.UCHA.RANK.2` | Moo,a5082dda382b6a2281874f6d1b26b54c,01_FACTS_LAYER/FORENSIC_ASTROLOGICAL_DATA_v8_0.md,§23.1,0.2691,#### Venus (`PLN.VENUS`)  | Dimension | Value | | --- | --- | | D1 Sign / Degree | Sagittarius 19°10′12″ | | Nakshatra / Pada | Purva Ashadha / 2 | | Abs Longitude | 259.17° | | Rashi House | 9 | | Ch,1,
SIG.MSR.013,health,SATURN,Sade Sati Cycle 2 Active — Saturn in Pisces Transiting 12th from Natal Moon,0dac7b3be919024c98910483771f6c8d,01_FACTS_LAYER/FORENSIC_ASTROLOGICAL_DATA_v8_0.md,§21,0.1841,## §21 — SADE SATI — SATURNINE TRANSIT (FACTS)  | ID | Cycle | Saturn Sign | Start | End | Phase | | --- | --- | --- | --- | --- | --- | | `TRS.SS.C2.P1` | Cycle 2 | Capricorn | 2020-01-24 | 2022-04-2,6274fb06a2cf335937ed23b991055fc9,01_FACTS_LAYER/FORENSIC_ASTROLOGICAL_DATA_v8_0.md,§8,0.2799,## §8 — SATURN KAKSHYA ZONES (DERIVED)  <!-- Saturn transit Pisces 2025-03-30 through 2028-02-23. -->  | ID | Zone | Degree Range | Ruler | Status | | --- | --- | --- | --- | --- | | `KAK.PISCES.Z1` |,7e3eef559eb3ac6793930b6c5b5a8619,01_FACTS_LAYER/FORENSIC_ASTROLOGICAL_DATA_v8_0.md,§23.1,0.2952,#### Saturn (`PLN.SATURN`)  | Dimension | Value | | --- | --- | | D1 Sign / Degree | Libra 22°27′04″ | | Nakshatra / Pada | Vishakha / 1 | | Abs Longitude | 202.45° | | Rashi House | 7 | | Chalit Hous,1,
SIG.MSR.014,career,SUN,Sun 10H Capricorn with AL + Mercury — Career-Density Stellium,c239d15a3b43ab047f854997c9f7d0cf,01_FACTS_LAYER/FORENSIC_ASTROLOGICAL_DATA_v8_0.md,§17,0.3071,## §17 — CHALIT KINETIC SHIFTS (DERIVED)  | ID | Planet | Rashi House | Chalit House | Shift | | --- | --- | --- | --- | --- | | `CKS.SUN` | Sun | 10 | 11 | +1 (Career → Gains) | | `CKS.MOON` | Moon |,4325e2cd4edfb043c12c5da9e8220576,01_FACTS_LAYER/FORENSIC_ASTROLOGICAL_DATA_v8_0.md,§3.6,0.3196,### §3.6 D10 — Dashamsha (Career / Status)  | ID | Body | D10 Sign | D10 House | | --- | --- | --- | --- | | `D10.LAGNA` | D10 Lagna | Leo | 1 | | `D10.SUN` | Sun | Aries | 9 | | `D10.MOON` | Moon | S,,,,0.0000,,1,
SIG.MSR.015,career,MARS,Hidden Raja Yoga — Mars + Saturn Exalted Conjunction in 7H Libra,,,,0.0000,,,,,0.0000,,,,,0.0000,,1,FORENSIC_ASTROLOGICAL_DATA_v8_0#§26.1
SIG.MSR.016,career,MERCURY,Mercury Operational Dominance — Six-Factor CVG.01 Convergence,3a58c62aa9899cc20cde034226657ff7,01_FACTS_LAYER/FORENSIC_ASTROLOGICAL_DATA_v8_0.md,§6.8,0.2816,### §6.8 Pancha-Vargeeya Classification — JH Engine (NEW in v8.0)  <!-- Source: JHORA_TRANSCRIPTION_v8_0_SOURCE.md §3. Composite strength across 5 key vargas. -->  | ID | Planet | Score | Classificati,07746c57c9b49a44649d2584355e8c7d,01_FACTS_LAYER/FORENSIC_ASTROLOGICAL_DATA_v8_0.md,§26.5,0.3022,"### §26.5 Mercury Eight-System Convergence  <!-- [v8.0 architectural note — replaces ""Seven-System"" framing from MSR.413]:      Mercury accumulates 8 system-designations:      1. Current Vimshottari M",,,,0.0000,,1,
SIG.MSR.017,wealth,JUPITER,Jupiter 9L-Own Dharma-Wealth Chain — CVG.02,,,,0.0000,,,,,0.0000,,,,,0.0000,,1,FORENSIC_ASTROLOGICAL_DATA_v8_0
SIG.MSR.018,travel,MOON,Moon AK Foreign-Income Chain — CVG.03,1d57d74d7696fee7089309c28d0f1675,01_FACTS_LAYER/FORENSIC_ASTROLOGICAL_DATA_v8_0.md,§7,0.3512,"## §7 — ASHTAKAVARGA (FACTS + DERIVED)  **RESOLVED (GAP.08 — 2026-04-19):** Moon BAV row divergence between FORENSIC and JH engines is closed. FORENSIC and JH differ in 4 signs (Gemini, Libra, Scorpio",8a7b19f0b6be337765c65aa5cd3593f6,01_FACTS_LAYER/FORENSIC_ASTROLOGICAL_DATA_v8_0.md,§7.1,0.3642,### §7.1 BAV — Per-Planet Bindus by Sign  <!-- JH authoritative Moon row shown in brackets where it differs from FORENSIC. -->  | ID | Planet | Ar | Ta | Ge | Cn | Le | Vi | Li | Sc | Sg | Cp | Aq | P,09c25586af46165ae08059943dd24c47,01_FACTS_LAYER/FORENSIC_ASTROLOGICAL_DATA_v8_0.md,§25.1,0.3732,### §25.1 Moola Dasha (JH)  <!-- Moola Dasha is a Jaimini-derived system. Key period coverage from JH export. -->  | Moola Dasha Period | Sign | Approximate Coverage | | --- | --- | --- | | Current (2,1,
SIG.MSR.019,career,SUN,10H Career-Density Convergence — CVG.04,,,,0.0000,,,,,0.0000,,,,,0.0000,,1,FORENSIC_ASTROLOGICAL_DATA_v8_0
SIG.MSR.020,career,SATURN,Saturn 7H Exalted + Shadbala + MPY + AD Lord + Yogini — CVG.05,7e3eef559eb3ac6793930b6c5b5a8619,01_FACTS_LAYER/FORENSIC_ASTROLOGICAL_DATA_v8_0.md,§23.1,0.2390,#### Saturn (`PLN.SATURN`)  | Dimension | Value | | --- | --- | | D1 Sign / Degree | Libra 22°27′04″ | | Nakshatra / Pada | Vishakha / 1 | | Abs Longitude | 202.45° | | Rashi House | 7 | | Chalit Hous,e234963a92f5ed814536db611815c882,01_FACTS_LAYER/FORENSIC_ASTROLOGICAL_DATA_v8_0.md,§9.1,0.2540,### §9.1 Jagratadi / Baladi / Deeptadi States  | ID | Planet | Role | Jagratadi | Baladi | Deeptadi | | --- | --- | --- | --- | --- | --- | | `AVS.MERCURY` | Mercury | Current Vimshottari MD Lord | Su,07746c57c9b49a44649d2584355e8c7d,01_FACTS_LAYER/FORENSIC_ASTROLOGICAL_DATA_v8_0.md,§26.5,0.2543,"### §26.5 Mercury Eight-System Convergence  <!-- [v8.0 architectural note — replaces ""Seven-System"" framing from MSR.413]:      Mercury accumulates 8 system-designations:      1. Current Vimshottari M",1,
SIG.MSR.021,spirit,JUPITER,Jupiter 9H Own-Sign + Lakshmi Member + 9L + MPY Near-Miss — CVG.06,d55e96f1cfb9c5963bd6241c6eb8947e,01_FACTS_LAYER/FORENSIC_ASTROLOGICAL_DATA_v8_0.md,§23.1,0.2499,#### Jupiter (`PLN.JUPITER`)  | Dimension | Value | | --- | --- | | D1 Sign / Degree | Sagittarius 09°48′28″ | | Nakshatra / Pada | Moola / 3 | | Abs Longitude | 249.81° | | Rashi House | 9 | | Chalit,21c7822594dc29a2dfc955d90ec1234e,01_FACTS_LAYER/FORENSIC_ASTROLOGICAL_DATA_v8_0.md,§3.15,0.2648,### §3.15 CSI Ledger — D1→D9 and D1→D10 Comparative Status  | ID | Planet | Vargottama | D1→D9 Dignity | D10 Placement | | --- | --- | --- | --- | --- | | `CSI.SUN` | Sun | NO | D1 Capricorn → D9 Canc,,,,0.0000,,1,
SIG.MSR.022,relationships,,Gemini 3H Nexus — UL + A5 + A11 + Hora Lagna + Vivaha Saham (4H Cancer) — CVG.07,f43cc9d59dd83a0cd7c68742053d0985,01_FACTS_LAYER/FORENSIC_ASTROLOGICAL_DATA_v8_0.md,§3.5,0.2638,### §3.5 D9 — Navamsa (Dharma / Spouse / General Strength)  | ID | Body | D9 Sign | D1 Sign | Vargottama | | --- | --- | --- | --- | --- | | `D9.LAGNA` | D9 Lagna | Cancer | Aries (D1 Lagna) | NO | | ,23317c94228b8e00d05367f23c3e6c89,01_FACTS_LAYER/FORENSIC_ASTROLOGICAL_DATA_v8_0.md,§12.1,0.2655,"### §12.1 Special Lagnas — v8.0 Corrected (JH Authoritative)  <!-- [v8.0 CRITICAL CORRECTION]: v6.0 §12.1 contained computational errors in four of six special lagnas.      Hora Lagna, Ghati Lagna, Va",d753256999e50191d907d328f21e0484,01_FACTS_LAYER/FORENSIC_ASTROLOGICAL_DATA_v8_0.md,§23.2,0.2692,### §23.2 House-Centric Matrix  <!-- v8.0 update: Special lagna and saham placements corrected per §12.1 and §12.2 -->  | House | Sign | Lord | Rashi Occupants | SAV (FORENSIC) | Bhavabala Rupas / Ran,1,
SIG.MSR.023,career,MARS,Aries-Libra Axis Triple-Aspect — Mars/Saturn 7th + Jupiter 5th + Bhrigu Bindu + Muntha — CVG.08,71433979eee9932c2f958170a8b576e6,01_FACTS_LAYER/FORENSIC_ASTROLOGICAL_DATA_v8_0.md,§23.1,0.2388,#### Mars (`PLN.MARS`)  | Dimension | Value | | --- | --- | | D1 Sign / Degree | Libra 18°31′38″ | | Nakshatra / Pada | Swati / 4 | | Abs Longitude | 198.53° | | Rashi House | 7 | | Chalit House | 7 |,3f8a340ab244698b10ed31026eb9c620,01_FACTS_LAYER/FORENSIC_ASTROLOGICAL_DATA_v8_0.md,§16.1,0.2394,### §16.1 Classical Vedic Aspects (Graha Drishti)  | ID | Planet | From Sign | Aspect Rays | | --- | --- | --- | --- | | `ASP.G.SUN` | Sun | Capricorn | 7th on Cancer | | `ASP.G.MOON` | Moon | Aquariu,f8e288deadeb03986126cd1cc17e4bc0,01_FACTS_LAYER/FORENSIC_ASTROLOGICAL_DATA_v8_0.md,§16.3,0.2513,### §16.3 Bhav-Madhya Aspects (Planet → House Cusp)  | ID | Planet | House | Aspect | Orb (°) | Weight | | --- | --- | --- | --- | --- | --- | | `ASP.BM.PLUTO.11` | Pluto | 11 | Square | 0.25 | 3 | | ,1,
SIG.MSR.024,career,SATURN,Saturn Ishta/Kashta Phala Resolution — Saturn IS the Chart's Most Beneficial Phala Planet (v2.0 REVISED),29c4d7abe730efc5adb799a1258e6cd1,01_FACTS_LAYER/FORENSIC_ASTROLOGICAL_DATA_v8_0.md,§6.7,0.1835,### §6.7 Ishta / Kashta Phala — JH Engine (NEW in v8.0)  <!-- Source: JHORA_TRANSCRIPTION_v8_0_SOURCE.md §3. Ishta = benefic output; Kashta = malefic output. -->  | ID | Planet | Ishta Phala | Kashta ,7e3eef559eb3ac6793930b6c5b5a8619,01_FACTS_LAYER/FORENSIC_ASTROLOGICAL_DATA_v8_0.md,§23.1,0.2383,#### Saturn (`PLN.SATURN`)  | Dimension | Value | | --- | --- | | D1 Sign / Degree | Libra 22°27′04″ | | Nakshatra / Pada | Vishakha / 1 | | Abs Longitude | 202.45° | | Rashi House | 7 | | Chalit Hous,99658575a43ff701ad8f09eedda47697,01_FACTS_LAYER/FORENSIC_ASTROLOGICAL_DATA_v8_0.md,§7.3,0.2647,### §7.3 Shuddha Pinda (Ashtakavarga Reductions)  | ID | Planet | Rasi Pinda | Graha Pinda | Shuddha Pinda | Rank | | --- | --- | --- | --- | --- | --- | | `AVG.SHP.MARS` | Mars | 136 | 62 | 198 | 1 |,1,
SIG.MSR.025,spirit,VENUS,Dharma Devata Tension — Venkateswara (Classical) vs Jagannath (Operational) — CTR.02,3405d217ce6048546cb0cce72af4e24e,01_FACTS_LAYER/FORENSIC_ASTROLOGICAL_DATA_v8_0.md,§20.1,0.3405,"### §20.1 Deity Triad (Jaimini Derivation)  <!-- Atmakaraka = Moon (highest D1 longitude 27°02′). In D9, Moon is in Gemini. From Gemini: 12th = Taurus (Venus); 9th = Aquarius (Saturn); 1st = Gemini (M",e234963a92f5ed814536db611815c882,01_FACTS_LAYER/FORENSIC_ASTROLOGICAL_DATA_v8_0.md,§9.1,0.3492,### §9.1 Jagratadi / Baladi / Deeptadi States  | ID | Planet | Role | Jagratadi | Baladi | Deeptadi | | --- | --- | --- | --- | --- | --- | | `AVS.MERCURY` | Mercury | Current Vimshottari MD Lord | Su,07746c57c9b49a44649d2584355e8c7d,01_FACTS_LAYER/FORENSIC_ASTROLOGICAL_DATA_v8_0.md,§26.5,0.3513,"### §26.5 Mercury Eight-System Convergence  <!-- [v8.0 architectural note — replaces ""Seven-System"" framing from MSR.413]:      Mercury accumulates 8 system-designations:      1. Current Vimshottari M",1,
SIG.MSR.026,parents,JUPITER,Jupiter Uccha Bala Rank 7 Last — Positional Weakness Amid Dignity Strength — CTR.03,6ed5100e7b89d4ac2762a9a372638091,01_FACTS_LAYER/FORENSIC_ASTROLOGICAL_DATA_v8_0.md,§6.3,0.1766,### §6.3 Uccha Bala Ranking (Exaltation Proximity Proxy)  | ID | Planet | Uccha Score (max 60) | Band | | --- | --- | --- | --- | | `SBL.UCHA.RANK.1` | Saturn | 59.18 | Max | | `SBL.UCHA.RANK.2` | Moo,106c001998325b5fd63aba6fbd3c8411,01_FACTS_LAYER/FORENSIC_ASTROLOGICAL_DATA_v8_0.md,§6.5,0.2449,### §6.5 Vimsopaka Bala (20-Point Varga Strength)  | ID | Rank | Planet | Score | Band | | --- | --- | --- | --- | --- | | `VIM.1` | 1 | Jupiter | 12.1 | Dominant | | `VIM.2` | 2 | Mars | 11.8 | Very ,d55e96f1cfb9c5963bd6241c6eb8947e,01_FACTS_LAYER/FORENSIC_ASTROLOGICAL_DATA_v8_0.md,§23.1,0.2498,#### Jupiter (`PLN.JUPITER`)  | Dimension | Value | | --- | --- | | D1 Sign / Degree | Sagittarius 09°48′28″ | | Nakshatra / Pada | Moola / 3 | | Abs Longitude | 249.81° | | Rashi House | 9 | | Chalit,1,
SIG.MSR.027,travel,MOON,Moon Rashi-11H vs Chalit-12H House Drift — CTR.04,c239d15a3b43ab047f854997c9f7d0cf,01_FACTS_LAYER/FORENSIC_ASTROLOGICAL_DATA_v8_0.md,§17,0.2089,## §17 — CHALIT KINETIC SHIFTS (DERIVED)  | ID | Planet | Rashi House | Chalit House | Shift | | --- | --- | --- | --- | --- | | `CKS.SUN` | Sun | 10 | 11 | +1 (Career → Gains) | | `CKS.MOON` | Moon |,d053861ab35e16c3e32605de32ad3990,01_FACTS_LAYER/FORENSIC_ASTROLOGICAL_DATA_v8_0.md,§18,0.2560,## §18 — CHANDRA CHART (FROM-MOON VIEW)  | ID | House from Moon | Sign | Planets | | --- | --- | --- | --- | | `CHN.1` | 1 (Self) | Aquarius | Moon | | `CHN.2` | 2 (Speech) | Pisces | (none) | | `CHN.,f5f38a7b9702a8e83f11f6ec511ef0c6,01_FACTS_LAYER/FORENSIC_ASTROLOGICAL_DATA_v8_0.md,§11.6,0.2784,### §11.6 Chesta Bala and Motion Audit  | ID | Planet | Motion | Speed (% of avg) | | --- | --- | --- | --- | | `CHS.MERCURY` | Mercury | Direct | ~110% | | `CHS.MARS` | Mars | Direct | ~85% | | `CHS.,1,
SIG.MSR.028,career,MERCURY,Mercury Rashi/Chalit Ambiguity — 10H vs Cusp Proximity — CTR.05,c239d15a3b43ab047f854997c9f7d0cf,01_FACTS_LAYER/FORENSIC_ASTROLOGICAL_DATA_v8_0.md,§17,0.2106,## §17 — CHALIT KINETIC SHIFTS (DERIVED)  | ID | Planet | Rashi House | Chalit House | Shift | | --- | --- | --- | --- | --- | | `CKS.SUN` | Sun | 10 | 11 | +1 (Career → Gains) | | `CKS.MOON` | Moon |,62d16e3e1c59a1a960c8bf36a50e5d5a,01_FACTS_LAYER/FORENSIC_ASTROLOGICAL_DATA_v8_0.md,§2.4,0.2377,### §2.4 Planet-to-Cusp Distance  | ID | Planet | Abs Long | Assigned House | Nearest Cusp | Distance to Nearest Cusp | | --- | --- | --- | --- | --- | --- | | `CDL.SUN` | Sun | 291.96° | 10 | House 1,f52abf1325d766781b3a05f38a26466a,01_FACTS_LAYER/FORENSIC_ASTROLOGICAL_DATA_v8_0.md,§2.3,0.2561,### §2.3 Bhava/Chalit Cusp Ledger  | ID | House | Cusp Sign | Cusp Degree | Mid-Bhava | Angle Label | | --- | --- | --- | --- | --- | --- | | `CSP.1` | 1 | Pisces | 25°49′40″ | Aries 12°23′55″ | Ascen,1,
SIG.MSR.029,career,SUN,Sun Sthana Bala Arithmetic Resolved — CTR.06,1bec1848875ba60014910e27be0e0ae3,01_FACTS_LAYER/FORENSIC_ASTROLOGICAL_DATA_v8_0.md,§6.1,0.2477,### §6.1 Shadbala — Component Breakdown  <!-- [DUAL-ENGINE NOTE: Shadbala totals and ranking differ between FORENSIC and JH engines. See §6.2 for both rankings and the RESOLVED policy statement.] --> ,aca29b898fb6de4c81e3af2e4b6934a2,01_FACTS_LAYER/FORENSIC_ASTROLOGICAL_DATA_v8_0.md,§23.1,0.2769,#### Sun (`PLN.SUN`)  | Dimension | Value | | --- | --- | | D1 Sign / Degree | Capricorn 21°57′35″ | | Nakshatra / Pada | Shravana / 4 | | Abs Longitude | 291.96° | | Rashi House | 10 | | Chalit House,f5f38a7b9702a8e83f11f6ec511ef0c6,01_FACTS_LAYER/FORENSIC_ASTROLOGICAL_DATA_v8_0.md,§11.6,0.2883,### §11.6 Chesta Bala and Motion Audit  | ID | Planet | Motion | Speed (% of avg) | | --- | --- | --- | --- | | `CHS.MERCURY` | Mercury | Direct | ~110% | | `CHS.MARS` | Mars | Direct | ~85% | | `CHS.,1,
SIG.MSR.030,health,SATURN,Sade Sati Phase Labels vs Saturn Ephemeris Inconsistency — CTR.07,0dac7b3be919024c98910483771f6c8d,01_FACTS_LAYER/FORENSIC_ASTROLOGICAL_DATA_v8_0.md,§21,0.2274,## §21 — SADE SATI — SATURNINE TRANSIT (FACTS)  | ID | Cycle | Saturn Sign | Start | End | Phase | | --- | --- | --- | --- | --- | --- | | `TRS.SS.C2.P1` | Cycle 2 | Capricorn | 2020-01-24 | 2022-04-2,6274fb06a2cf335937ed23b991055fc9,01_FACTS_LAYER/FORENSIC_ASTROLOGICAL_DATA_v8_0.md,§8,0.2867,## §8 — SATURN KAKSHYA ZONES (DERIVED)  <!-- Saturn transit Pisces 2025-03-30 through 2028-02-23. -->  | ID | Zone | Degree Range | Ruler | Status | | --- | --- | --- | --- | --- | | `KAK.PISCES.Z1` |,,,,0.0000,,1,
SIG.MSR.031,career,RAHU,Rahu Quadruple Jaimini Aspect — Rahu Aspects Sun + Mercury + Mars + Saturn,,,,0.0000,,,,,0.0000,,,,,0.0000,,1,FORENSIC_ASTROLOGICAL_DATA_v8_0#§10.1
SIG.MSR.032,relationships,SATURN,7H Bhavabala Rank 12 vs SAV Rank 1 — Paradox: Strong Sign in Weak House,7c65920eace43634b0c9895f00db31b4,01_FACTS_LAYER/FORENSIC_ASTROLOGICAL_DATA_v8_0.md,§6.6,0.1977,### §6.6 Bhava Bala — JH Engine (NEW in v8.0)  <!-- Source: JHORA_TRANSCRIPTION_v8_0_SOURCE.md §3. JH engine Bhavabala differs from FORENSIC §6.4. Use this section for JH-authoritative Bhavabala ranki,e2f3a051c9b94955eed51e39b82845d1,01_FACTS_LAYER/FORENSIC_ASTROLOGICAL_DATA_v8_0.md,§6.4,0.2067,### §6.4 Bhavabala (FORENSIC engine — v6.0 sourced)  <!-- Note: v6.0 Bhavabala used FORENSIC engine. JH Bhavabala is given in §6.6 and shows materially different rankings. Use §6.6 for JH-authoritativ,98163b47cd87dfad94c589009952c7ee,01_FACTS_LAYER/FORENSIC_ASTROLOGICAL_DATA_v8_0.md,§7.2,0.2795,### §7.2 SAV — Sarvashtakavarga by Sign  <!-- FORENSIC values shown; JH differences noted inline. -->  | ID | Sign | House | SAV Total (FORENSIC) | JH Total | | --- | --- | --- | --- | --- | | `AVG.SA,1,
SIG.MSR.033,spirit,JUPITER,12H Bhavabala Rank 1 vs SAV Rank 12 — Self-Powered Moksha Architecture,7c65920eace43634b0c9895f00db31b4,01_FACTS_LAYER/FORENSIC_ASTROLOGICAL_DATA_v8_0.md,§6.6,0.2208,### §6.6 Bhava Bala — JH Engine (NEW in v8.0)  <!-- Source: JHORA_TRANSCRIPTION_v8_0_SOURCE.md §3. JH engine Bhavabala differs from FORENSIC §6.4. Use this section for JH-authoritative Bhavabala ranki,e2f3a051c9b94955eed51e39b82845d1,01_FACTS_LAYER/FORENSIC_ASTROLOGICAL_DATA_v8_0.md,§6.4,0.2594,### §6.4 Bhavabala (FORENSIC engine — v6.0 sourced)  <!-- Note: v6.0 Bhavabala used FORENSIC engine. JH Bhavabala is given in §6.6 and shows materially different rankings. Use §6.6 for JH-authoritativ,1bec1848875ba60014910e27be0e0ae3,01_FACTS_LAYER/FORENSIC_ASTROLOGICAL_DATA_v8_0.md,§6.1,0.3123,### §6.1 Shadbala — Component Breakdown  <!-- [DUAL-ENGINE NOTE: Shadbala totals and ranking differ between FORENSIC and JH engines. See §6.2 for both rankings and the RESOLVED policy statement.] --> ,1,
SIG.MSR.034,career,SUN,Sun-Mercury-AL 10H Density Loop-Closure — Triple 10H Concentration,c8b0d4b4fcc0cd38e64de8099073dff7,01_FACTS_LAYER/FORENSIC_ASTROLOGICAL_DATA_v8_0.md,§23.1,0.3930,### §23.1 Planet-Centric Matrix ,24e9be3a71c85fbf588370830b832a4f,01_FACTS_LAYER/FORENSIC_ASTROLOGICAL_DATA_v8_0.md,§24,0.4068,## §24 — LONGEVITY INDICATORS (FACTS — NEW in v8.0)  <!-- Source: JHORA_TRANSCRIPTION_v8_0_SOURCE.md §10.7 --> ,,,,0.0000,,1,
SIG.MSR.035,career,MERCURY,Mercury Operational Yoga Stack — Elevates CVG.01 to Six-Layer Convergence,07746c57c9b49a44649d2584355e8c7d,01_FACTS_LAYER/FORENSIC_ASTROLOGICAL_DATA_v8_0.md,§26.5,0.2861,"### §26.5 Mercury Eight-System Convergence  <!-- [v8.0 architectural note — replaces ""Seven-System"" framing from MSR.413]:      Mercury accumulates 8 system-designations:      1. Current Vimshottari M",,,,0.0000,,,,,0.0000,,1,
SIG.MSR.036,career,KETU,"Ketu-Mercury 0.50° Quincunx — Tightest Aspect in Chart, MD-Handover Bridge 2027",f66c03bb2186d0e9478d8a19179cc19c,01_FACTS_LAYER/FORENSIC_ASTROLOGICAL_DATA_v8_0.md,§23.1,0.2819,#### Ketu (`PLN.KETU`)  | Dimension | Value | | --- | --- | | D1 Sign / Degree | Scorpio 19°01′47″ | | Nakshatra / Pada | Jyeshtha / 1 | | Abs Longitude | 229.03° | | Rashi House | 8 | | Chalit House ,5482544af208614e383593f70ab0f71d,01_FACTS_LAYER/FORENSIC_ASTROLOGICAL_DATA_v8_0.md,§16.2,0.2901,### §16.2 Tight-Orb Aspects (Western Overlay)  | ID | Pair | Aspect | Orb (°) | Weight | | --- | --- | --- | --- | --- | | `ASP.W.PLUTO_KETU` | Pluto–Ketu | Nonile | 0.28 | 1 | | `ASP.W.PLUTO_URANUS` ,,,,0.0000,,1,
SIG.MSR.037,career,SATURN,Saturn Quadruple-Structural-Activation — Shadbala + Pinda + MPY + AD + AmK,,,,0.0000,,,,,0.0000,,,,,0.0000,,1,FORENSIC_ASTROLOGICAL_DATA_v8_0
SIG.MSR.038,career,SATURN,Triple-Exalted-Nodal-Axis — Saturn (Libra) + Rahu (Taurus) + Ketu (Scorpio) All Exalted,d753256999e50191d907d328f21e0484,01_FACTS_LAYER/FORENSIC_ASTROLOGICAL_DATA_v8_0.md,§23.2,0.2791,### §23.2 House-Centric Matrix  <!-- v8.0 update: Special lagna and saham placements corrected per §12.1 and §12.2 -->  | House | Sign | Lord | Rashi Occupants | SAV (FORENSIC) | Bhavabala Rupas / Ran,fa29b75101946b29aec1ba2d356f92d3,01_FACTS_LAYER/FORENSIC_ASTROLOGICAL_DATA_v8_0.md,§4.3,0.2831,"### §4.3 KP House Significators  | ID | House | Significators (ranked) | KP Logic | | --- | --- | --- | --- | | `KP.SIG.1` | 1 (Self) | Mars, Ketu | Mars (Lord); Ketu (agent for Mars) | | `KP.SIG.2` |",,,,0.0000,,1,
SIG.MSR.039,career,MARS,Mars-Capricorn-Transit as Career-Launch Trigger — Retrodictively Confirmed,,,,0.0000,,,,,0.0000,,,,,0.0000,,1,FORENSIC_ASTROLOGICAL_DATA_v8_0
SIG.MSR.040,spirit,SATURN,Saturn-Pisces Triple-Activation 2025–2028 — Transit + Kakshya + Sade Sati Descending,6274fb06a2cf335937ed23b991055fc9,01_FACTS_LAYER/FORENSIC_ASTROLOGICAL_DATA_v8_0.md,§8,0.2162,## §8 — SATURN KAKSHYA ZONES (DERIVED)  <!-- Saturn transit Pisces 2025-03-30 through 2028-02-23. -->  | ID | Zone | Degree Range | Ruler | Status | | --- | --- | --- | --- | --- | | `KAK.PISCES.Z1` |,0dac7b3be919024c98910483771f6c8d,01_FACTS_LAYER/FORENSIC_ASTROLOGICAL_DATA_v8_0.md,§21,0.2195,## §21 — SADE SATI — SATURNINE TRANSIT (FACTS)  | ID | Cycle | Saturn Sign | Start | End | Phase | | --- | --- | --- | --- | --- | --- | | `TRS.SS.C2.P1` | Cycle 2 | Capricorn | 2020-01-24 | 2022-04-2,556af0f28b8358c33e05b50960c0e160,01_FACTS_LAYER/FORENSIC_ASTROLOGICAL_DATA_v8_0.md,§23.3,0.2665,### §23.3 Date-Centric Matrix — 2026-01 through 2028-02  | Period | Vimshottari MD – AD | Yogini Dasha | Jaimini Chara MD – AD | Sade Sati | Varshphal Year | | --- | --- | --- | --- | --- | --- | | 20,1,
SIG.MSR.041,spirit,JUPITER,D27 Lagna Pisces = D1 12H Pisces — Strength-Chart Lagna is Natal Moksha House,ed89fc38cf873b3a402dfe9deddffad0,01_FACTS_LAYER/FORENSIC_ASTROLOGICAL_DATA_v8_0.md,§3.3,0.2215,### §3.3 D4 — Chaturthamsa (Home / Property)  | ID | House | Sign | Planets | | --- | --- | --- | --- | | `D4.LAGNA` | 1 | Cancer | Sun | | `D4.2` | 2 | Leo | (none) | | `D4.3` | 3 | Virgo | (none) | ,4325e2cd4edfb043c12c5da9e8220576,01_FACTS_LAYER/FORENSIC_ASTROLOGICAL_DATA_v8_0.md,§3.6,0.2240,### §3.6 D10 — Dashamsha (Career / Status)  | ID | Body | D10 Sign | D10 House | | --- | --- | --- | --- | | `D10.LAGNA` | D10 Lagna | Leo | 1 | | `D10.SUN` | Sun | Aries | 9 | | `D10.MOON` | Moon | S,9babdccd7813a9a1442f2166bd10f356,01_FACTS_LAYER/FORENSIC_ASTROLOGICAL_DATA_v8_0.md,§3.2,0.2251,"### §3.2 D3 — Drekkana (Decanate)  | ID | House | Sign | Planets | | --- | --- | --- | --- | | `D3.LAGNA` | 1 | Leo | Venus | | `D3.2` | 2 | Virgo | Sun, Rahu | | `D3.3` | 3 | Libra | (none) | | `D3.4",1,
SIG.MSR.042,spirit,SATURN,D60 Saturn at Lagna — Past-Karma Primary Thread is Saturn-Discipline,dd2769bbdb08893a9ab7e9c596a48e0e,01_FACTS_LAYER/FORENSIC_ASTROLOGICAL_DATA_v8_0.md,§3.14,0.2139,"### §3.14 D60 — Shashtyamsa (Past Karma)  | ID | House | Sign | Planets | | --- | --- | --- | --- | | `D60.LAGNA` | 1 | Gemini | Saturn | | `D60.2` | 2 | Cancer | Rahu, Jupiter | | `D60.3` | 3 | Leo |",7e3eef559eb3ac6793930b6c5b5a8619,01_FACTS_LAYER/FORENSIC_ASTROLOGICAL_DATA_v8_0.md,§23.1,0.2609,#### Saturn (`PLN.SATURN`)  | Dimension | Value | | --- | --- | | D1 Sign / Degree | Libra 22°27′04″ | | Nakshatra / Pada | Vishakha / 1 | | Abs Longitude | 202.45° | | Rashi House | 7 | | Chalit Hous,6440a2ddbd5c47cc1280d6e702f33372,01_FACTS_LAYER/FORENSIC_ASTROLOGICAL_DATA_v8_0.md,§3.12,0.2666,### §3.12 D40 — Khavedamsa (Auspiciousness / Misfortune)  | ID | House | Sign | Planets | | --- | --- | --- | --- | | `D40.LAGNA` | 1 | Virgo | Saturn | | `D40.2` | 2 | Libra | (none) | | `D40.3` | 3 ,1,
SIG.MSR.043,spirit,SUN,D20 + D40 Sun-Pisces Vishnu-Affinity — Structural Cross-Divisional Pattern,c3ef8adb38221bde14ca44c66554d733,01_FACTS_LAYER/FORENSIC_ASTROLOGICAL_DATA_v8_0.md,§3.9,0.2355,"### §3.9 D20 — Vimsamsa (Spiritual Sadhana)  | ID | Sign | Planets | | --- | --- | --- | | `D20.SCORPIO` | Scorpio | Ascendant (D20 Lagna), Jupiter | | `D20.SAGITTARIUS` | Sagittarius | Saturn | | `D2",c68e19f0f6ad4775b53cbcdaf57e878e,01_FACTS_LAYER/FORENSIC_ASTROLOGICAL_DATA_v8_0.md,§3.7,0.2663,"### §3.7 D12 — Dvadashamsa (Parental Ancestry)  | ID | Sign | Planets | | --- | --- | --- | | `D12.ARIES` | Aries | Mercury, Jupiter | | `D12.TAURUS` | Taurus | (none) | | `D12.GEMINI` | Gemini | Satu",6440a2ddbd5c47cc1280d6e702f33372,01_FACTS_LAYER/FORENSIC_ASTROLOGICAL_DATA_v8_0.md,§3.12,0.2723,### §3.12 D40 — Khavedamsa (Auspiciousness / Misfortune)  | ID | House | Sign | Planets | | --- | --- | --- | --- | | `D40.LAGNA` | 1 | Virgo | Saturn | | `D40.2` | 2 | Libra | (none) | | `D40.3` | 3 ,1,
SIG.MSR.044,career,MERCURY,Mercury MD Retrodictive Density 10× Other MDs — Empirical Validation of CVG.01,ec7191b3497a45a336cad36a67663f3c,01_FACTS_LAYER/FORENSIC_ASTROLOGICAL_DATA_v8_0.md,§23,0.3547,## §23 — CROSS-REFERENCE MATRICES (DERIVED INDEXES) ,c0fff74c31aa2d277c40bb2800359e73,01_FACTS_LAYER/FORENSIC_ASTROLOGICAL_DATA_v8_0.md,§23.1,0.3604,#### Mercury (`PLN.MERCURY`)  | Dimension | Value | | --- | --- | | D1 Sign / Degree | Capricorn 00°50′11″ | | Nakshatra / Pada | Uttara Ashadha / 2 | | Abs Longitude | 270.84° | | Rashi House | 10 | ,3a58c62aa9899cc20cde034226657ff7,01_FACTS_LAYER/FORENSIC_ASTROLOGICAL_DATA_v8_0.md,§6.8,0.3613,### §6.8 Pancha-Vargeeya Classification — JH Engine (NEW in v8.0)  <!-- Source: JHORA_TRANSCRIPTION_v8_0_SOURCE.md §3. Composite strength across 5 key vargas. -->  | ID | Planet | Score | Classificati,2,
SIG.MSR.045,career,MERCURY,100% AD-Lord Domain-Match Pattern — Every Mercury MD Sub-Period Thematically Matches Lord,07746c57c9b49a44649d2584355e8c7d,01_FACTS_LAYER/FORENSIC_ASTROLOGICAL_DATA_v8_0.md,§26.5,0.3064,"### §26.5 Mercury Eight-System Convergence  <!-- [v8.0 architectural note — replaces ""Seven-System"" framing from MSR.413]:      Mercury accumulates 8 system-designations:      1. Current Vimshottari M",,,,0.0000,,,,,0.0000,,1,
SIG.MSR.046,career,SATURN,Saturn Return Libra 2041–2044 — Lifetime Apex Transit at Age 57–60,0dac7b3be919024c98910483771f6c8d,01_FACTS_LAYER/FORENSIC_ASTROLOGICAL_DATA_v8_0.md,§21,0.2677,## §21 — SADE SATI — SATURNINE TRANSIT (FACTS)  | ID | Cycle | Saturn Sign | Start | End | Phase | | --- | --- | --- | --- | --- | --- | | `TRS.SS.C2.P1` | Cycle 2 | Capricorn | 2020-01-24 | 2022-04-2,556af0f28b8358c33e05b50960c0e160,01_FACTS_LAYER/FORENSIC_ASTROLOGICAL_DATA_v8_0.md,§23.3,0.3057,### §23.3 Date-Centric Matrix — 2026-01 through 2028-02  | Period | Vimshottari MD – AD | Yogini Dasha | Jaimini Chara MD – AD | Sade Sati | Varshphal Year | | --- | --- | --- | --- | --- | --- | | 20,7e3eef559eb3ac6793930b6c5b5a8619,01_FACTS_LAYER/FORENSIC_ASTROLOGICAL_DATA_v8_0.md,§23.1,0.3074,#### Saturn (`PLN.SATURN`)  | Dimension | Value | | --- | --- | | D1 Sign / Degree | Libra 22°27′04″ | | Nakshatra / Pada | Vishakha / 1 | | Abs Longitude | 202.45° | | Rashi House | 7 | | Chalit Hous,1,
SIG.MSR.047,career,SUN,Sun in Capricorn D1 — Enemy Sign (Shatru Kshetra),aca29b898fb6de4c81e3af2e4b6934a2,01_FACTS_LAYER/FORENSIC_ASTROLOGICAL_DATA_v8_0.md,§23.1,0.2546,#### Sun (`PLN.SUN`)  | Dimension | Value | | --- | --- | | D1 Sign / Degree | Capricorn 21°57′35″ | | Nakshatra / Pada | Shravana / 4 | | Abs Longitude | 291.96° | | Rashi House | 10 | | Chalit House,640b9a557bd93e286fddce8c9aba7dcb,01_FACTS_LAYER/FORENSIC_ASTROLOGICAL_DATA_v8_0.md,§3.11,0.2554,### §3.11 D30 — Trimsamsa (Misfortune / Evils)  | ID | House | Sign | Planets | | --- | --- | --- | --- | | `D30.LAGNA` | 1 | Capricorn | Sun | | `D30.2` | 2 | Aquarius | Jupiter | | `D30.3` | 3 | Pis,3f8a340ab244698b10ed31026eb9c620,01_FACTS_LAYER/FORENSIC_ASTROLOGICAL_DATA_v8_0.md,§16.1,0.2592,### §16.1 Classical Vedic Aspects (Graha Drishti)  | ID | Planet | From Sign | Aspect Rays | | --- | --- | --- | --- | | `ASP.G.SUN` | Sun | Capricorn | 7th on Cancer | | `ASP.G.MOON` | Moon | Aquariu,1,
SIG.MSR.048,mind,MOON,Moon in Aquarius D1 — Neutral Sign (Sama),c931151d617e1758464fb08133424f5f,01_FACTS_LAYER/FORENSIC_ASTROLOGICAL_DATA_v8_0.md,§23.1,0.2787,#### Moon (`PLN.MOON`)  | Dimension | Value | | --- | --- | | D1 Sign / Degree | Aquarius 27°02′48″ | | Nakshatra / Pada | Purva Bhadrapada / 3 | | Abs Longitude | 327.05° | | Rashi House | 11 | | Cha,8aabb6f2376b8a478262c58c5b29116c,01_FACTS_LAYER/FORENSIC_ASTROLOGICAL_DATA_v8_0.md,§3.13,0.2841,### §3.13 D45 — Akshavedamsa (Spiritual Purity)  | ID | House | Sign | Planets | | --- | --- | --- | --- | | `D45.LAGNA` | 1 | Libra | Neptune | | `D45.2` | 2 | Scorpio | (none) | | `D45.3` | 3 | Sagi,ddbb78084ecf5d3b60ca381b1ea525ec,01_FACTS_LAYER/FORENSIC_ASTROLOGICAL_DATA_v8_0.md,§2.2,0.3071,### §2.2 D1 Sign Occupancy (Bhava View)  | ID | House | Sign | Planets | | --- | --- | --- | --- | | `HSE.1` | 1 | Aries | (none) | | `HSE.2` | 2 | Taurus | Rahu | | `HSE.3` | 3 | Gemini | (none) | | ,1,
SIG.MSR.049,health,MARS,"Mars in Libra D1 — Enemy Sign, Lagnesh in 7H",71433979eee9932c2f958170a8b576e6,01_FACTS_LAYER/FORENSIC_ASTROLOGICAL_DATA_v8_0.md,§23.1,0.2313,#### Mars (`PLN.MARS`)  | Dimension | Value | | --- | --- | | D1 Sign / Degree | Libra 18°31′38″ | | Nakshatra / Pada | Swati / 4 | | Abs Longitude | 198.53° | | Rashi House | 7 | | Chalit House | 7 |,640b9a557bd93e286fddce8c9aba7dcb,01_FACTS_LAYER/FORENSIC_ASTROLOGICAL_DATA_v8_0.md,§3.11,0.2727,### §3.11 D30 — Trimsamsa (Misfortune / Evils)  | ID | House | Sign | Planets | | --- | --- | --- | --- | | `D30.LAGNA` | 1 | Capricorn | Sun | | `D30.2` | 2 | Aquarius | Jupiter | | `D30.3` | 3 | Pis,c0637d9f80ab91857b96b67496430b84,01_FACTS_LAYER/FORENSIC_ASTROLOGICAL_DATA_v8_0.md,§13.1,0.2911,### §13.1 Arudha Placements  | ID | Arudha | Computed Sign | Computed House (from D1 Lagna) | D1 Tenants | Derivation | | --- | --- | --- | --- | --- | --- | | `ARD.AL` | Arudha Lagna (AL) | Capricorn,1,
SIG.MSR.050,career,MERCURY,Mercury in Capricorn D1 — Neutral/Friendly Sign,c0fff74c31aa2d277c40bb2800359e73,01_FACTS_LAYER/FORENSIC_ASTROLOGICAL_DATA_v8_0.md,§23.1,0.3090,#### Mercury (`PLN.MERCURY`)  | Dimension | Value | | --- | --- | | D1 Sign / Degree | Capricorn 00°50′11″ | | Nakshatra / Pada | Uttara Ashadha / 2 | | Abs Longitude | 270.84° | | Rashi House | 10 | ,,,,0.0000,,,,,0.0000,,1,
SIG.MSR.051,wealth,JUPITER,Jupiter in Sagittarius D1 — Own Sign (Swa Kshetra),d55e96f1cfb9c5963bd6241c6eb8947e,01_FACTS_LAYER/FORENSIC_ASTROLOGICAL_DATA_v8_0.md,§23.1,0.2337,#### Jupiter (`PLN.JUPITER`)  | Dimension | Value | | --- | --- | | D1 Sign / Degree | Sagittarius 09°48′28″ | | Nakshatra / Pada | Moola / 3 | | Abs Longitude | 249.81° | | Rashi House | 9 | | Chalit,7e3eef559eb3ac6793930b6c5b5a8619,01_FACTS_LAYER/FORENSIC_ASTROLOGICAL_DATA_v8_0.md,§23.1,0.2682,#### Saturn (`PLN.SATURN`)  | Dimension | Value | | --- | --- | | D1 Sign / Degree | Libra 22°27′04″ | | Nakshatra / Pada | Vishakha / 1 | | Abs Longitude | 202.45° | | Rashi House | 7 | | Chalit Hous,,,,0.0000,,1,
SIG.MSR.052,spirit,VENUS,Venus in Sagittarius D1 — Friend's Sign (Mitra Kshetra),a5082dda382b6a2281874f6d1b26b54c,01_FACTS_LAYER/FORENSIC_ASTROLOGICAL_DATA_v8_0.md,§23.1,0.2578,#### Venus (`PLN.VENUS`)  | Dimension | Value | | --- | --- | | D1 Sign / Degree | Sagittarius 19°10′12″ | | Nakshatra / Pada | Purva Ashadha / 2 | | Abs Longitude | 259.17° | | Rashi House | 9 | | Ch,c3ef8adb38221bde14ca44c66554d733,01_FACTS_LAYER/FORENSIC_ASTROLOGICAL_DATA_v8_0.md,§3.9,0.2829,"### §3.9 D20 — Vimsamsa (Spiritual Sadhana)  | ID | Sign | Planets | | --- | --- | --- | | `D20.SCORPIO` | Scorpio | Ascendant (D20 Lagna), Jupiter | | `D20.SAGITTARIUS` | Sagittarius | Saturn | | `D2",6440a2ddbd5c47cc1280d6e702f33372,01_FACTS_LAYER/FORENSIC_ASTROLOGICAL_DATA_v8_0.md,§3.12,0.2945,### §3.12 D40 — Khavedamsa (Auspiciousness / Misfortune)  | ID | House | Sign | Planets | | --- | --- | --- | --- | | `D40.LAGNA` | 1 | Virgo | Saturn | | `D40.2` | 2 | Libra | (none) | | `D40.3` | 3 ,1,
SIG.MSR.053,career,SATURN,"Saturn in Libra D1 — Exalted (Uccha), Maximum Uccha Bala 59.18 Virupa",7e3eef559eb3ac6793930b6c5b5a8619,01_FACTS_LAYER/FORENSIC_ASTROLOGICAL_DATA_v8_0.md,§23.1,0.1818,#### Saturn (`PLN.SATURN`)  | Dimension | Value | | --- | --- | | D1 Sign / Degree | Libra 22°27′04″ | | Nakshatra / Pada | Vishakha / 1 | | Abs Longitude | 202.45° | | Rashi House | 7 | | Chalit Hous,6ed5100e7b89d4ac2762a9a372638091,01_FACTS_LAYER/FORENSIC_ASTROLOGICAL_DATA_v8_0.md,§6.3,0.1882,### §6.3 Uccha Bala Ranking (Exaltation Proximity Proxy)  | ID | Planet | Uccha Score (max 60) | Band | | --- | --- | --- | --- | | `SBL.UCHA.RANK.1` | Saturn | 59.18 | Max | | `SBL.UCHA.RANK.2` | Moo,a5082dda382b6a2281874f6d1b26b54c,01_FACTS_LAYER/FORENSIC_ASTROLOGICAL_DATA_v8_0.md,§23.1,0.2248,#### Venus (`PLN.VENUS`)  | Dimension | Value | | --- | --- | | D1 Sign / Degree | Sagittarius 19°10′12″ | | Nakshatra / Pada | Purva Ashadha / 2 | | Abs Longitude | 259.17° | | Rashi House | 9 | | Ch,1,
SIG.MSR.054,wealth,RAHU,Rahu in Taurus D1 — Exalted (Classical School),2d29d836d98291df5258dcdc7be6ad69,01_FACTS_LAYER/FORENSIC_ASTROLOGICAL_DATA_v8_0.md,§23.1,0.2424,#### Rahu (`PLN.RAHU`)  | Dimension | Value | | --- | --- | | D1 Sign / Degree | Taurus 19°01′47″ | | Nakshatra / Pada | Rohini / 3 | | Abs Longitude | 49.03° | | Rashi House | 2 | | Chalit House | 2 ,,,,0.0000,,,,,0.0000,,1,
SIG.MSR.055,spirit,KETU,Ketu in Scorpio D1 — Exalted (Classical School),f66c03bb2186d0e9478d8a19179cc19c,01_FACTS_LAYER/FORENSIC_ASTROLOGICAL_DATA_v8_0.md,§23.1,0.2301,#### Ketu (`PLN.KETU`)  | Dimension | Value | | --- | --- | | D1 Sign / Degree | Scorpio 19°01′47″ | | Nakshatra / Pada | Jyeshtha / 1 | | Abs Longitude | 229.03° | | Rashi House | 8 | | Chalit House ,fa29b75101946b29aec1ba2d356f92d3,01_FACTS_LAYER/FORENSIC_ASTROLOGICAL_DATA_v8_0.md,§4.3,0.2881,"### §4.3 KP House Significators  | ID | House | Significators (ranked) | KP Logic | | --- | --- | --- | --- | | `KP.SIG.1` | 1 (Self) | Mars, Ketu | Mars (Lord); Ketu (agent for Mars) | | `KP.SIG.2` |",3d5d531480dc1331d01fb023d145eec5,01_FACTS_LAYER/FORENSIC_ASTROLOGICAL_DATA_v8_0.md,§4.1,0.2969,### §4.1 KP Cusp Mirror  | ID | Cusp | Degree | Sign | Star Lord | Sub Lord | Sub-Sub Lord | | --- | --- | --- | --- | --- | --- | --- | | `KP.CUSP.1` | 1 (Lagna) | 12°29′19″ | Aries | Ketu | Mercury ,1,
SIG.MSR.056,career,MERCURY,Mercury Vargottama in Capricorn D9 — Same Sign as D1 (Maximum Stability),c0fff74c31aa2d277c40bb2800359e73,01_FACTS_LAYER/FORENSIC_ASTROLOGICAL_DATA_v8_0.md,§23.1,0.1759,#### Mercury (`PLN.MERCURY`)  | Dimension | Value | | --- | --- | | D1 Sign / Degree | Capricorn 00°50′11″ | | Nakshatra / Pada | Uttara Ashadha / 2 | | Abs Longitude | 270.84° | | Rashi House | 10 | ,f43cc9d59dd83a0cd7c68742053d0985,01_FACTS_LAYER/FORENSIC_ASTROLOGICAL_DATA_v8_0.md,§3.5,0.2108,### §3.5 D9 — Navamsa (Dharma / Spouse / General Strength)  | ID | Body | D9 Sign | D1 Sign | Vargottama | | --- | --- | --- | --- | --- | | `D9.LAGNA` | D9 Lagna | Cancer | Aries (D1 Lagna) | NO | | ,07746c57c9b49a44649d2584355e8c7d,01_FACTS_LAYER/FORENSIC_ASTROLOGICAL_DATA_v8_0.md,§26.5,0.2351,"### §26.5 Mercury Eight-System Convergence  <!-- [v8.0 architectural note — replaces ""Seven-System"" framing from MSR.413]:      Mercury accumulates 8 system-designations:      1. Current Vimshottari M",1,
SIG.MSR.057,relationships,VENUS,"Venus Debilitated in Virgo D9 — Neecha, Cancelled (NBRY)",f43cc9d59dd83a0cd7c68742053d0985,01_FACTS_LAYER/FORENSIC_ASTROLOGICAL_DATA_v8_0.md,§3.5,0.2186,### §3.5 D9 — Navamsa (Dharma / Spouse / General Strength)  | ID | Body | D9 Sign | D1 Sign | Vargottama | | --- | --- | --- | --- | --- | | `D9.LAGNA` | D9 Lagna | Cancer | Aries (D1 Lagna) | NO | | ,a5082dda382b6a2281874f6d1b26b54c,01_FACTS_LAYER/FORENSIC_ASTROLOGICAL_DATA_v8_0.md,§23.1,0.2599,#### Venus (`PLN.VENUS`)  | Dimension | Value | | --- | --- | | D1 Sign / Degree | Sagittarius 19°10′12″ | | Nakshatra / Pada | Purva Ashadha / 2 | | Abs Longitude | 259.17° | | Rashi House | 9 | | Ch,9babdccd7813a9a1442f2166bd10f356,01_FACTS_LAYER/FORENSIC_ASTROLOGICAL_DATA_v8_0.md,§3.2,0.3091,"### §3.2 D3 — Drekkana (Decanate)  | ID | House | Sign | Planets | | --- | --- | --- | --- | | `D3.LAGNA` | 1 | Leo | Venus | | `D3.2` | 2 | Virgo | Sun, Rahu | | `D3.3` | 3 | Libra | (none) | | `D3.4",1,
SIG.MSR.058,career,SATURN,"Saturn Debilitated in Aries D9 — Neecha, Cancelled (NBRY)",f43cc9d59dd83a0cd7c68742053d0985,01_FACTS_LAYER/FORENSIC_ASTROLOGICAL_DATA_v8_0.md,§3.5,0.2291,### §3.5 D9 — Navamsa (Dharma / Spouse / General Strength)  | ID | Body | D9 Sign | D1 Sign | Vargottama | | --- | --- | --- | --- | --- | | `D9.LAGNA` | D9 Lagna | Cancer | Aries (D1 Lagna) | NO | | ,7e3eef559eb3ac6793930b6c5b5a8619,01_FACTS_LAYER/FORENSIC_ASTROLOGICAL_DATA_v8_0.md,§23.1,0.2715,#### Saturn (`PLN.SATURN`)  | Dimension | Value | | --- | --- | | D1 Sign / Degree | Libra 22°27′04″ | | Nakshatra / Pada | Vishakha / 1 | | Abs Longitude | 202.45° | | Rashi House | 7 | | Chalit Hous,0dac7b3be919024c98910483771f6c8d,01_FACTS_LAYER/FORENSIC_ASTROLOGICAL_DATA_v8_0.md,§21,0.2960,## §21 — SADE SATI — SATURNINE TRANSIT (FACTS)  | ID | Cycle | Saturn Sign | Start | End | Phase | | --- | --- | --- | --- | --- | --- | | `TRS.SS.C2.P1` | Cycle 2 | Capricorn | 2020-01-24 | 2022-04-2,1,
SIG.MSR.059,spirit,MOON,Moon in Gemini D9 12H — AK in Moksha House of Navamsa,c931151d617e1758464fb08133424f5f,01_FACTS_LAYER/FORENSIC_ASTROLOGICAL_DATA_v8_0.md,§23.1,0.2363,#### Moon (`PLN.MOON`)  | Dimension | Value | | --- | --- | | D1 Sign / Degree | Aquarius 27°02′48″ | | Nakshatra / Pada | Purva Bhadrapada / 3 | | Abs Longitude | 327.05° | | Rashi House | 11 | | Cha,f43cc9d59dd83a0cd7c68742053d0985,01_FACTS_LAYER/FORENSIC_ASTROLOGICAL_DATA_v8_0.md,§3.5,0.2699,### §3.5 D9 — Navamsa (Dharma / Spouse / General Strength)  | ID | Body | D9 Sign | D1 Sign | Vargottama | | --- | --- | --- | --- | --- | | `D9.LAGNA` | D9 Lagna | Cancer | Aries (D1 Lagna) | NO | | ,8aabb6f2376b8a478262c58c5b29116c,01_FACTS_LAYER/FORENSIC_ASTROLOGICAL_DATA_v8_0.md,§3.13,0.2711,### §3.13 D45 — Akshavedamsa (Spiritual Purity)  | ID | House | Sign | Planets | | --- | --- | --- | --- | | `D45.LAGNA` | 1 | Libra | Neptune | | `D45.2` | 2 | Scorpio | (none) | | `D45.3` | 3 | Sagi,1,
SIG.MSR.060,spirit,JUPITER,"Jupiter in Gemini D9 12H — Enemy Sign, Yet Part of Moksha Stellium",d55e96f1cfb9c5963bd6241c6eb8947e,01_FACTS_LAYER/FORENSIC_ASTROLOGICAL_DATA_v8_0.md,§23.1,0.2679,#### Jupiter (`PLN.JUPITER`)  | Dimension | Value | | --- | --- | | D1 Sign / Degree | Sagittarius 09°48′28″ | | Nakshatra / Pada | Moola / 3 | | Abs Longitude | 249.81° | | Rashi House | 9 | | Chalit,f43cc9d59dd83a0cd7c68742053d0985,01_FACTS_LAYER/FORENSIC_ASTROLOGICAL_DATA_v8_0.md,§3.5,0.3078,### §3.5 D9 — Navamsa (Dharma / Spouse / General Strength)  | ID | Body | D9 Sign | D1 Sign | Vargottama | | --- | --- | --- | --- | --- | | `D9.LAGNA` | D9 Lagna | Cancer | Aries (D1 Lagna) | NO | | ,,,,0.0000,,1,
SIG.MSR.061,career,SUN,"Sun in Cancer D9 — Friend's Sign, D9 Lagna (1H D9) — Strong Navamsa Positioning",f43cc9d59dd83a0cd7c68742053d0985,01_FACTS_LAYER/FORENSIC_ASTROLOGICAL_DATA_v8_0.md,§3.5,0.1881,### §3.5 D9 — Navamsa (Dharma / Spouse / General Strength)  | ID | Body | D9 Sign | D1 Sign | Vargottama | | --- | --- | --- | --- | --- | | `D9.LAGNA` | D9 Lagna | Cancer | Aries (D1 Lagna) | NO | | ,4325e2cd4edfb043c12c5da9e8220576,01_FACTS_LAYER/FORENSIC_ASTROLOGICAL_DATA_v8_0.md,§3.6,0.2573,### §3.6 D10 — Dashamsha (Career / Status)  | ID | Body | D10 Sign | D10 House | | --- | --- | --- | --- | | `D10.LAGNA` | D10 Lagna | Leo | 1 | | `D10.SUN` | Sun | Aries | 9 | | `D10.MOON` | Moon | S,ed89fc38cf873b3a402dfe9deddffad0,01_FACTS_LAYER/FORENSIC_ASTROLOGICAL_DATA_v8_0.md,§3.3,0.2577,### §3.3 D4 — Chaturthamsa (Home / Property)  | ID | House | Sign | Planets | | --- | --- | --- | --- | | `D4.LAGNA` | 1 | Cancer | Sun | | `D4.2` | 2 | Leo | (none) | | `D4.3` | 3 | Virgo | (none) | ,1,
SIG.MSR.062,career,SATURN,Saturn in Taurus D10 — Friend's Sign at D10 Midheaven,7e3eef559eb3ac6793930b6c5b5a8619,01_FACTS_LAYER/FORENSIC_ASTROLOGICAL_DATA_v8_0.md,§23.1,0.2927,#### Saturn (`PLN.SATURN`)  | Dimension | Value | | --- | --- | | D1 Sign / Degree | Libra 22°27′04″ | | Nakshatra / Pada | Vishakha / 1 | | Abs Longitude | 202.45° | | Rashi House | 7 | | Chalit Hous,4325e2cd4edfb043c12c5da9e8220576,01_FACTS_LAYER/FORENSIC_ASTROLOGICAL_DATA_v8_0.md,§3.6,0.3053,### §3.6 D10 — Dashamsha (Career / Status)  | ID | Body | D10 Sign | D10 House | | --- | --- | --- | --- | | `D10.LAGNA` | D10 Lagna | Leo | 1 | | `D10.SUN` | Sun | Aries | 9 | | `D10.MOON` | Moon | S,,,,0.0000,,1,
SIG.MSR.063,career,SUN,Sun + Mars in Aries D10 9H — Both Exalted/Own-Sign in D10 Trikona,4325e2cd4edfb043c12c5da9e8220576,01_FACTS_LAYER/FORENSIC_ASTROLOGICAL_DATA_v8_0.md,§3.6,0.2628,### §3.6 D10 — Dashamsha (Career / Status)  | ID | Body | D10 Sign | D10 House | | --- | --- | --- | --- | | `D10.LAGNA` | D10 Lagna | Leo | 1 | | `D10.SUN` | Sun | Aries | 9 | | `D10.MOON` | Moon | S,21c7822594dc29a2dfc955d90ec1234e,01_FACTS_LAYER/FORENSIC_ASTROLOGICAL_DATA_v8_0.md,§3.15,0.2714,### §3.15 CSI Ledger — D1→D9 and D1→D10 Comparative Status  | ID | Planet | Vargottama | D1→D9 Dignity | D10 Placement | | --- | --- | --- | --- | --- | | `CSI.SUN` | Sun | NO | D1 Capricorn → D9 Canc,8b5a5b9dd136a1aceed2031e6d71d8a0,01_FACTS_LAYER/FORENSIC_ASTROLOGICAL_DATA_v8_0.md,§13.2,0.2744,"### §13.2 Arudha Sign Occupancy  | ID | Sign | House (from D1 Lagna) | Markers / Planets Present | | --- | --- | --- | --- | | `ARO.ARIES` | Aries | 1 | A10 | | `ARO.TAURUS` | Taurus | 2 | A6, Rahu | ",1,
SIG.MSR.064,career,MERCURY,Mercury Own-Sign in Virgo D10 2H — Budha in Own Sign in Dhana Bhava of Career Chart,4325e2cd4edfb043c12c5da9e8220576,01_FACTS_LAYER/FORENSIC_ASTROLOGICAL_DATA_v8_0.md,§3.6,0.2344,### §3.6 D10 — Dashamsha (Career / Status)  | ID | Body | D10 Sign | D10 House | | --- | --- | --- | --- | | `D10.LAGNA` | D10 Lagna | Leo | 1 | | `D10.SUN` | Sun | Aries | 9 | | `D10.MOON` | Moon | S,c0fff74c31aa2d277c40bb2800359e73,01_FACTS_LAYER/FORENSIC_ASTROLOGICAL_DATA_v8_0.md,§23.1,0.2369,#### Mercury (`PLN.MERCURY`)  | Dimension | Value | | --- | --- | | D1 Sign / Degree | Capricorn 00°50′11″ | | Nakshatra / Pada | Uttara Ashadha / 2 | | Abs Longitude | 270.84° | | Rashi House | 10 | ,ddbb78084ecf5d3b60ca381b1ea525ec,01_FACTS_LAYER/FORENSIC_ASTROLOGICAL_DATA_v8_0.md,§2.2,0.2522,### §2.2 D1 Sign Occupancy (Bhava View)  | ID | House | Sign | Planets | | --- | --- | --- | --- | | `HSE.1` | 1 | Aries | (none) | | `HSE.2` | 2 | Taurus | Rahu | | `HSE.3` | 3 | Gemini | (none) | | ,1,
SIG.MSR.065,health,MARS,Mars Exalted in Capricorn D3 Drekkana — Physical Vitality Reinforced,71433979eee9932c2f958170a8b576e6,01_FACTS_LAYER/FORENSIC_ASTROLOGICAL_DATA_v8_0.md,§23.1,0.3077,#### Mars (`PLN.MARS`)  | Dimension | Value | | --- | --- | | D1 Sign / Degree | Libra 18°31′38″ | | Nakshatra / Pada | Swati / 4 | | Abs Longitude | 198.53° | | Rashi House | 7 | | Chalit House | 7 |,9babdccd7813a9a1442f2166bd10f356,01_FACTS_LAYER/FORENSIC_ASTROLOGICAL_DATA_v8_0.md,§3.2,0.3117,"### §3.2 D3 — Drekkana (Decanate)  | ID | House | Sign | Planets | | --- | --- | --- | --- | | `D3.LAGNA` | 1 | Leo | Venus | | `D3.2` | 2 | Virgo | Sun, Rahu | | `D3.3` | 3 | Libra | (none) | | `D3.4",f8fe9a055f29e6e4f4f2b9217b97aa88,01_FACTS_LAYER/FORENSIC_ASTROLOGICAL_DATA_v8_0.md,§26.3,0.3190,### §26.3 D-10 Dashamsha Yogas  | ID | Yoga | Type | Key Configuration | Note | | --- | --- | --- | --- | --- | | `YGA.D10.SARALA` | Sarala Viparita Raja Yoga | Power from upheaval | 8L in 8H in D10 —,1,
SIG.MSR.066,children,JUPITER,Jupiter Own-Sign in Sagittarius D7 Saptamsha — Children Prosperity,d55e96f1cfb9c5963bd6241c6eb8947e,01_FACTS_LAYER/FORENSIC_ASTROLOGICAL_DATA_v8_0.md,§23.1,0.2675,#### Jupiter (`PLN.JUPITER`)  | Dimension | Value | | --- | --- | | D1 Sign / Degree | Sagittarius 09°48′28″ | | Nakshatra / Pada | Moola / 3 | | Abs Longitude | 249.81° | | Rashi House | 9 | | Chalit,,,,0.0000,,,,,0.0000,,1,
SIG.MSR.067,career,SATURN,Saturn D9 Aries Debilitation — Cross-Reference to MSR.058,,,,0.0000,,,,,0.0000,,,,,0.0000,,1,FORENSIC_ASTROLOGICAL_DATA_v8_0
SIG.MSR.068,travel,RAHU,Rahu in Gemini D9 12H — Amplifies Stellium and Foreign Dimension,2d29d836d98291df5258dcdc7be6ad69,01_FACTS_LAYER/FORENSIC_ASTROLOGICAL_DATA_v8_0.md,§23.1,0.2835,#### Rahu (`PLN.RAHU`)  | Dimension | Value | | --- | --- | | D1 Sign / Degree | Taurus 19°01′47″ | | Nakshatra / Pada | Rohini / 3 | | Abs Longitude | 49.03° | | Rashi House | 2 | | Chalit House | 2 ,f43cc9d59dd83a0cd7c68742053d0985,01_FACTS_LAYER/FORENSIC_ASTROLOGICAL_DATA_v8_0.md,§3.5,0.3127,### §3.5 D9 — Navamsa (Dharma / Spouse / General Strength)  | ID | Body | D9 Sign | D1 Sign | Vargottama | | --- | --- | --- | --- | --- | | `D9.LAGNA` | D9 Lagna | Cancer | Aries (D1 Lagna) | NO | | ,,,,0.0000,,1,
SIG.MSR.069,spirit,JUPITER,Jupiter Exalted in Cancer D3 — Dharma Vitality Peak in Drekkana,9babdccd7813a9a1442f2166bd10f356,01_FACTS_LAYER/FORENSIC_ASTROLOGICAL_DATA_v8_0.md,§3.2,0.2669,"### §3.2 D3 — Drekkana (Decanate)  | ID | House | Sign | Planets | | --- | --- | --- | --- | | `D3.LAGNA` | 1 | Leo | Venus | | `D3.2` | 2 | Virgo | Sun, Rahu | | `D3.3` | 3 | Libra | (none) | | `D3.4",f8fe9a055f29e6e4f4f2b9217b97aa88,01_FACTS_LAYER/FORENSIC_ASTROLOGICAL_DATA_v8_0.md,§26.3,0.2820,### §26.3 D-10 Dashamsha Yogas  | ID | Yoga | Type | Key Configuration | Note | | --- | --- | --- | --- | --- | | `YGA.D10.SARALA` | Sarala Viparita Raja Yoga | Power from upheaval | 8L in 8H in D10 —,8b9070e97dbaf3363145b7d172d26790,01_FACTS_LAYER/FORENSIC_ASTROLOGICAL_DATA_v8_0.md,§26.1,0.2888,### §26.1 D-1 Rashi Yogas  | ID | Yoga | Type | Key Planets / Houses | Note | | --- | --- | --- | --- | --- | | `YGA.D1.KALPADRUMA` | Kalpadruma / Parijata Yoga | Major royal yoga | Atmakaraka Moon; d,1,
SIG.MSR.070,career,SUN,Shadbala Rank 1 — Sun: Highest Overall Planetary Strength Despite Enemy Sign,6ed5100e7b89d4ac2762a9a372638091,01_FACTS_LAYER/FORENSIC_ASTROLOGICAL_DATA_v8_0.md,§6.3,0.2263,### §6.3 Uccha Bala Ranking (Exaltation Proximity Proxy)  | ID | Planet | Uccha Score (max 60) | Band | | --- | --- | --- | --- | | `SBL.UCHA.RANK.1` | Saturn | 59.18 | Max | | `SBL.UCHA.RANK.2` | Moo,1bec1848875ba60014910e27be0e0ae3,01_FACTS_LAYER/FORENSIC_ASTROLOGICAL_DATA_v8_0.md,§6.1,0.2499,### §6.1 Shadbala — Component Breakdown  <!-- [DUAL-ENGINE NOTE: Shadbala totals and ranking differ between FORENSIC and JH engines. See §6.2 for both rankings and the RESOLVED policy statement.] --> ,25bc451309dc4032825a19dba2033218,01_FACTS_LAYER/FORENSIC_ASTROLOGICAL_DATA_v8_0.md,§6.2,0.2519,### §6.2 Shadbala — Totals and Ranking (DUAL-ENGINE)  **RESOLVED (GAP.07 — 2026-04-19):** Shadbala engine divergence between FORENSIC and JH is closed. JH is the authoritative engine for Shadbala rank,1,
SIG.MSR.071,career,SATURN,Shadbala Rank 2 — Saturn: Second Strongest Despite Pinda Paradox,25bc451309dc4032825a19dba2033218,01_FACTS_LAYER/FORENSIC_ASTROLOGICAL_DATA_v8_0.md,§6.2,0.2353,### §6.2 Shadbala — Totals and Ranking (DUAL-ENGINE)  **RESOLVED (GAP.07 — 2026-04-19):** Shadbala engine divergence between FORENSIC and JH is closed. JH is the authoritative engine for Shadbala rank,99658575a43ff701ad8f09eedda47697,01_FACTS_LAYER/FORENSIC_ASTROLOGICAL_DATA_v8_0.md,§7.3,0.2356,### §7.3 Shuddha Pinda (Ashtakavarga Reductions)  | ID | Planet | Rasi Pinda | Graha Pinda | Shuddha Pinda | Rank | | --- | --- | --- | --- | --- | --- | | `AVG.SHP.MARS` | Mars | 136 | 62 | 198 | 1 |,6ed5100e7b89d4ac2762a9a372638091,01_FACTS_LAYER/FORENSIC_ASTROLOGICAL_DATA_v8_0.md,§6.3,0.2487,### §6.3 Uccha Bala Ranking (Exaltation Proximity Proxy)  | ID | Planet | Uccha Score (max 60) | Band | | --- | --- | --- | --- | | `SBL.UCHA.RANK.1` | Saturn | 59.18 | Max | | `SBL.UCHA.RANK.2` | Moo,1,
SIG.MSR.072,health,MARS,Shuddha Pinda Rank 1 — Mars: Maximum Dramatic-Activation Potential,99658575a43ff701ad8f09eedda47697,01_FACTS_LAYER/FORENSIC_ASTROLOGICAL_DATA_v8_0.md,§7.3,0.2184,### §7.3 Shuddha Pinda (Ashtakavarga Reductions)  | ID | Planet | Rasi Pinda | Graha Pinda | Shuddha Pinda | Rank | | --- | --- | --- | --- | --- | --- | | `AVG.SHP.MARS` | Mars | 136 | 62 | 198 | 1 |,71433979eee9932c2f958170a8b576e6,01_FACTS_LAYER/FORENSIC_ASTROLOGICAL_DATA_v8_0.md,§23.1,0.2439,#### Mars (`PLN.MARS`)  | Dimension | Value | | --- | --- | | D1 Sign / Degree | Libra 18°31′38″ | | Nakshatra / Pada | Swati / 4 | | Abs Longitude | 198.53° | | Rashi House | 7 | | Chalit House | 7 |,aca29b898fb6de4c81e3af2e4b6934a2,01_FACTS_LAYER/FORENSIC_ASTROLOGICAL_DATA_v8_0.md,§23.1,0.3024,#### Sun (`PLN.SUN`)  | Dimension | Value | | --- | --- | | D1 Sign / Degree | Capricorn 21°57′35″ | | Nakshatra / Pada | Shravana / 4 | | Abs Longitude | 291.96° | | Rashi House | 10 | | Chalit House,1,
SIG.MSR.073,wealth,JUPITER,Vimsopaka Rank 1 — Jupiter: Highest Cross-Divisional Aggregate Strength,106c001998325b5fd63aba6fbd3c8411,01_FACTS_LAYER/FORENSIC_ASTROLOGICAL_DATA_v8_0.md,§6.5,0.1700,### §6.5 Vimsopaka Bala (20-Point Varga Strength)  | ID | Rank | Planet | Score | Band | | --- | --- | --- | --- | --- | | `VIM.1` | 1 | Jupiter | 12.1 | Dominant | | `VIM.2` | 2 | Mars | 11.8 | Very ,3a58c62aa9899cc20cde034226657ff7,01_FACTS_LAYER/FORENSIC_ASTROLOGICAL_DATA_v8_0.md,§6.8,0.2183,### §6.8 Pancha-Vargeeya Classification — JH Engine (NEW in v8.0)  <!-- Source: JHORA_TRANSCRIPTION_v8_0_SOURCE.md §3. Composite strength across 5 key vargas. -->  | ID | Planet | Score | Classificati,d55e96f1cfb9c5963bd6241c6eb8947e,01_FACTS_LAYER/FORENSIC_ASTROLOGICAL_DATA_v8_0.md,§23.1,0.2709,#### Jupiter (`PLN.JUPITER`)  | Dimension | Value | | --- | --- | | D1 Sign / Degree | Sagittarius 09°48′28″ | | Nakshatra / Pada | Moola / 3 | | Abs Longitude | 249.81° | | Rashi House | 9 | | Chalit,1,
SIG.MSR.074,spirit,JUPITER,D27 Bhamsa Lagna Pisces — Native Strength Chart Opens With Jupiter's Own Sign,c3ef8adb38221bde14ca44c66554d733,01_FACTS_LAYER/FORENSIC_ASTROLOGICAL_DATA_v8_0.md,§3.9,0.2522,"### §3.9 D20 — Vimsamsa (Spiritual Sadhana)  | ID | Sign | Planets | | --- | --- | --- | | `D20.SCORPIO` | Scorpio | Ascendant (D20 Lagna), Jupiter | | `D20.SAGITTARIUS` | Sagittarius | Saturn | | `D2",d55e96f1cfb9c5963bd6241c6eb8947e,01_FACTS_LAYER/FORENSIC_ASTROLOGICAL_DATA_v8_0.md,§23.1,0.2609,#### Jupiter (`PLN.JUPITER`)  | Dimension | Value | | --- | --- | | D1 Sign / Degree | Sagittarius 09°48′28″ | | Nakshatra / Pada | Moola / 3 | | Abs Longitude | 249.81° | | Rashi House | 9 | | Chalit,71433979eee9932c2f958170a8b576e6,01_FACTS_LAYER/FORENSIC_ASTROLOGICAL_DATA_v8_0.md,§23.1,0.2617,#### Mars (`PLN.MARS`)  | Dimension | Value | | --- | --- | | D1 Sign / Degree | Libra 18°31′38″ | | Nakshatra / Pada | Swati / 4 | | Abs Longitude | 198.53° | | Rashi House | 7 | | Chalit House | 7 |,1,
SIG.MSR.075,spirit,SATURN,D60 Shashtyamsa — Past-Karma Chart Primary Configuration,dd2769bbdb08893a9ab7e9c596a48e0e,01_FACTS_LAYER/FORENSIC_ASTROLOGICAL_DATA_v8_0.md,§3.14,0.1670,"### §3.14 D60 — Shashtyamsa (Past Karma)  | ID | House | Sign | Planets | | --- | --- | --- | --- | | `D60.LAGNA` | 1 | Gemini | Saturn | | `D60.2` | 2 | Cancer | Rahu, Jupiter | | `D60.3` | 3 | Leo |",6440a2ddbd5c47cc1280d6e702f33372,01_FACTS_LAYER/FORENSIC_ASTROLOGICAL_DATA_v8_0.md,§3.12,0.2509,### §3.12 D40 — Khavedamsa (Auspiciousness / Misfortune)  | ID | House | Sign | Planets | | --- | --- | --- | --- | | `D40.LAGNA` | 1 | Virgo | Saturn | | `D40.2` | 2 | Libra | (none) | | `D40.3` | 3 ,caea00379c96fc08f376b4db37fdb8d3,01_FACTS_LAYER/FORENSIC_ASTROLOGICAL_DATA_v8_0.md,§5.2,0.2618,### §5.2 Yogini Dasha  | ID | Yogini | Ruler | Duration | Start | End | | --- | --- | --- | --- | --- | --- | | `DSH.Y.001` | Bhramari | Mars | Balance | 1984-02-05 | 1985-12-22 | | `DSH.Y.002` | Bhad,1,
SIG.MSR.076,health,MARS,Lagna Lord Mars in Libra — Lagnesh in 7H Enemy Sign Creates Body-Partnership Tension,71433979eee9932c2f958170a8b576e6,01_FACTS_LAYER/FORENSIC_ASTROLOGICAL_DATA_v8_0.md,§23.1,0.2736,#### Mars (`PLN.MARS`)  | Dimension | Value | | --- | --- | | D1 Sign / Degree | Libra 18°31′38″ | | Nakshatra / Pada | Swati / 4 | | Abs Longitude | 198.53° | | Rashi House | 7 | | Chalit House | 7 |,,,,0.0000,,,,,0.0000,,1,
SIG.MSR.077,spirit,JUPITER,12H Lord Jupiter in Own-Sign 9H — 12L in 9H = Moksha-Dharma Integration,d55e96f1cfb9c5963bd6241c6eb8947e,01_FACTS_LAYER/FORENSIC_ASTROLOGICAL_DATA_v8_0.md,§23.1,0.2559,#### Jupiter (`PLN.JUPITER`)  | Dimension | Value | | --- | --- | | D1 Sign / Degree | Sagittarius 09°48′28″ | | Nakshatra / Pada | Moola / 3 | | Abs Longitude | 249.81° | | Rashi House | 9 | | Chalit,,,,0.0000,,,,,0.0000,,1,
SIG.MSR.078,spirit,JUPITER,9H Lord Jupiter in Own-Sign 9H — 9L in 9H Self-Powered Dharma Engine,835bf9f897fc9d3a5af3927297d8c363,01_FACTS_LAYER/FORENSIC_ASTROLOGICAL_DATA_v8_0.md,§26.2,0.2946,### §26.2 D-9 Navamsa Yogas  | ID | Yoga | Type | Key Configuration | Note | | --- | --- | --- | --- | --- | | `YGA.D9.GAJAKESARI` | Gaja-Kesari Yoga (D9) | Famous / virtuous | Jupiter and Moon both i,d55e96f1cfb9c5963bd6241c6eb8947e,01_FACTS_LAYER/FORENSIC_ASTROLOGICAL_DATA_v8_0.md,§23.1,0.2983,#### Jupiter (`PLN.JUPITER`)  | Dimension | Value | | --- | --- | | D1 Sign / Degree | Sagittarius 09°48′28″ | | Nakshatra / Pada | Moola / 3 | | Abs Longitude | 249.81° | | Rashi House | 9 | | Chalit,,,,0.0000,,1,
SIG.MSR.079,career,SATURN,"10L Saturn Exalted in 7H — Career Lord Away from Career House, But Exalted",4325e2cd4edfb043c12c5da9e8220576,01_FACTS_LAYER/FORENSIC_ASTROLOGICAL_DATA_v8_0.md,§3.6,0.2943,### §3.6 D10 — Dashamsha (Career / Status)  | ID | Body | D10 Sign | D10 House | | --- | --- | --- | --- | | `D10.LAGNA` | D10 Lagna | Leo | 1 | | `D10.SUN` | Sun | Aries | 9 | | `D10.MOON` | Moon | S,,,,0.0000,,,,,0.0000,,1,
SIG.MSR.080,wealth,SATURN,11L Saturn Exalted in 7H — Gains Lord Exalted in Partnership House,fa29b75101946b29aec1ba2d356f92d3,01_FACTS_LAYER/FORENSIC_ASTROLOGICAL_DATA_v8_0.md,§4.3,0.2860,"### §4.3 KP House Significators  | ID | House | Significators (ranked) | KP Logic | | --- | --- | --- | --- | | `KP.SIG.1` | 1 (Self) | Mars, Ketu | Mars (Lord); Ketu (agent for Mars) | | `KP.SIG.2` |",7e3eef559eb3ac6793930b6c5b5a8619,01_FACTS_LAYER/FORENSIC_ASTROLOGICAL_DATA_v8_0.md,§23.1,0.2889,#### Saturn (`PLN.SATURN`)  | Dimension | Value | | --- | --- | | D1 Sign / Degree | Libra 22°27′04″ | | Nakshatra / Pada | Vishakha / 1 | | Abs Longitude | 202.45° | | Rashi House | 7 | | Chalit Hous,,,,0.0000,,1,
SIG.MSR.081,wealth,VENUS,2L Venus in 9H — Wealth Lord in Dharma House,a5082dda382b6a2281874f6d1b26b54c,01_FACTS_LAYER/FORENSIC_ASTROLOGICAL_DATA_v8_0.md,§23.1,0.2473,#### Venus (`PLN.VENUS`)  | Dimension | Value | | --- | --- | | D1 Sign / Degree | Sagittarius 19°10′12″ | | Nakshatra / Pada | Purva Ashadha / 2 | | Abs Longitude | 259.17° | | Rashi House | 9 | | Ch,cb29ffa3c7f05682e42a193022e72037,01_FACTS_LAYER/FORENSIC_ASTROLOGICAL_DATA_v8_0.md,§3.1,0.2505,"### §3.1 D2 — Hora (Wealth Division)  | ID | Hora Sign | Ruler | Planets | | --- | --- | --- | --- | | `D2.CANCER` | Cancer | Moon | Moon, Mars, Venus, Saturn, Mercury | | `D2.LEO` | Leo | Sun | Jupit",,,,0.0000,,1,
SIG.MSR.082,relationships,VENUS,7L Venus in 9H — Partnership Lord in Dharma House,a5082dda382b6a2281874f6d1b26b54c,01_FACTS_LAYER/FORENSIC_ASTROLOGICAL_DATA_v8_0.md,§23.1,0.2487,#### Venus (`PLN.VENUS`)  | Dimension | Value | | --- | --- | | D1 Sign / Degree | Sagittarius 19°10′12″ | | Nakshatra / Pada | Purva Ashadha / 2 | | Abs Longitude | 259.17° | | Rashi House | 9 | | Ch,c0fff74c31aa2d277c40bb2800359e73,01_FACTS_LAYER/FORENSIC_ASTROLOGICAL_DATA_v8_0.md,§23.1,0.2702,#### Mercury (`PLN.MERCURY`)  | Dimension | Value | | --- | --- | | D1 Sign / Degree | Capricorn 00°50′11″ | | Nakshatra / Pada | Uttara Ashadha / 2 | | Abs Longitude | 270.84° | | Rashi House | 10 | ,,,,0.0000,,1,
SIG.MSR.083,children,SUN,5L Sun in 10H — Children Lord in Career House,c239d15a3b43ab047f854997c9f7d0cf,01_FACTS_LAYER/FORENSIC_ASTROLOGICAL_DATA_v8_0.md,§17,0.2919,## §17 — CHALIT KINETIC SHIFTS (DERIVED)  | ID | Planet | Rashi House | Chalit House | Shift | | --- | --- | --- | --- | --- | | `CKS.SUN` | Sun | 10 | 11 | +1 (Career → Gains) | | `CKS.MOON` | Moon |,,,,0.0000,,,,,0.0000,,1,
SIG.MSR.084,mind,MOON,4L Moon in 11H/12H (Rashi/Chalit) — Comfort Lord Away from Comfort House,c239d15a3b43ab047f854997c9f7d0cf,01_FACTS_LAYER/FORENSIC_ASTROLOGICAL_DATA_v8_0.md,§17,0.2812,## §17 — CHALIT KINETIC SHIFTS (DERIVED)  | ID | Planet | Rashi House | Chalit House | Shift | | --- | --- | --- | --- | --- | | `CKS.SUN` | Sun | 10 | 11 | +1 (Career → Gains) | | `CKS.MOON` | Moon |,d053861ab35e16c3e32605de32ad3990,01_FACTS_LAYER/FORENSIC_ASTROLOGICAL_DATA_v8_0.md,§18,0.2821,## §18 — CHANDRA CHART (FROM-MOON VIEW)  | ID | House from Moon | Sign | Planets | | --- | --- | --- | --- | | `CHN.1` | 1 (Self) | Aquarius | Moon | | `CHN.2` | 2 (Speech) | Pisces | (none) | | `CHN.,369e3d9f927823c5422f3738795455a2,01_FACTS_LAYER/FORENSIC_ASTROLOGICAL_DATA_v8_0.md,§0,0.2882,"## §0 — DOCUMENT INDEX AND USAGE  <!-- LLM USAGE NOTES: - This file is the SINGLE canonical L1 source. Do NOT consult v6.0 or the SUPPLEMENT separately — they are SUPERSEDED. - Every table, planet, ho",1,
SIG.MSR.085,career,MERCURY,3L Mercury in 10H — Siblings/Communication Lord in Career House,fa29b75101946b29aec1ba2d356f92d3,01_FACTS_LAYER/FORENSIC_ASTROLOGICAL_DATA_v8_0.md,§4.3,0.2792,"### §4.3 KP House Significators  | ID | House | Significators (ranked) | KP Logic | | --- | --- | --- | --- | | `KP.SIG.1` | 1 (Self) | Mars, Ketu | Mars (Lord); Ketu (agent for Mars) | | `KP.SIG.2` |",c239d15a3b43ab047f854997c9f7d0cf,01_FACTS_LAYER/FORENSIC_ASTROLOGICAL_DATA_v8_0.md,§17,0.2971,## §17 — CHALIT KINETIC SHIFTS (DERIVED)  | ID | Planet | Rashi House | Chalit House | Shift | | --- | --- | --- | --- | --- | | `CKS.SUN` | Sun | 10 | 11 | +1 (Career → Gains) | | `CKS.MOON` | Moon |,,,,0.0000,,1,
SIG.MSR.086,health,MARS,"8L Mars in 7H — 8H Lord in 7H, Maraka Axis Activation",e42fda404049f3f3c7c42eadd60d78a2,01_FACTS_LAYER/FORENSIC_ASTROLOGICAL_DATA_v8_0.md,§10.3,0.2678,"### §10.3 Chara Karaka — 8-Karaka System Note (JH, GAP.13)  <!-- [v8.0 addition per SUPPLEMENT §1.7]:      JH uses the 8-karaka system (includes Rahu as Pitrukaraka). Under this system:      - Rahu (d",07746c57c9b49a44649d2584355e8c7d,01_FACTS_LAYER/FORENSIC_ASTROLOGICAL_DATA_v8_0.md,§26.5,0.3003,"### §26.5 Mercury Eight-System Convergence  <!-- [v8.0 architectural note — replaces ""Seven-System"" framing from MSR.413]:      Mercury accumulates 8 system-designations:      1. Current Vimshottari M",,,,0.0000,,1,
SIG.MSR.087,career,MERCURY,6L Mercury in 10H — Disease Lord in Career House (Viparita Consideration),c0fff74c31aa2d277c40bb2800359e73,01_FACTS_LAYER/FORENSIC_ASTROLOGICAL_DATA_v8_0.md,§23.1,0.2339,#### Mercury (`PLN.MERCURY`)  | Dimension | Value | | --- | --- | | D1 Sign / Degree | Capricorn 00°50′11″ | | Nakshatra / Pada | Uttara Ashadha / 2 | | Abs Longitude | 270.84° | | Rashi House | 10 | ,07746c57c9b49a44649d2584355e8c7d,01_FACTS_LAYER/FORENSIC_ASTROLOGICAL_DATA_v8_0.md,§26.5,0.2655,"### §26.5 Mercury Eight-System Convergence  <!-- [v8.0 architectural note — replaces ""Seven-System"" framing from MSR.413]:      Mercury accumulates 8 system-designations:      1. Current Vimshottari M",fa29b75101946b29aec1ba2d356f92d3,01_FACTS_LAYER/FORENSIC_ASTROLOGICAL_DATA_v8_0.md,§4.3,0.2833,"### §4.3 KP House Significators  | ID | House | Significators (ranked) | KP Logic | | --- | --- | --- | --- | | `KP.SIG.1` | 1 (Self) | Mars, Ketu | Mars (Lord); Ketu (agent for Mars) | | `KP.SIG.2` |",1,
SIG.MSR.088,career,SUN,Moolatrikona Sun in Shravana — Sun's Nakshatra Resonates with Career Themes,aca29b898fb6de4c81e3af2e4b6934a2,01_FACTS_LAYER/FORENSIC_ASTROLOGICAL_DATA_v8_0.md,§23.1,0.3223,#### Sun (`PLN.SUN`)  | Dimension | Value | | --- | --- | | D1 Sign / Degree | Capricorn 21°57′35″ | | Nakshatra / Pada | Shravana / 4 | | Abs Longitude | 291.96° | | Rashi House | 10 | | Chalit House,40f6801c58a4850a289e328a0f9816c5,01_FACTS_LAYER/FORENSIC_ASTROLOGICAL_DATA_v8_0.md,§14.2,0.3246,### §14.2 Extended Tara Positions  | ID | Position from Janma | Tara | Nakshatra | Tenants | | --- | --- | --- | --- | --- | | `NVT.16.SANGHATIKA` | 16 | Sanghatika | Hasta | (none) | | `NVT.22.VAINAS,c931151d617e1758464fb08133424f5f,01_FACTS_LAYER/FORENSIC_ASTROLOGICAL_DATA_v8_0.md,§23.1,0.3303,#### Moon (`PLN.MOON`)  | Dimension | Value | | --- | --- | | D1 Sign / Degree | Aquarius 27°02′48″ | | Nakshatra / Pada | Purva Bhadrapada / 3 | | Abs Longitude | 327.05° | | Rashi House | 11 | | Cha,1,
SIG.MSR.089,wealth,JUPITER,Moolatrikona Jupiter at 09°48' Sagittarius — Within Mulatrikona Band,d55e96f1cfb9c5963bd6241c6eb8947e,01_FACTS_LAYER/FORENSIC_ASTROLOGICAL_DATA_v8_0.md,§23.1,0.2921,#### Jupiter (`PLN.JUPITER`)  | Dimension | Value | | --- | --- | | D1 Sign / Degree | Sagittarius 09°48′28″ | | Nakshatra / Pada | Moola / 3 | | Abs Longitude | 249.81° | | Rashi House | 9 | | Chalit,,,,0.0000,,,,,0.0000,,1,
SIG.MSR.090,career,SATURN,"Saturn Exaltation at 22°27' Libra — Post-Peak Exaltation (Saturn's Moolatrikona is Aquarius, not Libra)",7e3eef559eb3ac6793930b6c5b5a8619,01_FACTS_LAYER/FORENSIC_ASTROLOGICAL_DATA_v8_0.md,§23.1,0.2606,#### Saturn (`PLN.SATURN`)  | Dimension | Value | | --- | --- | | D1 Sign / Degree | Libra 22°27′04″ | | Nakshatra / Pada | Vishakha / 1 | | Abs Longitude | 202.45° | | Rashi House | 7 | | Chalit Hous,6ed5100e7b89d4ac2762a9a372638091,01_FACTS_LAYER/FORENSIC_ASTROLOGICAL_DATA_v8_0.md,§6.3,0.2835,### §6.3 Uccha Bala Ranking (Exaltation Proximity Proxy)  | ID | Planet | Uccha Score (max 60) | Band | | --- | --- | --- | --- | | `SBL.UCHA.RANK.1` | Saturn | 59.18 | Max | | `SBL.UCHA.RANK.2` | Moo,6274fb06a2cf335937ed23b991055fc9,01_FACTS_LAYER/FORENSIC_ASTROLOGICAL_DATA_v8_0.md,§8,0.2966,## §8 — SATURN KAKSHYA ZONES (DERIVED)  <!-- Saturn transit Pisces 2025-03-30 through 2028-02-23. -->  | ID | Zone | Degree Range | Ruler | Status | | --- | --- | --- | --- | --- | | `KAK.PISCES.Z1` |,1,
SIG.MSR.091,spirit,JUPITER,9L in 9H Self-Dispositorship — Jupiter Disposits Itself in Sagittarius,d55e96f1cfb9c5963bd6241c6eb8947e,01_FACTS_LAYER/FORENSIC_ASTROLOGICAL_DATA_v8_0.md,§23.1,0.2855,#### Jupiter (`PLN.JUPITER`)  | Dimension | Value | | --- | --- | | D1 Sign / Degree | Sagittarius 09°48′28″ | | Nakshatra / Pada | Moola / 3 | | Abs Longitude | 249.81° | | Rashi House | 9 | | Chalit,,,,0.0000,,,,,0.0000,,1,
SIG.MSR.092,spirit,KETU,Ketu's Dispositor Mars in Enemy Sign — Weakened Karmic-Resolver,fa29b75101946b29aec1ba2d356f92d3,01_FACTS_LAYER/FORENSIC_ASTROLOGICAL_DATA_v8_0.md,§4.3,0.3076,"### §4.3 KP House Significators  | ID | House | Significators (ranked) | KP Logic | | --- | --- | --- | --- | | `KP.SIG.1` | 1 (Self) | Mars, Ketu | Mars (Lord); Ketu (agent for Mars) | | `KP.SIG.2` |",f66c03bb2186d0e9478d8a19179cc19c,01_FACTS_LAYER/FORENSIC_ASTROLOGICAL_DATA_v8_0.md,§23.1,0.3211,#### Ketu (`PLN.KETU`)  | Dimension | Value | | --- | --- | | D1 Sign / Degree | Scorpio 19°01′47″ | | Nakshatra / Pada | Jyeshtha / 1 | | Abs Longitude | 229.03° | | Rashi House | 8 | | Chalit House ,,,,0.0000,,1,
SIG.MSR.093,wealth,RAHU,Rahu's Dispositor Venus in Friend Sign 9H — Rahu Filtered Through Dharma,f43cc9d59dd83a0cd7c68742053d0985,01_FACTS_LAYER/FORENSIC_ASTROLOGICAL_DATA_v8_0.md,§3.5,0.2770,### §3.5 D9 — Navamsa (Dharma / Spouse / General Strength)  | ID | Body | D9 Sign | D1 Sign | Vargottama | | --- | --- | --- | --- | --- | | `D9.LAGNA` | D9 Lagna | Cancer | Aries (D1 Lagna) | NO | | ,2d29d836d98291df5258dcdc7be6ad69,01_FACTS_LAYER/FORENSIC_ASTROLOGICAL_DATA_v8_0.md,§23.1,0.2828,#### Rahu (`PLN.RAHU`)  | Dimension | Value | | --- | --- | | D1 Sign / Degree | Taurus 19°01′47″ | | Nakshatra / Pada | Rohini / 3 | | Abs Longitude | 49.03° | | Rashi House | 2 | | Chalit House | 2 ,a5082dda382b6a2281874f6d1b26b54c,01_FACTS_LAYER/FORENSIC_ASTROLOGICAL_DATA_v8_0.md,§23.1,0.2919,#### Venus (`PLN.VENUS`)  | Dimension | Value | | --- | --- | | D1 Sign / Degree | Sagittarius 19°10′12″ | | Nakshatra / Pada | Purva Ashadha / 2 | | Abs Longitude | 259.17° | | Rashi House | 9 | | Ch,1,
SIG.MSR.094,career,SATURN,Saturn AmK in 7H — Career-Authority Karaka Exalted in Partnership House,fa29b75101946b29aec1ba2d356f92d3,01_FACTS_LAYER/FORENSIC_ASTROLOGICAL_DATA_v8_0.md,§4.3,0.2885,"### §4.3 KP House Significators  | ID | House | Significators (ranked) | KP Logic | | --- | --- | --- | --- | | `KP.SIG.1` | 1 (Self) | Mars, Ketu | Mars (Lord); Ketu (agent for Mars) | | `KP.SIG.2` |",e42fda404049f3f3c7c42eadd60d78a2,01_FACTS_LAYER/FORENSIC_ASTROLOGICAL_DATA_v8_0.md,§10.3,0.2899,"### §10.3 Chara Karaka — 8-Karaka System Note (JH, GAP.13)  <!-- [v8.0 addition per SUPPLEMENT §1.7]:      JH uses the 8-karaka system (includes Rahu as Pitrukaraka). Under this system:      - Rahu (d",7e3eef559eb3ac6793930b6c5b5a8619,01_FACTS_LAYER/FORENSIC_ASTROLOGICAL_DATA_v8_0.md,§23.1,0.2916,#### Saturn (`PLN.SATURN`)  | Dimension | Value | | --- | --- | | D1 Sign / Degree | Libra 22°27′04″ | | Nakshatra / Pada | Vishakha / 1 | | Abs Longitude | 202.45° | | Rashi House | 7 | | Chalit Hous,1,
SIG.MSR.095,spirit,MOON,Moon AK in 11H/12H — Soul-Significator in Gains/Moksha Zone,c931151d617e1758464fb08133424f5f,01_FACTS_LAYER/FORENSIC_ASTROLOGICAL_DATA_v8_0.md,§23.1,0.3021,#### Moon (`PLN.MOON`)  | Dimension | Value | | --- | --- | | D1 Sign / Degree | Aquarius 27°02′48″ | | Nakshatra / Pada | Purva Bhadrapada / 3 | | Abs Longitude | 327.05° | | Rashi House | 11 | | Cha,,,,0.0000,,,,,0.0000,,1,
SIG.MSR.096,relationships,MERCURY,Mercury DK (Darakaraka) in 10H — Spouse/Partner Significator in Career House,4325e2cd4edfb043c12c5da9e8220576,01_FACTS_LAYER/FORENSIC_ASTROLOGICAL_DATA_v8_0.md,§3.6,0.2625,### §3.6 D10 — Dashamsha (Career / Status)  | ID | Body | D10 Sign | D10 House | | --- | --- | --- | --- | | `D10.LAGNA` | D10 Lagna | Leo | 1 | | `D10.SUN` | Sun | Aries | 9 | | `D10.MOON` | Moon | S,fa29b75101946b29aec1ba2d356f92d3,01_FACTS_LAYER/FORENSIC_ASTROLOGICAL_DATA_v8_0.md,§4.3,0.2705,"### §4.3 KP House Significators  | ID | House | Significators (ranked) | KP Logic | | --- | --- | --- | --- | | `KP.SIG.1` | 1 (Self) | Mars, Ketu | Mars (Lord); Ketu (agent for Mars) | | `KP.SIG.2` |",c0fff74c31aa2d277c40bb2800359e73,01_FACTS_LAYER/FORENSIC_ASTROLOGICAL_DATA_v8_0.md,§23.1,0.2738,#### Mercury (`PLN.MERCURY`)  | Dimension | Value | | --- | --- | | D1 Sign / Degree | Capricorn 00°50′11″ | | Nakshatra / Pada | Uttara Ashadha / 2 | | Abs Longitude | 270.84° | | Rashi House | 10 | ,1,
SIG.MSR.097,career,SUN,Budh-Aditya Yoga — Sun + Mercury Conjunction in 10H Capricorn (Not Combust),c0fff74c31aa2d277c40bb2800359e73,01_FACTS_LAYER/FORENSIC_ASTROLOGICAL_DATA_v8_0.md,§23.1,0.2777,#### Mercury (`PLN.MERCURY`)  | Dimension | Value | | --- | --- | | D1 Sign / Degree | Capricorn 00°50′11″ | | Nakshatra / Pada | Uttara Ashadha / 2 | | Abs Longitude | 270.84° | | Rashi House | 10 | ,175647a60dbd4740867395336cab8e09,01_FACTS_LAYER/FORENSIC_ASTROLOGICAL_DATA_v8_0.md,§15.1,0.2958,### §15.1 Panchang at Birth — v8.0 Updated  <!-- [v8.0 UPDATE]: Yoga = Shiva confirmed in both v6.0 and JH. JH additionally identifies Mercury as Yoga Lord (57.13% of Yoga remaining at birth). This is,d3c1ac677a899a2d0cdc5c3f044ca6d2,01_FACTS_LAYER/FORENSIC_ASTROLOGICAL_DATA_v8_0.md,§11.3,0.2978,### §11.3 Yogi / Avayogi  | ID | Field | Value | | --- | --- | --- | | `YOG.FORMULA` | Formula | Sun_abs + Moon_abs + 93°20′ mod 360 | | `YOG.INPUT.SUN` | Sun Abs Long | 291.96° | | `YOG.INPUT.MOON` |,1,
SIG.MSR.098,wealth,MOON,Vasi Yoga — Moon in 2nd from Sun (Aquarius),c931151d617e1758464fb08133424f5f,01_FACTS_LAYER/FORENSIC_ASTROLOGICAL_DATA_v8_0.md,§23.1,0.2904,#### Moon (`PLN.MOON`)  | Dimension | Value | | --- | --- | | D1 Sign / Degree | Aquarius 27°02′48″ | | Nakshatra / Pada | Purva Bhadrapada / 3 | | Abs Longitude | 327.05° | | Rashi House | 11 | | Cha,d3c1ac677a899a2d0cdc5c3f044ca6d2,01_FACTS_LAYER/FORENSIC_ASTROLOGICAL_DATA_v8_0.md,§11.3,0.2948,### §11.3 Yogi / Avayogi  | ID | Field | Value | | --- | --- | --- | | `YOG.FORMULA` | Formula | Sun_abs + Moon_abs + 93°20′ mod 360 | | `YOG.INPUT.SUN` | Sun Abs Long | 291.96° | | `YOG.INPUT.MOON` |,fcf469e1354fc3204e32f0d80dc1d1a2,01_FACTS_LAYER/FORENSIC_ASTROLOGICAL_DATA_v8_0.md,§2.1,0.3113,### §2.1 D1 Planet Positions  | ID | Planet | Sign | Degree | Nakshatra | Pada | Abs Long (°) | Rashi House | Chalit House | | --- | --- | --- | --- | --- | --- | --- | --- | --- | | `PLN.SUN` | Sun |,1,
SIG.MSR.099,wealth,JUPITER,Vesi Yoga — Jupiter + Venus in 12th from Sun (Sagittarius),d3c1ac677a899a2d0cdc5c3f044ca6d2,01_FACTS_LAYER/FORENSIC_ASTROLOGICAL_DATA_v8_0.md,§11.3,0.2896,### §11.3 Yogi / Avayogi  | ID | Field | Value | | --- | --- | --- | | `YOG.FORMULA` | Formula | Sun_abs + Moon_abs + 93°20′ mod 360 | | `YOG.INPUT.SUN` | Sun Abs Long | 291.96° | | `YOG.INPUT.MOON` |,835bf9f897fc9d3a5af3927297d8c363,01_FACTS_LAYER/FORENSIC_ASTROLOGICAL_DATA_v8_0.md,§26.2,0.2934,### §26.2 D-9 Navamsa Yogas  | ID | Yoga | Type | Key Configuration | Note | | --- | --- | --- | --- | --- | | `YGA.D9.GAJAKESARI` | Gaja-Kesari Yoga (D9) | Famous / virtuous | Jupiter and Moon both i,f8fe9a055f29e6e4f4f2b9217b97aa88,01_FACTS_LAYER/FORENSIC_ASTROLOGICAL_DATA_v8_0.md,§26.3,0.3004,### §26.3 D-10 Dashamsha Yogas  | ID | Yoga | Type | Key Configuration | Note | | --- | --- | --- | --- | --- | | `YGA.D10.SARALA` | Sarala Viparita Raja Yoga | Power from upheaval | 8L in 8H in D10 —,1,
SIG.MSR.100,career,SUN,Ubhayachari Yoga — Planets Both Sides of Sun (Vasi + Vesi Simultaneous),d3c1ac677a899a2d0cdc5c3f044ca6d2,01_FACTS_LAYER/FORENSIC_ASTROLOGICAL_DATA_v8_0.md,§11.3,0.2556,### §11.3 Yogi / Avayogi  | ID | Field | Value | | --- | --- | --- | | `YOG.FORMULA` | Formula | Sun_abs + Moon_abs + 93°20′ mod 360 | | `YOG.INPUT.SUN` | Sun Abs Long | 291.96° | | `YOG.INPUT.MOON` |,e234963a92f5ed814536db611815c882,01_FACTS_LAYER/FORENSIC_ASTROLOGICAL_DATA_v8_0.md,§9.1,0.2993,### §9.1 Jagratadi / Baladi / Deeptadi States  | ID | Planet | Role | Jagratadi | Baladi | Deeptadi | | --- | --- | --- | --- | --- | --- | | `AVS.MERCURY` | Mercury | Current Vimshottari MD Lord | Su,175647a60dbd4740867395336cab8e09,01_FACTS_LAYER/FORENSIC_ASTROLOGICAL_DATA_v8_0.md,§15.1,0.3044,### §15.1 Panchang at Birth — v8.0 Updated  <!-- [v8.0 UPDATE]: Yoga = Shiva confirmed in both v6.0 and JH. JH additionally identifies Mercury as Yoga Lord (57.13% of Yoga remaining at birth). This is,1,
SIG.MSR.101,career,MERCURY,Bhadra Yoga — Mercury in Kendra (10H) in Friend's Sign,c0fff74c31aa2d277c40bb2800359e73,01_FACTS_LAYER/FORENSIC_ASTROLOGICAL_DATA_v8_0.md,§23.1,0.2693,#### Mercury (`PLN.MERCURY`)  | Dimension | Value | | --- | --- | | D1 Sign / Degree | Capricorn 00°50′11″ | | Nakshatra / Pada | Uttara Ashadha / 2 | | Abs Longitude | 270.84° | | Rashi House | 10 | ,07746c57c9b49a44649d2584355e8c7d,01_FACTS_LAYER/FORENSIC_ASTROLOGICAL_DATA_v8_0.md,§26.5,0.2870,"### §26.5 Mercury Eight-System Convergence  <!-- [v8.0 architectural note — replaces ""Seven-System"" framing from MSR.413]:      Mercury accumulates 8 system-designations:      1. Current Vimshottari M",,,,0.0000,,1,
SIG.MSR.102,wealth,VENUS,Dhana Yoga — 2L + 11L Relationship (Venus + Saturn),7e3eef559eb3ac6793930b6c5b5a8619,01_FACTS_LAYER/FORENSIC_ASTROLOGICAL_DATA_v8_0.md,§23.1,0.2692,#### Saturn (`PLN.SATURN`)  | Dimension | Value | | --- | --- | | D1 Sign / Degree | Libra 22°27′04″ | | Nakshatra / Pada | Vishakha / 1 | | Abs Longitude | 202.45° | | Rashi House | 7 | | Chalit Hous,4325e2cd4edfb043c12c5da9e8220576,01_FACTS_LAYER/FORENSIC_ASTROLOGICAL_DATA_v8_0.md,§3.6,0.2693,### §3.6 D10 — Dashamsha (Career / Status)  | ID | Body | D10 Sign | D10 House | | --- | --- | --- | --- | | `D10.LAGNA` | D10 Lagna | Leo | 1 | | `D10.SUN` | Sun | Aries | 9 | | `D10.MOON` | Moon | S,9babdccd7813a9a1442f2166bd10f356,01_FACTS_LAYER/FORENSIC_ASTROLOGICAL_DATA_v8_0.md,§3.2,0.2712,"### §3.2 D3 — Drekkana (Decanate)  | ID | House | Sign | Planets | | --- | --- | --- | --- | | `D3.LAGNA` | 1 | Leo | Venus | | `D3.2` | 2 | Virgo | Sun, Rahu | | `D3.3` | 3 | Libra | (none) | | `D3.4",1,
SIG.MSR.103,wealth,SUN,Dhana Yoga — 5L + 9L (Sun + Jupiter) Relationship,835bf9f897fc9d3a5af3927297d8c363,01_FACTS_LAYER/FORENSIC_ASTROLOGICAL_DATA_v8_0.md,§26.2,0.2509,### §26.2 D-9 Navamsa Yogas  | ID | Yoga | Type | Key Configuration | Note | | --- | --- | --- | --- | --- | | `YGA.D9.GAJAKESARI` | Gaja-Kesari Yoga (D9) | Famous / virtuous | Jupiter and Moon both i,f8fe9a055f29e6e4f4f2b9217b97aa88,01_FACTS_LAYER/FORENSIC_ASTROLOGICAL_DATA_v8_0.md,§26.3,0.2583,### §26.3 D-10 Dashamsha Yogas  | ID | Yoga | Type | Key Configuration | Note | | --- | --- | --- | --- | --- | | `YGA.D10.SARALA` | Sarala Viparita Raja Yoga | Power from upheaval | 8L in 8H in D10 —,,,,0.0000,,1,
SIG.MSR.104,wealth,JUPITER,Dhana Yoga — 9L in Own-Sign (Jupiter Self-Sustaining Fortune),835bf9f897fc9d3a5af3927297d8c363,01_FACTS_LAYER/FORENSIC_ASTROLOGICAL_DATA_v8_0.md,§26.2,0.2410,### §26.2 D-9 Navamsa Yogas  | ID | Yoga | Type | Key Configuration | Note | | --- | --- | --- | --- | --- | | `YGA.D9.GAJAKESARI` | Gaja-Kesari Yoga (D9) | Famous / virtuous | Jupiter and Moon both i,f8fe9a055f29e6e4f4f2b9217b97aa88,01_FACTS_LAYER/FORENSIC_ASTROLOGICAL_DATA_v8_0.md,§26.3,0.2508,### §26.3 D-10 Dashamsha Yogas  | ID | Yoga | Type | Key Configuration | Note | | --- | --- | --- | --- | --- | | `YGA.D10.SARALA` | Sarala Viparita Raja Yoga | Power from upheaval | 8L in 8H in D10 —,,,,0.0000,,1,
SIG.MSR.105,wealth,SUN,Dhana Yoga — 5L Sun in 10H Kendra (Intelligence-Career Wealth Link),4325e2cd4edfb043c12c5da9e8220576,01_FACTS_LAYER/FORENSIC_ASTROLOGICAL_DATA_v8_0.md,§3.6,0.2565,### §3.6 D10 — Dashamsha (Career / Status)  | ID | Body | D10 Sign | D10 House | | --- | --- | --- | --- | | `D10.LAGNA` | D10 Lagna | Leo | 1 | | `D10.SUN` | Sun | Aries | 9 | | `D10.MOON` | Moon | S,f8fe9a055f29e6e4f4f2b9217b97aa88,01_FACTS_LAYER/FORENSIC_ASTROLOGICAL_DATA_v8_0.md,§26.3,0.2637,### §26.3 D-10 Dashamsha Yogas  | ID | Yoga | Type | Key Configuration | Note | | --- | --- | --- | --- | --- | | `YGA.D10.SARALA` | Sarala Viparita Raja Yoga | Power from upheaval | 8L in 8H in D10 —,,,,0.0000,,1,
SIG.MSR.106,career,MARS,Raja Yoga — 1L + 10L Conjunction (Mars + Saturn in 7H),f8fe9a055f29e6e4f4f2b9217b97aa88,01_FACTS_LAYER/FORENSIC_ASTROLOGICAL_DATA_v8_0.md,§26.3,0.2654,### §26.3 D-10 Dashamsha Yogas  | ID | Yoga | Type | Key Configuration | Note | | --- | --- | --- | --- | --- | | `YGA.D10.SARALA` | Sarala Viparita Raja Yoga | Power from upheaval | 8L in 8H in D10 —,,,,0.0000,,,,,0.0000,,1,
SIG.MSR.107,career,JUPITER,Raja Yoga — 9L + 10L Relationship (Jupiter + Saturn),835bf9f897fc9d3a5af3927297d8c363,01_FACTS_LAYER/FORENSIC_ASTROLOGICAL_DATA_v8_0.md,§26.2,0.2460,### §26.2 D-9 Navamsa Yogas  | ID | Yoga | Type | Key Configuration | Note | | --- | --- | --- | --- | --- | | `YGA.D9.GAJAKESARI` | Gaja-Kesari Yoga (D9) | Famous / virtuous | Jupiter and Moon both i,d55e96f1cfb9c5963bd6241c6eb8947e,01_FACTS_LAYER/FORENSIC_ASTROLOGICAL_DATA_v8_0.md,§23.1,0.2530,#### Jupiter (`PLN.JUPITER`)  | Dimension | Value | | --- | --- | | D1 Sign / Degree | Sagittarius 09°48′28″ | | Nakshatra / Pada | Moola / 3 | | Abs Longitude | 249.81° | | Rashi House | 9 | | Chalit,f8fe9a055f29e6e4f4f2b9217b97aa88,01_FACTS_LAYER/FORENSIC_ASTROLOGICAL_DATA_v8_0.md,§26.3,0.2587,### §26.3 D-10 Dashamsha Yogas  | ID | Yoga | Type | Key Configuration | Note | | --- | --- | --- | --- | --- | | `YGA.D10.SARALA` | Sarala Viparita Raja Yoga | Power from upheaval | 8L in 8H in D10 —,1,
SIG.MSR.108,career,SUN,Raja Yoga — 5L + 9L (Sun + Jupiter) Trikona-Trikona,835bf9f897fc9d3a5af3927297d8c363,01_FACTS_LAYER/FORENSIC_ASTROLOGICAL_DATA_v8_0.md,§26.2,0.2573,### §26.2 D-9 Navamsa Yogas  | ID | Yoga | Type | Key Configuration | Note | | --- | --- | --- | --- | --- | | `YGA.D9.GAJAKESARI` | Gaja-Kesari Yoga (D9) | Famous / virtuous | Jupiter and Moon both i,8b9070e97dbaf3363145b7d172d26790,01_FACTS_LAYER/FORENSIC_ASTROLOGICAL_DATA_v8_0.md,§26.1,0.2741,### §26.1 D-1 Rashi Yogas  | ID | Yoga | Type | Key Planets / Houses | Note | | --- | --- | --- | --- | --- | | `YGA.D1.KALPADRUMA` | Kalpadruma / Parijata Yoga | Major royal yoga | Atmakaraka Moon; d,,,,0.0000,,1,
SIG.MSR.109,career,MOON,Raja Yoga — 4L + 1L (Moon + Mars) Angular Relationship,369e3d9f927823c5422f3738795455a2,01_FACTS_LAYER/FORENSIC_ASTROLOGICAL_DATA_v8_0.md,§0,0.2793,"## §0 — DOCUMENT INDEX AND USAGE  <!-- LLM USAGE NOTES: - This file is the SINGLE canonical L1 source. Do NOT consult v6.0 or the SUPPLEMENT separately — they are SUPERSEDED. - Every table, planet, ho",d3c1ac677a899a2d0cdc5c3f044ca6d2,01_FACTS_LAYER/FORENSIC_ASTROLOGICAL_DATA_v8_0.md,§11.3,0.2983,### §11.3 Yogi / Avayogi  | ID | Field | Value | | --- | --- | --- | | `YOG.FORMULA` | Formula | Sun_abs + Moon_abs + 93°20′ mod 360 | | `YOG.INPUT.SUN` | Sun Abs Long | 291.96° | | `YOG.INPUT.MOON` |,,,,0.0000,,1,
SIG.MSR.110,career,MOON,Kahala Yoga — 4L + 9L Strong; Lagnesh Strong,835bf9f897fc9d3a5af3927297d8c363,01_FACTS_LAYER/FORENSIC_ASTROLOGICAL_DATA_v8_0.md,§26.2,0.3131,### §26.2 D-9 Navamsa Yogas  | ID | Yoga | Type | Key Configuration | Note | | --- | --- | --- | --- | --- | | `YGA.D9.GAJAKESARI` | Gaja-Kesari Yoga (D9) | Famous / virtuous | Jupiter and Moon both i,369e3d9f927823c5422f3738795455a2,01_FACTS_LAYER/FORENSIC_ASTROLOGICAL_DATA_v8_0.md,§0,0.3161,"## §0 — DOCUMENT INDEX AND USAGE  <!-- LLM USAGE NOTES: - This file is the SINGLE canonical L1 source. Do NOT consult v6.0 or the SUPPLEMENT separately — they are SUPERSEDED. - Every table, planet, ho",8b9070e97dbaf3363145b7d172d26790,01_FACTS_LAYER/FORENSIC_ASTROLOGICAL_DATA_v8_0.md,§26.1,0.3178,### §26.1 D-1 Rashi Yogas  | ID | Yoga | Type | Key Planets / Houses | Note | | --- | --- | --- | --- | --- | | `YGA.D1.KALPADRUMA` | Kalpadruma / Parijata Yoga | Major royal yoga | Atmakaraka Moon; d,1,
SIG.MSR.111,career,MOON,"Amala Yoga Near-Miss — 10th from Moon Has Ketu (Malefic), Not Pure",8aabb6f2376b8a478262c58c5b29116c,01_FACTS_LAYER/FORENSIC_ASTROLOGICAL_DATA_v8_0.md,§3.13,0.2877,### §3.13 D45 — Akshavedamsa (Spiritual Purity)  | ID | House | Sign | Planets | | --- | --- | --- | --- | | `D45.LAGNA` | 1 | Libra | Neptune | | `D45.2` | 2 | Scorpio | (none) | | `D45.3` | 3 | Sagi,c931151d617e1758464fb08133424f5f,01_FACTS_LAYER/FORENSIC_ASTROLOGICAL_DATA_v8_0.md,§23.1,0.2905,#### Moon (`PLN.MOON`)  | Dimension | Value | | --- | --- | | D1 Sign / Degree | Aquarius 27°02′48″ | | Nakshatra / Pada | Purva Bhadrapada / 3 | | Abs Longitude | 327.05° | | Rashi House | 11 | | Cha,f8fe9a055f29e6e4f4f2b9217b97aa88,01_FACTS_LAYER/FORENSIC_ASTROLOGICAL_DATA_v8_0.md,§26.3,0.2995,### §26.3 D-10 Dashamsha Yogas  | ID | Yoga | Type | Key Configuration | Note | | --- | --- | --- | --- | --- | | `YGA.D10.SARALA` | Sarala Viparita Raja Yoga | Power from upheaval | 8L in 8H in D10 —,1,
SIG.MSR.112,unknown,RAHU,Kala Sarpa Yoga — ABSENT (Planets on Both Sides of Nodal Axis),6274fb06a2cf335937ed23b991055fc9,01_FACTS_LAYER/FORENSIC_ASTROLOGICAL_DATA_v8_0.md,§8,0.2957,## §8 — SATURN KAKSHYA ZONES (DERIVED)  <!-- Saturn transit Pisces 2025-03-30 through 2028-02-23. -->  | ID | Zone | Degree Range | Ruler | Status | | --- | --- | --- | --- | --- | | `KAK.PISCES.Z1` |,8aabb6f2376b8a478262c58c5b29116c,01_FACTS_LAYER/FORENSIC_ASTROLOGICAL_DATA_v8_0.md,§3.13,0.2980,### §3.13 D45 — Akshavedamsa (Spiritual Purity)  | ID | House | Sign | Planets | | --- | --- | --- | --- | | `D45.LAGNA` | 1 | Libra | Neptune | | `D45.2` | 2 | Scorpio | (none) | | `D45.3` | 3 | Sagi,1691db68c08bbba04031a7da16a6e1a5,01_FACTS_LAYER/FORENSIC_ASTROLOGICAL_DATA_v8_0.md,§10.2,0.3081,### §10.2 Sthira Karakas (Parashari Fixed)  | ID | Role | Sthira Karaka | Chara Karaka | Chara Karaka State (from §9) | | --- | --- | --- | --- | --- | | `KRK.S.ATMA` | Atma (Soul) | Sun | Moon | Susu,1,
SIG.MSR.113,children,JUPITER,"Gajakesari Yoga — ABSENT Natally (Jupiter 11th from Moon, Not Kendra)",8b9070e97dbaf3363145b7d172d26790,01_FACTS_LAYER/FORENSIC_ASTROLOGICAL_DATA_v8_0.md,§26.1,0.2731,### §26.1 D-1 Rashi Yogas  | ID | Yoga | Type | Key Planets / Houses | Note | | --- | --- | --- | --- | --- | | `YGA.D1.KALPADRUMA` | Kalpadruma / Parijata Yoga | Major royal yoga | Atmakaraka Moon; d,835bf9f897fc9d3a5af3927297d8c363,01_FACTS_LAYER/FORENSIC_ASTROLOGICAL_DATA_v8_0.md,§26.2,0.2810,### §26.2 D-9 Navamsa Yogas  | ID | Yoga | Type | Key Configuration | Note | | --- | --- | --- | --- | --- | | `YGA.D9.GAJAKESARI` | Gaja-Kesari Yoga (D9) | Famous / virtuous | Jupiter and Moon both i,d3c1ac677a899a2d0cdc5c3f044ca6d2,01_FACTS_LAYER/FORENSIC_ASTROLOGICAL_DATA_v8_0.md,§11.3,0.2892,### §11.3 Yogi / Avayogi  | ID | Field | Value | | --- | --- | --- | | `YOG.FORMULA` | Formula | Sun_abs + Moon_abs + 93°20′ mod 360 | | `YOG.INPUT.SUN` | Sun Abs Long | 291.96° | | `YOG.INPUT.MOON` |,1,
SIG.MSR.114,career,SATURN,Uchcha Graha Yoga — Three Exalted Planets (Saturn + Rahu + Ketu) Simultaneously,8b9070e97dbaf3363145b7d172d26790,01_FACTS_LAYER/FORENSIC_ASTROLOGICAL_DATA_v8_0.md,§26.1,0.2891,### §26.1 D-1 Rashi Yogas  | ID | Yoga | Type | Key Planets / Houses | Note | | --- | --- | --- | --- | --- | | `YGA.D1.KALPADRUMA` | Kalpadruma / Parijata Yoga | Major royal yoga | Atmakaraka Moon; d,74b6cd7c73d35fbdbaccfe32018d261f,01_FACTS_LAYER/FORENSIC_ASTROLOGICAL_DATA_v8_0.md,§26.4,0.3102,### §26.4 D-2 Hora Yogas  | ID | Yoga | Type | Key Configuration | Note | | --- | --- | --- | --- | --- | | `YGA.D2.MAHA_YOGADA` | Maha Yogada | Power / authority / wealth | Specific AK + lagna lord c,,,,0.0000,,1,
SIG.MSR.115,spirit,MERCURY,Parvatayoga Near-Miss — 6L + 12L Strong But Not Mutual Kendra,8b9070e97dbaf3363145b7d172d26790,01_FACTS_LAYER/FORENSIC_ASTROLOGICAL_DATA_v8_0.md,§26.1,0.3209,### §26.1 D-1 Rashi Yogas  | ID | Yoga | Type | Key Planets / Houses | Note | | --- | --- | --- | --- | --- | | `YGA.D1.KALPADRUMA` | Kalpadruma / Parijata Yoga | Major royal yoga | Atmakaraka Moon; d,23317c94228b8e00d05367f23c3e6c89,01_FACTS_LAYER/FORENSIC_ASTROLOGICAL_DATA_v8_0.md,§12.1,0.3253,"### §12.1 Special Lagnas — v8.0 Corrected (JH Authoritative)  <!-- [v8.0 CRITICAL CORRECTION]: v6.0 §12.1 contained computational errors in four of six special lagnas.      Hora Lagna, Ghati Lagna, Va",,,,0.0000,,1,
SIG.MSR.116,career,MARS,Vipreet Raja Yoga — 8L Mars in 7H (Near-Dusthana Configuration),71433979eee9932c2f958170a8b576e6,01_FACTS_LAYER/FORENSIC_ASTROLOGICAL_DATA_v8_0.md,§23.1,0.2537,#### Mars (`PLN.MARS`)  | Dimension | Value | | --- | --- | | D1 Sign / Degree | Libra 18°31′38″ | | Nakshatra / Pada | Swati / 4 | | Abs Longitude | 198.53° | | Rashi House | 7 | | Chalit House | 7 |,f8fe9a055f29e6e4f4f2b9217b97aa88,01_FACTS_LAYER/FORENSIC_ASTROLOGICAL_DATA_v8_0.md,§26.3,0.2644,### §26.3 D-10 Dashamsha Yogas  | ID | Yoga | Type | Key Configuration | Note | | --- | --- | --- | --- | --- | | `YGA.D10.SARALA` | Sarala Viparita Raja Yoga | Power from upheaval | 8L in 8H in D10 —,07746c57c9b49a44649d2584355e8c7d,01_FACTS_LAYER/FORENSIC_ASTROLOGICAL_DATA_v8_0.md,§26.5,0.2776,"### §26.5 Mercury Eight-System Convergence  <!-- [v8.0 architectural note — replaces ""Seven-System"" framing from MSR.413]:      Mercury accumulates 8 system-designations:      1. Current Vimshottari M",1,
SIG.MSR.117,unknown,JUPITER,Hamsa Yoga Near-Miss — Jupiter in 9H (Trikona) Not Kendra,835bf9f897fc9d3a5af3927297d8c363,01_FACTS_LAYER/FORENSIC_ASTROLOGICAL_DATA_v8_0.md,§26.2,0.2579,### §26.2 D-9 Navamsa Yogas  | ID | Yoga | Type | Key Configuration | Note | | --- | --- | --- | --- | --- | | `YGA.D9.GAJAKESARI` | Gaja-Kesari Yoga (D9) | Famous / virtuous | Jupiter and Moon both i,8b9070e97dbaf3363145b7d172d26790,01_FACTS_LAYER/FORENSIC_ASTROLOGICAL_DATA_v8_0.md,§26.1,0.2624,### §26.1 D-1 Rashi Yogas  | ID | Yoga | Type | Key Planets / Houses | Note | | --- | --- | --- | --- | --- | | `YGA.D1.KALPADRUMA` | Kalpadruma / Parijata Yoga | Major royal yoga | Atmakaraka Moon; d,f8fe9a055f29e6e4f4f2b9217b97aa88,01_FACTS_LAYER/FORENSIC_ASTROLOGICAL_DATA_v8_0.md,§26.3,0.2671,### §26.3 D-10 Dashamsha Yogas  | ID | Yoga | Type | Key Configuration | Note | | --- | --- | --- | --- | --- | | `YGA.D10.SARALA` | Sarala Viparita Raja Yoga | Power from upheaval | 8L in 8H in D10 —,1,
SIG.MSR.118,unknown,MARS,"Ruchaka Yoga — ABSENT (Mars in Enemy Sign, Not Own/Exalted in Kendra)",8b9070e97dbaf3363145b7d172d26790,01_FACTS_LAYER/FORENSIC_ASTROLOGICAL_DATA_v8_0.md,§26.1,0.2960,### §26.1 D-1 Rashi Yogas  | ID | Yoga | Type | Key Planets / Houses | Note | | --- | --- | --- | --- | --- | | `YGA.D1.KALPADRUMA` | Kalpadruma / Parijata Yoga | Major royal yoga | Atmakaraka Moon; d,6440a2ddbd5c47cc1280d6e702f33372,01_FACTS_LAYER/FORENSIC_ASTROLOGICAL_DATA_v8_0.md,§3.12,0.2992,### §3.12 D40 — Khavedamsa (Auspiciousness / Misfortune)  | ID | House | Sign | Planets | | --- | --- | --- | --- | | `D40.LAGNA` | 1 | Virgo | Saturn | | `D40.2` | 2 | Libra | (none) | | `D40.3` | 3 ,71433979eee9932c2f958170a8b576e6,01_FACTS_LAYER/FORENSIC_ASTROLOGICAL_DATA_v8_0.md,§23.1,0.3027,#### Mars (`PLN.MARS`)  | Dimension | Value | | --- | --- | | D1 Sign / Degree | Libra 18°31′38″ | | Nakshatra / Pada | Swati / 4 | | Abs Longitude | 198.53° | | Rashi House | 7 | | Chalit House | 7 |,1,
SIG.MSR.119,unknown,VENUS,Malavya Yoga — ABSENT (Venus Not in Own/Exalted in Kendra),d3c1ac677a899a2d0cdc5c3f044ca6d2,01_FACTS_LAYER/FORENSIC_ASTROLOGICAL_DATA_v8_0.md,§11.3,0.2966,### §11.3 Yogi / Avayogi  | ID | Field | Value | | --- | --- | --- | | `YOG.FORMULA` | Formula | Sun_abs + Moon_abs + 93°20′ mod 360 | | `YOG.INPUT.SUN` | Sun Abs Long | 291.96° | | `YOG.INPUT.MOON` |,8b9070e97dbaf3363145b7d172d26790,01_FACTS_LAYER/FORENSIC_ASTROLOGICAL_DATA_v8_0.md,§26.1,0.3057,### §26.1 D-1 Rashi Yogas  | ID | Yoga | Type | Key Planets / Houses | Note | | --- | --- | --- | --- | --- | | `YGA.D1.KALPADRUMA` | Kalpadruma / Parijata Yoga | Major royal yoga | Atmakaraka Moon; d,,,,0.0000,,1,
SIG.MSR.120,mind,SUN,Surya-Chandra Yoga — Sun-Moon 30° Apart (Sukla Paksha Waning Context),fcf469e1354fc3204e32f0d80dc1d1a2,01_FACTS_LAYER/FORENSIC_ASTROLOGICAL_DATA_v8_0.md,§2.1,0.3104,### §2.1 D1 Planet Positions  | ID | Planet | Sign | Degree | Nakshatra | Pada | Abs Long (°) | Rashi House | Chalit House | | --- | --- | --- | --- | --- | --- | --- | --- | --- | | `PLN.SUN` | Sun |,8b9070e97dbaf3363145b7d172d26790,01_FACTS_LAYER/FORENSIC_ASTROLOGICAL_DATA_v8_0.md,§26.1,0.3131,### §26.1 D-1 Rashi Yogas  | ID | Yoga | Type | Key Planets / Houses | Note | | --- | --- | --- | --- | --- | | `YGA.D1.KALPADRUMA` | Kalpadruma / Parijata Yoga | Major royal yoga | Atmakaraka Moon; d,aca29b898fb6de4c81e3af2e4b6934a2,01_FACTS_LAYER/FORENSIC_ASTROLOGICAL_DATA_v8_0.md,§23.1,0.3157,#### Sun (`PLN.SUN`)  | Dimension | Value | | --- | --- | | D1 Sign / Degree | Capricorn 21°57′35″ | | Nakshatra / Pada | Shravana / 4 | | Abs Longitude | 291.96° | | Rashi House | 10 | | Chalit House,1,
SIG.MSR.121,career,SUN,Panchadhyayi Yoga — Five Planets in Two Signs (Cap+Aqu+Lib+Sag = Concentrated),175647a60dbd4740867395336cab8e09,01_FACTS_LAYER/FORENSIC_ASTROLOGICAL_DATA_v8_0.md,§15.1,0.2806,### §15.1 Panchang at Birth — v8.0 Updated  <!-- [v8.0 UPDATE]: Yoga = Shiva confirmed in both v6.0 and JH. JH additionally identifies Mercury as Yoga Lord (57.13% of Yoga remaining at birth). This is,369e3d9f927823c5422f3738795455a2,01_FACTS_LAYER/FORENSIC_ASTROLOGICAL_DATA_v8_0.md,§0,0.2894,"## §0 — DOCUMENT INDEX AND USAGE  <!-- LLM USAGE NOTES: - This file is the SINGLE canonical L1 source. Do NOT consult v6.0 or the SUPPLEMENT separately — they are SUPERSEDED. - Every table, planet, ho",3f8a340ab244698b10ed31026eb9c620,01_FACTS_LAYER/FORENSIC_ASTROLOGICAL_DATA_v8_0.md,§16.1,0.2952,### §16.1 Classical Vedic Aspects (Graha Drishti)  | ID | Planet | From Sign | Aspect Rays | | --- | --- | --- | --- | | `ASP.G.SUN` | Sun | Capricorn | 7th on Cancer | | `ASP.G.MOON` | Moon | Aquariu,1,
SIG.MSR.122,career,JUPITER,Akhanda Samrajya Yoga — Jupiter as Lord of 2/5/11 + Kendra Lord Strong,8b9070e97dbaf3363145b7d172d26790,01_FACTS_LAYER/FORENSIC_ASTROLOGICAL_DATA_v8_0.md,§26.1,0.2596,### §26.1 D-1 Rashi Yogas  | ID | Yoga | Type | Key Planets / Houses | Note | | --- | --- | --- | --- | --- | | `YGA.D1.KALPADRUMA` | Kalpadruma / Parijata Yoga | Major royal yoga | Atmakaraka Moon; d,74b6cd7c73d35fbdbaccfe32018d261f,01_FACTS_LAYER/FORENSIC_ASTROLOGICAL_DATA_v8_0.md,§26.4,0.2690,### §26.4 D-2 Hora Yogas  | ID | Yoga | Type | Key Configuration | Note | | --- | --- | --- | --- | --- | | `YGA.D2.MAHA_YOGADA` | Maha Yogada | Power / authority / wealth | Specific AK + lagna lord c,175647a60dbd4740867395336cab8e09,01_FACTS_LAYER/FORENSIC_ASTROLOGICAL_DATA_v8_0.md,§15.1,0.2862,### §15.1 Panchang at Birth — v8.0 Updated  <!-- [v8.0 UPDATE]: Yoga = Shiva confirmed in both v6.0 and JH. JH additionally identifies Mercury as Yoga Lord (57.13% of Yoga remaining at birth). This is,1,
SIG.MSR.123,career,MARS,Dur Yoga — Lagna Lord in Enemy Sign + 6th from Lagna Lord (Mars),640b9a557bd93e286fddce8c9aba7dcb,01_FACTS_LAYER/FORENSIC_ASTROLOGICAL_DATA_v8_0.md,§3.11,0.2541,### §3.11 D30 — Trimsamsa (Misfortune / Evils)  | ID | House | Sign | Planets | | --- | --- | --- | --- | | `D30.LAGNA` | 1 | Capricorn | Sun | | `D30.2` | 2 | Aquarius | Jupiter | | `D30.3` | 3 | Pis,dd2769bbdb08893a9ab7e9c596a48e0e,01_FACTS_LAYER/FORENSIC_ASTROLOGICAL_DATA_v8_0.md,§3.14,0.2586,"### §3.14 D60 — Shashtyamsa (Past Karma)  | ID | House | Sign | Planets | | --- | --- | --- | --- | | `D60.LAGNA` | 1 | Gemini | Saturn | | `D60.2` | 2 | Cancer | Rahu, Jupiter | | `D60.3` | 3 | Leo |",c0637d9f80ab91857b96b67496430b84,01_FACTS_LAYER/FORENSIC_ASTROLOGICAL_DATA_v8_0.md,§13.1,0.2622,### §13.1 Arudha Placements  | ID | Arudha | Computed Sign | Computed House (from D1 Lagna) | D1 Tenants | Derivation | | --- | --- | --- | --- | --- | --- | | `ARD.AL` | Arudha Lagna (AL) | Capricorn,1,
SIG.MSR.124,unknown,MOON,Durudhura Yoga — ABSENT (No Planets on Both Sides of Moon),8b9070e97dbaf3363145b7d172d26790,01_FACTS_LAYER/FORENSIC_ASTROLOGICAL_DATA_v8_0.md,§26.1,0.2963,### §26.1 D-1 Rashi Yogas  | ID | Yoga | Type | Key Planets / Houses | Note | | --- | --- | --- | --- | --- | | `YGA.D1.KALPADRUMA` | Kalpadruma / Parijata Yoga | Major royal yoga | Atmakaraka Moon; d,d3c1ac677a899a2d0cdc5c3f044ca6d2,01_FACTS_LAYER/FORENSIC_ASTROLOGICAL_DATA_v8_0.md,§11.3,0.3027,### §11.3 Yogi / Avayogi  | ID | Field | Value | | --- | --- | --- | | `YOG.FORMULA` | Formula | Sun_abs + Moon_abs + 93°20′ mod 360 | | `YOG.INPUT.SUN` | Sun Abs Long | 291.96° | | `YOG.INPUT.MOON` |,8aabb6f2376b8a478262c58c5b29116c,01_FACTS_LAYER/FORENSIC_ASTROLOGICAL_DATA_v8_0.md,§3.13,0.3070,### §3.13 D45 — Akshavedamsa (Spiritual Purity)  | ID | House | Sign | Planets | | --- | --- | --- | --- | | `D45.LAGNA` | 1 | Libra | Neptune | | `D45.2` | 2 | Scorpio | (none) | | `D45.3` | 3 | Sagi,1,
SIG.MSR.125,unknown,MOON,Chandra Mangala Yoga — ABSENT Natally (Moon-Mars Not in Conjunction or Mutual Kendra),8b9070e97dbaf3363145b7d172d26790,01_FACTS_LAYER/FORENSIC_ASTROLOGICAL_DATA_v8_0.md,§26.1,0.2985,### §26.1 D-1 Rashi Yogas  | ID | Yoga | Type | Key Planets / Houses | Note | | --- | --- | --- | --- | --- | | `YGA.D1.KALPADRUMA` | Kalpadruma / Parijata Yoga | Major royal yoga | Atmakaraka Moon; d,175647a60dbd4740867395336cab8e09,01_FACTS_LAYER/FORENSIC_ASTROLOGICAL_DATA_v8_0.md,§15.1,0.3175,### §15.1 Panchang at Birth — v8.0 Updated  <!-- [v8.0 UPDATE]: Yoga = Shiva confirmed in both v6.0 and JH. JH additionally identifies Mercury as Yoga Lord (57.13% of Yoga remaining at birth). This is,,,,0.0000,,1,
SIG.MSR.126,spirit,JUPITER,Vipreet Lakshmi Yoga — Jupiter (12L) in 9H Own-Sign (12L Benefically Placed),835bf9f897fc9d3a5af3927297d8c363,01_FACTS_LAYER/FORENSIC_ASTROLOGICAL_DATA_v8_0.md,§26.2,0.2286,### §26.2 D-9 Navamsa Yogas  | ID | Yoga | Type | Key Configuration | Note | | --- | --- | --- | --- | --- | | `YGA.D9.GAJAKESARI` | Gaja-Kesari Yoga (D9) | Famous / virtuous | Jupiter and Moon both i,d55e96f1cfb9c5963bd6241c6eb8947e,01_FACTS_LAYER/FORENSIC_ASTROLOGICAL_DATA_v8_0.md,§23.1,0.2293,#### Jupiter (`PLN.JUPITER`)  | Dimension | Value | | --- | --- | | D1 Sign / Degree | Sagittarius 09°48′28″ | | Nakshatra / Pada | Moola / 3 | | Abs Longitude | 249.81° | | Rashi House | 9 | | Chalit,,,,0.0000,,1,
SIG.MSR.127,career,SATURN,Yoga Karaka for Aries Lagna — Saturn (Rules Both Kendra 10H and Trikona... wait — Saturn rules 10H and 11H),f8fe9a055f29e6e4f4f2b9217b97aa88,01_FACTS_LAYER/FORENSIC_ASTROLOGICAL_DATA_v8_0.md,§26.3,0.2186,### §26.3 D-10 Dashamsha Yogas  | ID | Yoga | Type | Key Configuration | Note | | --- | --- | --- | --- | --- | | `YGA.D10.SARALA` | Sarala Viparita Raja Yoga | Power from upheaval | 8L in 8H in D10 —,c0637d9f80ab91857b96b67496430b84,01_FACTS_LAYER/FORENSIC_ASTROLOGICAL_DATA_v8_0.md,§13.1,0.2330,### §13.1 Arudha Placements  | ID | Arudha | Computed Sign | Computed House (from D1 Lagna) | D1 Tenants | Derivation | | --- | --- | --- | --- | --- | --- | | `ARD.AL` | Arudha Lagna (AL) | Capricorn,8b9070e97dbaf3363145b7d172d26790,01_FACTS_LAYER/FORENSIC_ASTROLOGICAL_DATA_v8_0.md,§26.1,0.2379,### §26.1 D-1 Rashi Yogas  | ID | Yoga | Type | Key Planets / Houses | Note | | --- | --- | --- | --- | --- | | `YGA.D1.KALPADRUMA` | Kalpadruma / Parijata Yoga | Major royal yoga | Atmakaraka Moon; d,1,
SIG.MSR.128,career,JUPITER,Saraswati Yoga Extended — Third Angle Confirmation via All Three in Kendra/Trikona,74b6cd7c73d35fbdbaccfe32018d261f,01_FACTS_LAYER/FORENSIC_ASTROLOGICAL_DATA_v8_0.md,§26.4,0.3251,### §26.4 D-2 Hora Yogas  | ID | Yoga | Type | Key Configuration | Note | | --- | --- | --- | --- | --- | | `YGA.D2.MAHA_YOGADA` | Maha Yogada | Power / authority / wealth | Specific AK + lagna lord c,,,,0.0000,,,,,0.0000,,1,
SIG.MSR.129,wealth,RAHU,Dhana Yoga — Rahu in 2H Amplifies Accumulated Wealth (Unconventional),74b6cd7c73d35fbdbaccfe32018d261f,01_FACTS_LAYER/FORENSIC_ASTROLOGICAL_DATA_v8_0.md,§26.4,0.2932,### §26.4 D-2 Hora Yogas  | ID | Yoga | Type | Key Configuration | Note | | --- | --- | --- | --- | --- | | `YGA.D2.MAHA_YOGADA` | Maha Yogada | Power / authority / wealth | Specific AK + lagna lord c,cb29ffa3c7f05682e42a193022e72037,01_FACTS_LAYER/FORENSIC_ASTROLOGICAL_DATA_v8_0.md,§3.1,0.2951,"### §3.1 D2 — Hora (Wealth Division)  | ID | Hora Sign | Ruler | Planets | | --- | --- | --- | --- | | `D2.CANCER` | Cancer | Moon | Moon, Mars, Venus, Saturn, Mercury | | `D2.LEO` | Leo | Sun | Jupit",,,,0.0000,,1,
SIG.MSR.130,career,JUPITER,Composite Yoga — Saraswati + Lakshmi + Budh-Aditya Stack (Intelligence-Wealth-Dharma),74b6cd7c73d35fbdbaccfe32018d261f,01_FACTS_LAYER/FORENSIC_ASTROLOGICAL_DATA_v8_0.md,§26.4,0.2876,### §26.4 D-2 Hora Yogas  | ID | Yoga | Type | Key Configuration | Note | | --- | --- | --- | --- | --- | | `YGA.D2.MAHA_YOGADA` | Maha Yogada | Power / authority / wealth | Specific AK + lagna lord c,8b9070e97dbaf3363145b7d172d26790,01_FACTS_LAYER/FORENSIC_ASTROLOGICAL_DATA_v8_0.md,§26.1,0.3061,### §26.1 D-1 Rashi Yogas  | ID | Yoga | Type | Key Planets / Houses | Note | | --- | --- | --- | --- | --- | | `YGA.D1.KALPADRUMA` | Kalpadruma / Parijata Yoga | Major royal yoga | Atmakaraka Moon; d,f8fe9a055f29e6e4f4f2b9217b97aa88,01_FACTS_LAYER/FORENSIC_ASTROLOGICAL_DATA_v8_0.md,§26.3,0.3123,### §26.3 D-10 Dashamsha Yogas  | ID | Yoga | Type | Key Configuration | Note | | --- | --- | --- | --- | --- | | `YGA.D10.SARALA` | Sarala Viparita Raja Yoga | Power from upheaval | 8L in 8H in D10 —,1,
SIG.MSR.131,career,SATURN,Composite Yoga — Sasha + Hidden Raja Stack (Authority Through Structural Tension),74b6cd7c73d35fbdbaccfe32018d261f,01_FACTS_LAYER/FORENSIC_ASTROLOGICAL_DATA_v8_0.md,§26.4,0.3021,### §26.4 D-2 Hora Yogas  | ID | Yoga | Type | Key Configuration | Note | | --- | --- | --- | --- | --- | | `YGA.D2.MAHA_YOGADA` | Maha Yogada | Power / authority / wealth | Specific AK + lagna lord c,,,,0.0000,,,,,0.0000,,1,
SIG.MSR.132,career,MERCURY,Yoga Timing — All Major Yogas Become Active During Mercury MD (2010–2027),175647a60dbd4740867395336cab8e09,01_FACTS_LAYER/FORENSIC_ASTROLOGICAL_DATA_v8_0.md,§15.1,0.2610,### §15.1 Panchang at Birth — v8.0 Updated  <!-- [v8.0 UPDATE]: Yoga = Shiva confirmed in both v6.0 and JH. JH additionally identifies Mercury as Yoga Lord (57.13% of Yoga remaining at birth). This is,07746c57c9b49a44649d2584355e8c7d,01_FACTS_LAYER/FORENSIC_ASTROLOGICAL_DATA_v8_0.md,§26.5,0.2872,"### §26.5 Mercury Eight-System Convergence  <!-- [v8.0 architectural note — replaces ""Seven-System"" framing from MSR.413]:      Mercury accumulates 8 system-designations:      1. Current Vimshottari M",caea00379c96fc08f376b4db37fdb8d3,01_FACTS_LAYER/FORENSIC_ASTROLOGICAL_DATA_v8_0.md,§5.2,0.2939,### §5.2 Yogini Dasha  | ID | Yogini | Ruler | Duration | Start | End | | --- | --- | --- | --- | --- | --- | | `DSH.Y.001` | Bhramari | Mars | Balance | 1984-02-05 | 1985-12-22 | | `DSH.Y.002` | Bhad,1,
SIG.MSR.133,career,SATURN,Yoga Timing — All Sasha + Hidden Raja Yogas Peak During Saturn AD (2024–2027),0dac7b3be919024c98910483771f6c8d,01_FACTS_LAYER/FORENSIC_ASTROLOGICAL_DATA_v8_0.md,§21,0.2580,## §21 — SADE SATI — SATURNINE TRANSIT (FACTS)  | ID | Cycle | Saturn Sign | Start | End | Phase | | --- | --- | --- | --- | --- | --- | | `TRS.SS.C2.P1` | Cycle 2 | Capricorn | 2020-01-24 | 2022-04-2,556af0f28b8358c33e05b50960c0e160,01_FACTS_LAYER/FORENSIC_ASTROLOGICAL_DATA_v8_0.md,§23.3,0.2700,### §23.3 Date-Centric Matrix — 2026-01 through 2028-02  | Period | Vimshottari MD – AD | Yogini Dasha | Jaimini Chara MD – AD | Sade Sati | Varshphal Year | | --- | --- | --- | --- | --- | --- | | 20,caea00379c96fc08f376b4db37fdb8d3,01_FACTS_LAYER/FORENSIC_ASTROLOGICAL_DATA_v8_0.md,§5.2,0.2845,### §5.2 Yogini Dasha  | ID | Yogini | Ruler | Duration | Start | End | | --- | --- | --- | --- | --- | --- | | `DSH.Y.001` | Bhramari | Mars | Balance | 1984-02-05 | 1985-12-22 | | `DSH.Y.002` | Bhad,1,
SIG.MSR.134,health,MARS,Yoga Denial — Mars Avayogi (Inauspicious Sensitive Point) Reduces Lagnesh,d3c1ac677a899a2d0cdc5c3f044ca6d2,01_FACTS_LAYER/FORENSIC_ASTROLOGICAL_DATA_v8_0.md,§11.3,0.2935,### §11.3 Yogi / Avayogi  | ID | Field | Value | | --- | --- | --- | | `YOG.FORMULA` | Formula | Sun_abs + Moon_abs + 93°20′ mod 360 | | `YOG.INPUT.SUN` | Sun Abs Long | 291.96° | | `YOG.INPUT.MOON` |,71433979eee9932c2f958170a8b576e6,01_FACTS_LAYER/FORENSIC_ASTROLOGICAL_DATA_v8_0.md,§23.1,0.3016,#### Mars (`PLN.MARS`)  | Dimension | Value | | --- | --- | | D1 Sign / Degree | Libra 18°31′38″ | | Nakshatra / Pada | Swati / 4 | | Abs Longitude | 198.53° | | Rashi House | 7 | | Chalit House | 7 |,,,,0.0000,,1,
SIG.MSR.135,career,MERCURY,Yoga Enhancement — Mercury Yogi (Auspicious Sensitive Point) Elevates MD,d3c1ac677a899a2d0cdc5c3f044ca6d2,01_FACTS_LAYER/FORENSIC_ASTROLOGICAL_DATA_v8_0.md,§11.3,0.3075,### §11.3 Yogi / Avayogi  | ID | Field | Value | | --- | --- | --- | | `YOG.FORMULA` | Formula | Sun_abs + Moon_abs + 93°20′ mod 360 | | `YOG.INPUT.SUN` | Sun Abs Long | 291.96° | | `YOG.INPUT.MOON` |,,,,0.0000,,,,,0.0000,,1,
SIG.MSR.136,spirit,MOON,Composite Yoga — Moon AK + AK in 12H (Chalit) + D9 12H Stellium = Moksha-Orientation Stack,8b9070e97dbaf3363145b7d172d26790,01_FACTS_LAYER/FORENSIC_ASTROLOGICAL_DATA_v8_0.md,§26.1,0.2898,### §26.1 D-1 Rashi Yogas  | ID | Yoga | Type | Key Planets / Houses | Note | | --- | --- | --- | --- | --- | | `YGA.D1.KALPADRUMA` | Kalpadruma / Parijata Yoga | Major royal yoga | Atmakaraka Moon; d,,,,0.0000,,,,,0.0000,,1,
SIG.MSR.137,career,SATURN,"Saturn-Venus Mutual Affinity Yoga — Saturn in Venus's Libra, Venus Disposits to Jupiter",,,,0.0000,,,,,0.0000,,,,,0.0000,,1,FORENSIC_ASTROLOGICAL_DATA_v8_0#§26.1
SIG.MSR.138,career,SUN,"Three-Planet Dispositorship Hub — Sun, Moon, Mercury All Route to Saturn",6274fb06a2cf335937ed23b991055fc9,01_FACTS_LAYER/FORENSIC_ASTROLOGICAL_DATA_v8_0.md,§8,0.3536,## §8 — SATURN KAKSHYA ZONES (DERIVED)  <!-- Saturn transit Pisces 2025-03-30 through 2028-02-23. -->  | ID | Zone | Degree Range | Ruler | Status | | --- | --- | --- | --- | --- | | `KAK.PISCES.Z1` |,,,,0.0000,,,,,0.0000,,1,
SIG.MSR.139,relationships,MARS,"Three-Planet Dispositorship Hub — Mars, Saturn, Rahu All Route to Venus",f5f38a7b9702a8e83f11f6ec511ef0c6,01_FACTS_LAYER/FORENSIC_ASTROLOGICAL_DATA_v8_0.md,§11.6,0.3438,### §11.6 Chesta Bala and Motion Audit  | ID | Planet | Motion | Speed (% of avg) | | --- | --- | --- | --- | | `CHS.MERCURY` | Mercury | Direct | ~110% | | `CHS.MARS` | Mars | Direct | ~85% | | `CHS.,,,,0.0000,,,,,0.0000,,1,
SIG.MSR.140,career,MERCURY,Mercury MD Yoga Activation — Every Mercury-Member Yoga Peaks 2010-2027,07746c57c9b49a44649d2584355e8c7d,01_FACTS_LAYER/FORENSIC_ASTROLOGICAL_DATA_v8_0.md,§26.5,0.2980,"### §26.5 Mercury Eight-System Convergence  <!-- [v8.0 architectural note — replaces ""Seven-System"" framing from MSR.413]:      Mercury accumulates 8 system-designations:      1. Current Vimshottari M",175647a60dbd4740867395336cab8e09,01_FACTS_LAYER/FORENSIC_ASTROLOGICAL_DATA_v8_0.md,§15.1,0.3013,### §15.1 Panchang at Birth — v8.0 Updated  <!-- [v8.0 UPDATE]: Yoga = Shiva confirmed in both v6.0 and JH. JH additionally identifies Mercury as Yoga Lord (57.13% of Yoga remaining at birth). This is,,,,0.0000,,1,
SIG.MSR.141,unknown,SUN,Yoga Absence — No Mahapurusha for Sun (No Ravi Yoga from Classical Set),d3c1ac677a899a2d0cdc5c3f044ca6d2,01_FACTS_LAYER/FORENSIC_ASTROLOGICAL_DATA_v8_0.md,§11.3,0.3251,### §11.3 Yogi / Avayogi  | ID | Field | Value | | --- | --- | --- | | `YOG.FORMULA` | Formula | Sun_abs + Moon_abs + 93°20′ mod 360 | | `YOG.INPUT.SUN` | Sun Abs Long | 291.96° | | `YOG.INPUT.MOON` |,175647a60dbd4740867395336cab8e09,01_FACTS_LAYER/FORENSIC_ASTROLOGICAL_DATA_v8_0.md,§15.1,0.3366,### §15.1 Panchang at Birth — v8.0 Updated  <!-- [v8.0 UPDATE]: Yoga = Shiva confirmed in both v6.0 and JH. JH additionally identifies Mercury as Yoga Lord (57.13% of Yoga remaining at birth). This is,8b9070e97dbaf3363145b7d172d26790,01_FACTS_LAYER/FORENSIC_ASTROLOGICAL_DATA_v8_0.md,§26.1,0.3577,### §26.1 D-1 Rashi Yogas  | ID | Yoga | Type | Key Planets / Houses | Note | | --- | --- | --- | --- | --- | | `YGA.D1.KALPADRUMA` | Kalpadruma / Parijata Yoga | Major royal yoga | Atmakaraka Moon; d,1,
SIG.MSR.142,mind,MOON,Kendradhipati Dosha — Moon (4L) in Upachaya + Saturn Double-Kendra Lord,6440a2ddbd5c47cc1280d6e702f33372,01_FACTS_LAYER/FORENSIC_ASTROLOGICAL_DATA_v8_0.md,§3.12,0.2576,### §3.12 D40 — Khavedamsa (Auspiciousness / Misfortune)  | ID | House | Sign | Planets | | --- | --- | --- | --- | | `D40.LAGNA` | 1 | Virgo | Saturn | | `D40.2` | 2 | Libra | (none) | | `D40.3` | 3 ,7e3eef559eb3ac6793930b6c5b5a8619,01_FACTS_LAYER/FORENSIC_ASTROLOGICAL_DATA_v8_0.md,§23.1,0.2631,#### Saturn (`PLN.SATURN`)  | Dimension | Value | | --- | --- | | D1 Sign / Degree | Libra 22°27′04″ | | Nakshatra / Pada | Vishakha / 1 | | Abs Longitude | 202.45° | | Rashi House | 7 | | Chalit Hous,c0fff74c31aa2d277c40bb2800359e73,01_FACTS_LAYER/FORENSIC_ASTROLOGICAL_DATA_v8_0.md,§23.1,0.2683,#### Mercury (`PLN.MERCURY`)  | Dimension | Value | | --- | --- | | D1 Sign / Degree | Capricorn 00°50′11″ | | Nakshatra / Pada | Uttara Ashadha / 2 | | Abs Longitude | 270.84° | | Rashi House | 10 | ,1,
SIG.MSR.143,unknown,SATURN,Yoga Presence — Sarpa Yoga ABSENT (No Three Serpent Planets in Angles),175647a60dbd4740867395336cab8e09,01_FACTS_LAYER/FORENSIC_ASTROLOGICAL_DATA_v8_0.md,§15.1,0.3200,### §15.1 Panchang at Birth — v8.0 Updated  <!-- [v8.0 UPDATE]: Yoga = Shiva confirmed in both v6.0 and JH. JH additionally identifies Mercury as Yoga Lord (57.13% of Yoga remaining at birth). This is,d3c1ac677a899a2d0cdc5c3f044ca6d2,01_FACTS_LAYER/FORENSIC_ASTROLOGICAL_DATA_v8_0.md,§11.3,0.3208,### §11.3 Yogi / Avayogi  | ID | Field | Value | | --- | --- | --- | | `YOG.FORMULA` | Formula | Sun_abs + Moon_abs + 93°20′ mod 360 | | `YOG.INPUT.SUN` | Sun Abs Long | 291.96° | | `YOG.INPUT.MOON` |,,,,0.0000,,1,
SIG.MSR.144,wealth,MERCURY,Vasumati Yoga — Natural Benefics in Upachaya (3/6/10/11) from Lagna or Moon,87de269383a422992aa8ff7e169e3e28,01_FACTS_LAYER/FORENSIC_ASTROLOGICAL_DATA_v8_0.md,§11.1,0.2837,### §11.1 Upagrahas  | ID | Upagraha | Type | Sign | Degree | Nakshatra | | --- | --- | --- | --- | --- | --- | | `UPG.GULIKA` | Gulika | Time-based | Gemini | 13°57′ | Ardra | | `UPG.MANDI` | Mandi |,8b9070e97dbaf3363145b7d172d26790,01_FACTS_LAYER/FORENSIC_ASTROLOGICAL_DATA_v8_0.md,§26.1,0.3058,### §26.1 D-1 Rashi Yogas  | ID | Yoga | Type | Key Planets / Houses | Note | | --- | --- | --- | --- | --- | | `YGA.D1.KALPADRUMA` | Kalpadruma / Parijata Yoga | Major royal yoga | Atmakaraka Moon; d,d3c1ac677a899a2d0cdc5c3f044ca6d2,01_FACTS_LAYER/FORENSIC_ASTROLOGICAL_DATA_v8_0.md,§11.3,0.3177,### §11.3 Yogi / Avayogi  | ID | Field | Value | | --- | --- | --- | | `YOG.FORMULA` | Formula | Sun_abs + Moon_abs + 93°20′ mod 360 | | `YOG.INPUT.SUN` | Sun Abs Long | 291.96° | | `YOG.INPUT.MOON` |,1,
SIG.MSR.145,career,SATURN,"Structural — Saturn-10L Tenanting Venus's Sign (Libra 7H): One-Way Dispositorship Chain, No Parivartana",7e3eef559eb3ac6793930b6c5b5a8619,01_FACTS_LAYER/FORENSIC_ASTROLOGICAL_DATA_v8_0.md,§23.1,0.2636,#### Saturn (`PLN.SATURN`)  | Dimension | Value | | --- | --- | | D1 Sign / Degree | Libra 22°27′04″ | | Nakshatra / Pada | Vishakha / 1 | | Abs Longitude | 202.45° | | Rashi House | 7 | | Chalit Hous,21c7822594dc29a2dfc955d90ec1234e,01_FACTS_LAYER/FORENSIC_ASTROLOGICAL_DATA_v8_0.md,§3.15,0.2734,### §3.15 CSI Ledger — D1→D9 and D1→D10 Comparative Status  | ID | Planet | Vargottama | D1→D9 Dignity | D10 Placement | | --- | --- | --- | --- | --- | | `CSI.SUN` | Sun | NO | D1 Capricorn → D9 Canc,a5082dda382b6a2281874f6d1b26b54c,01_FACTS_LAYER/FORENSIC_ASTROLOGICAL_DATA_v8_0.md,§23.1,0.2763,#### Venus (`PLN.VENUS`)  | Dimension | Value | | --- | --- | | D1 Sign / Degree | Sagittarius 19°10′12″ | | Nakshatra / Pada | Purva Ashadha / 2 | | Abs Longitude | 259.17° | | Rashi House | 9 | | Ch,1,
SIG.MSR.146,unknown,JUPITER,Yoga — Parivartana Between Jupiter (12L) and Mars (8L) — 8H-12H Exchange,f8fe9a055f29e6e4f4f2b9217b97aa88,01_FACTS_LAYER/FORENSIC_ASTROLOGICAL_DATA_v8_0.md,§26.3,0.2435,### §26.3 D-10 Dashamsha Yogas  | ID | Yoga | Type | Key Configuration | Note | | --- | --- | --- | --- | --- | | `YGA.D10.SARALA` | Sarala Viparita Raja Yoga | Power from upheaval | 8L in 8H in D10 —,175647a60dbd4740867395336cab8e09,01_FACTS_LAYER/FORENSIC_ASTROLOGICAL_DATA_v8_0.md,§15.1,0.2681,### §15.1 Panchang at Birth — v8.0 Updated  <!-- [v8.0 UPDATE]: Yoga = Shiva confirmed in both v6.0 and JH. JH additionally identifies Mercury as Yoga Lord (57.13% of Yoga remaining at birth). This is,8b9070e97dbaf3363145b7d172d26790,01_FACTS_LAYER/FORENSIC_ASTROLOGICAL_DATA_v8_0.md,§26.1,0.2778,### §26.1 D-1 Rashi Yogas  | ID | Yoga | Type | Key Planets / Houses | Note | | --- | --- | --- | --- | --- | | `YGA.D1.KALPADRUMA` | Kalpadruma / Parijata Yoga | Major royal yoga | Atmakaraka Moon; d,1,
SIG.MSR.147,career,MERCURY,Yoga — Nipuna Yoga (Mercury in Own Sign/Exaltation with Jupiter Aspect),8b9070e97dbaf3363145b7d172d26790,01_FACTS_LAYER/FORENSIC_ASTROLOGICAL_DATA_v8_0.md,§26.1,0.2633,### §26.1 D-1 Rashi Yogas  | ID | Yoga | Type | Key Planets / Houses | Note | | --- | --- | --- | --- | --- | | `YGA.D1.KALPADRUMA` | Kalpadruma / Parijata Yoga | Major royal yoga | Atmakaraka Moon; d,835bf9f897fc9d3a5af3927297d8c363,01_FACTS_LAYER/FORENSIC_ASTROLOGICAL_DATA_v8_0.md,§26.2,0.2786,### §26.2 D-9 Navamsa Yogas  | ID | Yoga | Type | Key Configuration | Note | | --- | --- | --- | --- | --- | | `YGA.D9.GAJAKESARI` | Gaja-Kesari Yoga (D9) | Famous / virtuous | Jupiter and Moon both i,175647a60dbd4740867395336cab8e09,01_FACTS_LAYER/FORENSIC_ASTROLOGICAL_DATA_v8_0.md,§15.1,0.2909,### §15.1 Panchang at Birth — v8.0 Updated  <!-- [v8.0 UPDATE]: Yoga = Shiva confirmed in both v6.0 and JH. JH additionally identifies Mercury as Yoga Lord (57.13% of Yoga remaining at birth). This is,1,
SIG.MSR.148,mind,MOON,Yoga — Pushkala Yoga (Moon conjunct or aspected by dispositor in Kendra),8b9070e97dbaf3363145b7d172d26790,01_FACTS_LAYER/FORENSIC_ASTROLOGICAL_DATA_v8_0.md,§26.1,0.2335,### §26.1 D-1 Rashi Yogas  | ID | Yoga | Type | Key Planets / Houses | Note | | --- | --- | --- | --- | --- | | `YGA.D1.KALPADRUMA` | Kalpadruma / Parijata Yoga | Major royal yoga | Atmakaraka Moon; d,f8fe9a055f29e6e4f4f2b9217b97aa88,01_FACTS_LAYER/FORENSIC_ASTROLOGICAL_DATA_v8_0.md,§26.3,0.2904,### §26.3 D-10 Dashamsha Yogas  | ID | Yoga | Type | Key Configuration | Note | | --- | --- | --- | --- | --- | | `YGA.D10.SARALA` | Sarala Viparita Raja Yoga | Power from upheaval | 8L in 8H in D10 —,74b6cd7c73d35fbdbaccfe32018d261f,01_FACTS_LAYER/FORENSIC_ASTROLOGICAL_DATA_v8_0.md,§26.4,0.2950,### §26.4 D-2 Hora Yogas  | ID | Yoga | Type | Key Configuration | Note | | --- | --- | --- | --- | --- | | `YGA.D2.MAHA_YOGADA` | Maha Yogada | Power / authority / wealth | Specific AK + lagna lord c,1,
SIG.MSR.149,relationships,MARS,Yoga — Trigraha in 7H (Mars + Saturn + Bhrigu Bindu) = Triple 7H Concentration,,,,0.0000,,,,,0.0000,,,,,0.0000,,1,FORENSIC_ASTROLOGICAL_DATA_v8_0#§26.1
SIG.MSR.150,spirit,KETU,Yoga — Ketu MD Incoming (2027): Moksha Stack Activation at Age 43-50,,,,0.0000,,,,,0.0000,,,,,0.0000,,1,FORENSIC_ASTROLOGICAL_DATA_v8_0#§5.1
SIG.MSR.151,wealth,VENUS,Yoga — Venus MD Coming (2034-2054): 20-Year Grace Period for Relationships and Wealth,lel_period_period_2022_2024,01_FACTS_LAYER/LIFE_EVENT_LOG_v1_2.md,5,0.2865,"# [L1 fact] → [L2.5 interp embedded] ```yaml PERIOD.2022_2024:   dates: 2022 through 2024   characterization: ""Mix. New relationships, rupture of old, success in professional career, lost US job, move",556af0f28b8358c33e05b50960c0e160,01_FACTS_LAYER/FORENSIC_ASTROLOGICAL_DATA_v8_0.md,§23.3,0.3046,### §23.3 Date-Centric Matrix — 2026-01 through 2028-02  | Period | Vimshottari MD – AD | Yogini Dasha | Jaimini Chara MD – AD | Sade Sati | Varshphal Year | | --- | --- | --- | --- | --- | --- | | 20,caea00379c96fc08f376b4db37fdb8d3,01_FACTS_LAYER/FORENSIC_ASTROLOGICAL_DATA_v8_0.md,§5.2,0.3156,### §5.2 Yogini Dasha  | ID | Yogini | Ruler | Duration | Start | End | | --- | --- | --- | --- | --- | --- | | `DSH.Y.001` | Bhramari | Mars | Balance | 1984-02-05 | 1985-12-22 | | `DSH.Y.002` | Bhad,3,
SIG.MSR.152,career,MARS,Conjunction — Mars+Saturn in Libra 7H: Hidden Raja Yoga — Iron-Forge in Partnerships House,,,,0.0000,,,,,0.0000,,,,,0.0000,,1,FORENSIC_ASTROLOGICAL_DATA_v8_0
SIG.MSR.153,spirit,JUPITER,Conjunction — Jupiter+Venus in Sagittarius 9H: Dharma-Lakshmi Engine,835bf9f897fc9d3a5af3927297d8c363,01_FACTS_LAYER/FORENSIC_ASTROLOGICAL_DATA_v8_0.md,§26.2,0.2525,### §26.2 D-9 Navamsa Yogas  | ID | Yoga | Type | Key Configuration | Note | | --- | --- | --- | --- | --- | | `YGA.D9.GAJAKESARI` | Gaja-Kesari Yoga (D9) | Famous / virtuous | Jupiter and Moon both i,,,,0.0000,,,,,0.0000,,1,
SIG.MSR.154,career,SUN,Conjunction — Sun+Mercury in Capricorn 10H: Budhaditya Yoga in Career Peak,f8fe9a055f29e6e4f4f2b9217b97aa88,01_FACTS_LAYER/FORENSIC_ASTROLOGICAL_DATA_v8_0.md,§26.3,0.2833,### §26.3 D-10 Dashamsha Yogas  | ID | Yoga | Type | Key Configuration | Note | | --- | --- | --- | --- | --- | | `YGA.D10.SARALA` | Sarala Viparita Raja Yoga | Power from upheaval | 8L in 8H in D10 —,,,,0.0000,,,,,0.0000,,1,
SIG.MSR.155,career,SATURN,Aspect — Saturn (7H Exalted) 7th Drishti to Aries Lagna: Exalted Authority Compresses Self-Identity,7e3eef559eb3ac6793930b6c5b5a8619,01_FACTS_LAYER/FORENSIC_ASTROLOGICAL_DATA_v8_0.md,§23.1,0.2305,#### Saturn (`PLN.SATURN`)  | Dimension | Value | | --- | --- | | D1 Sign / Degree | Libra 22°27′04″ | | Nakshatra / Pada | Vishakha / 1 | | Abs Longitude | 202.45° | | Rashi House | 7 | | Chalit Hous,,,,0.0000,,,,,0.0000,,1,
SIG.MSR.156,career,MARS,Aspect — Mars (7H) 7th Drishti to Aries Lagna: Lagnesh Also Aspects Its Own Lagna,71433979eee9932c2f958170a8b576e6,01_FACTS_LAYER/FORENSIC_ASTROLOGICAL_DATA_v8_0.md,§23.1,0.2281,#### Mars (`PLN.MARS`)  | Dimension | Value | | --- | --- | | D1 Sign / Degree | Libra 18°31′38″ | | Nakshatra / Pada | Swati / 4 | | Abs Longitude | 198.53° | | Rashi House | 7 | | Chalit House | 7 |,3f8a340ab244698b10ed31026eb9c620,01_FACTS_LAYER/FORENSIC_ASTROLOGICAL_DATA_v8_0.md,§16.1,0.2371,### §16.1 Classical Vedic Aspects (Graha Drishti)  | ID | Planet | From Sign | Aspect Rays | | --- | --- | --- | --- | | `ASP.G.SUN` | Sun | Capricorn | 7th on Cancer | | `ASP.G.MOON` | Moon | Aquariu,c0637d9f80ab91857b96b67496430b84,01_FACTS_LAYER/FORENSIC_ASTROLOGICAL_DATA_v8_0.md,§13.1,0.2503,### §13.1 Arudha Placements  | ID | Arudha | Computed Sign | Computed House (from D1 Lagna) | D1 Tenants | Derivation | | --- | --- | --- | --- | --- | --- | | `ARD.AL` | Arudha Lagna (AL) | Capricorn,1,
SIG.MSR.157,spirit,SATURN,"Aspect — Saturn (3rd, 45v) + Mars (4th, 45v): Joint Pressure on Sagittarius 9H (Jupiter+Venus)",5482544af208614e383593f70ab0f71d,01_FACTS_LAYER/FORENSIC_ASTROLOGICAL_DATA_v8_0.md,§16.2,0.2655,### §16.2 Tight-Orb Aspects (Western Overlay)  | ID | Pair | Aspect | Orb (°) | Weight | | --- | --- | --- | --- | --- | | `ASP.W.PLUTO_KETU` | Pluto–Ketu | Nonile | 0.28 | 1 | | `ASP.W.PLUTO_URANUS` ,d55e96f1cfb9c5963bd6241c6eb8947e,01_FACTS_LAYER/FORENSIC_ASTROLOGICAL_DATA_v8_0.md,§23.1,0.2702,#### Jupiter (`PLN.JUPITER`)  | Dimension | Value | | --- | --- | | D1 Sign / Degree | Sagittarius 09°48′28″ | | Nakshatra / Pada | Moola / 3 | | Abs Longitude | 249.81° | | Rashi House | 9 | | Chalit,f8e288deadeb03986126cd1cc17e4bc0,01_FACTS_LAYER/FORENSIC_ASTROLOGICAL_DATA_v8_0.md,§16.3,0.2765,### §16.3 Bhav-Madhya Aspects (Planet → House Cusp)  | ID | Planet | House | Aspect | Orb (°) | Weight | | --- | --- | --- | --- | --- | --- | | `ASP.BM.PLUTO.11` | Pluto | 11 | Square | 0.25 | 3 | | ,1,
SIG.MSR.158,career,MARS,Aspect — Mars (7H) 4th Drishti to Capricorn 10H (Sun+Mercury): Lagnesh Energizes Career Cluster,4325e2cd4edfb043c12c5da9e8220576,01_FACTS_LAYER/FORENSIC_ASTROLOGICAL_DATA_v8_0.md,§3.6,0.2619,### §3.6 D10 — Dashamsha (Career / Status)  | ID | Body | D10 Sign | D10 House | | --- | --- | --- | --- | | `D10.LAGNA` | D10 Lagna | Leo | 1 | | `D10.SUN` | Sun | Aries | 9 | | `D10.MOON` | Moon | S,71433979eee9932c2f958170a8b576e6,01_FACTS_LAYER/FORENSIC_ASTROLOGICAL_DATA_v8_0.md,§23.1,0.2803,#### Mars (`PLN.MARS`)  | Dimension | Value | | --- | --- | | D1 Sign / Degree | Libra 18°31′38″ | | Nakshatra / Pada | Swati / 4 | | Abs Longitude | 198.53° | | Rashi House | 7 | | Chalit House | 7 |,3f8a340ab244698b10ed31026eb9c620,01_FACTS_LAYER/FORENSIC_ASTROLOGICAL_DATA_v8_0.md,§16.1,0.2897,### §16.1 Classical Vedic Aspects (Graha Drishti)  | ID | Planet | From Sign | Aspect Rays | | --- | --- | --- | --- | | `ASP.G.SUN` | Sun | Capricorn | 7th on Cancer | | `ASP.G.MOON` | Moon | Aquariu,1,
SIG.MSR.159,wealth,MARS,Aspect — Mars (7H) 8th Drishti to Taurus 2H (Rahu): Penetrating Warrior-Pressure on Wealth-Amplifier,,,,0.0000,,,,,0.0000,,,,,0.0000,,1,FORENSIC_ASTROLOGICAL_DATA_v8_0
SIG.MSR.160,spirit,JUPITER,"Aspect — Jupiter (9H, Own Sign) 5th Drishti to Aries Lagna: Guru Grace on Self-Identity",3f8a340ab244698b10ed31026eb9c620,01_FACTS_LAYER/FORENSIC_ASTROLOGICAL_DATA_v8_0.md,§16.1,0.2610,### §16.1 Classical Vedic Aspects (Graha Drishti)  | ID | Planet | From Sign | Aspect Rays | | --- | --- | --- | --- | | `ASP.G.SUN` | Sun | Capricorn | 7th on Cancer | | `ASP.G.MOON` | Moon | Aquariu,d55e96f1cfb9c5963bd6241c6eb8947e,01_FACTS_LAYER/FORENSIC_ASTROLOGICAL_DATA_v8_0.md,§23.1,0.2990,#### Jupiter (`PLN.JUPITER`)  | Dimension | Value | | --- | --- | | D1 Sign / Degree | Sagittarius 09°48′28″ | | Nakshatra / Pada | Moola / 3 | | Abs Longitude | 249.81° | | Rashi House | 9 | | Chalit,8aabb6f2376b8a478262c58c5b29116c,01_FACTS_LAYER/FORENSIC_ASTROLOGICAL_DATA_v8_0.md,§3.13,0.3099,### §3.13 D45 — Akshavedamsa (Spiritual Purity)  | ID | House | Sign | Planets | | --- | --- | --- | --- | | `D45.LAGNA` | 1 | Libra | Neptune | | `D45.2` | 2 | Scorpio | (none) | | `D45.3` | 3 | Sagi,1,
SIG.MSR.161,wealth,RAHU,Aspect — Rahu (2H) 7th Drishti to Scorpio 8H (Ketu): Nodal Axis Self-Aspect,3f8a340ab244698b10ed31026eb9c620,01_FACTS_LAYER/FORENSIC_ASTROLOGICAL_DATA_v8_0.md,§16.1,0.2467,### §16.1 Classical Vedic Aspects (Graha Drishti)  | ID | Planet | From Sign | Aspect Rays | | --- | --- | --- | --- | | `ASP.G.SUN` | Sun | Capricorn | 7th on Cancer | | `ASP.G.MOON` | Moon | Aquariu,f66c03bb2186d0e9478d8a19179cc19c,01_FACTS_LAYER/FORENSIC_ASTROLOGICAL_DATA_v8_0.md,§23.1,0.2760,#### Ketu (`PLN.KETU`)  | Dimension | Value | | --- | --- | | D1 Sign / Degree | Scorpio 19°01′47″ | | Nakshatra / Pada | Jyeshtha / 1 | | Abs Longitude | 229.03° | | Rashi House | 8 | | Chalit House ,5482544af208614e383593f70ab0f71d,01_FACTS_LAYER/FORENSIC_ASTROLOGICAL_DATA_v8_0.md,§16.2,0.2804,### §16.2 Tight-Orb Aspects (Western Overlay)  | ID | Pair | Aspect | Orb (°) | Weight | | --- | --- | --- | --- | --- | | `ASP.W.PLUTO_KETU` | Pluto–Ketu | Nonile | 0.28 | 1 | | `ASP.W.PLUTO_URANUS` ,1,
SIG.MSR.162,wealth,KETU,Aspect — Ketu (8H) 7th Drishti to Taurus 2H (Rahu): Moksha-Severancer Checks Wealth-Amplifier,f66c03bb2186d0e9478d8a19179cc19c,01_FACTS_LAYER/FORENSIC_ASTROLOGICAL_DATA_v8_0.md,§23.1,0.2735,#### Ketu (`PLN.KETU`)  | Dimension | Value | | --- | --- | | D1 Sign / Degree | Scorpio 19°01′47″ | | Nakshatra / Pada | Jyeshtha / 1 | | Abs Longitude | 229.03° | | Rashi House | 8 | | Chalit House ,,,,0.0000,,,,,0.0000,,1,
SIG.MSR.163,health,SATURN,Aspect — Saturn (7H) 10th Drishti to Cancer 4H (Empty): Saturnine Oversight of Home Domain,ed89fc38cf873b3a402dfe9deddffad0,01_FACTS_LAYER/FORENSIC_ASTROLOGICAL_DATA_v8_0.md,§3.3,0.2489,### §3.3 D4 — Chaturthamsa (Home / Property)  | ID | House | Sign | Planets | | --- | --- | --- | --- | | `D4.LAGNA` | 1 | Cancer | Sun | | `D4.2` | 2 | Leo | (none) | | `D4.3` | 3 | Virgo | (none) | ,7e3eef559eb3ac6793930b6c5b5a8619,01_FACTS_LAYER/FORENSIC_ASTROLOGICAL_DATA_v8_0.md,§23.1,0.2511,#### Saturn (`PLN.SATURN`)  | Dimension | Value | | --- | --- | | D1 Sign / Degree | Libra 22°27′04″ | | Nakshatra / Pada | Vishakha / 1 | | Abs Longitude | 202.45° | | Rashi House | 7 | | Chalit Hous,,,,0.0000,,1,
SIG.MSR.164,mind,JUPITER,Aspect — Jupiter (9H) 7th Drishti to Gemini 3H (Empty) + 9th Drishti to Leo 5H (Empty): Guru Activates Communication and,d55e96f1cfb9c5963bd6241c6eb8947e,01_FACTS_LAYER/FORENSIC_ASTROLOGICAL_DATA_v8_0.md,§23.1,0.2700,#### Jupiter (`PLN.JUPITER`)  | Dimension | Value | | --- | --- | | D1 Sign / Degree | Sagittarius 09°48′28″ | | Nakshatra / Pada | Moola / 3 | | Abs Longitude | 249.81° | | Rashi House | 9 | | Chalit,,,,0.0000,,,,,0.0000,,1,
SIG.MSR.165,career,SUN,Aspect — Sun+Mercury (10H) Both Cast 7th Drishti to Cancer 4H (Empty): Career Cluster Illuminates Home Domain,4325e2cd4edfb043c12c5da9e8220576,01_FACTS_LAYER/FORENSIC_ASTROLOGICAL_DATA_v8_0.md,§3.6,0.2322,### §3.6 D10 — Dashamsha (Career / Status)  | ID | Body | D10 Sign | D10 House | | --- | --- | --- | --- | | `D10.LAGNA` | D10 Lagna | Leo | 1 | | `D10.SUN` | Sun | Aries | 9 | | `D10.MOON` | Moon | S,3f8a340ab244698b10ed31026eb9c620,01_FACTS_LAYER/FORENSIC_ASTROLOGICAL_DATA_v8_0.md,§16.1,0.2331,### §16.1 Classical Vedic Aspects (Graha Drishti)  | ID | Planet | From Sign | Aspect Rays | | --- | --- | --- | --- | | `ASP.G.SUN` | Sun | Capricorn | 7th on Cancer | | `ASP.G.MOON` | Moon | Aquariu,ddbb78084ecf5d3b60ca381b1ea525ec,01_FACTS_LAYER/FORENSIC_ASTROLOGICAL_DATA_v8_0.md,§2.2,0.2452,### §2.2 D1 Sign Occupancy (Bhava View)  | ID | House | Sign | Planets | | --- | --- | --- | --- | | `HSE.1` | 1 | Aries | (none) | | `HSE.2` | 2 | Taurus | Rahu | | `HSE.3` | 3 | Gemini | (none) | | ,1,
SIG.MSR.166,children,MOON,Aspect — Moon (11H) 7th Drishti to Leo 5H (Empty): AK Soul-Mind Blesses Progeny-Intelligence House,fa29b75101946b29aec1ba2d356f92d3,01_FACTS_LAYER/FORENSIC_ASTROLOGICAL_DATA_v8_0.md,§4.3,0.2868,"### §4.3 KP House Significators  | ID | House | Significators (ranked) | KP Logic | | --- | --- | --- | --- | | `KP.SIG.1` | 1 (Self) | Mars, Ketu | Mars (Lord); Ketu (agent for Mars) | | `KP.SIG.2` |",d053861ab35e16c3e32605de32ad3990,01_FACTS_LAYER/FORENSIC_ASTROLOGICAL_DATA_v8_0.md,§18,0.2924,## §18 — CHANDRA CHART (FROM-MOON VIEW)  | ID | House from Moon | Sign | Planets | | --- | --- | --- | --- | | `CHN.1` | 1 (Self) | Aquarius | Moon | | `CHN.2` | 2 (Speech) | Pisces | (none) | | `CHN.,,,,0.0000,,1,
SIG.MSR.167,wealth,VENUS,Aspect — Venus (9H) 7th Drishti to Gemini 3H (Empty): Lakshmi Blesses Communication Domain,3f8a340ab244698b10ed31026eb9c620,01_FACTS_LAYER/FORENSIC_ASTROLOGICAL_DATA_v8_0.md,§16.1,0.2806,### §16.1 Classical Vedic Aspects (Graha Drishti)  | ID | Planet | From Sign | Aspect Rays | | --- | --- | --- | --- | | `ASP.G.SUN` | Sun | Capricorn | 7th on Cancer | | `ASP.G.MOON` | Moon | Aquariu,a5082dda382b6a2281874f6d1b26b54c,01_FACTS_LAYER/FORENSIC_ASTROLOGICAL_DATA_v8_0.md,§23.1,0.2923,#### Venus (`PLN.VENUS`)  | Dimension | Value | | --- | --- | | D1 Sign / Degree | Sagittarius 19°10′12″ | | Nakshatra / Pada | Purva Ashadha / 2 | | Abs Longitude | 259.17° | | Rashi House | 9 | | Ch,,,,0.0000,,1,
SIG.MSR.168,career,SATURN,Convergence — Dual Malefic 7th Drishti to Lagna (Saturn 60v + Mars 60v = 120v): Maximum Malefic Grip on Identity,,,,0.0000,,,,,0.0000,,,,,0.0000,,1,FORENSIC_ASTROLOGICAL_DATA_v8_0
SIG.MSR.169,career,SATURN,Convergence — Triple Aspect on Lagna (Saturn 60v malefic + Mars 60v malefic + Jupiter 45v benefic): The Chart's Central ,d753256999e50191d907d328f21e0484,01_FACTS_LAYER/FORENSIC_ASTROLOGICAL_DATA_v8_0.md,§23.2,0.2957,### §23.2 House-Centric Matrix  <!-- v8.0 update: Special lagna and saham placements corrected per §12.1 and §12.2 -->  | House | Sign | Lord | Rashi Occupants | SAV (FORENSIC) | Bhavabala Rupas / Ran,23317c94228b8e00d05367f23c3e6c89,01_FACTS_LAYER/FORENSIC_ASTROLOGICAL_DATA_v8_0.md,§12.1,0.3012,"### §12.1 Special Lagnas — v8.0 Corrected (JH Authoritative)  <!-- [v8.0 CRITICAL CORRECTION]: v6.0 §12.1 contained computational errors in four of six special lagnas.      Hora Lagna, Ghati Lagna, Va",,,,0.0000,,1,
SIG.MSR.170,health,SATURN,Convergence — Cancer 4H (Empty) Triple-Aspected (Saturn 30v + Sun 60v + Mercury 60v = 150v): Most-Aspected Empty House,f8e288deadeb03986126cd1cc17e4bc0,01_FACTS_LAYER/FORENSIC_ASTROLOGICAL_DATA_v8_0.md,§16.3,0.2708,### §16.3 Bhav-Madhya Aspects (Planet → House Cusp)  | ID | Planet | House | Aspect | Orb (°) | Weight | | --- | --- | --- | --- | --- | --- | | `ASP.BM.PLUTO.11` | Pluto | 11 | Square | 0.25 | 3 | | ,ddbb78084ecf5d3b60ca381b1ea525ec,01_FACTS_LAYER/FORENSIC_ASTROLOGICAL_DATA_v8_0.md,§2.2,0.2716,### §2.2 D1 Sign Occupancy (Bhava View)  | ID | House | Sign | Planets | | --- | --- | --- | --- | | `HSE.1` | 1 | Aries | (none) | | `HSE.2` | 2 | Taurus | Rahu | | `HSE.3` | 3 | Gemini | (none) | | ,d753256999e50191d907d328f21e0484,01_FACTS_LAYER/FORENSIC_ASTROLOGICAL_DATA_v8_0.md,§23.2,0.2799,### §23.2 House-Centric Matrix  <!-- v8.0 update: Special lagna and saham placements corrected per §12.1 and §12.2 -->  | House | Sign | Lord | Rashi Occupants | SAV (FORENSIC) | Bhavabala Rupas / Ran,1,
SIG.MSR.171,mind,MOON,Convergence — Moon-AK in 11H (Aquarius) Receives ZERO Parashari Graha Drishti: Isolated Atmakaraka,c931151d617e1758464fb08133424f5f,01_FACTS_LAYER/FORENSIC_ASTROLOGICAL_DATA_v8_0.md,§23.1,0.2659,#### Moon (`PLN.MOON`)  | Dimension | Value | | --- | --- | | D1 Sign / Degree | Aquarius 27°02′48″ | | Nakshatra / Pada | Purva Bhadrapada / 3 | | Abs Longitude | 327.05° | | Rashi House | 11 | | Cha,3f8a340ab244698b10ed31026eb9c620,01_FACTS_LAYER/FORENSIC_ASTROLOGICAL_DATA_v8_0.md,§16.1,0.2960,### §16.1 Classical Vedic Aspects (Graha Drishti)  | ID | Planet | From Sign | Aspect Rays | | --- | --- | --- | --- | | `ASP.G.SUN` | Sun | Capricorn | 7th on Cancer | | `ASP.G.MOON` | Moon | Aquariu,f8e288deadeb03986126cd1cc17e4bc0,01_FACTS_LAYER/FORENSIC_ASTROLOGICAL_DATA_v8_0.md,§16.3,0.3048,### §16.3 Bhav-Madhya Aspects (Planet → House Cusp)  | ID | Planet | House | Aspect | Orb (°) | Weight | | --- | --- | --- | --- | --- | --- | | `ASP.BM.PLUTO.11` | Pluto | 11 | Square | 0.25 | 3 | | ,1,
SIG.MSR.172,career,RAHU,"Jaimini Rashi Drishti — Taurus 2H (Rahu, Fixed) to Libra 7H + Capricorn 10H: RAHU QUADRUPLE ASPECT (SIG.16)",2d29d836d98291df5258dcdc7be6ad69,01_FACTS_LAYER/FORENSIC_ASTROLOGICAL_DATA_v8_0.md,§23.1,0.2502,#### Rahu (`PLN.RAHU`)  | Dimension | Value | | --- | --- | | D1 Sign / Degree | Taurus 19°01′47″ | | Nakshatra / Pada | Rohini / 3 | | Abs Longitude | 49.03° | | Rashi House | 2 | | Chalit House | 2 ,3f8a340ab244698b10ed31026eb9c620,01_FACTS_LAYER/FORENSIC_ASTROLOGICAL_DATA_v8_0.md,§16.1,0.2634,### §16.1 Classical Vedic Aspects (Graha Drishti)  | ID | Planet | From Sign | Aspect Rays | | --- | --- | --- | --- | | `ASP.G.SUN` | Sun | Capricorn | 7th on Cancer | | `ASP.G.MOON` | Moon | Aquariu,aca29b898fb6de4c81e3af2e4b6934a2,01_FACTS_LAYER/FORENSIC_ASTROLOGICAL_DATA_v8_0.md,§23.1,0.2782,#### Sun (`PLN.SUN`)  | Dimension | Value | | --- | --- | | D1 Sign / Degree | Capricorn 21°57′35″ | | Nakshatra / Pada | Shravana / 4 | | Abs Longitude | 291.96° | | Rashi House | 10 | | Chalit House,1,
SIG.MSR.173,wealth,MARS,"Jaimini Rashi Drishti — Libra 7H (Mars+Saturn, Movable) to Taurus 2H + Aquarius 11H: Dual-Malefic Reaches Rahu + Moon-AK",,,,0.0000,,,,,0.0000,,,,,0.0000,,1,FORENSIC_ASTROLOGICAL_DATA_v8_0#§10.2
SIG.MSR.174,career,SUN,"Jaimini Rashi Drishti — Capricorn 10H (Sun+Mercury, Movable) to Taurus 2H + Scorpio 8H: Career Cluster Sees Rahu + Ketu",4325e2cd4edfb043c12c5da9e8220576,01_FACTS_LAYER/FORENSIC_ASTROLOGICAL_DATA_v8_0.md,§3.6,0.2538,### §3.6 D10 — Dashamsha (Career / Status)  | ID | Body | D10 Sign | D10 House | | --- | --- | --- | --- | | `D10.LAGNA` | D10 Lagna | Leo | 1 | | `D10.SUN` | Sun | Aries | 9 | | `D10.MOON` | Moon | S,aca29b898fb6de4c81e3af2e4b6934a2,01_FACTS_LAYER/FORENSIC_ASTROLOGICAL_DATA_v8_0.md,§23.1,0.2730,#### Sun (`PLN.SUN`)  | Dimension | Value | | --- | --- | | D1 Sign / Degree | Capricorn 21°57′35″ | | Nakshatra / Pada | Shravana / 4 | | Abs Longitude | 291.96° | | Rashi House | 10 | | Chalit House,,,,0.0000,,1,
SIG.MSR.175,career,KETU,"Jaimini Rashi Drishti — Scorpio 8H (Ketu, Fixed) to Capricorn 10H (Sun+Mercury): Moksha-Wisdom Sees Career",4325e2cd4edfb043c12c5da9e8220576,01_FACTS_LAYER/FORENSIC_ASTROLOGICAL_DATA_v8_0.md,§3.6,0.2790,### §3.6 D10 — Dashamsha (Career / Status)  | ID | Body | D10 Sign | D10 House | | --- | --- | --- | --- | | `D10.LAGNA` | D10 Lagna | Leo | 1 | | `D10.SUN` | Sun | Aries | 9 | | `D10.MOON` | Moon | S,c239d15a3b43ab047f854997c9f7d0cf,01_FACTS_LAYER/FORENSIC_ASTROLOGICAL_DATA_v8_0.md,§17,0.2873,## §17 — CHALIT KINETIC SHIFTS (DERIVED)  | ID | Planet | Rashi House | Chalit House | Shift | | --- | --- | --- | --- | --- | | `CKS.SUN` | Sun | 10 | 11 | +1 (Career → Gains) | | `CKS.MOON` | Moon |,,,,0.0000,,1,
SIG.MSR.176,mind,MOON,"Jaimini Rashi Drishti — Aquarius 11H (Moon-AK, Fixed) to Libra 7H (Mars+Saturn): Soul Sees the Iron-Forge",,,,0.0000,,,,,0.0000,,,,,0.0000,,1,FORENSIC_ASTROLOGICAL_DATA_v8_0#§10.2
SIG.MSR.177,spirit,JUPITER,"Jaimini Rashi Drishti — Sagittarius 9H (Jupiter+Venus, Dual) Zero Planetary Reach: Dharma Cluster is Jaimini-Isolated",,,,0.0000,,,,,0.0000,,,,,0.0000,,1,FORENSIC_ASTROLOGICAL_DATA_v8_0#§10.2
SIG.MSR.178,career,SATURN,Virupa Summary — Lagna (Aries 1H) Receives 165 Total Virupas (120 malefic + 45 benefic): Most-Aspected Point in Chart,c0637d9f80ab91857b96b67496430b84,01_FACTS_LAYER/FORENSIC_ASTROLOGICAL_DATA_v8_0.md,§13.1,0.2602,### §13.1 Arudha Placements  | ID | Arudha | Computed Sign | Computed House (from D1 Lagna) | D1 Tenants | Derivation | | --- | --- | --- | --- | --- | --- | | `ARD.AL` | Arudha Lagna (AL) | Capricorn,23317c94228b8e00d05367f23c3e6c89,01_FACTS_LAYER/FORENSIC_ASTROLOGICAL_DATA_v8_0.md,§12.1,0.2609,"### §12.1 Special Lagnas — v8.0 Corrected (JH Authoritative)  <!-- [v8.0 CRITICAL CORRECTION]: v6.0 §12.1 contained computational errors in four of six special lagnas.      Hora Lagna, Ghati Lagna, Va",6440a2ddbd5c47cc1280d6e702f33372,01_FACTS_LAYER/FORENSIC_ASTROLOGICAL_DATA_v8_0.md,§3.12,0.2639,### §3.12 D40 — Khavedamsa (Auspiciousness / Misfortune)  | ID | House | Sign | Planets | | --- | --- | --- | --- | | `D40.LAGNA` | 1 | Virgo | Saturn | | `D40.2` | 2 | Libra | (none) | | `D40.3` | 3 ,1,
SIG.MSR.179,career,SATURN,Virupa Summary — Saturn's Three-House Aspect Grid (60v+45v+30v): Saturnine Structural Coverage,5482544af208614e383593f70ab0f71d,01_FACTS_LAYER/FORENSIC_ASTROLOGICAL_DATA_v8_0.md,§16.2,0.2630,### §16.2 Tight-Orb Aspects (Western Overlay)  | ID | Pair | Aspect | Orb (°) | Weight | | --- | --- | --- | --- | --- | | `ASP.W.PLUTO_KETU` | Pluto–Ketu | Nonile | 0.28 | 1 | | `ASP.W.PLUTO_URANUS` ,3a58c62aa9899cc20cde034226657ff7,01_FACTS_LAYER/FORENSIC_ASTROLOGICAL_DATA_v8_0.md,§6.8,0.2745,### §6.8 Pancha-Vargeeya Classification — JH Engine (NEW in v8.0)  <!-- Source: JHORA_TRANSCRIPTION_v8_0_SOURCE.md §3. Composite strength across 5 key vargas. -->  | ID | Planet | Score | Classificati,f8e288deadeb03986126cd1cc17e4bc0,01_FACTS_LAYER/FORENSIC_ASTROLOGICAL_DATA_v8_0.md,§16.3,0.2828,### §16.3 Bhav-Madhya Aspects (Planet → House Cusp)  | ID | Planet | House | Aspect | Orb (°) | Weight | | --- | --- | --- | --- | --- | --- | | `ASP.BM.PLUTO.11` | Pluto | 11 | Square | 0.25 | 3 | | ,1,
SIG.MSR.180,career,MARS,Virupa Summary — Mars's Three-House Aspect Grid (60v+45v+30v): Lagnesh Comprehensive Coverage,71433979eee9932c2f958170a8b576e6,01_FACTS_LAYER/FORENSIC_ASTROLOGICAL_DATA_v8_0.md,§23.1,0.2316,#### Mars (`PLN.MARS`)  | Dimension | Value | | --- | --- | | D1 Sign / Degree | Libra 18°31′38″ | | Nakshatra / Pada | Swati / 4 | | Abs Longitude | 198.53° | | Rashi House | 7 | | Chalit House | 7 |,d753256999e50191d907d328f21e0484,01_FACTS_LAYER/FORENSIC_ASTROLOGICAL_DATA_v8_0.md,§23.2,0.2630,### §23.2 House-Centric Matrix  <!-- v8.0 update: Special lagna and saham placements corrected per §12.1 and §12.2 -->  | House | Sign | Lord | Rashi Occupants | SAV (FORENSIC) | Bhavabala Rupas / Ran,6440a2ddbd5c47cc1280d6e702f33372,01_FACTS_LAYER/FORENSIC_ASTROLOGICAL_DATA_v8_0.md,§3.12,0.2657,### §3.12 D40 — Khavedamsa (Auspiciousness / Misfortune)  | ID | House | Sign | Planets | | --- | --- | --- | --- | | `D40.LAGNA` | 1 | Virgo | Saturn | | `D40.2` | 2 | Libra | (none) | | `D40.3` | 3 ,1,
SIG.MSR.181,career,MARS,Aspect Summary — 7H Libra Conjunction (Mars+Saturn) Projects 5-House Aspect Grid: Structural Hub of Chart,f8e288deadeb03986126cd1cc17e4bc0,01_FACTS_LAYER/FORENSIC_ASTROLOGICAL_DATA_v8_0.md,§16.3,0.2520,### §16.3 Bhav-Madhya Aspects (Planet → House Cusp)  | ID | Planet | House | Aspect | Orb (°) | Weight | | --- | --- | --- | --- | --- | --- | | `ASP.BM.PLUTO.11` | Pluto | 11 | Square | 0.25 | 3 | | ,fa29b75101946b29aec1ba2d356f92d3,01_FACTS_LAYER/FORENSIC_ASTROLOGICAL_DATA_v8_0.md,§4.3,0.2747,"### §4.3 KP House Significators  | ID | House | Significators (ranked) | KP Logic | | --- | --- | --- | --- | | `KP.SIG.1` | 1 (Self) | Mars, Ketu | Mars (Lord); Ketu (agent for Mars) | | `KP.SIG.2` |",,,,0.0000,,1,
SIG.MSR.182,unknown,MARS,Red-Team — Prior Session Summary Planetary Position Errors: Correction Audit Log,3f5d6c0ad10212220298da0cd69580fe,01_FACTS_LAYER/FORENSIC_ASTROLOGICAL_DATA_v8_0.md,§4.2,0.3444,### §4.2 KP Planetary Positions  | ID | Planet | Degree | Star Lord | Sub Lord | Sub-Sub Lord | | --- | --- | --- | --- | --- | --- | | `KP.PLN.SUN` | Sun | 22°02′ | Moon | Venus | Saturn | | `KP.PLN.,f5f38a7b9702a8e83f11f6ec511ef0c6,01_FACTS_LAYER/FORENSIC_ASTROLOGICAL_DATA_v8_0.md,§11.6,0.3517,### §11.6 Chesta Bala and Motion Audit  | ID | Planet | Motion | Speed (% of avg) | | --- | --- | --- | --- | | `CHS.MERCURY` | Mercury | Direct | ~110% | | `CHS.MARS` | Mars | Direct | ~85% | | `CHS.,6e6ee74891eef8da39604cf9c8e0bf1e,01_FACTS_LAYER/FORENSIC_ASTROLOGICAL_DATA_v8_0.md,,0.3538,"## CHANGELOG  | Version | Date | Session | Changes | | --- | --- | --- | --- | | 6.0 | 2026-04-17 | FIX_SESSION_001 | Base document; dual-engine notes added for Vimshottari, Shadbala, BAV | | 8.0 | 20",1,
SIG.MSR.183,health,KETU,Nakshatra — Lagna in Ashwini Pada 4 (Aries 12°23'): Ketu-Lord Healing-Pioneer Ascendant,6440a2ddbd5c47cc1280d6e702f33372,01_FACTS_LAYER/FORENSIC_ASTROLOGICAL_DATA_v8_0.md,§3.12,0.2502,### §3.12 D40 — Khavedamsa (Auspiciousness / Misfortune)  | ID | House | Sign | Planets | | --- | --- | --- | --- | | `D40.LAGNA` | 1 | Virgo | Saturn | | `D40.2` | 2 | Libra | (none) | | `D40.3` | 3 ,f66c03bb2186d0e9478d8a19179cc19c,01_FACTS_LAYER/FORENSIC_ASTROLOGICAL_DATA_v8_0.md,§23.1,0.2618,#### Ketu (`PLN.KETU`)  | Dimension | Value | | --- | --- | | D1 Sign / Degree | Scorpio 19°01′47″ | | Nakshatra / Pada | Jyeshtha / 1 | | Abs Longitude | 229.03° | | Rashi House | 8 | | Chalit House ,3d5d531480dc1331d01fb023d145eec5,01_FACTS_LAYER/FORENSIC_ASTROLOGICAL_DATA_v8_0.md,§4.1,0.2631,### §4.1 KP Cusp Mirror  | ID | Cusp | Degree | Sign | Star Lord | Sub Lord | Sub-Sub Lord | | --- | --- | --- | --- | --- | --- | --- | | `KP.CUSP.1` | 1 (Lagna) | 12°29′19″ | Aries | Ketu | Mercury ,1,
SIG.MSR.184,mind,MOON,Nakshatra — Moon-AK in Purva Bhadrapada Pada 3 (Aquarius 27°02'): Jupiter-Lord Soul in Fierce Pyre-Nakshatra,d55e96f1cfb9c5963bd6241c6eb8947e,01_FACTS_LAYER/FORENSIC_ASTROLOGICAL_DATA_v8_0.md,§23.1,0.2811,#### Jupiter (`PLN.JUPITER`)  | Dimension | Value | | --- | --- | | D1 Sign / Degree | Sagittarius 09°48′28″ | | Nakshatra / Pada | Moola / 3 | | Abs Longitude | 249.81° | | Rashi House | 9 | | Chalit,c931151d617e1758464fb08133424f5f,01_FACTS_LAYER/FORENSIC_ASTROLOGICAL_DATA_v8_0.md,§23.1,0.2849,#### Moon (`PLN.MOON`)  | Dimension | Value | | --- | --- | | D1 Sign / Degree | Aquarius 27°02′48″ | | Nakshatra / Pada | Purva Bhadrapada / 3 | | Abs Longitude | 327.05° | | Rashi House | 11 | | Cha,8aabb6f2376b8a478262c58c5b29116c,01_FACTS_LAYER/FORENSIC_ASTROLOGICAL_DATA_v8_0.md,§3.13,0.2945,### §3.13 D45 — Akshavedamsa (Spiritual Purity)  | ID | House | Sign | Planets | | --- | --- | --- | --- | | `D45.LAGNA` | 1 | Libra | Neptune | | `D45.2` | 2 | Scorpio | (none) | | `D45.3` | 3 | Sagi,1,
SIG.MSR.185,career,SUN,Nakshatra — Sun in Shravana Pada 4 (Capricorn 21°57'): Moon-Lord Listening-Sovereign in Authority Sign,c931151d617e1758464fb08133424f5f,01_FACTS_LAYER/FORENSIC_ASTROLOGICAL_DATA_v8_0.md,§23.1,0.2658,#### Moon (`PLN.MOON`)  | Dimension | Value | | --- | --- | | D1 Sign / Degree | Aquarius 27°02′48″ | | Nakshatra / Pada | Purva Bhadrapada / 3 | | Abs Longitude | 327.05° | | Rashi House | 11 | | Cha,aca29b898fb6de4c81e3af2e4b6934a2,01_FACTS_LAYER/FORENSIC_ASTROLOGICAL_DATA_v8_0.md,§23.1,0.2659,#### Sun (`PLN.SUN`)  | Dimension | Value | | --- | --- | | D1 Sign / Degree | Capricorn 21°57′35″ | | Nakshatra / Pada | Shravana / 4 | | Abs Longitude | 291.96° | | Rashi House | 10 | | Chalit House,fcf469e1354fc3204e32f0d80dc1d1a2,01_FACTS_LAYER/FORENSIC_ASTROLOGICAL_DATA_v8_0.md,§2.1,0.2766,### §2.1 D1 Planet Positions  | ID | Planet | Sign | Degree | Nakshatra | Pada | Abs Long (°) | Rashi House | Chalit House | | --- | --- | --- | --- | --- | --- | --- | --- | --- | | `PLN.SUN` | Sun |,1,
SIG.MSR.186,career,MERCURY,Nakshatra — Mercury in Uttara Ashadha Pada 2 (Capricorn 00°50'): Sun-Lord Invincible-Vow Communicator,c0fff74c31aa2d277c40bb2800359e73,01_FACTS_LAYER/FORENSIC_ASTROLOGICAL_DATA_v8_0.md,§23.1,0.2542,#### Mercury (`PLN.MERCURY`)  | Dimension | Value | | --- | --- | | D1 Sign / Degree | Capricorn 00°50′11″ | | Nakshatra / Pada | Uttara Ashadha / 2 | | Abs Longitude | 270.84° | | Rashi House | 10 | ,87de269383a422992aa8ff7e169e3e28,01_FACTS_LAYER/FORENSIC_ASTROLOGICAL_DATA_v8_0.md,§11.1,0.2742,### §11.1 Upagrahas  | ID | Upagraha | Type | Sign | Degree | Nakshatra | | --- | --- | --- | --- | --- | --- | | `UPG.GULIKA` | Gulika | Time-based | Gemini | 13°57′ | Ardra | | `UPG.MANDI` | Mandi |,83f3701c6e860c99993463a73f1a59a4,01_FACTS_LAYER/FORENSIC_ASTROLOGICAL_DATA_v8_0.md,§1.2,0.2793,### §1.2 Core Mirror  | ID | Field | Value | | --- | --- | --- | | `MET.LAGNA.SIGN` | Lagna Sign | Aries | | `MET.LAGNA.DEG` | Lagna Degree | 12°23′55″ | | `MET.LAGNA.NAK` | Lagna Nakshatra | Ashwini ,1,
SIG.MSR.187,career,MARS,Nakshatra — Mars in Swati Pada 4 (Libra 18°31'): Rahu-Lord Independent-Sword in Relationship Sign,71433979eee9932c2f958170a8b576e6,01_FACTS_LAYER/FORENSIC_ASTROLOGICAL_DATA_v8_0.md,§23.1,0.2449,#### Mars (`PLN.MARS`)  | Dimension | Value | | --- | --- | | D1 Sign / Degree | Libra 18°31′38″ | | Nakshatra / Pada | Swati / 4 | | Abs Longitude | 198.53° | | Rashi House | 7 | | Chalit House | 7 |,fcf469e1354fc3204e32f0d80dc1d1a2,01_FACTS_LAYER/FORENSIC_ASTROLOGICAL_DATA_v8_0.md,§2.1,0.2877,### §2.1 D1 Planet Positions  | ID | Planet | Sign | Degree | Nakshatra | Pada | Abs Long (°) | Rashi House | Chalit House | | --- | --- | --- | --- | --- | --- | --- | --- | --- | | `PLN.SUN` | Sun |,d753256999e50191d907d328f21e0484,01_FACTS_LAYER/FORENSIC_ASTROLOGICAL_DATA_v8_0.md,§23.2,0.2943,### §23.2 House-Centric Matrix  <!-- v8.0 update: Special lagna and saham placements corrected per §12.1 and §12.2 -->  | House | Sign | Lord | Rashi Occupants | SAV (FORENSIC) | Bhavabala Rupas / Ran,1,
SIG.MSR.188,spirit,JUPITER,Nakshatra — Jupiter in Moola Pada 3 (Sagittarius 09°48'): Ketu-Lord Root-Galactic-Center Guru in Own Sign,d55e96f1cfb9c5963bd6241c6eb8947e,01_FACTS_LAYER/FORENSIC_ASTROLOGICAL_DATA_v8_0.md,§23.1,0.2379,#### Jupiter (`PLN.JUPITER`)  | Dimension | Value | | --- | --- | | D1 Sign / Degree | Sagittarius 09°48′28″ | | Nakshatra / Pada | Moola / 3 | | Abs Longitude | 249.81° | | Rashi House | 9 | | Chalit,f66c03bb2186d0e9478d8a19179cc19c,01_FACTS_LAYER/FORENSIC_ASTROLOGICAL_DATA_v8_0.md,§23.1,0.2489,#### Ketu (`PLN.KETU`)  | Dimension | Value | | --- | --- | | D1 Sign / Degree | Scorpio 19°01′47″ | | Nakshatra / Pada | Jyeshtha / 1 | | Abs Longitude | 229.03° | | Rashi House | 8 | | Chalit House ,fa29b75101946b29aec1ba2d356f92d3,01_FACTS_LAYER/FORENSIC_ASTROLOGICAL_DATA_v8_0.md,§4.3,0.2529,"### §4.3 KP House Significators  | ID | House | Significators (ranked) | KP Logic | | --- | --- | --- | --- | | `KP.SIG.1` | 1 (Self) | Mars, Ketu | Mars (Lord); Ketu (agent for Mars) | | `KP.SIG.2` |",1,
SIG.MSR.189,wealth,VENUS,Nakshatra — Venus in Purva Ashadha Pada 2 (Sagittarius 19°10'): Venus-Lord Self-Referencing Nakshatra — Swakshetra at Na,a5082dda382b6a2281874f6d1b26b54c,01_FACTS_LAYER/FORENSIC_ASTROLOGICAL_DATA_v8_0.md,§23.1,0.2139,#### Venus (`PLN.VENUS`)  | Dimension | Value | | --- | --- | | D1 Sign / Degree | Sagittarius 19°10′12″ | | Nakshatra / Pada | Purva Ashadha / 2 | | Abs Longitude | 259.17° | | Rashi House | 9 | | Ch,7e3eef559eb3ac6793930b6c5b5a8619,01_FACTS_LAYER/FORENSIC_ASTROLOGICAL_DATA_v8_0.md,§23.1,0.2580,#### Saturn (`PLN.SATURN`)  | Dimension | Value | | --- | --- | | D1 Sign / Degree | Libra 22°27′04″ | | Nakshatra / Pada | Vishakha / 1 | | Abs Longitude | 202.45° | | Rashi House | 7 | | Chalit Hous,40f6801c58a4850a289e328a0f9816c5,01_FACTS_LAYER/FORENSIC_ASTROLOGICAL_DATA_v8_0.md,§14.2,0.2606,### §14.2 Extended Tara Positions  | ID | Position from Janma | Tara | Nakshatra | Tenants | | --- | --- | --- | --- | --- | | `NVT.16.SANGHATIKA` | 16 | Sanghatika | Hasta | (none) | | `NVT.22.VAINAS,1,
SIG.MSR.190,career,SATURN,Nakshatra — Saturn in Vishakha Pada 1 (Libra 22°27'): Jupiter-Lord Branching-Goal-Ambition in Exaltation,7e3eef559eb3ac6793930b6c5b5a8619,01_FACTS_LAYER/FORENSIC_ASTROLOGICAL_DATA_v8_0.md,§23.1,0.2368,#### Saturn (`PLN.SATURN`)  | Dimension | Value | | --- | --- | | D1 Sign / Degree | Libra 22°27′04″ | | Nakshatra / Pada | Vishakha / 1 | | Abs Longitude | 202.45° | | Rashi House | 7 | | Chalit Hous,d55e96f1cfb9c5963bd6241c6eb8947e,01_FACTS_LAYER/FORENSIC_ASTROLOGICAL_DATA_v8_0.md,§23.1,0.2688,#### Jupiter (`PLN.JUPITER`)  | Dimension | Value | | --- | --- | | D1 Sign / Degree | Sagittarius 09°48′28″ | | Nakshatra / Pada | Moola / 3 | | Abs Longitude | 249.81° | | Rashi House | 9 | | Chalit,71433979eee9932c2f958170a8b576e6,01_FACTS_LAYER/FORENSIC_ASTROLOGICAL_DATA_v8_0.md,§23.1,0.2706,#### Mars (`PLN.MARS`)  | Dimension | Value | | --- | --- | | D1 Sign / Degree | Libra 18°31′38″ | | Nakshatra / Pada | Swati / 4 | | Abs Longitude | 198.53° | | Rashi House | 7 | | Chalit House | 7 |,1,
SIG.MSR.191,wealth,RAHU,Nakshatra — Rahu in Rohini Pada 3 (Taurus 19°01'): Moon-Lord Lush-Growth Amplifier in Exaltation Sign,2d29d836d98291df5258dcdc7be6ad69,01_FACTS_LAYER/FORENSIC_ASTROLOGICAL_DATA_v8_0.md,§23.1,0.2732,#### Rahu (`PLN.RAHU`)  | Dimension | Value | | --- | --- | | D1 Sign / Degree | Taurus 19°01′47″ | | Nakshatra / Pada | Rohini / 3 | | Abs Longitude | 49.03° | | Rashi House | 2 | | Chalit House | 2 ,,,,0.0000,,,,,0.0000,,1,
SIG.MSR.192,spirit,KETU,Nakshatra — Ketu in Jyeshtha Pada 1 (Scorpio 19°01'): Mercury-Lord Elder-Chief in Exaltation Sign,f66c03bb2186d0e9478d8a19179cc19c,01_FACTS_LAYER/FORENSIC_ASTROLOGICAL_DATA_v8_0.md,§23.1,0.2351,#### Ketu (`PLN.KETU`)  | Dimension | Value | | --- | --- | | D1 Sign / Degree | Scorpio 19°01′47″ | | Nakshatra / Pada | Jyeshtha / 1 | | Abs Longitude | 229.03° | | Rashi House | 8 | | Chalit House ,fa29b75101946b29aec1ba2d356f92d3,01_FACTS_LAYER/FORENSIC_ASTROLOGICAL_DATA_v8_0.md,§4.3,0.2600,"### §4.3 KP House Significators  | ID | House | Significators (ranked) | KP Logic | | --- | --- | --- | --- | | `KP.SIG.1` | 1 (Self) | Mars, Ketu | Mars (Lord); Ketu (agent for Mars) | | `KP.SIG.2` |",3d5d531480dc1331d01fb023d145eec5,01_FACTS_LAYER/FORENSIC_ASTROLOGICAL_DATA_v8_0.md,§4.1,0.2793,### §4.1 KP Cusp Mirror  | ID | Cusp | Degree | Sign | Star Lord | Sub Lord | Sub-Sub Lord | | --- | --- | --- | --- | --- | --- | --- | | `KP.CUSP.1` | 1 (Lagna) | 12°29′19″ | Aries | Ketu | Mercury ,1,
SIG.MSR.193,career,SUN,Nakshatra Lord Chain — Sun-Mercury Exchange: Sun in Shravana (Moon lord) / Mercury in Uttara Ashadha (Sun lord),c0fff74c31aa2d277c40bb2800359e73,01_FACTS_LAYER/FORENSIC_ASTROLOGICAL_DATA_v8_0.md,§23.1,0.2647,#### Mercury (`PLN.MERCURY`)  | Dimension | Value | | --- | --- | | D1 Sign / Degree | Capricorn 00°50′11″ | | Nakshatra / Pada | Uttara Ashadha / 2 | | Abs Longitude | 270.84° | | Rashi House | 10 | ,e234963a92f5ed814536db611815c882,01_FACTS_LAYER/FORENSIC_ASTROLOGICAL_DATA_v8_0.md,§9.1,0.2717,### §9.1 Jagratadi / Baladi / Deeptadi States  | ID | Planet | Role | Jagratadi | Baladi | Deeptadi | | --- | --- | --- | --- | --- | --- | | `AVS.MERCURY` | Mercury | Current Vimshottari MD Lord | Su,7e3eef559eb3ac6793930b6c5b5a8619,01_FACTS_LAYER/FORENSIC_ASTROLOGICAL_DATA_v8_0.md,§23.1,0.2754,#### Saturn (`PLN.SATURN`)  | Dimension | Value | | --- | --- | | D1 Sign / Degree | Libra 22°27′04″ | | Nakshatra / Pada | Vishakha / 1 | | Abs Longitude | 202.45° | | Rashi House | 7 | | Chalit Hous,1,
SIG.MSR.194,career,JUPITER,Nakshatra Lord Chain — Jupiter-Ketu-Mercury Loop: Moola(Ketu)→Jyeshtha(Mercury)→UA(Sun)→Shravana(Moon)→PBP(Jupiter) = Ka,c472dade7917933351ad2ae6be9a6610,01_FACTS_LAYER/FORENSIC_ASTROLOGICAL_DATA_v8_0.md,§19,0.2649,## §19 — KOTA CHAKRA (DERIVED)  | ID | Component | Value | | --- | --- | --- | | `KOT.SWAMI` | Kota Swami (Fort Lord) | Saturn (lord of Moon sign Aquarius) | | `KOT.PALA` | Kota Pala (Fort Guard) | Ju,dd2769bbdb08893a9ab7e9c596a48e0e,01_FACTS_LAYER/FORENSIC_ASTROLOGICAL_DATA_v8_0.md,§3.14,0.2706,"### §3.14 D60 — Shashtyamsa (Past Karma)  | ID | House | Sign | Planets | | --- | --- | --- | --- | | `D60.LAGNA` | 1 | Gemini | Saturn | | `D60.2` | 2 | Cancer | Rahu, Jupiter | | `D60.3` | 3 | Leo |",8b9070e97dbaf3363145b7d172d26790,01_FACTS_LAYER/FORENSIC_ASTROLOGICAL_DATA_v8_0.md,§26.1,0.2790,### §26.1 D-1 Rashi Yogas  | ID | Yoga | Type | Key Planets / Houses | Note | | --- | --- | --- | --- | --- | | `YGA.D1.KALPADRUMA` | Kalpadruma / Parijata Yoga | Major royal yoga | Atmakaraka Moon; d,1,
SIG.MSR.195,career,MARS,Nakshatra — Mars-Saturn Nakshatra Pair in 7H: Swati(Rahu) + Vishakha(Jupiter) = Rahu-Jupiter Nakshatra Opposition in Iro,71433979eee9932c2f958170a8b576e6,01_FACTS_LAYER/FORENSIC_ASTROLOGICAL_DATA_v8_0.md,§23.1,0.2845,#### Mars (`PLN.MARS`)  | Dimension | Value | | --- | --- | | D1 Sign / Degree | Libra 18°31′38″ | | Nakshatra / Pada | Swati / 4 | | Abs Longitude | 198.53° | | Rashi House | 7 | | Chalit House | 7 |,3f8a340ab244698b10ed31026eb9c620,01_FACTS_LAYER/FORENSIC_ASTROLOGICAL_DATA_v8_0.md,§16.1,0.2929,### §16.1 Classical Vedic Aspects (Graha Drishti)  | ID | Planet | From Sign | Aspect Rays | | --- | --- | --- | --- | | `ASP.G.SUN` | Sun | Capricorn | 7th on Cancer | | `ASP.G.MOON` | Moon | Aquariu,5482544af208614e383593f70ab0f71d,01_FACTS_LAYER/FORENSIC_ASTROLOGICAL_DATA_v8_0.md,§16.2,0.2994,### §16.2 Tight-Orb Aspects (Western Overlay)  | ID | Pair | Aspect | Orb (°) | Weight | | --- | --- | --- | --- | --- | | `ASP.W.PLUTO_KETU` | Pluto–Ketu | Nonile | 0.28 | 1 | | `ASP.W.PLUTO_URANUS` ,1,
SIG.MSR.196,wealth,RAHU,Tara Bala — Rahu's Rohini is Naidhana (7th Tara = Danger Tara) from Moon's Purva Bhadrapada,2d29d836d98291df5258dcdc7be6ad69,01_FACTS_LAYER/FORENSIC_ASTROLOGICAL_DATA_v8_0.md,§23.1,0.2544,#### Rahu (`PLN.RAHU`)  | Dimension | Value | | --- | --- | | D1 Sign / Degree | Taurus 19°01′47″ | | Nakshatra / Pada | Rohini / 3 | | Abs Longitude | 49.03° | | Rashi House | 2 | | Chalit House | 2 ,3957c36db58918d598272c55959a012a,01_FACTS_LAYER/FORENSIC_ASTROLOGICAL_DATA_v8_0.md,§14.1,0.2627,### §14.1 Navatara from Janma Nakshatra  <!-- Janma Nakshatra = Purva Bhadrapada (Moon's star). -->  | ID | Position | Tara | Nakshatra | Tenants | | --- | --- | --- | --- | --- | | `NVT.01.JANMA` | 1,40f6801c58a4850a289e328a0f9816c5,01_FACTS_LAYER/FORENSIC_ASTROLOGICAL_DATA_v8_0.md,§14.2,0.2715,### §14.2 Extended Tara Positions  | ID | Position from Janma | Tara | Nakshatra | Tenants | | --- | --- | --- | --- | --- | | `NVT.16.SANGHATIKA` | 16 | Sanghatika | Hasta | (none) | | `NVT.22.VAINAS,1,
SIG.MSR.197,health,MOON,Tara Bala — Lagna Nakshatra (Ashwini = 4th Kshema Tara) from Moon: Favorable Lagna-Soul Relationship,8aabb6f2376b8a478262c58c5b29116c,01_FACTS_LAYER/FORENSIC_ASTROLOGICAL_DATA_v8_0.md,§3.13,0.2858,### §3.13 D45 — Akshavedamsa (Spiritual Purity)  | ID | House | Sign | Planets | | --- | --- | --- | --- | | `D45.LAGNA` | 1 | Libra | Neptune | | `D45.2` | 2 | Scorpio | (none) | | `D45.3` | 3 | Sagi,c931151d617e1758464fb08133424f5f,01_FACTS_LAYER/FORENSIC_ASTROLOGICAL_DATA_v8_0.md,§23.1,0.2979,#### Moon (`PLN.MOON`)  | Dimension | Value | | --- | --- | | D1 Sign / Degree | Aquarius 27°02′48″ | | Nakshatra / Pada | Purva Bhadrapada / 3 | | Abs Longitude | 327.05° | | Rashi House | 11 | | Cha,dd2769bbdb08893a9ab7e9c596a48e0e,01_FACTS_LAYER/FORENSIC_ASTROLOGICAL_DATA_v8_0.md,§3.14,0.2996,"### §3.14 D60 — Shashtyamsa (Past Karma)  | ID | House | Sign | Planets | | --- | --- | --- | --- | | `D60.LAGNA` | 1 | Gemini | Saturn | | `D60.2` | 2 | Cancer | Rahu, Jupiter | | `D60.3` | 3 | Leo |",1,
SIG.MSR.198,health,MOON,Tara Bala — Summary of Key Planetary Taras from Moon (Purva Bhadrapada): Complete Tara Diagnostic,3957c36db58918d598272c55959a012a,01_FACTS_LAYER/FORENSIC_ASTROLOGICAL_DATA_v8_0.md,§14.1,0.2467,### §14.1 Navatara from Janma Nakshatra  <!-- Janma Nakshatra = Purva Bhadrapada (Moon's star). -->  | ID | Position | Tara | Nakshatra | Tenants | | --- | --- | --- | --- | --- | | `NVT.01.JANMA` | 1,40f6801c58a4850a289e328a0f9816c5,01_FACTS_LAYER/FORENSIC_ASTROLOGICAL_DATA_v8_0.md,§14.2,0.2558,### §14.2 Extended Tara Positions  | ID | Position from Janma | Tara | Nakshatra | Tenants | | --- | --- | --- | --- | --- | | `NVT.16.SANGHATIKA` | 16 | Sanghatika | Hasta | (none) | | `NVT.22.VAINAS,c931151d617e1758464fb08133424f5f,01_FACTS_LAYER/FORENSIC_ASTROLOGICAL_DATA_v8_0.md,§23.1,0.2676,#### Moon (`PLN.MOON`)  | Dimension | Value | | --- | --- | | D1 Sign / Degree | Aquarius 27°02′48″ | | Nakshatra / Pada | Purva Bhadrapada / 3 | | Abs Longitude | 327.05° | | Rashi House | 11 | | Cha,1,
SIG.MSR.199,spirit,KETU,Nakshatra Convergence — Three Ketu-Lord Nakshatras in Chart (Moola+Ashwini+Magha chain): Ketu as Hidden Nakshatra Hub,f66c03bb2186d0e9478d8a19179cc19c,01_FACTS_LAYER/FORENSIC_ASTROLOGICAL_DATA_v8_0.md,§23.1,0.2839,#### Ketu (`PLN.KETU`)  | Dimension | Value | | --- | --- | | D1 Sign / Degree | Scorpio 19°01′47″ | | Nakshatra / Pada | Jyeshtha / 1 | | Abs Longitude | 229.03° | | Rashi House | 8 | | Chalit House ,3d5d531480dc1331d01fb023d145eec5,01_FACTS_LAYER/FORENSIC_ASTROLOGICAL_DATA_v8_0.md,§4.1,0.2946,### §4.1 KP Cusp Mirror  | ID | Cusp | Degree | Sign | Star Lord | Sub Lord | Sub-Sub Lord | | --- | --- | --- | --- | --- | --- | --- | | `KP.CUSP.1` | 1 (Lagna) | 12°29′19″ | Aries | Ketu | Mercury ,fa29b75101946b29aec1ba2d356f92d3,01_FACTS_LAYER/FORENSIC_ASTROLOGICAL_DATA_v8_0.md,§4.3,0.3003,"### §4.3 KP House Significators  | ID | House | Significators (ranked) | KP Logic | | --- | --- | --- | --- | | `KP.SIG.1` | 1 (Self) | Mars, Ketu | Mars (Lord); Ketu (agent for Mars) | | `KP.SIG.2` |",1,
SIG.MSR.200,career,MERCURY,Nakshatra Pada — Mercury in Uttara Ashadha Pada 2 (Capricorn Navamsa): Triple-Capricorn Vargottama Lock,c0fff74c31aa2d277c40bb2800359e73,01_FACTS_LAYER/FORENSIC_ASTROLOGICAL_DATA_v8_0.md,§23.1,0.2171,#### Mercury (`PLN.MERCURY`)  | Dimension | Value | | --- | --- | | D1 Sign / Degree | Capricorn 00°50′11″ | | Nakshatra / Pada | Uttara Ashadha / 2 | | Abs Longitude | 270.84° | | Rashi House | 10 | ,c931151d617e1758464fb08133424f5f,01_FACTS_LAYER/FORENSIC_ASTROLOGICAL_DATA_v8_0.md,§23.1,0.2669,#### Moon (`PLN.MOON`)  | Dimension | Value | | --- | --- | | D1 Sign / Degree | Aquarius 27°02′48″ | | Nakshatra / Pada | Purva Bhadrapada / 3 | | Abs Longitude | 327.05° | | Rashi House | 11 | | Cha,71433979eee9932c2f958170a8b576e6,01_FACTS_LAYER/FORENSIC_ASTROLOGICAL_DATA_v8_0.md,§23.1,0.2734,#### Mars (`PLN.MARS`)  | Dimension | Value | | --- | --- | | D1 Sign / Degree | Libra 18°31′38″ | | Nakshatra / Pada | Swati / 4 | | Abs Longitude | 198.53° | | Rashi House | 7 | | Chalit House | 7 |,1,
SIG.MSR.201,career,SATURN,Nakshatra Pada — Saturn in Vishakha Pada 1 (Aries Navamsa): Exalted-Debilitated Navamsa-Nakshatra Pattern,3957c36db58918d598272c55959a012a,01_FACTS_LAYER/FORENSIC_ASTROLOGICAL_DATA_v8_0.md,§14.1,0.2603,### §14.1 Navatara from Janma Nakshatra  <!-- Janma Nakshatra = Purva Bhadrapada (Moon's star). -->  | ID | Position | Tara | Nakshatra | Tenants | | --- | --- | --- | --- | --- | | `NVT.01.JANMA` | 1,7e3eef559eb3ac6793930b6c5b5a8619,01_FACTS_LAYER/FORENSIC_ASTROLOGICAL_DATA_v8_0.md,§23.1,0.2621,#### Saturn (`PLN.SATURN`)  | Dimension | Value | | --- | --- | | D1 Sign / Degree | Libra 22°27′04″ | | Nakshatra / Pada | Vishakha / 1 | | Abs Longitude | 202.45° | | Rashi House | 7 | | Chalit Hous,6440a2ddbd5c47cc1280d6e702f33372,01_FACTS_LAYER/FORENSIC_ASTROLOGICAL_DATA_v8_0.md,§3.12,0.2808,### §3.12 D40 — Khavedamsa (Auspiciousness / Misfortune)  | ID | House | Sign | Planets | | --- | --- | --- | --- | | `D40.LAGNA` | 1 | Virgo | Saturn | | `D40.2` | 2 | Libra | (none) | | `D40.3` | 3 ,1,
SIG.MSR.202,spirit,KETU,Nakshatra — Ketu in Jyeshtha + Mars (Lagnesh) in Swati (Rahu lord): Ketu-Mars Nakshatra-Lord Loop,fa29b75101946b29aec1ba2d356f92d3,01_FACTS_LAYER/FORENSIC_ASTROLOGICAL_DATA_v8_0.md,§4.3,0.2738,"### §4.3 KP House Significators  | ID | House | Significators (ranked) | KP Logic | | --- | --- | --- | --- | | `KP.SIG.1` | 1 (Self) | Mars, Ketu | Mars (Lord); Ketu (agent for Mars) | | `KP.SIG.2` |",f66c03bb2186d0e9478d8a19179cc19c,01_FACTS_LAYER/FORENSIC_ASTROLOGICAL_DATA_v8_0.md,§23.1,0.2793,#### Ketu (`PLN.KETU`)  | Dimension | Value | | --- | --- | | D1 Sign / Degree | Scorpio 19°01′47″ | | Nakshatra / Pada | Jyeshtha / 1 | | Abs Longitude | 229.03° | | Rashi House | 8 | | Chalit House ,71433979eee9932c2f958170a8b576e6,01_FACTS_LAYER/FORENSIC_ASTROLOGICAL_DATA_v8_0.md,§23.1,0.2806,#### Mars (`PLN.MARS`)  | Dimension | Value | | --- | --- | | D1 Sign / Degree | Libra 18°31′38″ | | Nakshatra / Pada | Swati / 4 | | Abs Longitude | 198.53° | | Rashi House | 7 | | Chalit House | 7 |,1,
SIG.MSR.203,wealth,VENUS,Nakshatra — Venus in Own Nakshatra (Purva Ashadha): Self-Referencing Lakshmi Principle,a5082dda382b6a2281874f6d1b26b54c,01_FACTS_LAYER/FORENSIC_ASTROLOGICAL_DATA_v8_0.md,§23.1,0.2671,#### Venus (`PLN.VENUS`)  | Dimension | Value | | --- | --- | | D1 Sign / Degree | Sagittarius 19°10′12″ | | Nakshatra / Pada | Purva Ashadha / 2 | | Abs Longitude | 259.17° | | Rashi House | 9 | | Ch,6440a2ddbd5c47cc1280d6e702f33372,01_FACTS_LAYER/FORENSIC_ASTROLOGICAL_DATA_v8_0.md,§3.12,0.2896,### §3.12 D40 — Khavedamsa (Auspiciousness / Misfortune)  | ID | House | Sign | Planets | | --- | --- | --- | --- | | `D40.LAGNA` | 1 | Virgo | Saturn | | `D40.2` | 2 | Libra | (none) | | `D40.3` | 3 ,8aabb6f2376b8a478262c58c5b29116c,01_FACTS_LAYER/FORENSIC_ASTROLOGICAL_DATA_v8_0.md,§3.13,0.2959,### §3.13 D45 — Akshavedamsa (Spiritual Purity)  | ID | House | Sign | Planets | | --- | --- | --- | --- | | `D45.LAGNA` | 1 | Libra | Neptune | | `D45.2` | 2 | Scorpio | (none) | | `D45.3` | 3 | Sagi,1,
SIG.MSR.204,spirit,JUPITER,"Nakshatra — Jupiter in Moola (Galactic Center, Nirriti deity): Root-Dissolution as Dharmic Method",e290949ffafc3de872bce607b42a6c31,01_FACTS_LAYER/FORENSIC_ASTROLOGICAL_DATA_v8_0.md,§20.2,0.3031,### §20.2 Digpala and Divisional Deity Mapping  | ID | Scope | Assignments | | --- | --- | --- | | `DEV.D10.DIG` | D10 Digpala | Lagna → Varuna; Sun (10th Lord) → Yama; Saturn (10th Occupant) → Isana ,07746c57c9b49a44649d2584355e8c7d,01_FACTS_LAYER/FORENSIC_ASTROLOGICAL_DATA_v8_0.md,§26.5,0.3119,"### §26.5 Mercury Eight-System Convergence  <!-- [v8.0 architectural note — replaces ""Seven-System"" framing from MSR.413]:      Mercury accumulates 8 system-designations:      1. Current Vimshottari M",65de55012fd3428820596f951008646e,01_FACTS_LAYER/FORENSIC_ASTROLOGICAL_DATA_v8_0.md,§5.1,0.3171,### §5.1 Vimshottari Dasha (Mahadasha / Antardasha)  | ID | MD | AD | Start (FORENSIC) | End (FORENSIC) | | --- | --- | --- | --- | --- | | `DSH.V.001` | Jupiter | Venus | 1984-02-05 | 1986-03-03 | | ,1,
SIG.MSR.205,wealth,RAHU,"Nakshatra — Rahu in Rohini (Brahma deity, Taurus): Creative-Generative Ambition at Maximum Material Peak",2d29d836d98291df5258dcdc7be6ad69,01_FACTS_LAYER/FORENSIC_ASTROLOGICAL_DATA_v8_0.md,§23.1,0.2644,#### Rahu (`PLN.RAHU`)  | Dimension | Value | | --- | --- | | D1 Sign / Degree | Taurus 19°01′47″ | | Nakshatra / Pada | Rohini / 3 | | Abs Longitude | 49.03° | | Rashi House | 2 | | Chalit House | 2 ,3f8a340ab244698b10ed31026eb9c620,01_FACTS_LAYER/FORENSIC_ASTROLOGICAL_DATA_v8_0.md,§16.1,0.3180,### §16.1 Classical Vedic Aspects (Graha Drishti)  | ID | Planet | From Sign | Aspect Rays | | --- | --- | --- | --- | | `ASP.G.SUN` | Sun | Capricorn | 7th on Cancer | | `ASP.G.MOON` | Moon | Aquariu,d753256999e50191d907d328f21e0484,01_FACTS_LAYER/FORENSIC_ASTROLOGICAL_DATA_v8_0.md,§23.2,0.3241,### §23.2 House-Centric Matrix  <!-- v8.0 update: Special lagna and saham placements corrected per §12.1 and §12.2 -->  | House | Sign | Lord | Rashi Occupants | SAV (FORENSIC) | Bhavabala Rupas / Ran,1,
SIG.MSR.206,spirit,SUN,Nakshatra Summary — Chart's Deity Profile: Vishnu (Shravana) + Brahma (Rohini) + Vishvadevas (UA) + Nirriti (Moola): Cre,3405d217ce6048546cb0cce72af4e24e,01_FACTS_LAYER/FORENSIC_ASTROLOGICAL_DATA_v8_0.md,§20.1,0.2563,"### §20.1 Deity Triad (Jaimini Derivation)  <!-- Atmakaraka = Moon (highest D1 longitude 27°02′). In D9, Moon is in Gemini. From Gemini: 12th = Taurus (Venus); 9th = Aquarius (Saturn); 1st = Gemini (M",65de55012fd3428820596f951008646e,01_FACTS_LAYER/FORENSIC_ASTROLOGICAL_DATA_v8_0.md,§5.1,0.2581,### §5.1 Vimshottari Dasha (Mahadasha / Antardasha)  | ID | MD | AD | Start (FORENSIC) | End (FORENSIC) | | --- | --- | --- | --- | --- | | `DSH.V.001` | Jupiter | Venus | 1984-02-05 | 1986-03-03 | | ,3957c36db58918d598272c55959a012a,01_FACTS_LAYER/FORENSIC_ASTROLOGICAL_DATA_v8_0.md,§14.1,0.2687,### §14.1 Navatara from Janma Nakshatra  <!-- Janma Nakshatra = Purva Bhadrapada (Moon's star). -->  | ID | Position | Tara | Nakshatra | Tenants | | --- | --- | --- | --- | --- | | `NVT.01.JANMA` | 1,1,
SIG.MSR.208,career,MERCURY,D9 — Mercury Vargottama (Capricorn D1 = Capricorn D9): Chart's Most Structurally Continuous Dignity,c0fff74c31aa2d277c40bb2800359e73,01_FACTS_LAYER/FORENSIC_ASTROLOGICAL_DATA_v8_0.md,§23.1,0.1989,#### Mercury (`PLN.MERCURY`)  | Dimension | Value | | --- | --- | | D1 Sign / Degree | Capricorn 00°50′11″ | | Nakshatra / Pada | Uttara Ashadha / 2 | | Abs Longitude | 270.84° | | Rashi House | 10 | ,21c7822594dc29a2dfc955d90ec1234e,01_FACTS_LAYER/FORENSIC_ASTROLOGICAL_DATA_v8_0.md,§3.15,0.2224,### §3.15 CSI Ledger — D1→D9 and D1→D10 Comparative Status  | ID | Planet | Vargottama | D1→D9 Dignity | D10 Placement | | --- | --- | --- | --- | --- | | `CSI.SUN` | Sun | NO | D1 Capricorn → D9 Canc,f43cc9d59dd83a0cd7c68742053d0985,01_FACTS_LAYER/FORENSIC_ASTROLOGICAL_DATA_v8_0.md,§3.5,0.2327,### §3.5 D9 — Navamsa (Dharma / Spouse / General Strength)  | ID | Body | D9 Sign | D1 Sign | Vargottama | | --- | --- | --- | --- | --- | | `D9.LAGNA` | D9 Lagna | Cancer | Aries (D1 Lagna) | NO | | ,1,
SIG.MSR.209,travel,MOON,D9 — 12H Stellium (Moon+Jupiter+Rahu in Gemini D9): Soul-Dispersion to Foreign-Dharmic Domain,f43cc9d59dd83a0cd7c68742053d0985,01_FACTS_LAYER/FORENSIC_ASTROLOGICAL_DATA_v8_0.md,§3.5,0.2766,### §3.5 D9 — Navamsa (Dharma / Spouse / General Strength)  | ID | Body | D9 Sign | D1 Sign | Vargottama | | --- | --- | --- | --- | --- | | `D9.LAGNA` | D9 Lagna | Cancer | Aries (D1 Lagna) | NO | | ,,,,0.0000,,,,,0.0000,,1,
SIG.MSR.210,relationships,VENUS,"D9 — Venus NBRY (Virgo Debilitated, Mercury Vargottama Cancels): Partnership Weakness → Elevated",f43cc9d59dd83a0cd7c68742053d0985,01_FACTS_LAYER/FORENSIC_ASTROLOGICAL_DATA_v8_0.md,§3.5,0.2174,### §3.5 D9 — Navamsa (Dharma / Spouse / General Strength)  | ID | Body | D9 Sign | D1 Sign | Vargottama | | --- | --- | --- | --- | --- | | `D9.LAGNA` | D9 Lagna | Cancer | Aries (D1 Lagna) | NO | | ,a5082dda382b6a2281874f6d1b26b54c,01_FACTS_LAYER/FORENSIC_ASTROLOGICAL_DATA_v8_0.md,§23.1,0.2892,#### Venus (`PLN.VENUS`)  | Dimension | Value | | --- | --- | | D1 Sign / Degree | Sagittarius 19°10′12″ | | Nakshatra / Pada | Purva Ashadha / 2 | | Abs Longitude | 259.17° | | Rashi House | 9 | | Ch,c0fff74c31aa2d277c40bb2800359e73,01_FACTS_LAYER/FORENSIC_ASTROLOGICAL_DATA_v8_0.md,§23.1,0.2898,#### Mercury (`PLN.MERCURY`)  | Dimension | Value | | --- | --- | | D1 Sign / Degree | Capricorn 00°50′11″ | | Nakshatra / Pada | Uttara Ashadha / 2 | | Abs Longitude | 270.84° | | Rashi House | 10 | ,1,
SIG.MSR.211,career,SATURN,"D9 — Saturn NBRY (Aries Debilitated, Sun in D9 Lagna Cancer Cancels): Authority Weakness → Raja Yoga",f43cc9d59dd83a0cd7c68742053d0985,01_FACTS_LAYER/FORENSIC_ASTROLOGICAL_DATA_v8_0.md,§3.5,0.2275,### §3.5 D9 — Navamsa (Dharma / Spouse / General Strength)  | ID | Body | D9 Sign | D1 Sign | Vargottama | | --- | --- | --- | --- | --- | | `D9.LAGNA` | D9 Lagna | Cancer | Aries (D1 Lagna) | NO | | ,7e3eef559eb3ac6793930b6c5b5a8619,01_FACTS_LAYER/FORENSIC_ASTROLOGICAL_DATA_v8_0.md,§23.1,0.2484,#### Saturn (`PLN.SATURN`)  | Dimension | Value | | --- | --- | | D1 Sign / Degree | Libra 22°27′04″ | | Nakshatra / Pada | Vishakha / 1 | | Abs Longitude | 202.45° | | Rashi House | 7 | | Chalit Hous,835bf9f897fc9d3a5af3927297d8c363,01_FACTS_LAYER/FORENSIC_ASTROLOGICAL_DATA_v8_0.md,§26.2,0.2563,### §26.2 D-9 Navamsa Yogas  | ID | Yoga | Type | Key Configuration | Note | | --- | --- | --- | --- | --- | | `YGA.D9.GAJAKESARI` | Gaja-Kesari Yoga (D9) | Famous / virtuous | Jupiter and Moon both i,1,
SIG.MSR.212,spirit,MARS,D9 — Mars in Pisces 9H (Dharmic Trine from D9 Lagna Cancer): Lagnesh in Dharma-Angle at Navamsa Level,f43cc9d59dd83a0cd7c68742053d0985,01_FACTS_LAYER/FORENSIC_ASTROLOGICAL_DATA_v8_0.md,§3.5,0.1968,### §3.5 D9 — Navamsa (Dharma / Spouse / General Strength)  | ID | Body | D9 Sign | D1 Sign | Vargottama | | --- | --- | --- | --- | --- | | `D9.LAGNA` | D9 Lagna | Cancer | Aries (D1 Lagna) | NO | | ,71433979eee9932c2f958170a8b576e6,01_FACTS_LAYER/FORENSIC_ASTROLOGICAL_DATA_v8_0.md,§23.1,0.2184,#### Mars (`PLN.MARS`)  | Dimension | Value | | --- | --- | | D1 Sign / Degree | Libra 18°31′38″ | | Nakshatra / Pada | Swati / 4 | | Abs Longitude | 198.53° | | Rashi House | 7 | | Chalit House | 7 |,4325e2cd4edfb043c12c5da9e8220576,01_FACTS_LAYER/FORENSIC_ASTROLOGICAL_DATA_v8_0.md,§3.6,0.2310,### §3.6 D10 — Dashamsha (Career / Status)  | ID | Body | D10 Sign | D10 House | | --- | --- | --- | --- | | `D10.LAGNA` | D10 Lagna | Leo | 1 | | `D10.SUN` | Sun | Aries | 9 | | `D10.MOON` | Moon | S,1,
SIG.MSR.213,career,SATURN,D10 — Saturn at D10 Midheaven (Taurus 10H): Career-Permanence Signature,4325e2cd4edfb043c12c5da9e8220576,01_FACTS_LAYER/FORENSIC_ASTROLOGICAL_DATA_v8_0.md,§3.6,0.2503,### §3.6 D10 — Dashamsha (Career / Status)  | ID | Body | D10 Sign | D10 House | | --- | --- | --- | --- | | `D10.LAGNA` | D10 Lagna | Leo | 1 | | `D10.SUN` | Sun | Aries | 9 | | `D10.MOON` | Moon | S,,,,0.0000,,,,,0.0000,,1,
SIG.MSR.214,career,SUN,D10 — Sun+Mars in D10 9H Aries (Dharmic Trine from D10 Lagna Leo): Dharmic-Martial-Career Fusion,4325e2cd4edfb043c12c5da9e8220576,01_FACTS_LAYER/FORENSIC_ASTROLOGICAL_DATA_v8_0.md,§3.6,0.2389,### §3.6 D10 — Dashamsha (Career / Status)  | ID | Body | D10 Sign | D10 House | | --- | --- | --- | --- | | `D10.LAGNA` | D10 Lagna | Leo | 1 | | `D10.SUN` | Sun | Aries | 9 | | `D10.MOON` | Moon | S,f8fe9a055f29e6e4f4f2b9217b97aa88,01_FACTS_LAYER/FORENSIC_ASTROLOGICAL_DATA_v8_0.md,§26.3,0.2593,### §26.3 D-10 Dashamsha Yogas  | ID | Yoga | Type | Key Configuration | Note | | --- | --- | --- | --- | --- | | `YGA.D10.SARALA` | Sarala Viparita Raja Yoga | Power from upheaval | 8L in 8H in D10 —,c0637d9f80ab91857b96b67496430b84,01_FACTS_LAYER/FORENSIC_ASTROLOGICAL_DATA_v8_0.md,§13.1,0.2887,### §13.1 Arudha Placements  | ID | Arudha | Computed Sign | Computed House (from D1 Lagna) | D1 Tenants | Derivation | | --- | --- | --- | --- | --- | --- | | `ARD.AL` | Arudha Lagna (AL) | Capricorn,1,
SIG.MSR.215,career,MERCURY,D10 — Mercury Own-Sign D10 Virgo 2H + Jupiter Own-Sign D10 Pisces 8H: Dual Own-Sign Planets in 2H-8H Axis,cb29ffa3c7f05682e42a193022e72037,01_FACTS_LAYER/FORENSIC_ASTROLOGICAL_DATA_v8_0.md,§3.1,0.2597,"### §3.1 D2 — Hora (Wealth Division)  | ID | Hora Sign | Ruler | Planets | | --- | --- | --- | --- | | `D2.CANCER` | Cancer | Moon | Moon, Mars, Venus, Saturn, Mercury | | `D2.LEO` | Leo | Sun | Jupit",21c7822594dc29a2dfc955d90ec1234e,01_FACTS_LAYER/FORENSIC_ASTROLOGICAL_DATA_v8_0.md,§3.15,0.2658,### §3.15 CSI Ledger — D1→D9 and D1→D10 Comparative Status  | ID | Planet | Vargottama | D1→D9 Dignity | D10 Placement | | --- | --- | --- | --- | --- | | `CSI.SUN` | Sun | NO | D1 Capricorn → D9 Canc,ddbb78084ecf5d3b60ca381b1ea525ec,01_FACTS_LAYER/FORENSIC_ASTROLOGICAL_DATA_v8_0.md,§2.2,0.2667,### §2.2 D1 Sign Occupancy (Bhava View)  | ID | House | Sign | Planets | | --- | --- | --- | --- | | `HSE.1` | 1 | Aries | (none) | | `HSE.2` | 2 | Taurus | Rahu | | `HSE.3` | 3 | Gemini | (none) | | ,1,
SIG.MSR.216,career,RAHU,D10 — Rahu in D10 Cancer 12H (Foreign-Career Engine): Structural US-Stint Predictor,4325e2cd4edfb043c12c5da9e8220576,01_FACTS_LAYER/FORENSIC_ASTROLOGICAL_DATA_v8_0.md,§3.6,0.2758,### §3.6 D10 — Dashamsha (Career / Status)  | ID | Body | D10 Sign | D10 House | | --- | --- | --- | --- | | `D10.LAGNA` | D10 Lagna | Leo | 1 | | `D10.SUN` | Sun | Aries | 9 | | `D10.MOON` | Moon | S,d053861ab35e16c3e32605de32ad3990,01_FACTS_LAYER/FORENSIC_ASTROLOGICAL_DATA_v8_0.md,§18,0.3062,## §18 — CHANDRA CHART (FROM-MOON VIEW)  | ID | House from Moon | Sign | Planets | | --- | --- | --- | --- | | `CHN.1` | 1 (Self) | Aquarius | Moon | | `CHN.2` | 2 (Speech) | Pisces | (none) | | `CHN.,c3c1113722072bbbf3b8d7c19931e4cb,01_FACTS_LAYER/FORENSIC_ASTROLOGICAL_DATA_v8_0.md,§2,0.3074,## §2 — D1 RASHI CHART (FACTS) ,1,
SIG.MSR.217,spirit,,D27 — Lagna Pisces = D1 12H Parallel: Strength-Foundation Rooted in Moksha Domain (SIG.26),d9a5dd4f78aff150e1695eaac9e85784,01_FACTS_LAYER/FORENSIC_ASTROLOGICAL_DATA_v8_0.md,§3.10,0.2304,### §3.10 D24 — Siddhamsa (Education / Knowledge)  | ID | House | Sign | Planets | | --- | --- | --- | --- | | `D24.LAGNA` | 1 | Taurus | Moon | | `D24.2` | 2 | Gemini | (none) | | `D24.3` | 3 | Cance,8aabb6f2376b8a478262c58c5b29116c,01_FACTS_LAYER/FORENSIC_ASTROLOGICAL_DATA_v8_0.md,§3.13,0.2380,### §3.13 D45 — Akshavedamsa (Spiritual Purity)  | ID | House | Sign | Planets | | --- | --- | --- | --- | | `D45.LAGNA` | 1 | Libra | Neptune | | `D45.2` | 2 | Scorpio | (none) | | `D45.3` | 3 | Sagi,9babdccd7813a9a1442f2166bd10f356,01_FACTS_LAYER/FORENSIC_ASTROLOGICAL_DATA_v8_0.md,§3.2,0.2465,"### §3.2 D3 — Drekkana (Decanate)  | ID | House | Sign | Planets | | --- | --- | --- | --- | | `D3.LAGNA` | 1 | Leo | Venus | | `D3.2` | 2 | Virgo | Sun, Rahu | | `D3.3` | 3 | Libra | (none) | | `D3.4",1,
SIG.MSR.218,spirit,SATURN,D60 — Saturn at D60 Lagna (Gemini): Karmic-Primacy of Discipline at Past-Karma Origin (SIG.27),dd2769bbdb08893a9ab7e9c596a48e0e,01_FACTS_LAYER/FORENSIC_ASTROLOGICAL_DATA_v8_0.md,§3.14,0.1935,"### §3.14 D60 — Shashtyamsa (Past Karma)  | ID | House | Sign | Planets | | --- | --- | --- | --- | | `D60.LAGNA` | 1 | Gemini | Saturn | | `D60.2` | 2 | Cancer | Rahu, Jupiter | | `D60.3` | 3 | Leo |",640b9a557bd93e286fddce8c9aba7dcb,01_FACTS_LAYER/FORENSIC_ASTROLOGICAL_DATA_v8_0.md,§3.11,0.2449,### §3.11 D30 — Trimsamsa (Misfortune / Evils)  | ID | House | Sign | Planets | | --- | --- | --- | --- | | `D30.LAGNA` | 1 | Capricorn | Sun | | `D30.2` | 2 | Aquarius | Jupiter | | `D30.3` | 3 | Pis,6440a2ddbd5c47cc1280d6e702f33372,01_FACTS_LAYER/FORENSIC_ASTROLOGICAL_DATA_v8_0.md,§3.12,0.2458,### §3.12 D40 — Khavedamsa (Auspiciousness / Misfortune)  | ID | House | Sign | Planets | | --- | --- | --- | --- | | `D40.LAGNA` | 1 | Virgo | Saturn | | `D40.2` | 2 | Libra | (none) | | `D40.3` | 3 ,1,
SIG.MSR.219,spirit,KETU,D60 — Ketu in D60 8H Capricorn: Past-Life Moksha-Crisis in Authority Domain,f66c03bb2186d0e9478d8a19179cc19c,01_FACTS_LAYER/FORENSIC_ASTROLOGICAL_DATA_v8_0.md,§23.1,0.2599,#### Ketu (`PLN.KETU`)  | Dimension | Value | | --- | --- | | D1 Sign / Degree | Scorpio 19°01′47″ | | Nakshatra / Pada | Jyeshtha / 1 | | Abs Longitude | 229.03° | | Rashi House | 8 | | Chalit House ,dd2769bbdb08893a9ab7e9c596a48e0e,01_FACTS_LAYER/FORENSIC_ASTROLOGICAL_DATA_v8_0.md,§3.14,0.2655,"### §3.14 D60 — Shashtyamsa (Past Karma)  | ID | House | Sign | Planets | | --- | --- | --- | --- | | `D60.LAGNA` | 1 | Gemini | Saturn | | `D60.2` | 2 | Cancer | Rahu, Jupiter | | `D60.3` | 3 | Leo |",,,,0.0000,,1,
SIG.MSR.220,spirit,SUN,D20 — Sun in D20 Pisces 5H (Vishnu-Affinity Trine): Structural Spiritual Architecture (SIG.28),c3ef8adb38221bde14ca44c66554d733,01_FACTS_LAYER/FORENSIC_ASTROLOGICAL_DATA_v8_0.md,§3.9,0.2664,"### §3.9 D20 — Vimsamsa (Spiritual Sadhana)  | ID | Sign | Planets | | --- | --- | --- | | `D20.SCORPIO` | Scorpio | Ascendant (D20 Lagna), Jupiter | | `D20.SAGITTARIUS` | Sagittarius | Saturn | | `D2",640b9a557bd93e286fddce8c9aba7dcb,01_FACTS_LAYER/FORENSIC_ASTROLOGICAL_DATA_v8_0.md,§3.11,0.2975,### §3.11 D30 — Trimsamsa (Misfortune / Evils)  | ID | House | Sign | Planets | | --- | --- | --- | --- | | `D30.LAGNA` | 1 | Capricorn | Sun | | `D30.2` | 2 | Aquarius | Jupiter | | `D30.3` | 3 | Pis,d9a5dd4f78aff150e1695eaac9e85784,01_FACTS_LAYER/FORENSIC_ASTROLOGICAL_DATA_v8_0.md,§3.10,0.3023,### §3.10 D24 — Siddhamsa (Education / Knowledge)  | ID | House | Sign | Planets | | --- | --- | --- | --- | | `D24.LAGNA` | 1 | Taurus | Moon | | `D24.2` | 2 | Gemini | (none) | | `D24.3` | 3 | Cance,1,
SIG.MSR.221,spirit,JUPITER,D20 — Jupiter at D20 Lagna Scorpio: Guru-at-Spiritual-Origin = Dharmic-Research Sadhana Architecture,c3ef8adb38221bde14ca44c66554d733,01_FACTS_LAYER/FORENSIC_ASTROLOGICAL_DATA_v8_0.md,§3.9,0.2287,"### §3.9 D20 — Vimsamsa (Spiritual Sadhana)  | ID | Sign | Planets | | --- | --- | --- | | `D20.SCORPIO` | Scorpio | Ascendant (D20 Lagna), Jupiter | | `D20.SAGITTARIUS` | Sagittarius | Saturn | | `D2",e290949ffafc3de872bce607b42a6c31,01_FACTS_LAYER/FORENSIC_ASTROLOGICAL_DATA_v8_0.md,§20.2,0.2493,### §20.2 Digpala and Divisional Deity Mapping  | ID | Scope | Assignments | | --- | --- | --- | | `DEV.D10.DIG` | D10 Digpala | Lagna → Varuna; Sun (10th Lord) → Yama; Saturn (10th Occupant) → Isana ,d9a5dd4f78aff150e1695eaac9e85784,01_FACTS_LAYER/FORENSIC_ASTROLOGICAL_DATA_v8_0.md,§3.10,0.2628,### §3.10 D24 — Siddhamsa (Education / Knowledge)  | ID | House | Sign | Planets | | --- | --- | --- | --- | | `D24.LAGNA` | 1 | Taurus | Moon | | `D24.2` | 2 | Gemini | (none) | | `D24.3` | 3 | Cance,1,
SIG.MSR.222,relationships,SATURN,D30 — Saturn+Mars+Venus Triple-Conjunction D30 6H Gemini: Internal Conflict Structural Register,,,,0.0000,,,,,0.0000,,,,,0.0000,,1,FORENSIC_ASTROLOGICAL_DATA_v8_0#§3
SIG.MSR.223,wealth,JUPITER,"D40 — Jupiter+Venus D40 9H Taurus: Lakshmi-Dharma Recurrence Across Three Divisionals (D1, D9, D40)",6440a2ddbd5c47cc1280d6e702f33372,01_FACTS_LAYER/FORENSIC_ASTROLOGICAL_DATA_v8_0.md,§3.12,0.2087,### §3.12 D40 — Khavedamsa (Auspiciousness / Misfortune)  | ID | House | Sign | Planets | | --- | --- | --- | --- | | `D40.LAGNA` | 1 | Virgo | Saturn | | `D40.2` | 2 | Libra | (none) | | `D40.3` | 3 ,dd2769bbdb08893a9ab7e9c596a48e0e,01_FACTS_LAYER/FORENSIC_ASTROLOGICAL_DATA_v8_0.md,§3.14,0.2289,"### §3.14 D60 — Shashtyamsa (Past Karma)  | ID | House | Sign | Planets | | --- | --- | --- | --- | | `D60.LAGNA` | 1 | Gemini | Saturn | | `D60.2` | 2 | Cancer | Rahu, Jupiter | | `D60.3` | 3 | Leo |",640b9a557bd93e286fddce8c9aba7dcb,01_FACTS_LAYER/FORENSIC_ASTROLOGICAL_DATA_v8_0.md,§3.11,0.2325,### §3.11 D30 — Trimsamsa (Misfortune / Evils)  | ID | House | Sign | Planets | | --- | --- | --- | --- | | `D30.LAGNA` | 1 | Capricorn | Sun | | `D30.2` | 2 | Aquarius | Jupiter | | `D30.3` | 3 | Pis,1,
SIG.MSR.224,career,SATURN,Divisional — Triple-Exalted Nodal Axis: Saturn(Libra D1 exalted) + Rahu(Taurus D1 classically exalted) + Ketu(Scorpio D1,,,,0.0000,,,,,0.0000,,,,,0.0000,,1,FORENSIC_ASTROLOGICAL_DATA_v8_0#§3
SIG.MSR.225,career,MERCURY,Divisional — Vimsopaka Bala Assessment: Key Planetary Dignities Across 16 Divisionals,106c001998325b5fd63aba6fbd3c8411,01_FACTS_LAYER/FORENSIC_ASTROLOGICAL_DATA_v8_0.md,§6.5,0.2338,### §6.5 Vimsopaka Bala (20-Point Varga Strength)  | ID | Rank | Planet | Score | Band | | --- | --- | --- | --- | --- | | `VIM.1` | 1 | Jupiter | 12.1 | Dominant | | `VIM.2` | 2 | Mars | 11.8 | Very ,04f6bd7b0c8d415037cad216f04e810a,01_FACTS_LAYER/FORENSIC_ASTROLOGICAL_DATA_v8_0.md,§0.1,0.2986,### §0.1 Stable ID Namespaces  | Namespace | Example | Meaning | | --- | --- | --- | | `MET.*` | `MET.BIRTH.DATE` | Metadata | | `PLN.*` | `PLN.MOON` | Planet | | `HSE.*` | `HSE.7` | House (1–12) | | ,1bec1848875ba60014910e27be0e0ae3,01_FACTS_LAYER/FORENSIC_ASTROLOGICAL_DATA_v8_0.md,§6.1,0.2988,### §6.1 Shadbala — Component Breakdown  <!-- [DUAL-ENGINE NOTE: Shadbala totals and ranking differ between FORENSIC and JH engines. See §6.2 for both rankings and the RESOLVED policy statement.] --> ,1,
SIG.MSR.226,children,MARS,Divisional — D7 Saptamsha: Progeny Register; Twin-Daughter Signature (EVT.2022.01.03.01),5a81f6bd5851415f2f2b3a725aefe120,01_FACTS_LAYER/FORENSIC_ASTROLOGICAL_DATA_v8_0.md,§3.4,0.2653,### §3.4 D7 — Saptamsa (Progeny)  | ID | House | Sign | Planets | | --- | --- | --- | --- | | `D7.LAGNA` | 1 | Cancer | Mercury | | `D7.2` | 2 | Leo | Moon | | `D7.3` | 3 | Virgo | Ketu | | `D7.4` | 4,c68e19f0f6ad4775b53cbcdaf57e878e,01_FACTS_LAYER/FORENSIC_ASTROLOGICAL_DATA_v8_0.md,§3.7,0.3101,"### §3.7 D12 — Dvadashamsa (Parental Ancestry)  | ID | Sign | Planets | | --- | --- | --- | | `D12.ARIES` | Aries | Mercury, Jupiter | | `D12.TAURUS` | Taurus | (none) | | `D12.GEMINI` | Gemini | Satu",adc4325e588b81bd96398814da2bbb9b,01_FACTS_LAYER/FORENSIC_ASTROLOGICAL_DATA_v8_0.md,§12.2,0.3172,### §12.2 Tajika Sahams — Full 36-Saham Register (JH Authoritative — replaces v6.0 §12.2)  <!-- [v8.0 FULL REPLACEMENT]: v6.0 §12.2 had only 6 sahams with one error (Vivaha). This section replaces it ,1,
SIG.MSR.227,parents,JUPITER,Divisional — D12 Dvadashamsha: Parental Ancestry Register; Leo Lagna; Father-Signification Weak Pattern (CTR.03 Echo),c68e19f0f6ad4775b53cbcdaf57e878e,01_FACTS_LAYER/FORENSIC_ASTROLOGICAL_DATA_v8_0.md,§3.7,0.2101,"### §3.7 D12 — Dvadashamsa (Parental Ancestry)  | ID | Sign | Planets | | --- | --- | --- | | `D12.ARIES` | Aries | Mercury, Jupiter | | `D12.TAURUS` | Taurus | (none) | | `D12.GEMINI` | Gemini | Satu",9babdccd7813a9a1442f2166bd10f356,01_FACTS_LAYER/FORENSIC_ASTROLOGICAL_DATA_v8_0.md,§3.2,0.2497,"### §3.2 D3 — Drekkana (Decanate)  | ID | House | Sign | Planets | | --- | --- | --- | --- | | `D3.LAGNA` | 1 | Leo | Venus | | `D3.2` | 2 | Virgo | Sun, Rahu | | `D3.3` | 3 | Libra | (none) | | `D3.4",5a81f6bd5851415f2f2b3a725aefe120,01_FACTS_LAYER/FORENSIC_ASTROLOGICAL_DATA_v8_0.md,§3.4,0.2581,### §3.4 D7 — Saptamsa (Progeny)  | ID | House | Sign | Planets | | --- | --- | --- | --- | | `D7.LAGNA` | 1 | Cancer | Mercury | | `D7.2` | 2 | Leo | Moon | | `D7.3` | 3 | Virgo | Ketu | | `D7.4` | 4,1,
SIG.MSR.228,health,,Sensitive-Point — Gulika in Gemini 3H (13°57′ Ardra): Calamity-Significator in House of Courage and Communication,640b9a557bd93e286fddce8c9aba7dcb,01_FACTS_LAYER/FORENSIC_ASTROLOGICAL_DATA_v8_0.md,§3.11,0.3188,### §3.11 D30 — Trimsamsa (Misfortune / Evils)  | ID | House | Sign | Planets | | --- | --- | --- | --- | | `D30.LAGNA` | 1 | Capricorn | Sun | | `D30.2` | 2 | Aquarius | Jupiter | | `D30.3` | 3 | Pis,6440a2ddbd5c47cc1280d6e702f33372,01_FACTS_LAYER/FORENSIC_ASTROLOGICAL_DATA_v8_0.md,§3.12,0.3374,### §3.12 D40 — Khavedamsa (Auspiciousness / Misfortune)  | ID | House | Sign | Planets | | --- | --- | --- | --- | | `D40.LAGNA` | 1 | Virgo | Saturn | | `D40.2` | 2 | Libra | (none) | | `D40.3` | 3 ,87de269383a422992aa8ff7e169e3e28,01_FACTS_LAYER/FORENSIC_ASTROLOGICAL_DATA_v8_0.md,§11.1,0.3414,### §11.1 Upagrahas  | ID | Upagraha | Type | Sign | Degree | Nakshatra | | --- | --- | --- | --- | --- | --- | | `UPG.GULIKA` | Gulika | Time-based | Gemini | 13°57′ | Ardra | | `UPG.MANDI` | Mandi |,3,
SIG.MSR.229,health,SATURN,"Sensitive-Point — Mandi in Cancer 4H (14°13′ Pushya): Malefic Shadow in House of Home, Mother, and Mental Peace",d053861ab35e16c3e32605de32ad3990,01_FACTS_LAYER/FORENSIC_ASTROLOGICAL_DATA_v8_0.md,§18,0.2767,## §18 — CHANDRA CHART (FROM-MOON VIEW)  | ID | House from Moon | Sign | Planets | | --- | --- | --- | --- | | `CHN.1` | 1 (Self) | Aquarius | Moon | | `CHN.2` | 2 (Speech) | Pisces | (none) | | `CHN.,ed89fc38cf873b3a402dfe9deddffad0,01_FACTS_LAYER/FORENSIC_ASTROLOGICAL_DATA_v8_0.md,§3.3,0.2789,### §3.3 D4 — Chaturthamsa (Home / Property)  | ID | House | Sign | Planets | | --- | --- | --- | --- | | `D4.LAGNA` | 1 | Cancer | Sun | | `D4.2` | 2 | Leo | (none) | | `D4.3` | 3 | Virgo | (none) | ,d753256999e50191d907d328f21e0484,01_FACTS_LAYER/FORENSIC_ASTROLOGICAL_DATA_v8_0.md,§23.2,0.2895,### §23.2 House-Centric Matrix  <!-- v8.0 update: Special lagna and saham placements corrected per §12.1 and §12.2 -->  | House | Sign | Lord | Rashi Occupants | SAV (FORENSIC) | Bhavabala Rupas / Ran,1,
SIG.MSR.230,career,SUN,Sensitive-Point — Dhuma in Gemini 3H (5°17′ Mrigasira): Smoke-Point Co-Present with Gulika in 3H,640b9a557bd93e286fddce8c9aba7dcb,01_FACTS_LAYER/FORENSIC_ASTROLOGICAL_DATA_v8_0.md,§3.11,0.2945,### §3.11 D30 — Trimsamsa (Misfortune / Evils)  | ID | House | Sign | Planets | | --- | --- | --- | --- | | `D30.LAGNA` | 1 | Capricorn | Sun | | `D30.2` | 2 | Aquarius | Jupiter | | `D30.3` | 3 | Pis,9babdccd7813a9a1442f2166bd10f356,01_FACTS_LAYER/FORENSIC_ASTROLOGICAL_DATA_v8_0.md,§3.2,0.3044,"### §3.2 D3 — Drekkana (Decanate)  | ID | House | Sign | Planets | | --- | --- | --- | --- | | `D3.LAGNA` | 1 | Leo | Venus | | `D3.2` | 2 | Virgo | Sun, Rahu | | `D3.3` | 3 | Libra | (none) | | `D3.4",dd2769bbdb08893a9ab7e9c596a48e0e,01_FACTS_LAYER/FORENSIC_ASTROLOGICAL_DATA_v8_0.md,§3.14,0.3124,"### §3.14 D60 — Shashtyamsa (Past Karma)  | ID | House | Sign | Planets | | --- | --- | --- | --- | | `D60.LAGNA` | 1 | Gemini | Saturn | | `D60.2` | 2 | Cancer | Rahu, Jupiter | | `D60.3` | 3 | Leo |",1,
SIG.MSR.231,career,SUN,Sensitive-Point — Vyatipata in Capricorn 10H (24°42′ Dhanishta): Opposition-Malefic in Career House,6440a2ddbd5c47cc1280d6e702f33372,01_FACTS_LAYER/FORENSIC_ASTROLOGICAL_DATA_v8_0.md,§3.12,0.2928,### §3.12 D40 — Khavedamsa (Auspiciousness / Misfortune)  | ID | House | Sign | Planets | | --- | --- | --- | --- | | `D40.LAGNA` | 1 | Virgo | Saturn | | `D40.2` | 2 | Libra | (none) | | `D40.3` | 3 ,c239d15a3b43ab047f854997c9f7d0cf,01_FACTS_LAYER/FORENSIC_ASTROLOGICAL_DATA_v8_0.md,§17,0.3040,## §17 — CHALIT KINETIC SHIFTS (DERIVED)  | ID | Planet | Rashi House | Chalit House | Shift | | --- | --- | --- | --- | --- | | `CKS.SUN` | Sun | 10 | 11 | +1 (Career → Gains) | | `CKS.MOON` | Moon |,4325e2cd4edfb043c12c5da9e8220576,01_FACTS_LAYER/FORENSIC_ASTROLOGICAL_DATA_v8_0.md,§3.6,0.3080,### §3.6 D10 — Dashamsha (Career / Status)  | ID | Body | D10 Sign | D10 House | | --- | --- | --- | --- | | `D10.LAGNA` | D10 Lagna | Leo | 1 | | `D10.SUN` | Sun | Aries | 9 | | `D10.MOON` | Moon | S,1,
SIG.MSR.232,mind,,Sensitive-Point — Parivesha in Cancer 4H (24°42′ Ashlesha): Encirclement-Point Co-Present with Mandi in 4H,,,,0.0000,,,,,0.0000,,,,,0.0000,,1,FORENSIC_ASTROLOGICAL_DATA_v8_0
SIG.MSR.233,spirit,JUPITER,Sensitive-Point — Indrachapa in Sagittarius 9H (5°17′ Moola): Rainbow-Arc in House of Dharma,ed89fc38cf873b3a402dfe9deddffad0,01_FACTS_LAYER/FORENSIC_ASTROLOGICAL_DATA_v8_0.md,§3.3,0.2783,### §3.3 D4 — Chaturthamsa (Home / Property)  | ID | House | Sign | Planets | | --- | --- | --- | --- | | `D4.LAGNA` | 1 | Cancer | Sun | | `D4.2` | 2 | Leo | (none) | | `D4.3` | 3 | Virgo | (none) | ,c0637d9f80ab91857b96b67496430b84,01_FACTS_LAYER/FORENSIC_ASTROLOGICAL_DATA_v8_0.md,§13.1,0.2797,### §13.1 Arudha Placements  | ID | Arudha | Computed Sign | Computed House (from D1 Lagna) | D1 Tenants | Derivation | | --- | --- | --- | --- | --- | --- | | `ARD.AL` | Arudha Lagna (AL) | Capricorn,aca29b898fb6de4c81e3af2e4b6934a2,01_FACTS_LAYER/FORENSIC_ASTROLOGICAL_DATA_v8_0.md,§23.1,0.2828,#### Sun (`PLN.SUN`)  | Dimension | Value | | --- | --- | | D1 Sign / Degree | Capricorn 21°57′35″ | | Nakshatra / Pada | Shravana / 4 | | Abs Longitude | 291.96° | | Rashi House | 10 | | Chalit House,1,
SIG.MSR.234,spirit,VENUS,Sensitive-Point — Upaketu in Sagittarius 9H (21°57′ Purva Ashadha): Pseudo-Ketu at Venus's Own Nakshatra in Dharma House,f66c03bb2186d0e9478d8a19179cc19c,01_FACTS_LAYER/FORENSIC_ASTROLOGICAL_DATA_v8_0.md,§23.1,0.2126,#### Ketu (`PLN.KETU`)  | Dimension | Value | | --- | --- | | D1 Sign / Degree | Scorpio 19°01′47″ | | Nakshatra / Pada | Jyeshtha / 1 | | Abs Longitude | 229.03° | | Rashi House | 8 | | Chalit House ,a5082dda382b6a2281874f6d1b26b54c,01_FACTS_LAYER/FORENSIC_ASTROLOGICAL_DATA_v8_0.md,§23.1,0.2608,#### Venus (`PLN.VENUS`)  | Dimension | Value | | --- | --- | | D1 Sign / Degree | Sagittarius 19°10′12″ | | Nakshatra / Pada | Purva Ashadha / 2 | | Abs Longitude | 259.17° | | Rashi House | 9 | | Ch,d55e96f1cfb9c5963bd6241c6eb8947e,01_FACTS_LAYER/FORENSIC_ASTROLOGICAL_DATA_v8_0.md,§23.1,0.2852,#### Jupiter (`PLN.JUPITER`)  | Dimension | Value | | --- | --- | | D1 Sign / Degree | Sagittarius 09°48′28″ | | Nakshatra / Pada | Moola / 3 | | Abs Longitude | 249.81° | | Rashi House | 9 | | Chalit,1,
SIG.MSR.235,wealth,MERCURY,Sensitive-Point — Yogi Point in Pisces 12H (22°20′ Revati): Mercury-Blessed 12H Fortune-Accumulator,d3c1ac677a899a2d0cdc5c3f044ca6d2,01_FACTS_LAYER/FORENSIC_ASTROLOGICAL_DATA_v8_0.md,§11.3,0.2698,### §11.3 Yogi / Avayogi  | ID | Field | Value | | --- | --- | --- | | `YOG.FORMULA` | Formula | Sun_abs + Moon_abs + 93°20′ mod 360 | | `YOG.INPUT.SUN` | Sun Abs Long | 291.96° | | `YOG.INPUT.MOON` |,f8e288deadeb03986126cd1cc17e4bc0,01_FACTS_LAYER/FORENSIC_ASTROLOGICAL_DATA_v8_0.md,§16.3,0.3139,### §16.3 Bhav-Madhya Aspects (Planet → House Cusp)  | ID | Planet | House | Aspect | Orb (°) | Weight | | --- | --- | --- | --- | --- | --- | | `ASP.BM.PLUTO.11` | Pluto | 11 | Square | 0.25 | 3 | | ,3d5d531480dc1331d01fb023d145eec5,01_FACTS_LAYER/FORENSIC_ASTROLOGICAL_DATA_v8_0.md,§4.1,0.3170,### §4.1 KP Cusp Mirror  | ID | Cusp | Degree | Sign | Star Lord | Sub Lord | Sub-Sub Lord | | --- | --- | --- | --- | --- | --- | --- | | `KP.CUSP.1` | 1 (Lagna) | 12°29′19″ | Aries | Ketu | Mercury ,1,
SIG.MSR.236,career,MERCURY,Sensitive-Point — Yogi Planet Mercury: Chart's Fortune-Activator = Also Vargottama Career-Operational Planet — Dual-Func,c0fff74c31aa2d277c40bb2800359e73,01_FACTS_LAYER/FORENSIC_ASTROLOGICAL_DATA_v8_0.md,§23.1,0.2248,#### Mercury (`PLN.MERCURY`)  | Dimension | Value | | --- | --- | | D1 Sign / Degree | Capricorn 00°50′11″ | | Nakshatra / Pada | Uttara Ashadha / 2 | | Abs Longitude | 270.84° | | Rashi House | 10 | ,07746c57c9b49a44649d2584355e8c7d,01_FACTS_LAYER/FORENSIC_ASTROLOGICAL_DATA_v8_0.md,§26.5,0.2448,"### §26.5 Mercury Eight-System Convergence  <!-- [v8.0 architectural note — replaces ""Seven-System"" framing from MSR.413]:      Mercury accumulates 8 system-designations:      1. Current Vimshottari M",d3c1ac677a899a2d0cdc5c3f044ca6d2,01_FACTS_LAYER/FORENSIC_ASTROLOGICAL_DATA_v8_0.md,§11.3,0.2568,### §11.3 Yogi / Avayogi  | ID | Field | Value | | --- | --- | --- | | `YOG.FORMULA` | Formula | Sun_abs + Moon_abs + 93°20′ mod 360 | | `YOG.INPUT.SUN` | Sun Abs Long | 291.96° | | `YOG.INPUT.MOON` |,1,
SIG.MSR.237,wealth,MARS,Sensitive-Point — Avayogi Planet Mars: Chart's Fortune-ADVERSARY = Also Lagna Lord — Crisis-Identity Paradox,71433979eee9932c2f958170a8b576e6,01_FACTS_LAYER/FORENSIC_ASTROLOGICAL_DATA_v8_0.md,§23.1,0.2630,#### Mars (`PLN.MARS`)  | Dimension | Value | | --- | --- | | D1 Sign / Degree | Libra 18°31′38″ | | Nakshatra / Pada | Swati / 4 | | Abs Longitude | 198.53° | | Rashi House | 7 | | Chalit House | 7 |,d753256999e50191d907d328f21e0484,01_FACTS_LAYER/FORENSIC_ASTROLOGICAL_DATA_v8_0.md,§23.2,0.2819,### §23.2 House-Centric Matrix  <!-- v8.0 update: Special lagna and saham placements corrected per §12.1 and §12.2 -->  | House | Sign | Lord | Rashi Occupants | SAV (FORENSIC) | Bhavabala Rupas / Ran,d3c1ac677a899a2d0cdc5c3f044ca6d2,01_FACTS_LAYER/FORENSIC_ASTROLOGICAL_DATA_v8_0.md,§11.3,0.2847,### §11.3 Yogi / Avayogi  | ID | Field | Value | | --- | --- | --- | | `YOG.FORMULA` | Formula | Sun_abs + Moon_abs + 93°20′ mod 360 | | `YOG.INPUT.SUN` | Sun Abs Long | 291.96° | | `YOG.INPUT.MOON` |,1,
SIG.MSR.238,relationships,RAHU,Sensitive-Point — Natal Bhrigu Bindu in Libra 7H (8°04′ Swati Pada 1): Life-Accumulation-Point in House of Saturn-Mars C,d32d00ca93f68ba22a3dda538d019733,01_FACTS_LAYER/FORENSIC_ASTROLOGICAL_DATA_v8_0.md,§11.2,0.2384,### §11.2 Bhrigu Bindu (Destiny Point)  | ID | Field | Value | | --- | --- | --- | | `BB.FORMULA` | Formula | (Moon_abs + Rahu_abs) / 2 mod 360 | | `BB.INPUT.MOON` | Moon Abs Long | 327.05° | | `BB.IN,71433979eee9932c2f958170a8b576e6,01_FACTS_LAYER/FORENSIC_ASTROLOGICAL_DATA_v8_0.md,§23.1,0.2537,#### Mars (`PLN.MARS`)  | Dimension | Value | | --- | --- | | D1 Sign / Degree | Libra 18°31′38″ | | Nakshatra / Pada | Swati / 4 | | Abs Longitude | 198.53° | | Rashi House | 7 | | Chalit House | 7 |,f8e288deadeb03986126cd1cc17e4bc0,01_FACTS_LAYER/FORENSIC_ASTROLOGICAL_DATA_v8_0.md,§16.3,0.2672,### §16.3 Bhav-Madhya Aspects (Planet → House Cusp)  | ID | Planet | House | Aspect | Orb (°) | Weight | | --- | --- | --- | --- | --- | --- | | `ASP.BM.PLUTO.11` | Pluto | 11 | Square | 0.25 | 3 | | ,1,
SIG.MSR.239,career,MERCURY,Sensitive-Point — Bhrigu Bindu Progression Age 42 (2026): BB at Gemini 20°04′ (Punarvasu Pada 1) in 3H,d32d00ca93f68ba22a3dda538d019733,01_FACTS_LAYER/FORENSIC_ASTROLOGICAL_DATA_v8_0.md,§11.2,0.2412,### §11.2 Bhrigu Bindu (Destiny Point)  | ID | Field | Value | | --- | --- | --- | | `BB.FORMULA` | Formula | (Moon_abs + Rahu_abs) / 2 mod 360 | | `BB.INPUT.MOON` | Moon Abs Long | 327.05° | | `BB.IN,556af0f28b8358c33e05b50960c0e160,01_FACTS_LAYER/FORENSIC_ASTROLOGICAL_DATA_v8_0.md,§23.3,0.2881,### §23.3 Date-Centric Matrix — 2026-01 through 2028-02  | Period | Vimshottari MD – AD | Yogini Dasha | Jaimini Chara MD – AD | Sade Sati | Varshphal Year | | --- | --- | --- | --- | --- | --- | | 20,lel_period_period_2022_2024,01_FACTS_LAYER/LIFE_EVENT_LOG_v1_2.md,5,0.2935,"# [L1 fact] → [L2.5 interp embedded] ```yaml PERIOD.2022_2024:   dates: 2022 through 2024   characterization: ""Mix. New relationships, rupture of old, success in professional career, lost US job, move",1,
SIG.MSR.240,career,SATURN,Sensitive-Point — Bhrigu Bindu Transit Activation: Saturn-on-Natal-BB (2012) and Future Rahu-Return-to-BB (~2040),0dac7b3be919024c98910483771f6c8d,01_FACTS_LAYER/FORENSIC_ASTROLOGICAL_DATA_v8_0.md,§21,0.2739,## §21 — SADE SATI — SATURNINE TRANSIT (FACTS)  | ID | Cycle | Saturn Sign | Start | End | Phase | | --- | --- | --- | --- | --- | --- | | `TRS.SS.C2.P1` | Cycle 2 | Capricorn | 2020-01-24 | 2022-04-2,d32d00ca93f68ba22a3dda538d019733,01_FACTS_LAYER/FORENSIC_ASTROLOGICAL_DATA_v8_0.md,§11.2,0.2879,### §11.2 Bhrigu Bindu (Destiny Point)  | ID | Field | Value | | --- | --- | --- | | `BB.FORMULA` | Formula | (Moon_abs + Rahu_abs) / 2 mod 360 | | `BB.INPUT.MOON` | Moon Abs Long | 327.05° | | `BB.IN,556af0f28b8358c33e05b50960c0e160,01_FACTS_LAYER/FORENSIC_ASTROLOGICAL_DATA_v8_0.md,§23.3,0.2946,### §23.3 Date-Centric Matrix — 2026-01 through 2028-02  | Period | Vimshottari MD – AD | Yogini Dasha | Jaimini Chara MD – AD | Sade Sati | Varshphal Year | | --- | --- | --- | --- | --- | --- | | 20,1,
SIG.MSR.241,spirit,MERCURY,"Sensitive-Point — Pranapada Lagna in Pisces 12H (28°46′ Revati Pada 4): Prana-Vehicle at the End of the Zodiac, Mercury-",6440a2ddbd5c47cc1280d6e702f33372,01_FACTS_LAYER/FORENSIC_ASTROLOGICAL_DATA_v8_0.md,§3.12,0.2819,### §3.12 D40 — Khavedamsa (Auspiciousness / Misfortune)  | ID | House | Sign | Planets | | --- | --- | --- | --- | | `D40.LAGNA` | 1 | Virgo | Saturn | | `D40.2` | 2 | Libra | (none) | | `D40.3` | 3 ,b4fd6e0a42afc6160dc34f9daf46698e,01_FACTS_LAYER/FORENSIC_ASTROLOGICAL_DATA_v8_0.md,§3.8,0.2821,"### §3.8 D16 — Shodashamsa (Vehicles / Comforts)  | ID | Sign | Planets | | --- | --- | --- | | `D16.TAURUS` | Taurus | Mercury, Jupiter | | `D16.GEMINI` | Gemini | Rahu, Ketu | | `D16.CANCER` | Cance",8aabb6f2376b8a478262c58c5b29116c,01_FACTS_LAYER/FORENSIC_ASTROLOGICAL_DATA_v8_0.md,§3.13,0.2856,### §3.13 D45 — Akshavedamsa (Spiritual Purity)  | ID | House | Sign | Planets | | --- | --- | --- | --- | | `D45.LAGNA` | 1 | Libra | Neptune | | `D45.2` | 2 | Scorpio | (none) | | `D45.3` | 3 | Sagi,1,
SIG.MSR.242,spirit,MERCURY,Sensitive-Point — CONVERGENCE: Yogi Point + Pranapada Both in Revati 12H = Mercury-12H as Chart's Fortune-Prana Axis,d3c1ac677a899a2d0cdc5c3f044ca6d2,01_FACTS_LAYER/FORENSIC_ASTROLOGICAL_DATA_v8_0.md,§11.3,0.2175,### §11.3 Yogi / Avayogi  | ID | Field | Value | | --- | --- | --- | | `YOG.FORMULA` | Formula | Sun_abs + Moon_abs + 93°20′ mod 360 | | `YOG.INPUT.SUN` | Sun Abs Long | 291.96° | | `YOG.INPUT.MOON` |,3f8a340ab244698b10ed31026eb9c620,01_FACTS_LAYER/FORENSIC_ASTROLOGICAL_DATA_v8_0.md,§16.1,0.2777,### §16.1 Classical Vedic Aspects (Graha Drishti)  | ID | Planet | From Sign | Aspect Rays | | --- | --- | --- | --- | | `ASP.G.SUN` | Sun | Capricorn | 7th on Cancer | | `ASP.G.MOON` | Moon | Aquariu,c0fff74c31aa2d277c40bb2800359e73,01_FACTS_LAYER/FORENSIC_ASTROLOGICAL_DATA_v8_0.md,§23.1,0.2841,#### Mercury (`PLN.MERCURY`)  | Dimension | Value | | --- | --- | | D1 Sign / Degree | Capricorn 00°50′11″ | | Nakshatra / Pada | Uttara Ashadha / 2 | | Abs Longitude | 270.84° | | Rashi House | 10 | ,1,
SIG.MSR.243,wealth,SATURN,Sensitive-Point — Hora Lagna in Libra 7H (10°11′ Swati): Material-Wealth-Lagna Co-Present with Saturn-Mars-Bhrigu Bindu ,23317c94228b8e00d05367f23c3e6c89,01_FACTS_LAYER/FORENSIC_ASTROLOGICAL_DATA_v8_0.md,§12.1,0.2309,"### §12.1 Special Lagnas — v8.0 Corrected (JH Authoritative)  <!-- [v8.0 CRITICAL CORRECTION]: v6.0 §12.1 contained computational errors in four of six special lagnas.      Hora Lagna, Ghati Lagna, Va",71433979eee9932c2f958170a8b576e6,01_FACTS_LAYER/FORENSIC_ASTROLOGICAL_DATA_v8_0.md,§23.1,0.2548,#### Mars (`PLN.MARS`)  | Dimension | Value | | --- | --- | | D1 Sign / Degree | Libra 18°31′38″ | | Nakshatra / Pada | Swati / 4 | | Abs Longitude | 198.53° | | Rashi House | 7 | | Chalit House | 7 |,d32d00ca93f68ba22a3dda538d019733,01_FACTS_LAYER/FORENSIC_ASTROLOGICAL_DATA_v8_0.md,§11.2,0.2601,### §11.2 Bhrigu Bindu (Destiny Point)  | ID | Field | Value | | --- | --- | --- | | `BB.FORMULA` | Formula | (Moon_abs + Rahu_abs) / 2 mod 360 | | `BB.INPUT.MOON` | Moon Abs Long | 327.05° | | `BB.IN,1,
SIG.MSR.244,health,KETU,Sensitive-Point — Bhava Lagna in Aries 1H (14°23′ Ashwini): Life-Force-Lagna on the Actual Natal Lagna Axis,d32d00ca93f68ba22a3dda538d019733,01_FACTS_LAYER/FORENSIC_ASTROLOGICAL_DATA_v8_0.md,§11.2,0.2681,### §11.2 Bhrigu Bindu (Destiny Point)  | ID | Field | Value | | --- | --- | --- | | `BB.FORMULA` | Formula | (Moon_abs + Rahu_abs) / 2 mod 360 | | `BB.INPUT.MOON` | Moon Abs Long | 327.05° | | `BB.IN,23317c94228b8e00d05367f23c3e6c89,01_FACTS_LAYER/FORENSIC_ASTROLOGICAL_DATA_v8_0.md,§12.1,0.2686,"### §12.1 Special Lagnas — v8.0 Corrected (JH Authoritative)  <!-- [v8.0 CRITICAL CORRECTION]: v6.0 §12.1 contained computational errors in four of six special lagnas.      Hora Lagna, Ghati Lagna, Va",d753256999e50191d907d328f21e0484,01_FACTS_LAYER/FORENSIC_ASTROLOGICAL_DATA_v8_0.md,§23.2,0.2708,### §23.2 House-Centric Matrix  <!-- v8.0 update: Special lagna and saham placements corrected per §12.1 and §12.2 -->  | House | Sign | Lord | Rashi Occupants | SAV (FORENSIC) | Bhavabala Rupas / Ran,1,
SIG.MSR.245,career,KETU,Sensitive-Point — Ghati Lagna + Varnada Lagna BOTH in Scorpio 8H: Power-Authority Double-Lagna in Transformation House,23317c94228b8e00d05367f23c3e6c89,01_FACTS_LAYER/FORENSIC_ASTROLOGICAL_DATA_v8_0.md,§12.1,0.2367,"### §12.1 Special Lagnas — v8.0 Corrected (JH Authoritative)  <!-- [v8.0 CRITICAL CORRECTION]: v6.0 §12.1 contained computational errors in four of six special lagnas.      Hora Lagna, Ghati Lagna, Va",d753256999e50191d907d328f21e0484,01_FACTS_LAYER/FORENSIC_ASTROLOGICAL_DATA_v8_0.md,§23.2,0.2703,### §23.2 House-Centric Matrix  <!-- v8.0 update: Special lagna and saham placements corrected per §12.1 and §12.2 -->  | House | Sign | Lord | Rashi Occupants | SAV (FORENSIC) | Bhavabala Rupas / Ran,ed89fc38cf873b3a402dfe9deddffad0,01_FACTS_LAYER/FORENSIC_ASTROLOGICAL_DATA_v8_0.md,§3.3,0.2748,### §3.3 D4 — Chaturthamsa (Home / Property)  | ID | House | Sign | Planets | | --- | --- | --- | --- | | `D4.LAGNA` | 1 | Cancer | Sun | | `D4.2` | 2 | Leo | (none) | | `D4.3` | 3 | Virgo | (none) | ,1,
SIG.MSR.246,parents,SUN,Saham — Pitri (Father) in Capricorn 10H (12°90′ Shravana Pada 1): Father-Karaka in Career House; EVT.2018.11.28.01 Retro,fa29b75101946b29aec1ba2d356f92d3,01_FACTS_LAYER/FORENSIC_ASTROLOGICAL_DATA_v8_0.md,§4.3,0.2670,"### §4.3 KP House Significators  | ID | House | Significators (ranked) | KP Logic | | --- | --- | --- | --- | | `KP.SIG.1` | 1 (Self) | Mars, Ketu | Mars (Lord); Ketu (agent for Mars) | | `KP.SIG.2` |",2d29d836d98291df5258dcdc7be6ad69,01_FACTS_LAYER/FORENSIC_ASTROLOGICAL_DATA_v8_0.md,§23.1,0.2782,#### Rahu (`PLN.RAHU`)  | Dimension | Value | | --- | --- | | D1 Sign / Degree | Taurus 19°01′47″ | | Nakshatra / Pada | Rohini / 3 | | Abs Longitude | 49.03° | | Rashi House | 2 | | Chalit House | 2 ,5a81f6bd5851415f2f2b3a725aefe120,01_FACTS_LAYER/FORENSIC_ASTROLOGICAL_DATA_v8_0.md,§3.4,0.2836,### §3.4 D7 — Saptamsa (Progeny)  | ID | House | Sign | Planets | | --- | --- | --- | --- | | `D7.LAGNA` | 1 | Cancer | Mercury | | `D7.2` | 2 | Leo | Moon | | `D7.3` | 3 | Virgo | Ketu | | `D7.4` | 4,1,
SIG.MSR.247,health,JUPITER,Saham — Mrityu (Death) in Sagittarius 9H (27°81′ Uttara Ashadha Pada 1): Hazard-Point in Dharma House Near Moola Boundar,adc4325e588b81bd96398814da2bbb9b,01_FACTS_LAYER/FORENSIC_ASTROLOGICAL_DATA_v8_0.md,§12.2,0.2990,### §12.2 Tajika Sahams — Full 36-Saham Register (JH Authoritative — replaces v6.0 §12.2)  <!-- [v8.0 FULL REPLACEMENT]: v6.0 §12.2 had only 6 sahams with one error (Vivaha). This section replaces it ,7e3eef559eb3ac6793930b6c5b5a8619,01_FACTS_LAYER/FORENSIC_ASTROLOGICAL_DATA_v8_0.md,§23.1,0.3024,#### Saturn (`PLN.SATURN`)  | Dimension | Value | | --- | --- | | D1 Sign / Degree | Libra 22°27′04″ | | Nakshatra / Pada | Vishakha / 1 | | Abs Longitude | 202.45° | | Rashi House | 7 | | Chalit Hous,,,,0.0000,,1,
SIG.MSR.248,career,JUPITER,Saham — Paradesa (Foreign) in Aries 1H (15°08′ Bharani Pada 1): Foreign-Destiny Point ON THE NATAL LAGNA,5a81f6bd5851415f2f2b3a725aefe120,01_FACTS_LAYER/FORENSIC_ASTROLOGICAL_DATA_v8_0.md,§3.4,0.2729,### §3.4 D7 — Saptamsa (Progeny)  | ID | House | Sign | Planets | | --- | --- | --- | --- | | `D7.LAGNA` | 1 | Cancer | Mercury | | `D7.2` | 2 | Leo | Moon | | `D7.3` | 3 | Virgo | Ketu | | `D7.4` | 4,0dac7b3be919024c98910483771f6c8d,01_FACTS_LAYER/FORENSIC_ASTROLOGICAL_DATA_v8_0.md,§21,0.2843,## §21 — SADE SATI — SATURNINE TRANSIT (FACTS)  | ID | Cycle | Saturn Sign | Start | End | Phase | | --- | --- | --- | --- | --- | --- | | `TRS.SS.C2.P1` | Cycle 2 | Capricorn | 2020-01-24 | 2022-04-2,adc4325e588b81bd96398814da2bbb9b,01_FACTS_LAYER/FORENSIC_ASTROLOGICAL_DATA_v8_0.md,§12.2,0.2850,### §12.2 Tajika Sahams — Full 36-Saham Register (JH Authoritative — replaces v6.0 §12.2)  <!-- [v8.0 FULL REPLACEMENT]: v6.0 §12.2 had only 6 sahams with one error (Vivaha). This section replaces it ,1,
SIG.MSR.249,wealth,MARS,Saham — Vyapara (Business) in Capricorn 10H (8°99′ Uttara Ashadha Pada 4): Business-Destiny in Career House; EVT.2023-20,4325e2cd4edfb043c12c5da9e8220576,01_FACTS_LAYER/FORENSIC_ASTROLOGICAL_DATA_v8_0.md,§3.6,0.2935,### §3.6 D10 — Dashamsha (Career / Status)  | ID | Body | D10 Sign | D10 House | | --- | --- | --- | --- | | `D10.LAGNA` | D10 Lagna | Leo | 1 | | `D10.SUN` | Sun | Aries | 9 | | `D10.MOON` | Moon | S,,,,0.0000,,,,,0.0000,,1,
SIG.MSR.250,career,KETU,Saham — Yasas (Fame) in Scorpio 8H (4°68′ Anuradha Pada 1): Fame-Accumulator in Transformation-Occult House,adc4325e588b81bd96398814da2bbb9b,01_FACTS_LAYER/FORENSIC_ASTROLOGICAL_DATA_v8_0.md,§12.2,0.2872,### §12.2 Tajika Sahams — Full 36-Saham Register (JH Authoritative — replaces v6.0 §12.2)  <!-- [v8.0 FULL REPLACEMENT]: v6.0 §12.2 had only 6 sahams with one error (Vivaha). This section replaces it ,,,,0.0000,,,,,0.0000,,1,
SIG.MSR.251,health,SATURN,Saham — Roga+Mahatmya BOTH in Libra 7H: Disease-Point AND Greatness-Point Conjunct Saturn-Mars — The 7H Crucible Paradox,adc4325e588b81bd96398814da2bbb9b,01_FACTS_LAYER/FORENSIC_ASTROLOGICAL_DATA_v8_0.md,§12.2,0.2854,### §12.2 Tajika Sahams — Full 36-Saham Register (JH Authoritative — replaces v6.0 §12.2)  <!-- [v8.0 FULL REPLACEMENT]: v6.0 §12.2 had only 6 sahams with one error (Vivaha). This section replaces it ,,,,0.0000,,,,,0.0000,,1,
SIG.MSR.252,career,MARS,Saham — Samartha (Capability) in Aries 1H (12°43′ Ashwini Pada 4): Self-Capability-Point at Natal Lagna,7e3eef559eb3ac6793930b6c5b5a8619,01_FACTS_LAYER/FORENSIC_ASTROLOGICAL_DATA_v8_0.md,§23.1,0.2597,#### Saturn (`PLN.SATURN`)  | Dimension | Value | | --- | --- | | D1 Sign / Degree | Libra 22°27′04″ | | Nakshatra / Pada | Vishakha / 1 | | Abs Longitude | 202.45° | | Rashi House | 7 | | Chalit Hous,adc4325e588b81bd96398814da2bbb9b,01_FACTS_LAYER/FORENSIC_ASTROLOGICAL_DATA_v8_0.md,§12.2,0.2724,### §12.2 Tajika Sahams — Full 36-Saham Register (JH Authoritative — replaces v6.0 §12.2)  <!-- [v8.0 FULL REPLACEMENT]: v6.0 §12.2 had only 6 sahams with one error (Vivaha). This section replaces it ,,,,0.0000,,1,
SIG.MSR.253,mind,,"Saham — Shoka+Sraddha+Bandhu: Grief, Faith, and Kin in Pisces/Sagittarius — Hidden Emotional Architecture",adc4325e588b81bd96398814da2bbb9b,01_FACTS_LAYER/FORENSIC_ASTROLOGICAL_DATA_v8_0.md,§12.2,0.2998,### §12.2 Tajika Sahams — Full 36-Saham Register (JH Authoritative — replaces v6.0 §12.2)  <!-- [v8.0 FULL REPLACEMENT]: v6.0 §12.2 had only 6 sahams with one error (Vivaha). This section replaces it ,dd2769bbdb08893a9ab7e9c596a48e0e,01_FACTS_LAYER/FORENSIC_ASTROLOGICAL_DATA_v8_0.md,§3.14,0.3021,"### §3.14 D60 — Shashtyamsa (Past Karma)  | ID | House | Sign | Planets | | --- | --- | --- | --- | | `D60.LAGNA` | 1 | Gemini | Saturn | | `D60.2` | 2 | Cancer | Rahu, Jupiter | | `D60.3` | 3 | Leo |",5a81f6bd5851415f2f2b3a725aefe120,01_FACTS_LAYER/FORENSIC_ASTROLOGICAL_DATA_v8_0.md,§3.4,0.3118,### §3.4 D7 — Saptamsa (Progeny)  | ID | House | Sign | Planets | | --- | --- | --- | --- | | `D7.LAGNA` | 1 | Cancer | Mercury | | `D7.2` | 2 | Leo | Moon | | `D7.3` | 3 | Virgo | Ketu | | `D7.4` | 4,1,
SIG.MSR.254,career,SATURN,Sensitive-Point — 7H Libra Supreme Convergence: Saturn+Mars+BhriguBindu+HoraLagna+RogaSaham+MahatmyaSaham = Six-Layer Co,,,,0.0000,,,,,0.0000,,,,,0.0000,,1,FORENSIC_ASTROLOGICAL_DATA_v8_0
SIG.MSR.255,career,MERCURY,Dasha — Mercury MD (2010-08-21 to 2027-08-21): 17-Year Operational-Excellence Arc as Yogi-Planet MD,caea00379c96fc08f376b4db37fdb8d3,01_FACTS_LAYER/FORENSIC_ASTROLOGICAL_DATA_v8_0.md,§5.2,0.2584,### §5.2 Yogini Dasha  | ID | Yogini | Ruler | Duration | Start | End | | --- | --- | --- | --- | --- | --- | | `DSH.Y.001` | Bhramari | Mars | Balance | 1984-02-05 | 1985-12-22 | | `DSH.Y.002` | Bhad,07746c57c9b49a44649d2584355e8c7d,01_FACTS_LAYER/FORENSIC_ASTROLOGICAL_DATA_v8_0.md,§26.5,0.2739,"### §26.5 Mercury Eight-System Convergence  <!-- [v8.0 architectural note — replaces ""Seven-System"" framing from MSR.413]:      Mercury accumulates 8 system-designations:      1. Current Vimshottari M",c0fff74c31aa2d277c40bb2800359e73,01_FACTS_LAYER/FORENSIC_ASTROLOGICAL_DATA_v8_0.md,§23.1,0.2752,#### Mercury (`PLN.MERCURY`)  | Dimension | Value | | --- | --- | | D1 Sign / Degree | Capricorn 00°50′11″ | | Nakshatra / Pada | Uttara Ashadha / 2 | | Abs Longitude | 270.84° | | Rashi House | 10 | ,1,
SIG.MSR.256,career,MERCURY,Dasha — Mercury MD 10x Event-Density Pattern (SIG.29): Statistical Confirmation of Yogi-Planet MD Premium,caea00379c96fc08f376b4db37fdb8d3,01_FACTS_LAYER/FORENSIC_ASTROLOGICAL_DATA_v8_0.md,§5.2,0.2747,### §5.2 Yogini Dasha  | ID | Yogini | Ruler | Duration | Start | End | | --- | --- | --- | --- | --- | --- | | `DSH.Y.001` | Bhramari | Mars | Balance | 1984-02-05 | 1985-12-22 | | `DSH.Y.002` | Bhad,07746c57c9b49a44649d2584355e8c7d,01_FACTS_LAYER/FORENSIC_ASTROLOGICAL_DATA_v8_0.md,§26.5,0.2971,"### §26.5 Mercury Eight-System Convergence  <!-- [v8.0 architectural note — replaces ""Seven-System"" framing from MSR.413]:      Mercury accumulates 8 system-designations:      1. Current Vimshottari M",,,,0.0000,,1,
SIG.MSR.257,career,MERCURY,Dasha — Mercury-Mercury AD (2010-08-21 to 2013-01-18): Pure MD-lord AD = Career + Life Relaunch,c0fff74c31aa2d277c40bb2800359e73,01_FACTS_LAYER/FORENSIC_ASTROLOGICAL_DATA_v8_0.md,§23.1,0.2793,#### Mercury (`PLN.MERCURY`)  | Dimension | Value | | --- | --- | | D1 Sign / Degree | Capricorn 00°50′11″ | | Nakshatra / Pada | Uttara Ashadha / 2 | | Abs Longitude | 270.84° | | Rashi House | 10 | ,,,,0.0000,,,,,0.0000,,1,
SIG.MSR.258,career,MERCURY,Dasha — Mercury-Saturn AD (2024-12-12 to 2027-08-21): CURRENT — Planting-to-Compounding Window,556af0f28b8358c33e05b50960c0e160,01_FACTS_LAYER/FORENSIC_ASTROLOGICAL_DATA_v8_0.md,§23.3,0.2462,### §23.3 Date-Centric Matrix — 2026-01 through 2028-02  | Period | Vimshottari MD – AD | Yogini Dasha | Jaimini Chara MD – AD | Sade Sati | Varshphal Year | | --- | --- | --- | --- | --- | --- | | 20,0dac7b3be919024c98910483771f6c8d,01_FACTS_LAYER/FORENSIC_ASTROLOGICAL_DATA_v8_0.md,§21,0.2620,## §21 — SADE SATI — SATURNINE TRANSIT (FACTS)  | ID | Cycle | Saturn Sign | Start | End | Phase | | --- | --- | --- | --- | --- | --- | | `TRS.SS.C2.P1` | Cycle 2 | Capricorn | 2020-01-24 | 2022-04-2,lel_period_period_2022_2024,01_FACTS_LAYER/LIFE_EVENT_LOG_v1_2.md,5,0.2825,"# [L1 fact] → [L2.5 interp embedded] ```yaml PERIOD.2022_2024:   dates: 2022 through 2024   characterization: ""Mix. New relationships, rupture of old, success in professional career, lost US job, move",1,
SIG.MSR.259,career,MERCURY,Dasha — Mercury-Jupiter AD (2022-09-06 to 2024-12-12): Highest-Density AD in Lifetime (5 Events in 27 months),65de55012fd3428820596f951008646e,01_FACTS_LAYER/FORENSIC_ASTROLOGICAL_DATA_v8_0.md,§5.1,0.2755,### §5.1 Vimshottari Dasha (Mahadasha / Antardasha)  | ID | MD | AD | Start (FORENSIC) | End (FORENSIC) | | --- | --- | --- | --- | --- | | `DSH.V.001` | Jupiter | Venus | 1984-02-05 | 1986-03-03 | | ,caea00379c96fc08f376b4db37fdb8d3,01_FACTS_LAYER/FORENSIC_ASTROLOGICAL_DATA_v8_0.md,§5.2,0.2838,### §5.2 Yogini Dasha  | ID | Yogini | Ruler | Duration | Start | End | | --- | --- | --- | --- | --- | --- | | `DSH.Y.001` | Bhramari | Mars | Balance | 1984-02-05 | 1985-12-22 | | `DSH.Y.002` | Bhad,556af0f28b8358c33e05b50960c0e160,01_FACTS_LAYER/FORENSIC_ASTROLOGICAL_DATA_v8_0.md,§23.3,0.2895,### §23.3 Date-Centric Matrix — 2026-01 through 2028-02  | Period | Vimshottari MD – AD | Yogini Dasha | Jaimini Chara MD – AD | Sade Sati | Varshphal Year | | --- | --- | --- | --- | --- | --- | | 20,1,
SIG.MSR.260,parents,MERCURY,Dasha — Mercury-Moon AD (2017-09-21 to 2019-02-21): AK Soul-Planet AD + Father's Death + US Move Trigger,lel_period_period_2018_2021,01_FACTS_LAYER/LIFE_EVENT_LOG_v1_2.md,5,0.3267,"# [L1 fact] → [L2.5 interp embedded] ```yaml PERIOD.2018_2021:   dates: 2018 through 2021   characterization_start: ""Mentally traumatic time [2018] — father's death, hospital-running Hyderabad to Bhub",,,,0.0000,,,,,0.0000,,1,
SIG.MSR.261,relationships,MERCURY,Dasha — Mercury-Ketu AD (2013-01-18 to 2014-04-15): Ketu-Closes-Karmic-Cycle; Marriage Event,6440a2ddbd5c47cc1280d6e702f33372,01_FACTS_LAYER/FORENSIC_ASTROLOGICAL_DATA_v8_0.md,§3.12,0.2830,### §3.12 D40 — Khavedamsa (Auspiciousness / Misfortune)  | ID | House | Sign | Planets | | --- | --- | --- | --- | | `D40.LAGNA` | 1 | Virgo | Saturn | | `D40.2` | 2 | Libra | (none) | | `D40.3` | 3 ,65de55012fd3428820596f951008646e,01_FACTS_LAYER/FORENSIC_ASTROLOGICAL_DATA_v8_0.md,§5.1,0.2862,### §5.1 Vimshottari Dasha (Mahadasha / Antardasha)  | ID | MD | AD | Start (FORENSIC) | End (FORENSIC) | | --- | --- | --- | --- | --- | | `DSH.V.001` | Jupiter | Venus | 1984-02-05 | 1986-03-03 | | ,caea00379c96fc08f376b4db37fdb8d3,01_FACTS_LAYER/FORENSIC_ASTROLOGICAL_DATA_v8_0.md,§5.2,0.2929,### §5.2 Yogini Dasha  | ID | Yogini | Ruler | Duration | Start | End | | --- | --- | --- | --- | --- | --- | | `DSH.Y.001` | Bhramari | Mars | Balance | 1984-02-05 | 1985-12-22 | | `DSH.Y.002` | Bhad,1,
SIG.MSR.262,career,MERCURY,Dasha — AD-Lord Domain Match 100% Pattern (SIG.30): Every AD Lord's Domain = Primary LEL-Event Domain,,,,0.0000,,,,,0.0000,,,,,0.0000,,1,FORENSIC_ASTROLOGICAL_DATA_v8_0#§5.1
SIG.MSR.263,spirit,KETU,Dasha — Ketu MD (2027-08-21 to 2034-08-21): 7-Year Withdrawal Phase Post-Mercury Operational Era,556af0f28b8358c33e05b50960c0e160,01_FACTS_LAYER/FORENSIC_ASTROLOGICAL_DATA_v8_0.md,§23.3,0.2267,### §23.3 Date-Centric Matrix — 2026-01 through 2028-02  | Period | Vimshottari MD – AD | Yogini Dasha | Jaimini Chara MD – AD | Sade Sati | Varshphal Year | | --- | --- | --- | --- | --- | --- | | 20,,,,0.0000,,,,,0.0000,,1,
SIG.MSR.264,wealth,VENUS,Dasha — Venus MD (2034-08-21 to 2054-08-21): 20-Year Prosperity-Creative Expansion as Dharmic-9H Planet,a5082dda382b6a2281874f6d1b26b54c,01_FACTS_LAYER/FORENSIC_ASTROLOGICAL_DATA_v8_0.md,§23.1,0.2141,#### Venus (`PLN.VENUS`)  | Dimension | Value | | --- | --- | | D1 Sign / Degree | Sagittarius 19°10′12″ | | Nakshatra / Pada | Purva Ashadha / 2 | | Abs Longitude | 259.17° | | Rashi House | 9 | | Ch,65de55012fd3428820596f951008646e,01_FACTS_LAYER/FORENSIC_ASTROLOGICAL_DATA_v8_0.md,§5.1,0.2427,### §5.1 Vimshottari Dasha (Mahadasha / Antardasha)  | ID | MD | AD | Start (FORENSIC) | End (FORENSIC) | | --- | --- | --- | --- | --- | | `DSH.V.001` | Jupiter | Venus | 1984-02-05 | 1986-03-03 | | ,caea00379c96fc08f376b4db37fdb8d3,01_FACTS_LAYER/FORENSIC_ASTROLOGICAL_DATA_v8_0.md,§5.2,0.2545,### §5.2 Yogini Dasha  | ID | Yogini | Ruler | Duration | Start | End | | --- | --- | --- | --- | --- | --- | | `DSH.Y.001` | Bhramari | Mars | Balance | 1984-02-05 | 1985-12-22 | | `DSH.Y.002` | Bhad,1,
SIG.MSR.265,career,SATURN,Dasha — Saturn MD Historical (1992-2010-overlap): 19-Year Foundation Era with Sade Sati Cycle 1 Embedded,0dac7b3be919024c98910483771f6c8d,01_FACTS_LAYER/FORENSIC_ASTROLOGICAL_DATA_v8_0.md,§21,0.2121,## §21 — SADE SATI — SATURNINE TRANSIT (FACTS)  | ID | Cycle | Saturn Sign | Start | End | Phase | | --- | --- | --- | --- | --- | --- | | `TRS.SS.C2.P1` | Cycle 2 | Capricorn | 2020-01-24 | 2022-04-2,caea00379c96fc08f376b4db37fdb8d3,01_FACTS_LAYER/FORENSIC_ASTROLOGICAL_DATA_v8_0.md,§5.2,0.2382,### §5.2 Yogini Dasha  | ID | Yogini | Ruler | Duration | Start | End | | --- | --- | --- | --- | --- | --- | | `DSH.Y.001` | Bhramari | Mars | Balance | 1984-02-05 | 1985-12-22 | | `DSH.Y.002` | Bhad,65de55012fd3428820596f951008646e,01_FACTS_LAYER/FORENSIC_ASTROLOGICAL_DATA_v8_0.md,§5.1,0.2516,### §5.1 Vimshottari Dasha (Mahadasha / Antardasha)  | ID | MD | AD | Start (FORENSIC) | End (FORENSIC) | | --- | --- | --- | --- | --- | | `DSH.V.001` | Jupiter | Venus | 1984-02-05 | 1986-03-03 | | ,1,
SIG.MSR.266,career,MERCURY,Dasha — Yogini Dasha Bhadrika/Mercury → Ulka/Saturn Transition (Dec 2026): Yogini Regime Change Within Mercury-Saturn AD,caea00379c96fc08f376b4db37fdb8d3,01_FACTS_LAYER/FORENSIC_ASTROLOGICAL_DATA_v8_0.md,§5.2,0.2053,### §5.2 Yogini Dasha  | ID | Yogini | Ruler | Duration | Start | End | | --- | --- | --- | --- | --- | --- | | `DSH.Y.001` | Bhramari | Mars | Balance | 1984-02-05 | 1985-12-22 | | `DSH.Y.002` | Bhad,556af0f28b8358c33e05b50960c0e160,01_FACTS_LAYER/FORENSIC_ASTROLOGICAL_DATA_v8_0.md,§23.3,0.2321,### §23.3 Date-Centric Matrix — 2026-01 through 2028-02  | Period | Vimshottari MD – AD | Yogini Dasha | Jaimini Chara MD – AD | Sade Sati | Varshphal Year | | --- | --- | --- | --- | --- | --- | | 20,lel_period_period_2022_2024,01_FACTS_LAYER/LIFE_EVENT_LOG_v1_2.md,5,0.2535,"# [L1 fact] → [L2.5 interp embedded] ```yaml PERIOD.2022_2024:   dates: 2022 through 2024   characterization: ""Mix. New relationships, rupture of old, success in professional career, lost US job, move",1,
SIG.MSR.267,career,KETU,Dasha — Chara Dasha Scorpio MD (from ~Feb 2026): Saturn-Karaka + Ketu-Exaltation Chara Period,0dac7b3be919024c98910483771f6c8d,01_FACTS_LAYER/FORENSIC_ASTROLOGICAL_DATA_v8_0.md,§21,0.2462,## §21 — SADE SATI — SATURNINE TRANSIT (FACTS)  | ID | Cycle | Saturn Sign | Start | End | Phase | | --- | --- | --- | --- | --- | --- | | `TRS.SS.C2.P1` | Cycle 2 | Capricorn | 2020-01-24 | 2022-04-2,65de55012fd3428820596f951008646e,01_FACTS_LAYER/FORENSIC_ASTROLOGICAL_DATA_v8_0.md,§5.1,0.2531,### §5.1 Vimshottari Dasha (Mahadasha / Antardasha)  | ID | MD | AD | Start (FORENSIC) | End (FORENSIC) | | --- | --- | --- | --- | --- | | `DSH.V.001` | Jupiter | Venus | 1984-02-05 | 1986-03-03 | | ,556af0f28b8358c33e05b50960c0e160,01_FACTS_LAYER/FORENSIC_ASTROLOGICAL_DATA_v8_0.md,§23.3,0.2539,### §23.3 Date-Centric Matrix — 2026-01 through 2028-02  | Period | Vimshottari MD – AD | Yogini Dasha | Jaimini Chara MD – AD | Sade Sati | Varshphal Year | | --- | --- | --- | --- | --- | --- | | 20,1,
SIG.MSR.268,career,SATURN,Dasha — Saturn Own-Exaltation Return Libra 2041-2044: Lifetime-Apex Transit Within Venus MD (SIG.31),0dac7b3be919024c98910483771f6c8d,01_FACTS_LAYER/FORENSIC_ASTROLOGICAL_DATA_v8_0.md,§21,0.2275,## §21 — SADE SATI — SATURNINE TRANSIT (FACTS)  | ID | Cycle | Saturn Sign | Start | End | Phase | | --- | --- | --- | --- | --- | --- | | `TRS.SS.C2.P1` | Cycle 2 | Capricorn | 2020-01-24 | 2022-04-2,7e3eef559eb3ac6793930b6c5b5a8619,01_FACTS_LAYER/FORENSIC_ASTROLOGICAL_DATA_v8_0.md,§23.1,0.2414,#### Saturn (`PLN.SATURN`)  | Dimension | Value | | --- | --- | | D1 Sign / Degree | Libra 22°27′04″ | | Nakshatra / Pada | Vishakha / 1 | | Abs Longitude | 202.45° | | Rashi House | 7 | | Chalit Hous,a5082dda382b6a2281874f6d1b26b54c,01_FACTS_LAYER/FORENSIC_ASTROLOGICAL_DATA_v8_0.md,§23.1,0.2578,#### Venus (`PLN.VENUS`)  | Dimension | Value | | --- | --- | | D1 Sign / Degree | Sagittarius 19°10′12″ | | Nakshatra / Pada | Purva Ashadha / 2 | | Abs Longitude | 259.17° | | Rashi House | 9 | | Ch,1,
SIG.MSR.269,career,KETU,Dasha — Ketu MD Ketu-Rahu AD (2030-07-21 to 2031-08-09): Rahu Transit on Natal Ketu = Nodal-Reversal Crisis Window,556af0f28b8358c33e05b50960c0e160,01_FACTS_LAYER/FORENSIC_ASTROLOGICAL_DATA_v8_0.md,§23.3,0.2566,### §23.3 Date-Centric Matrix — 2026-01 through 2028-02  | Period | Vimshottari MD – AD | Yogini Dasha | Jaimini Chara MD – AD | Sade Sati | Varshphal Year | | --- | --- | --- | --- | --- | --- | | 20,0dac7b3be919024c98910483771f6c8d,01_FACTS_LAYER/FORENSIC_ASTROLOGICAL_DATA_v8_0.md,§21,0.2694,## §21 — SADE SATI — SATURNINE TRANSIT (FACTS)  | ID | Cycle | Saturn Sign | Start | End | Phase | | --- | --- | --- | --- | --- | --- | | `TRS.SS.C2.P1` | Cycle 2 | Capricorn | 2020-01-24 | 2022-04-2,,,,0.0000,,1,
SIG.MSR.270,health,MARS,Dasha — Mars MD Future (Post-Venus MD ~2054): Avayogi-Planet MD at Age 70+ — Karmic-Final-Arc,caea00379c96fc08f376b4db37fdb8d3,01_FACTS_LAYER/FORENSIC_ASTROLOGICAL_DATA_v8_0.md,§5.2,0.2611,### §5.2 Yogini Dasha  | ID | Yogini | Ruler | Duration | Start | End | | --- | --- | --- | --- | --- | --- | | `DSH.Y.001` | Bhramari | Mars | Balance | 1984-02-05 | 1985-12-22 | | `DSH.Y.002` | Bhad,65de55012fd3428820596f951008646e,01_FACTS_LAYER/FORENSIC_ASTROLOGICAL_DATA_v8_0.md,§5.1,0.2715,### §5.1 Vimshottari Dasha (Mahadasha / Antardasha)  | ID | MD | AD | Start (FORENSIC) | End (FORENSIC) | | --- | --- | --- | --- | --- | | `DSH.V.001` | Jupiter | Venus | 1984-02-05 | 1986-03-03 | | ,1db45aa5c26ea766ea67e4fbb98ca3b4,01_FACTS_LAYER/FORENSIC_ASTROLOGICAL_DATA_v8_0.md,§5.3,0.2869,### §5.3 Jaimini Chara Dasha (K.N. Rao Padakrama)  | ID | MD Sign | AD Sign | Start | End | | --- | --- | --- | --- | --- | | `DSH.C.001` | Aries | Taurus | 1984-02-05 | 1984-08-05 | | `DSH.C.002` | A,1,
SIG.MSR.271,spirit,SATURN,Transit — Saturn in Pisces 12H (2025-03-30 to 2028-02-23 approx): Triple-Activation Setting Phase (SIG.25),6274fb06a2cf335937ed23b991055fc9,01_FACTS_LAYER/FORENSIC_ASTROLOGICAL_DATA_v8_0.md,§8,0.2373,## §8 — SATURN KAKSHYA ZONES (DERIVED)  <!-- Saturn transit Pisces 2025-03-30 through 2028-02-23. -->  | ID | Zone | Degree Range | Ruler | Status | | --- | --- | --- | --- | --- | | `KAK.PISCES.Z1` |,0dac7b3be919024c98910483771f6c8d,01_FACTS_LAYER/FORENSIC_ASTROLOGICAL_DATA_v8_0.md,§21,0.2451,## §21 — SADE SATI — SATURNINE TRANSIT (FACTS)  | ID | Cycle | Saturn Sign | Start | End | Phase | | --- | --- | --- | --- | --- | --- | | `TRS.SS.C2.P1` | Cycle 2 | Capricorn | 2020-01-24 | 2022-04-2,556af0f28b8358c33e05b50960c0e160,01_FACTS_LAYER/FORENSIC_ASTROLOGICAL_DATA_v8_0.md,§23.3,0.2806,### §23.3 Date-Centric Matrix — 2026-01 through 2028-02  | Period | Vimshottari MD – AD | Yogini Dasha | Jaimini Chara MD – AD | Sade Sati | Varshphal Year | | --- | --- | --- | --- | --- | --- | | 20,1,
SIG.MSR.272,wealth,RAHU,Transit — Rahu in Aquarius (11H) Transiting Natal Moon: Double-AK Activation 2025-2026,556af0f28b8358c33e05b50960c0e160,01_FACTS_LAYER/FORENSIC_ASTROLOGICAL_DATA_v8_0.md,§23.3,0.2956,### §23.3 Date-Centric Matrix — 2026-01 through 2028-02  | Period | Vimshottari MD – AD | Yogini Dasha | Jaimini Chara MD – AD | Sade Sati | Varshphal Year | | --- | --- | --- | --- | --- | --- | | 20,0dac7b3be919024c98910483771f6c8d,01_FACTS_LAYER/FORENSIC_ASTROLOGICAL_DATA_v8_0.md,§21,0.3032,## §21 — SADE SATI — SATURNINE TRANSIT (FACTS)  | ID | Cycle | Saturn Sign | Start | End | Phase | | --- | --- | --- | --- | --- | --- | | `TRS.SS.C2.P1` | Cycle 2 | Capricorn | 2020-01-24 | 2022-04-2,,,,0.0000,,1,
SIG.MSR.273,wealth,JUPITER,Transit — Jupiter in Taurus 2H (2025-2026): 2H Wealth-Expansion Over Natal Rahu,0dac7b3be919024c98910483771f6c8d,01_FACTS_LAYER/FORENSIC_ASTROLOGICAL_DATA_v8_0.md,§21,0.2902,## §21 — SADE SATI — SATURNINE TRANSIT (FACTS)  | ID | Cycle | Saturn Sign | Start | End | Phase | | --- | --- | --- | --- | --- | --- | | `TRS.SS.C2.P1` | Cycle 2 | Capricorn | 2020-01-24 | 2022-04-2,cb29ffa3c7f05682e42a193022e72037,01_FACTS_LAYER/FORENSIC_ASTROLOGICAL_DATA_v8_0.md,§3.1,0.3016,"### §3.1 D2 — Hora (Wealth Division)  | ID | Hora Sign | Ruler | Planets | | --- | --- | --- | --- | | `D2.CANCER` | Cancer | Moon | Moon, Mars, Venus, Saturn, Mercury | | `D2.LEO` | Leo | Sun | Jupit",,,,0.0000,,1,
SIG.MSR.274,wealth,JUPITER,Transit — Jupiter in Cancer (4H) Exalted 2026-2027: Gajakesari Yoga Renewed by Transit,835bf9f897fc9d3a5af3927297d8c363,01_FACTS_LAYER/FORENSIC_ASTROLOGICAL_DATA_v8_0.md,§26.2,0.2998,### §26.2 D-9 Navamsa Yogas  | ID | Yoga | Type | Key Configuration | Note | | --- | --- | --- | --- | --- | | `YGA.D9.GAJAKESARI` | Gaja-Kesari Yoga (D9) | Famous / virtuous | Jupiter and Moon both i,8b9070e97dbaf3363145b7d172d26790,01_FACTS_LAYER/FORENSIC_ASTROLOGICAL_DATA_v8_0.md,§26.1,0.3073,### §26.1 D-1 Rashi Yogas  | ID | Yoga | Type | Key Planets / Houses | Note | | --- | --- | --- | --- | --- | | `YGA.D1.KALPADRUMA` | Kalpadruma / Parijata Yoga | Major royal yoga | Atmakaraka Moon; d,f8fe9a055f29e6e4f4f2b9217b97aa88,01_FACTS_LAYER/FORENSIC_ASTROLOGICAL_DATA_v8_0.md,§26.3,0.3075,### §26.3 D-10 Dashamsha Yogas  | ID | Yoga | Type | Key Configuration | Note | | --- | --- | --- | --- | --- | | `YGA.D10.SARALA` | Sarala Viparita Raja Yoga | Power from upheaval | 8L in 8H in D10 —,1,
SIG.MSR.275,career,SATURN,Transit — Saturn Historical Capricorn 10H (2020-2023): Career-Structural Crystallization,0dac7b3be919024c98910483771f6c8d,01_FACTS_LAYER/FORENSIC_ASTROLOGICAL_DATA_v8_0.md,§21,0.2721,## §21 — SADE SATI — SATURNINE TRANSIT (FACTS)  | ID | Cycle | Saturn Sign | Start | End | Phase | | --- | --- | --- | --- | --- | --- | | `TRS.SS.C2.P1` | Cycle 2 | Capricorn | 2020-01-24 | 2022-04-2,,,,0.0000,,,,,0.0000,,1,
SIG.MSR.276,children,JUPITER,Transit — Jupiter in Aquarius 11H Gajakesari with Natal Moon (2021-2022): Twin-Birth Window,0dac7b3be919024c98910483771f6c8d,01_FACTS_LAYER/FORENSIC_ASTROLOGICAL_DATA_v8_0.md,§21,0.3061,## §21 — SADE SATI — SATURNINE TRANSIT (FACTS)  | ID | Cycle | Saturn Sign | Start | End | Phase | | --- | --- | --- | --- | --- | --- | | `TRS.SS.C2.P1` | Cycle 2 | Capricorn | 2020-01-24 | 2022-04-2,lel_period_period_2022_2024,01_FACTS_LAYER/LIFE_EVENT_LOG_v1_2.md,5,0.3263,"# [L1 fact] → [L2.5 interp embedded] ```yaml PERIOD.2022_2024:   dates: 2022 through 2024   characterization: ""Mix. New relationships, rupture of old, success in professional career, lost US job, move",556af0f28b8358c33e05b50960c0e160,01_FACTS_LAYER/FORENSIC_ASTROLOGICAL_DATA_v8_0.md,§23.3,0.3402,### §23.3 Date-Centric Matrix — 2026-01 through 2028-02  | Period | Vimshottari MD – AD | Yogini Dasha | Jaimini Chara MD – AD | Sade Sati | Varshphal Year | | --- | --- | --- | --- | --- | --- | | 20,1,
SIG.MSR.277,parents,SATURN,Transit — Saturn in Sagittarius 9H (2017-2020): Father's Death Transit — Classical Pitru-Dosha Activation,0dac7b3be919024c98910483771f6c8d,01_FACTS_LAYER/FORENSIC_ASTROLOGICAL_DATA_v8_0.md,§21,0.2548,## §21 — SADE SATI — SATURNINE TRANSIT (FACTS)  | ID | Cycle | Saturn Sign | Start | End | Phase | | --- | --- | --- | --- | --- | --- | | `TRS.SS.C2.P1` | Cycle 2 | Capricorn | 2020-01-24 | 2022-04-2,6274fb06a2cf335937ed23b991055fc9,01_FACTS_LAYER/FORENSIC_ASTROLOGICAL_DATA_v8_0.md,§8,0.2761,## §8 — SATURN KAKSHYA ZONES (DERIVED)  <!-- Saturn transit Pisces 2025-03-30 through 2028-02-23. -->  | ID | Zone | Degree Range | Ruler | Status | | --- | --- | --- | --- | --- | | `KAK.PISCES.Z1` |,,,,0.0000,,1,
SIG.MSR.278,health,SATURN,Transit — Saturn in Aries 1H (2028-2030): Debilitated Saturn on Lagna — Identity-Crisis Window,0dac7b3be919024c98910483771f6c8d,01_FACTS_LAYER/FORENSIC_ASTROLOGICAL_DATA_v8_0.md,§21,0.2488,## §21 — SADE SATI — SATURNINE TRANSIT (FACTS)  | ID | Cycle | Saturn Sign | Start | End | Phase | | --- | --- | --- | --- | --- | --- | | `TRS.SS.C2.P1` | Cycle 2 | Capricorn | 2020-01-24 | 2022-04-2,6274fb06a2cf335937ed23b991055fc9,01_FACTS_LAYER/FORENSIC_ASTROLOGICAL_DATA_v8_0.md,§8,0.2834,## §8 — SATURN KAKSHYA ZONES (DERIVED)  <!-- Saturn transit Pisces 2025-03-30 through 2028-02-23. -->  | ID | Zone | Degree Range | Ruler | Status | | --- | --- | --- | --- | --- | | `KAK.PISCES.Z1` |,7e3eef559eb3ac6793930b6c5b5a8619,01_FACTS_LAYER/FORENSIC_ASTROLOGICAL_DATA_v8_0.md,§23.1,0.2856,#### Saturn (`PLN.SATURN`)  | Dimension | Value | | --- | --- | | D1 Sign / Degree | Libra 22°27′04″ | | Nakshatra / Pada | Vishakha / 1 | | Abs Longitude | 202.45° | | Rashi House | 7 | | Chalit Hous,1,
SIG.MSR.279,relationships,RAHU,Transit — Rahu in Gemini (3H) 2031-2033: On UL Spouse-Karma Reset Window,556af0f28b8358c33e05b50960c0e160,01_FACTS_LAYER/FORENSIC_ASTROLOGICAL_DATA_v8_0.md,§23.3,0.2771,### §23.3 Date-Centric Matrix — 2026-01 through 2028-02  | Period | Vimshottari MD – AD | Yogini Dasha | Jaimini Chara MD – AD | Sade Sati | Varshphal Year | | --- | --- | --- | --- | --- | --- | | 20,0dac7b3be919024c98910483771f6c8d,01_FACTS_LAYER/FORENSIC_ASTROLOGICAL_DATA_v8_0.md,§21,0.3042,## §21 — SADE SATI — SATURNINE TRANSIT (FACTS)  | ID | Cycle | Saturn Sign | Start | End | Phase | | --- | --- | --- | --- | --- | --- | | `TRS.SS.C2.P1` | Cycle 2 | Capricorn | 2020-01-24 | 2022-04-2,lel_period_period_2022_2024,01_FACTS_LAYER/LIFE_EVENT_LOG_v1_2.md,5,0.3089,"# [L1 fact] → [L2.5 interp embedded] ```yaml PERIOD.2022_2024:   dates: 2022 through 2024   characterization: ""Mix. New relationships, rupture of old, success in professional career, lost US job, move",1,
SIG.MSR.280,career,SATURN,Transit — Saturn-Venus-Rahu AD Convergence 2041-2044: Lifetime-Apex Transit Window (SIG.31),0dac7b3be919024c98910483771f6c8d,01_FACTS_LAYER/FORENSIC_ASTROLOGICAL_DATA_v8_0.md,§21,0.2368,## §21 — SADE SATI — SATURNINE TRANSIT (FACTS)  | ID | Cycle | Saturn Sign | Start | End | Phase | | --- | --- | --- | --- | --- | --- | | `TRS.SS.C2.P1` | Cycle 2 | Capricorn | 2020-01-24 | 2022-04-2,556af0f28b8358c33e05b50960c0e160,01_FACTS_LAYER/FORENSIC_ASTROLOGICAL_DATA_v8_0.md,§23.3,0.2617,### §23.3 Date-Centric Matrix — 2026-01 through 2028-02  | Period | Vimshottari MD – AD | Yogini Dasha | Jaimini Chara MD – AD | Sade Sati | Varshphal Year | | --- | --- | --- | --- | --- | --- | | 20,6274fb06a2cf335937ed23b991055fc9,01_FACTS_LAYER/FORENSIC_ASTROLOGICAL_DATA_v8_0.md,§8,0.2844,## §8 — SATURN KAKSHYA ZONES (DERIVED)  <!-- Saturn transit Pisces 2025-03-30 through 2028-02-23. -->  | ID | Zone | Degree Range | Ruler | Status | | --- | --- | --- | --- | --- | | `KAK.PISCES.Z1` |,1,
SIG.MSR.281,career,SUN,Transit — Annual Sun Transit Aries (Lagna Activation): April-May Every Year = Peak Identity-Expression Window,0dac7b3be919024c98910483771f6c8d,01_FACTS_LAYER/FORENSIC_ASTROLOGICAL_DATA_v8_0.md,§21,0.2975,## §21 — SADE SATI — SATURNINE TRANSIT (FACTS)  | ID | Cycle | Saturn Sign | Start | End | Phase | | --- | --- | --- | --- | --- | --- | | `TRS.SS.C2.P1` | Cycle 2 | Capricorn | 2020-01-24 | 2022-04-2,,,,0.0000,,,,,0.0000,,1,
SIG.MSR.282,career,MARS,Transit — Mars Transit Capricorn (10H) = Career-Launch Trigger (SIG.24): Annual Activation Pattern,,,,0.0000,,,,,0.0000,,,,,0.0000,,1,FORENSIC_ASTROLOGICAL_DATA_v8_0#§5.1
SIG.MSR.283,children,JUPITER,Transit — Jupiter in Leo 5H (2028-2029): Post-Sade-Sati Children-Fortune Window,0dac7b3be919024c98910483771f6c8d,01_FACTS_LAYER/FORENSIC_ASTROLOGICAL_DATA_v8_0.md,§21,0.2435,## §21 — SADE SATI — SATURNINE TRANSIT (FACTS)  | ID | Cycle | Saturn Sign | Start | End | Phase | | --- | --- | --- | --- | --- | --- | | `TRS.SS.C2.P1` | Cycle 2 | Capricorn | 2020-01-24 | 2022-04-2,556af0f28b8358c33e05b50960c0e160,01_FACTS_LAYER/FORENSIC_ASTROLOGICAL_DATA_v8_0.md,§23.3,0.2988,### §23.3 Date-Centric Matrix — 2026-01 through 2028-02  | Period | Vimshottari MD – AD | Yogini Dasha | Jaimini Chara MD – AD | Sade Sati | Varshphal Year | | --- | --- | --- | --- | --- | --- | | 20,lel_period_period_2022_2024,01_FACTS_LAYER/LIFE_EVENT_LOG_v1_2.md,5,0.3040,"# [L1 fact] → [L2.5 interp embedded] ```yaml PERIOD.2022_2024:   dates: 2022 through 2024   characterization: ""Mix. New relationships, rupture of old, success in professional career, lost US job, move",1,
SIG.MSR.284,wealth,SATURN,"Transit — Saturn Taurus Kantaka (2H, 2029-2032): Rahu-Over-Saturn Wealth-Friction Window",0dac7b3be919024c98910483771f6c8d,01_FACTS_LAYER/FORENSIC_ASTROLOGICAL_DATA_v8_0.md,§21,0.2354,## §21 — SADE SATI — SATURNINE TRANSIT (FACTS)  | ID | Cycle | Saturn Sign | Start | End | Phase | | --- | --- | --- | --- | --- | --- | | `TRS.SS.C2.P1` | Cycle 2 | Capricorn | 2020-01-24 | 2022-04-2,6274fb06a2cf335937ed23b991055fc9,01_FACTS_LAYER/FORENSIC_ASTROLOGICAL_DATA_v8_0.md,§8,0.2754,## §8 — SATURN KAKSHYA ZONES (DERIVED)  <!-- Saturn transit Pisces 2025-03-30 through 2028-02-23. -->  | ID | Zone | Degree Range | Ruler | Status | | --- | --- | --- | --- | --- | | `KAK.PISCES.Z1` |,556af0f28b8358c33e05b50960c0e160,01_FACTS_LAYER/FORENSIC_ASTROLOGICAL_DATA_v8_0.md,§23.3,0.2930,### §23.3 Date-Centric Matrix — 2026-01 through 2028-02  | Period | Vimshottari MD – AD | Yogini Dasha | Jaimini Chara MD – AD | Sade Sati | Varshphal Year | | --- | --- | --- | --- | --- | --- | | 20,1,
SIG.MSR.285,wealth,JUPITER,Transit — Jupiter-Aquarius 2033 Gajakesari Recurrence: End-of-Ketu-MD Fortune Surge,556af0f28b8358c33e05b50960c0e160,01_FACTS_LAYER/FORENSIC_ASTROLOGICAL_DATA_v8_0.md,§23.3,0.2828,### §23.3 Date-Centric Matrix — 2026-01 through 2028-02  | Period | Vimshottari MD – AD | Yogini Dasha | Jaimini Chara MD – AD | Sade Sati | Varshphal Year | | --- | --- | --- | --- | --- | --- | | 20,lel_period_period_2022_2024,01_FACTS_LAYER/LIFE_EVENT_LOG_v1_2.md,5,0.2904,"# [L1 fact] → [L2.5 interp embedded] ```yaml PERIOD.2022_2024:   dates: 2022 through 2024   characterization: ""Mix. New relationships, rupture of old, success in professional career, lost US job, move",0dac7b3be919024c98910483771f6c8d,01_FACTS_LAYER/FORENSIC_ASTROLOGICAL_DATA_v8_0.md,§21,0.2909,## §21 — SADE SATI — SATURNINE TRANSIT (FACTS)  | ID | Cycle | Saturn Sign | Start | End | Phase | | --- | --- | --- | --- | --- | --- | | `TRS.SS.C2.P1` | Cycle 2 | Capricorn | 2020-01-24 | 2022-04-2,1,
SIG.MSR.286,spirit,JUPITER,Transit — Jupiter in Pisces 12H (2034 future): Yogi-Point Activation in Venus MD Opening,556af0f28b8358c33e05b50960c0e160,01_FACTS_LAYER/FORENSIC_ASTROLOGICAL_DATA_v8_0.md,§23.3,0.3016,### §23.3 Date-Centric Matrix — 2026-01 through 2028-02  | Period | Vimshottari MD – AD | Yogini Dasha | Jaimini Chara MD – AD | Sade Sati | Varshphal Year | | --- | --- | --- | --- | --- | --- | | 20,d3c1ac677a899a2d0cdc5c3f044ca6d2,01_FACTS_LAYER/FORENSIC_ASTROLOGICAL_DATA_v8_0.md,§11.3,0.3017,### §11.3 Yogi / Avayogi  | ID | Field | Value | | --- | --- | --- | | `YOG.FORMULA` | Formula | Sun_abs + Moon_abs + 93°20′ mod 360 | | `YOG.INPUT.SUN` | Sun Abs Long | 291.96° | | `YOG.INPUT.MOON` |,lel_period_period_2022_2024,01_FACTS_LAYER/LIFE_EVENT_LOG_v1_2.md,5,0.3018,"# [L1 fact] → [L2.5 interp embedded] ```yaml PERIOD.2022_2024:   dates: 2022 through 2024   characterization: ""Mix. New relationships, rupture of old, success in professional career, lost US job, move",1,
SIG.MSR.287,spirit,KETU,Transit — Ketu Transit Scorpio 8H (Natal Position Return ~2039-2040): Nodal Homecoming,f66c03bb2186d0e9478d8a19179cc19c,01_FACTS_LAYER/FORENSIC_ASTROLOGICAL_DATA_v8_0.md,§23.1,0.2969,#### Ketu (`PLN.KETU`)  | Dimension | Value | | --- | --- | | D1 Sign / Degree | Scorpio 19°01′47″ | | Nakshatra / Pada | Jyeshtha / 1 | | Abs Longitude | 229.03° | | Rashi House | 8 | | Chalit House ,0dac7b3be919024c98910483771f6c8d,01_FACTS_LAYER/FORENSIC_ASTROLOGICAL_DATA_v8_0.md,§21,0.2991,## §21 — SADE SATI — SATURNINE TRANSIT (FACTS)  | ID | Cycle | Saturn Sign | Start | End | Phase | | --- | --- | --- | --- | --- | --- | | `TRS.SS.C2.P1` | Cycle 2 | Capricorn | 2020-01-24 | 2022-04-2,,,,0.0000,,1,
SIG.MSR.288,parents,SUN,Transit — Eclipse Impact: 5 Eclipses Within 6 Months of Father's Death (2018),lel_period_period_2018_2021,01_FACTS_LAYER/LIFE_EVENT_LOG_v1_2.md,5,0.3117,"# [L1 fact] → [L2.5 interp embedded] ```yaml PERIOD.2018_2021:   dates: 2018 through 2021   characterization_start: ""Mentally traumatic time [2018] — father's death, hospital-running Hyderabad to Bhub",0dac7b3be919024c98910483771f6c8d,01_FACTS_LAYER/FORENSIC_ASTROLOGICAL_DATA_v8_0.md,§21,0.3283,## §21 — SADE SATI — SATURNINE TRANSIT (FACTS)  | ID | Cycle | Saturn Sign | Start | End | Phase | | --- | --- | --- | --- | --- | --- | | `TRS.SS.C2.P1` | Cycle 2 | Capricorn | 2020-01-24 | 2022-04-2,lel_period_period_2016,01_FACTS_LAYER/LIFE_EVENT_LOG_v1_2.md,5,0.3671,"# [L1 fact] → [L2.5 interp embedded] ```yaml PERIOD.2016:   dates: 2016 (calendar year)   characterization: ""A bit stressful. Mahindra Retail crashed. Looking for a job.""   native_reflection: ""2016 wa",2,
SIG.MSR.289,spirit,SATURN,Transit — Saturn Pisces Setting Sade Sati + Jupiter Cancer Exalted (2026): The Current Dual Fortune-Structure Window,0dac7b3be919024c98910483771f6c8d,01_FACTS_LAYER/FORENSIC_ASTROLOGICAL_DATA_v8_0.md,§21,0.2006,## §21 — SADE SATI — SATURNINE TRANSIT (FACTS)  | ID | Cycle | Saturn Sign | Start | End | Phase | | --- | --- | --- | --- | --- | --- | | `TRS.SS.C2.P1` | Cycle 2 | Capricorn | 2020-01-24 | 2022-04-2,556af0f28b8358c33e05b50960c0e160,01_FACTS_LAYER/FORENSIC_ASTROLOGICAL_DATA_v8_0.md,§23.3,0.2602,### §23.3 Date-Centric Matrix — 2026-01 through 2028-02  | Period | Vimshottari MD – AD | Yogini Dasha | Jaimini Chara MD – AD | Sade Sati | Varshphal Year | | --- | --- | --- | --- | --- | --- | | 20,6274fb06a2cf335937ed23b991055fc9,01_FACTS_LAYER/FORENSIC_ASTROLOGICAL_DATA_v8_0.md,§8,0.2815,## §8 — SATURN KAKSHYA ZONES (DERIVED)  <!-- Saturn transit Pisces 2025-03-30 through 2028-02-23. -->  | ID | Zone | Degree Range | Ruler | Status | | --- | --- | --- | --- | --- | | `KAK.PISCES.Z1` |,1,
SIG.MSR.290,career,MARS,Transit — Mars-Transit-Libra (7H) Annual: Activating the Supreme Convergence Zone,0dac7b3be919024c98910483771f6c8d,01_FACTS_LAYER/FORENSIC_ASTROLOGICAL_DATA_v8_0.md,§21,0.3096,## §21 — SADE SATI — SATURNINE TRANSIT (FACTS)  | ID | Cycle | Saturn Sign | Start | End | Phase | | --- | --- | --- | --- | --- | --- | | `TRS.SS.C2.P1` | Cycle 2 | Capricorn | 2020-01-24 | 2022-04-2,,,,0.0000,,,,,0.0000,,1,
SIG.MSR.291,health,SATURN,"Sade Sati — Chart Overview: Moon in Aquarius = 4 Lifetime Cycles (Ages 6-13, 36-44, 65-72, 95-102)",0dac7b3be919024c98910483771f6c8d,01_FACTS_LAYER/FORENSIC_ASTROLOGICAL_DATA_v8_0.md,§21,0.2244,## §21 — SADE SATI — SATURNINE TRANSIT (FACTS)  | ID | Cycle | Saturn Sign | Start | End | Phase | | --- | --- | --- | --- | --- | --- | | `TRS.SS.C2.P1` | Cycle 2 | Capricorn | 2020-01-24 | 2022-04-2,caea00379c96fc08f376b4db37fdb8d3,01_FACTS_LAYER/FORENSIC_ASTROLOGICAL_DATA_v8_0.md,§5.2,0.2754,### §5.2 Yogini Dasha  | ID | Yogini | Ruler | Duration | Start | End | | --- | --- | --- | --- | --- | --- | | `DSH.Y.001` | Bhramari | Mars | Balance | 1984-02-05 | 1985-12-22 | | `DSH.Y.002` | Bhad,556af0f28b8358c33e05b50960c0e160,01_FACTS_LAYER/FORENSIC_ASTROLOGICAL_DATA_v8_0.md,§23.3,0.2932,### §23.3 Date-Centric Matrix — 2026-01 through 2028-02  | Period | Vimshottari MD – AD | Yogini Dasha | Jaimini Chara MD – AD | Sade Sati | Varshphal Year | | --- | --- | --- | --- | --- | --- | | 20,1,
SIG.MSR.292,career,SATURN,Sade Sati — Cycle 2 Peak Phase: Saturn in Aquarius 11H (2022-04-29 to 2025-03-29),0dac7b3be919024c98910483771f6c8d,01_FACTS_LAYER/FORENSIC_ASTROLOGICAL_DATA_v8_0.md,§21,0.1643,## §21 — SADE SATI — SATURNINE TRANSIT (FACTS)  | ID | Cycle | Saturn Sign | Start | End | Phase | | --- | --- | --- | --- | --- | --- | | `TRS.SS.C2.P1` | Cycle 2 | Capricorn | 2020-01-24 | 2022-04-2,556af0f28b8358c33e05b50960c0e160,01_FACTS_LAYER/FORENSIC_ASTROLOGICAL_DATA_v8_0.md,§23.3,0.2701,### §23.3 Date-Centric Matrix — 2026-01 through 2028-02  | Period | Vimshottari MD – AD | Yogini Dasha | Jaimini Chara MD – AD | Sade Sati | Varshphal Year | | --- | --- | --- | --- | --- | --- | | 20,7e3eef559eb3ac6793930b6c5b5a8619,01_FACTS_LAYER/FORENSIC_ASTROLOGICAL_DATA_v8_0.md,§23.1,0.2753,#### Saturn (`PLN.SATURN`)  | Dimension | Value | | --- | --- | | D1 Sign / Degree | Libra 22°27′04″ | | Nakshatra / Pada | Vishakha / 1 | | Abs Longitude | 202.45° | | Rashi House | 7 | | Chalit Hous,1,
SIG.MSR.293,career,SATURN,Sade Sati — Cycle 2 Rising Phase: Saturn in Capricorn 10H (2020-01-24 to 2023-01-17),0dac7b3be919024c98910483771f6c8d,01_FACTS_LAYER/FORENSIC_ASTROLOGICAL_DATA_v8_0.md,§21,0.1744,## §21 — SADE SATI — SATURNINE TRANSIT (FACTS)  | ID | Cycle | Saturn Sign | Start | End | Phase | | --- | --- | --- | --- | --- | --- | | `TRS.SS.C2.P1` | Cycle 2 | Capricorn | 2020-01-24 | 2022-04-2,7e3eef559eb3ac6793930b6c5b5a8619,01_FACTS_LAYER/FORENSIC_ASTROLOGICAL_DATA_v8_0.md,§23.1,0.2842,#### Saturn (`PLN.SATURN`)  | Dimension | Value | | --- | --- | | D1 Sign / Degree | Libra 22°27′04″ | | Nakshatra / Pada | Vishakha / 1 | | Abs Longitude | 202.45° | | Rashi House | 7 | | Chalit Hous,6274fb06a2cf335937ed23b991055fc9,01_FACTS_LAYER/FORENSIC_ASTROLOGICAL_DATA_v8_0.md,§8,0.2912,## §8 — SATURN KAKSHYA ZONES (DERIVED)  <!-- Saturn transit Pisces 2025-03-30 through 2028-02-23. -->  | ID | Zone | Degree Range | Ruler | Status | | --- | --- | --- | --- | --- | | `KAK.PISCES.Z1` |,1,
SIG.MSR.294,wealth,SATURN,Sade Sati — Cycle 2 Setting Phase (CURRENT): Saturn in Pisces 12H (2025-03-30 to 2028-02-23),0dac7b3be919024c98910483771f6c8d,01_FACTS_LAYER/FORENSIC_ASTROLOGICAL_DATA_v8_0.md,§21,0.1497,## §21 — SADE SATI — SATURNINE TRANSIT (FACTS)  | ID | Cycle | Saturn Sign | Start | End | Phase | | --- | --- | --- | --- | --- | --- | | `TRS.SS.C2.P1` | Cycle 2 | Capricorn | 2020-01-24 | 2022-04-2,556af0f28b8358c33e05b50960c0e160,01_FACTS_LAYER/FORENSIC_ASTROLOGICAL_DATA_v8_0.md,§23.3,0.2233,### §23.3 Date-Centric Matrix — 2026-01 through 2028-02  | Period | Vimshottari MD – AD | Yogini Dasha | Jaimini Chara MD – AD | Sade Sati | Varshphal Year | | --- | --- | --- | --- | --- | --- | | 20,6274fb06a2cf335937ed23b991055fc9,01_FACTS_LAYER/FORENSIC_ASTROLOGICAL_DATA_v8_0.md,§8,0.2540,## §8 — SATURN KAKSHYA ZONES (DERIVED)  <!-- Saturn transit Pisces 2025-03-30 through 2028-02-23. -->  | ID | Zone | Degree Range | Ruler | Status | | --- | --- | --- | --- | --- | | `KAK.PISCES.Z1` |,1,
SIG.MSR.295,health,SATURN,"Sade Sati — Cycle 1 Peak (1993-1995, Ages 9-11): Headache Onset and R#1 Roots",lel_chronic_pattern_headaches_01,01_FACTS_LAYER/LIFE_EVENT_LOG_v1_2.md,4,0.2089,# [L1 fact] → [L2.5 interp embedded] ```yaml PATTERN.HEADACHES.01:   trait: Severe headaches since ~1995; screen-time as trigger   onset: circa 1995 (captured as EVT.1995.XX.XX.01 — the onset event; p,0dac7b3be919024c98910483771f6c8d,01_FACTS_LAYER/FORENSIC_ASTROLOGICAL_DATA_v8_0.md,§21,0.2881,## §21 — SADE SATI — SATURNINE TRANSIT (FACTS)  | ID | Cycle | Saturn Sign | Start | End | Phase | | --- | --- | --- | --- | --- | --- | | `TRS.SS.C2.P1` | Cycle 2 | Capricorn | 2020-01-24 | 2022-04-2,c3c1113722072bbbf3b8d7c19931e4cb,01_FACTS_LAYER/FORENSIC_ASTROLOGICAL_DATA_v8_0.md,§2,0.3311,## §2 — D1 RASHI CHART (FACTS) ,1,
SIG.MSR.296,career,SATURN,Sade Sati — Own-Sign Double Mitigation: Rising (Capricorn) + Peak (Aquarius) = Both Saturn's Own Signs,0dac7b3be919024c98910483771f6c8d,01_FACTS_LAYER/FORENSIC_ASTROLOGICAL_DATA_v8_0.md,§21,0.2333,## §21 — SADE SATI — SATURNINE TRANSIT (FACTS)  | ID | Cycle | Saturn Sign | Start | End | Phase | | --- | --- | --- | --- | --- | --- | | `TRS.SS.C2.P1` | Cycle 2 | Capricorn | 2020-01-24 | 2022-04-2,,,,0.0000,,,,,0.0000,,1,
SIG.MSR.297,health,SATURN,"Sade Sati — Cycle 3 Projected (2049-2058, Ages 65-74): The Elder-Recalibration Cycle",0dac7b3be919024c98910483771f6c8d,01_FACTS_LAYER/FORENSIC_ASTROLOGICAL_DATA_v8_0.md,§21,0.2177,## §21 — SADE SATI — SATURNINE TRANSIT (FACTS)  | ID | Cycle | Saturn Sign | Start | End | Phase | | --- | --- | --- | --- | --- | --- | | `TRS.SS.C2.P1` | Cycle 2 | Capricorn | 2020-01-24 | 2022-04-2,lel_period_period_2022_2024,01_FACTS_LAYER/LIFE_EVENT_LOG_v1_2.md,5,0.3084,"# [L1 fact] → [L2.5 interp embedded] ```yaml PERIOD.2022_2024:   dates: 2022 through 2024   characterization: ""Mix. New relationships, rupture of old, success in professional career, lost US job, move",556af0f28b8358c33e05b50960c0e160,01_FACTS_LAYER/FORENSIC_ASTROLOGICAL_DATA_v8_0.md,§23.3,0.3149,### §23.3 Date-Centric Matrix — 2026-01 through 2028-02  | Period | Vimshottari MD – AD | Yogini Dasha | Jaimini Chara MD – AD | Sade Sati | Varshphal Year | | --- | --- | --- | --- | --- | --- | | 20,1,
SIG.MSR.298,career,SATURN,Sade Sati — Cycle 2 Paradox: Highest LEL-Event Density Coincides with Sade Sati Peak — Chart's Most Counterintuitive Fin,0dac7b3be919024c98910483771f6c8d,01_FACTS_LAYER/FORENSIC_ASTROLOGICAL_DATA_v8_0.md,§21,0.2723,## §21 — SADE SATI — SATURNINE TRANSIT (FACTS)  | ID | Cycle | Saturn Sign | Start | End | Phase | | --- | --- | --- | --- | --- | --- | | `TRS.SS.C2.P1` | Cycle 2 | Capricorn | 2020-01-24 | 2022-04-2,lel_chronic_pattern_physique_01,01_FACTS_LAYER/LIFE_EVENT_LOG_v1_2.md,4,0.3304,"# [L1 fact] → [L2.5 interp embedded] ```yaml PATTERN.PHYSIQUE.01:   trait: Height 6'3"", lean-muscular build in peak (2012-2013), currently good/well-maintained at 42   onset: peak physique 2012-2013 (",lel_chronic_pattern_headaches_01,01_FACTS_LAYER/LIFE_EVENT_LOG_v1_2.md,4,0.3446,# [L1 fact] → [L2.5 interp embedded] ```yaml PATTERN.HEADACHES.01:   trait: Severe headaches since ~1995; screen-time as trigger   onset: circa 1995 (captured as EVT.1995.XX.XX.01 — the onset event; p,1,
SIG.MSR.299,relationships,SATURN,Sade Sati — Cycle 1 Setting Phase (1996-1998): R#1 Launch at Sade Sati Exit,0dac7b3be919024c98910483771f6c8d,01_FACTS_LAYER/FORENSIC_ASTROLOGICAL_DATA_v8_0.md,§21,0.2429,## §21 — SADE SATI — SATURNINE TRANSIT (FACTS)  | ID | Cycle | Saturn Sign | Start | End | Phase | | --- | --- | --- | --- | --- | --- | | `TRS.SS.C2.P1` | Cycle 2 | Capricorn | 2020-01-24 | 2022-04-2,,,,0.0000,,,,,0.0000,,1,
SIG.MSR.300,health,SATURN,Sade Sati — Shani Kakshya During Peak: Saturn's Nakshatra Beam in Aquarius 11H,0dac7b3be919024c98910483771f6c8d,01_FACTS_LAYER/FORENSIC_ASTROLOGICAL_DATA_v8_0.md,§21,0.2565,## §21 — SADE SATI — SATURNINE TRANSIT (FACTS)  | ID | Cycle | Saturn Sign | Start | End | Phase | | --- | --- | --- | --- | --- | --- | | `TRS.SS.C2.P1` | Cycle 2 | Capricorn | 2020-01-24 | 2022-04-2,7e3eef559eb3ac6793930b6c5b5a8619,01_FACTS_LAYER/FORENSIC_ASTROLOGICAL_DATA_v8_0.md,§23.1,0.2638,#### Saturn (`PLN.SATURN`)  | Dimension | Value | | --- | --- | | D1 Sign / Degree | Libra 22°27′04″ | | Nakshatra / Pada | Vishakha / 1 | | Abs Longitude | 202.45° | | Rashi House | 7 | | Chalit Hous,6274fb06a2cf335937ed23b991055fc9,01_FACTS_LAYER/FORENSIC_ASTROLOGICAL_DATA_v8_0.md,§8,0.2838,## §8 — SATURN KAKSHYA ZONES (DERIVED)  <!-- Saturn transit Pisces 2025-03-30 through 2028-02-23. -->  | ID | Zone | Degree Range | Ruler | Status | | --- | --- | --- | --- | --- | | `KAK.PISCES.Z1` |,1,
SIG.MSR.301,health,SATURN,Sade Sati — End-of-Cycle-2 Date (2028-02-23): 7.5-Year Complete Liberation,0dac7b3be919024c98910483771f6c8d,01_FACTS_LAYER/FORENSIC_ASTROLOGICAL_DATA_v8_0.md,§21,0.1860,## §21 — SADE SATI — SATURNINE TRANSIT (FACTS)  | ID | Cycle | Saturn Sign | Start | End | Phase | | --- | --- | --- | --- | --- | --- | | `TRS.SS.C2.P1` | Cycle 2 | Capricorn | 2020-01-24 | 2022-04-2,556af0f28b8358c33e05b50960c0e160,01_FACTS_LAYER/FORENSIC_ASTROLOGICAL_DATA_v8_0.md,§23.3,0.2461,### §23.3 Date-Centric Matrix — 2026-01 through 2028-02  | Period | Vimshottari MD – AD | Yogini Dasha | Jaimini Chara MD – AD | Sade Sati | Varshphal Year | | --- | --- | --- | --- | --- | --- | | 20,lel_period_period_2022_2024,01_FACTS_LAYER/LIFE_EVENT_LOG_v1_2.md,5,0.2797,"# [L1 fact] → [L2.5 interp embedded] ```yaml PERIOD.2022_2024:   dates: 2022 through 2024   characterization: ""Mix. New relationships, rupture of old, success in professional career, lost US job, move",1,
SIG.MSR.302,career,SATURN,Sade Sati — Cycle 2 Rising Phase (Capricorn 10H) Produces Own-Sign Saturn: Career-Not-Health as Primary Theme,0dac7b3be919024c98910483771f6c8d,01_FACTS_LAYER/FORENSIC_ASTROLOGICAL_DATA_v8_0.md,§21,0.2125,## §21 — SADE SATI — SATURNINE TRANSIT (FACTS)  | ID | Cycle | Saturn Sign | Start | End | Phase | | --- | --- | --- | --- | --- | --- | | `TRS.SS.C2.P1` | Cycle 2 | Capricorn | 2020-01-24 | 2022-04-2,,,,0.0000,,,,,0.0000,,1,
SIG.MSR.303,career,SATURN,KP — Cusp 10 (Career) Sub-Lord Saturn: Career Promise Delivered Through Saturn's Structural Discipline,3d5d531480dc1331d01fb023d145eec5,01_FACTS_LAYER/FORENSIC_ASTROLOGICAL_DATA_v8_0.md,§4.1,0.2406,### §4.1 KP Cusp Mirror  | ID | Cusp | Degree | Sign | Star Lord | Sub Lord | Sub-Sub Lord | | --- | --- | --- | --- | --- | --- | --- | | `KP.CUSP.1` | 1 (Lagna) | 12°29′19″ | Aries | Ketu | Mercury ,fa29b75101946b29aec1ba2d356f92d3,01_FACTS_LAYER/FORENSIC_ASTROLOGICAL_DATA_v8_0.md,§4.3,0.2710,"### §4.3 KP House Significators  | ID | House | Significators (ranked) | KP Logic | | --- | --- | --- | --- | | `KP.SIG.1` | 1 (Self) | Mars, Ketu | Mars (Lord); Ketu (agent for Mars) | | `KP.SIG.2` |",,,,0.0000,,1,
SIG.MSR.304,wealth,MERCURY,KP — Cusp 11 (Gains) Sub-Lord Mercury: Yogi-Planet Governs the Gain-Cusp — Fortune × Gains = One Planet,3d5d531480dc1331d01fb023d145eec5,01_FACTS_LAYER/FORENSIC_ASTROLOGICAL_DATA_v8_0.md,§4.1,0.2234,### §4.1 KP Cusp Mirror  | ID | Cusp | Degree | Sign | Star Lord | Sub Lord | Sub-Sub Lord | | --- | --- | --- | --- | --- | --- | --- | | `KP.CUSP.1` | 1 (Lagna) | 12°29′19″ | Aries | Ketu | Mercury ,fa29b75101946b29aec1ba2d356f92d3,01_FACTS_LAYER/FORENSIC_ASTROLOGICAL_DATA_v8_0.md,§4.3,0.2510,"### §4.3 KP House Significators  | ID | House | Significators (ranked) | KP Logic | | --- | --- | --- | --- | | `KP.SIG.1` | 1 (Self) | Mars, Ketu | Mars (Lord); Ketu (agent for Mars) | | `KP.SIG.2` |",d3c1ac677a899a2d0cdc5c3f044ca6d2,01_FACTS_LAYER/FORENSIC_ASTROLOGICAL_DATA_v8_0.md,§11.3,0.2624,### §11.3 Yogi / Avayogi  | ID | Field | Value | | --- | --- | --- | | `YOG.FORMULA` | Formula | Sun_abs + Moon_abs + 93°20′ mod 360 | | `YOG.INPUT.SUN` | Sun Abs Long | 291.96° | | `YOG.INPUT.MOON` |,1,
SIG.MSR.305,relationships,SATURN,KP — Cusp 7 (Spouse) Sub-Lord Saturn: Marriage Adjudicated by Exalted Saturn — Structured and Delayed,3d5d531480dc1331d01fb023d145eec5,01_FACTS_LAYER/FORENSIC_ASTROLOGICAL_DATA_v8_0.md,§4.1,0.2808,### §4.1 KP Cusp Mirror  | ID | Cusp | Degree | Sign | Star Lord | Sub Lord | Sub-Sub Lord | | --- | --- | --- | --- | --- | --- | --- | | `KP.CUSP.1` | 1 (Lagna) | 12°29′19″ | Aries | Ketu | Mercury ,fa29b75101946b29aec1ba2d356f92d3,01_FACTS_LAYER/FORENSIC_ASTROLOGICAL_DATA_v8_0.md,§4.3,0.3070,"### §4.3 KP House Significators  | ID | House | Significators (ranked) | KP Logic | | --- | --- | --- | --- | | `KP.SIG.1` | 1 (Self) | Mars, Ketu | Mars (Lord); Ketu (agent for Mars) | | `KP.SIG.2` |",,,,0.0000,,1,
SIG.MSR.306,wealth,RAHU,KP — Cusp 2 (Wealth) Sub-Lord Rahu: Wealth-Promise Delivered Through Unconventional Channels,3d5d531480dc1331d01fb023d145eec5,01_FACTS_LAYER/FORENSIC_ASTROLOGICAL_DATA_v8_0.md,§4.1,0.2465,### §4.1 KP Cusp Mirror  | ID | Cusp | Degree | Sign | Star Lord | Sub Lord | Sub-Sub Lord | | --- | --- | --- | --- | --- | --- | --- | | `KP.CUSP.1` | 1 (Lagna) | 12°29′19″ | Aries | Ketu | Mercury ,fa29b75101946b29aec1ba2d356f92d3,01_FACTS_LAYER/FORENSIC_ASTROLOGICAL_DATA_v8_0.md,§4.3,0.2864,"### §4.3 KP House Significators  | ID | House | Significators (ranked) | KP Logic | | --- | --- | --- | --- | | `KP.SIG.1` | 1 (Self) | Mars, Ketu | Mars (Lord); Ketu (agent for Mars) | | `KP.SIG.2` |",,,,0.0000,,1,
SIG.MSR.307,career,MERCURY,KP — Cusp 1 (Lagna) Sub-Lord Mercury: Self-Identity Delivered Through Mercury's Intelligence,3d5d531480dc1331d01fb023d145eec5,01_FACTS_LAYER/FORENSIC_ASTROLOGICAL_DATA_v8_0.md,§4.1,0.2413,### §4.1 KP Cusp Mirror  | ID | Cusp | Degree | Sign | Star Lord | Sub Lord | Sub-Sub Lord | | --- | --- | --- | --- | --- | --- | --- | | `KP.CUSP.1` | 1 (Lagna) | 12°29′19″ | Aries | Ketu | Mercury ,fa29b75101946b29aec1ba2d356f92d3,01_FACTS_LAYER/FORENSIC_ASTROLOGICAL_DATA_v8_0.md,§4.3,0.2789,"### §4.3 KP House Significators  | ID | House | Significators (ranked) | KP Logic | | --- | --- | --- | --- | | `KP.SIG.1` | 1 (Self) | Mars, Ketu | Mars (Lord); Ketu (agent for Mars) | | `KP.SIG.2` |",3f5d6c0ad10212220298da0cd69580fe,01_FACTS_LAYER/FORENSIC_ASTROLOGICAL_DATA_v8_0.md,§4.2,0.2968,### §4.2 KP Planetary Positions  | ID | Planet | Degree | Star Lord | Sub Lord | Sub-Sub Lord | | --- | --- | --- | --- | --- | --- | | `KP.PLN.SUN` | Sun | 22°02′ | Moon | Venus | Saturn | | `KP.PLN.,1,
SIG.MSR.308,wealth,JUPITER,KP — Cusp 9 (Fortune) Sub-Lord Jupiter: Fortune-Cusp Delivered by 9L in Own Sign — Maximum Cusp Promise,3d5d531480dc1331d01fb023d145eec5,01_FACTS_LAYER/FORENSIC_ASTROLOGICAL_DATA_v8_0.md,§4.1,0.2312,### §4.1 KP Cusp Mirror  | ID | Cusp | Degree | Sign | Star Lord | Sub Lord | Sub-Sub Lord | | --- | --- | --- | --- | --- | --- | --- | | `KP.CUSP.1` | 1 (Lagna) | 12°29′19″ | Aries | Ketu | Mercury ,fa29b75101946b29aec1ba2d356f92d3,01_FACTS_LAYER/FORENSIC_ASTROLOGICAL_DATA_v8_0.md,§4.3,0.3096,"### §4.3 KP House Significators  | ID | House | Significators (ranked) | KP Logic | | --- | --- | --- | --- | | `KP.SIG.1` | 1 (Self) | Mars, Ketu | Mars (Lord); Ketu (agent for Mars) | | `KP.SIG.2` |",d55e96f1cfb9c5963bd6241c6eb8947e,01_FACTS_LAYER/FORENSIC_ASTROLOGICAL_DATA_v8_0.md,§23.1,0.3109,#### Jupiter (`PLN.JUPITER`)  | Dimension | Value | | --- | --- | | D1 Sign / Degree | Sagittarius 09°48′28″ | | Nakshatra / Pada | Moola / 3 | | Abs Longitude | 249.81° | | Rashi House | 9 | | Chalit,1,
SIG.MSR.309,wealth,SATURN,KP — Cusp 12 (Loss/Investment) Sub-Lord Saturn: Investments and Hidden Expenditures Through Saturn's Channel,3d5d531480dc1331d01fb023d145eec5,01_FACTS_LAYER/FORENSIC_ASTROLOGICAL_DATA_v8_0.md,§4.1,0.2633,### §4.1 KP Cusp Mirror  | ID | Cusp | Degree | Sign | Star Lord | Sub Lord | Sub-Sub Lord | | --- | --- | --- | --- | --- | --- | --- | | `KP.CUSP.1` | 1 (Lagna) | 12°29′19″ | Aries | Ketu | Mercury ,fa29b75101946b29aec1ba2d356f92d3,01_FACTS_LAYER/FORENSIC_ASTROLOGICAL_DATA_v8_0.md,§4.3,0.2816,"### §4.3 KP House Significators  | ID | House | Significators (ranked) | KP Logic | | --- | --- | --- | --- | | `KP.SIG.1` | 1 (Self) | Mars, Ketu | Mars (Lord); Ketu (agent for Mars) | | `KP.SIG.2` |",3f5d6c0ad10212220298da0cd69580fe,01_FACTS_LAYER/FORENSIC_ASTROLOGICAL_DATA_v8_0.md,§4.2,0.3197,### §4.2 KP Planetary Positions  | ID | Planet | Degree | Star Lord | Sub Lord | Sub-Sub Lord | | --- | --- | --- | --- | --- | --- | | `KP.PLN.SUN` | Sun | 22°02′ | Moon | Venus | Saturn | | `KP.PLN.,1,
SIG.MSR.310,career,SATURN,KP — Saturn KP Sub-Lord = Saturn: Saturn Self-References Its Own Delivery,3f5d6c0ad10212220298da0cd69580fe,01_FACTS_LAYER/FORENSIC_ASTROLOGICAL_DATA_v8_0.md,§4.2,0.2550,### §4.2 KP Planetary Positions  | ID | Planet | Degree | Star Lord | Sub Lord | Sub-Sub Lord | | --- | --- | --- | --- | --- | --- | | `KP.PLN.SUN` | Sun | 22°02′ | Moon | Venus | Saturn | | `KP.PLN.,fa29b75101946b29aec1ba2d356f92d3,01_FACTS_LAYER/FORENSIC_ASTROLOGICAL_DATA_v8_0.md,§4.3,0.2853,"### §4.3 KP House Significators  | ID | House | Significators (ranked) | KP Logic | | --- | --- | --- | --- | | `KP.SIG.1` | 1 (Self) | Mars, Ketu | Mars (Lord); Ketu (agent for Mars) | | `KP.SIG.2` |",3d5d531480dc1331d01fb023d145eec5,01_FACTS_LAYER/FORENSIC_ASTROLOGICAL_DATA_v8_0.md,§4.1,0.3121,### §4.1 KP Cusp Mirror  | ID | Cusp | Degree | Sign | Star Lord | Sub Lord | Sub-Sub Lord | | --- | --- | --- | --- | --- | --- | --- | | `KP.CUSP.1` | 1 (Lagna) | 12°29′19″ | Aries | Ketu | Mercury ,1,
SIG.MSR.311,wealth,VENUS,KP — Venus KP Sub-Lord = Rahu: Venus-Delivered Fortune Channels Through Rahu's Ambition,3d5d531480dc1331d01fb023d145eec5,01_FACTS_LAYER/FORENSIC_ASTROLOGICAL_DATA_v8_0.md,§4.1,0.2484,### §4.1 KP Cusp Mirror  | ID | Cusp | Degree | Sign | Star Lord | Sub Lord | Sub-Sub Lord | | --- | --- | --- | --- | --- | --- | --- | | `KP.CUSP.1` | 1 (Lagna) | 12°29′19″ | Aries | Ketu | Mercury ,fa29b75101946b29aec1ba2d356f92d3,01_FACTS_LAYER/FORENSIC_ASTROLOGICAL_DATA_v8_0.md,§4.3,0.2510,"### §4.3 KP House Significators  | ID | House | Significators (ranked) | KP Logic | | --- | --- | --- | --- | | `KP.SIG.1` | 1 (Self) | Mars, Ketu | Mars (Lord); Ketu (agent for Mars) | | `KP.SIG.2` |",3f5d6c0ad10212220298da0cd69580fe,01_FACTS_LAYER/FORENSIC_ASTROLOGICAL_DATA_v8_0.md,§4.2,0.2702,### §4.2 KP Planetary Positions  | ID | Planet | Degree | Star Lord | Sub Lord | Sub-Sub Lord | | --- | --- | --- | --- | --- | --- | | `KP.PLN.SUN` | Sun | 22°02′ | Moon | Venus | Saturn | | `KP.PLN.,1,
SIG.MSR.312,career,MERCURY,KP — Mercury KP Sub-Lord = Rahu: Mercury's Operational Intelligence Flows Through Rahu's Innovation,3f5d6c0ad10212220298da0cd69580fe,01_FACTS_LAYER/FORENSIC_ASTROLOGICAL_DATA_v8_0.md,§4.2,0.2906,### §4.2 KP Planetary Positions  | ID | Planet | Degree | Star Lord | Sub Lord | Sub-Sub Lord | | --- | --- | --- | --- | --- | --- | | `KP.PLN.SUN` | Sun | 22°02′ | Moon | Venus | Saturn | | `KP.PLN.,fa29b75101946b29aec1ba2d356f92d3,01_FACTS_LAYER/FORENSIC_ASTROLOGICAL_DATA_v8_0.md,§4.3,0.2974,"### §4.3 KP House Significators  | ID | House | Significators (ranked) | KP Logic | | --- | --- | --- | --- | | `KP.SIG.1` | 1 (Self) | Mars, Ketu | Mars (Lord); Ketu (agent for Mars) | | `KP.SIG.2` |",3d5d531480dc1331d01fb023d145eec5,01_FACTS_LAYER/FORENSIC_ASTROLOGICAL_DATA_v8_0.md,§4.1,0.3250,### §4.1 KP Cusp Mirror  | ID | Cusp | Degree | Sign | Star Lord | Sub Lord | Sub-Sub Lord | | --- | --- | --- | --- | --- | --- | --- | | `KP.CUSP.1` | 1 (Lagna) | 12°29′19″ | Aries | Ketu | Mercury ,1,
SIG.MSR.313,career,MERCURY,KP — H10 (Career) Significators: ALL 9 Planets Except Jupiter and Moon — Career Touches Everything,fa29b75101946b29aec1ba2d356f92d3,01_FACTS_LAYER/FORENSIC_ASTROLOGICAL_DATA_v8_0.md,§4.3,0.2373,"### §4.3 KP House Significators  | ID | House | Significators (ranked) | KP Logic | | --- | --- | --- | --- | | `KP.SIG.1` | 1 (Self) | Mars, Ketu | Mars (Lord); Ketu (agent for Mars) | | `KP.SIG.2` |",3d5d531480dc1331d01fb023d145eec5,01_FACTS_LAYER/FORENSIC_ASTROLOGICAL_DATA_v8_0.md,§4.1,0.2585,### §4.1 KP Cusp Mirror  | ID | Cusp | Degree | Sign | Star Lord | Sub Lord | Sub-Sub Lord | | --- | --- | --- | --- | --- | --- | --- | | `KP.CUSP.1` | 1 (Lagna) | 12°29′19″ | Aries | Ketu | Mercury ,4325e2cd4edfb043c12c5da9e8220576,01_FACTS_LAYER/FORENSIC_ASTROLOGICAL_DATA_v8_0.md,§3.6,0.2650,### §3.6 D10 — Dashamsha (Career / Status)  | ID | Body | D10 Sign | D10 House | | --- | --- | --- | --- | | `D10.LAGNA` | D10 Lagna | Leo | 1 | | `D10.SUN` | Sun | Aries | 9 | | `D10.MOON` | Moon | S,1,
SIG.MSR.314,wealth,MOON,"KP — H11 (Gains) Significators: Sun, Rahu, Moon, Saturn — Moon AK is a Primary Gain-Significator",fa29b75101946b29aec1ba2d356f92d3,01_FACTS_LAYER/FORENSIC_ASTROLOGICAL_DATA_v8_0.md,§4.3,0.2199,"### §4.3 KP House Significators  | ID | House | Significators (ranked) | KP Logic | | --- | --- | --- | --- | | `KP.SIG.1` | 1 (Self) | Mars, Ketu | Mars (Lord); Ketu (agent for Mars) | | `KP.SIG.2` |",3d5d531480dc1331d01fb023d145eec5,01_FACTS_LAYER/FORENSIC_ASTROLOGICAL_DATA_v8_0.md,§4.1,0.2502,### §4.1 KP Cusp Mirror  | ID | Cusp | Degree | Sign | Star Lord | Sub Lord | Sub-Sub Lord | | --- | --- | --- | --- | --- | --- | --- | | `KP.CUSP.1` | 1 (Lagna) | 12°29′19″ | Aries | Ketu | Mercury ,3f5d6c0ad10212220298da0cd69580fe,01_FACTS_LAYER/FORENSIC_ASTROLOGICAL_DATA_v8_0.md,§4.2,0.2650,### §4.2 KP Planetary Positions  | ID | Planet | Degree | Star Lord | Sub Lord | Sub-Sub Lord | | --- | --- | --- | --- | --- | --- | | `KP.PLN.SUN` | Sun | 22°02′ | Moon | Venus | Saturn | | `KP.PLN.,1,
SIG.MSR.315,career,SATURN,"KP — Saturn as Multi-Cusp Sub-Lord: Governs Cusps 6, 7, 10, 12 — The Chart's KP Anchor Planet",3d5d531480dc1331d01fb023d145eec5,01_FACTS_LAYER/FORENSIC_ASTROLOGICAL_DATA_v8_0.md,§4.1,0.2050,### §4.1 KP Cusp Mirror  | ID | Cusp | Degree | Sign | Star Lord | Sub Lord | Sub-Sub Lord | | --- | --- | --- | --- | --- | --- | --- | | `KP.CUSP.1` | 1 (Lagna) | 12°29′19″ | Aries | Ketu | Mercury ,3f5d6c0ad10212220298da0cd69580fe,01_FACTS_LAYER/FORENSIC_ASTROLOGICAL_DATA_v8_0.md,§4.2,0.2393,### §4.2 KP Planetary Positions  | ID | Planet | Degree | Star Lord | Sub Lord | Sub-Sub Lord | | --- | --- | --- | --- | --- | --- | | `KP.PLN.SUN` | Sun | 22°02′ | Moon | Venus | Saturn | | `KP.PLN.,fa29b75101946b29aec1ba2d356f92d3,01_FACTS_LAYER/FORENSIC_ASTROLOGICAL_DATA_v8_0.md,§4.3,0.2476,"### §4.3 KP House Significators  | ID | House | Significators (ranked) | KP Logic | | --- | --- | --- | --- | | `KP.SIG.1` | 1 (Self) | Mars, Ketu | Mars (Lord); Ketu (agent for Mars) | | `KP.SIG.2` |",1,
SIG.MSR.316,spirit,SATURN,KP — H12 Significators: Saturn and Jupiter — Spiritual-Investment Duality,fa29b75101946b29aec1ba2d356f92d3,01_FACTS_LAYER/FORENSIC_ASTROLOGICAL_DATA_v8_0.md,§4.3,0.2638,"### §4.3 KP House Significators  | ID | House | Significators (ranked) | KP Logic | | --- | --- | --- | --- | | `KP.SIG.1` | 1 (Self) | Mars, Ketu | Mars (Lord); Ketu (agent for Mars) | | `KP.SIG.2` |",3d5d531480dc1331d01fb023d145eec5,01_FACTS_LAYER/FORENSIC_ASTROLOGICAL_DATA_v8_0.md,§4.1,0.2896,### §4.1 KP Cusp Mirror  | ID | Cusp | Degree | Sign | Star Lord | Sub Lord | Sub-Sub Lord | | --- | --- | --- | --- | --- | --- | --- | | `KP.CUSP.1` | 1 (Lagna) | 12°29′19″ | Aries | Ketu | Mercury ,,,,0.0000,,1,
SIG.MSR.317,spirit,MOON,Jaimini — Moon as Atmakaraka (AK): Soul-Significator in Own-Sign Saturn = Disciplined-Soul Architecture,,,,0.0000,,,,,0.0000,,,,,0.0000,,1,FORENSIC_ASTROLOGICAL_DATA_v8_0#§10.1
SIG.MSR.318,career,SATURN,Jaimini — Saturn as Amatya Karaka (AmK): Career-Minister-Significator = Exalted Planet,7e3eef559eb3ac6793930b6c5b5a8619,01_FACTS_LAYER/FORENSIC_ASTROLOGICAL_DATA_v8_0.md,§23.1,0.2532,#### Saturn (`PLN.SATURN`)  | Dimension | Value | | --- | --- | | D1 Sign / Degree | Libra 22°27′04″ | | Nakshatra / Pada | Vishakha / 1 | | Abs Longitude | 202.45° | | Rashi House | 7 | | Chalit Hous,f814c42a00af0a8b0daa03d01c8f95d4,01_FACTS_LAYER/FORENSIC_ASTROLOGICAL_DATA_v8_0.md,§10.1,0.2668,"### §10.1 Chara Karakas (Jaimini — 7-karaka system, primary)  <!-- 7-karaka system: Highest degree = Atmakaraka, lowest = Darakaraka. Nodes excluded. This is the MARSYS-JIS primary system. -->  | ID |",e234963a92f5ed814536db611815c882,01_FACTS_LAYER/FORENSIC_ASTROLOGICAL_DATA_v8_0.md,§9.1,0.2837,### §9.1 Jagratadi / Baladi / Deeptadi States  | ID | Planet | Role | Jagratadi | Baladi | Deeptadi | | --- | --- | --- | --- | --- | --- | | `AVS.MERCURY` | Mercury | Current Vimshottari MD Lord | Su,1,
SIG.MSR.319,relationships,MERCURY,Jaimini — Mercury as Darakaraka (DK): Spouse-Significator = Vargottama Yogi Planet,07746c57c9b49a44649d2584355e8c7d,01_FACTS_LAYER/FORENSIC_ASTROLOGICAL_DATA_v8_0.md,§26.5,0.2185,"### §26.5 Mercury Eight-System Convergence  <!-- [v8.0 architectural note — replaces ""Seven-System"" framing from MSR.413]:      Mercury accumulates 8 system-designations:      1. Current Vimshottari M",c0fff74c31aa2d277c40bb2800359e73,01_FACTS_LAYER/FORENSIC_ASTROLOGICAL_DATA_v8_0.md,§23.1,0.2281,#### Mercury (`PLN.MERCURY`)  | Dimension | Value | | --- | --- | | D1 Sign / Degree | Capricorn 00°50′11″ | | Nakshatra / Pada | Uttara Ashadha / 2 | | Abs Longitude | 270.84° | | Rashi House | 10 | ,e234963a92f5ed814536db611815c882,01_FACTS_LAYER/FORENSIC_ASTROLOGICAL_DATA_v8_0.md,§9.1,0.2718,### §9.1 Jagratadi / Baladi / Deeptadi States  | ID | Planet | Role | Jagratadi | Baladi | Deeptadi | | --- | --- | --- | --- | --- | --- | | `AVS.MERCURY` | Mercury | Current Vimshottari MD Lord | Su,1,
SIG.MSR.320,children,MARS,Jaimini — Mars as Putrakaraka (PK): Children-Significator = Avayogi Lagnesh in 7H,71433979eee9932c2f958170a8b576e6,01_FACTS_LAYER/FORENSIC_ASTROLOGICAL_DATA_v8_0.md,§23.1,0.2348,#### Mars (`PLN.MARS`)  | Dimension | Value | | --- | --- | | D1 Sign / Degree | Libra 18°31′38″ | | Nakshatra / Pada | Swati / 4 | | Abs Longitude | 198.53° | | Rashi House | 7 | | Chalit House | 7 |,5a81f6bd5851415f2f2b3a725aefe120,01_FACTS_LAYER/FORENSIC_ASTROLOGICAL_DATA_v8_0.md,§3.4,0.2567,### §3.4 D7 — Saptamsa (Progeny)  | ID | House | Sign | Planets | | --- | --- | --- | --- | | `D7.LAGNA` | 1 | Cancer | Mercury | | `D7.2` | 2 | Leo | Moon | | `D7.3` | 3 | Virgo | Ketu | | `D7.4` | 4,e234963a92f5ed814536db611815c882,01_FACTS_LAYER/FORENSIC_ASTROLOGICAL_DATA_v8_0.md,§9.1,0.2600,### §9.1 Jagratadi / Baladi / Deeptadi States  | ID | Planet | Role | Jagratadi | Baladi | Deeptadi | | --- | --- | --- | --- | --- | --- | | `AVS.MERCURY` | Mercury | Current Vimshottari MD Lord | Su,1,
SIG.MSR.321,spirit,JUPITER,Jaimini — Jupiter as Gnatri Karaka (GK): Relatives/Community Significator = Own-Sign 9H,d55e96f1cfb9c5963bd6241c6eb8947e,01_FACTS_LAYER/FORENSIC_ASTROLOGICAL_DATA_v8_0.md,§23.1,0.2308,#### Jupiter (`PLN.JUPITER`)  | Dimension | Value | | --- | --- | | D1 Sign / Degree | Sagittarius 09°48′28″ | | Nakshatra / Pada | Moola / 3 | | Abs Longitude | 249.81° | | Rashi House | 9 | | Chalit,f814c42a00af0a8b0daa03d01c8f95d4,01_FACTS_LAYER/FORENSIC_ASTROLOGICAL_DATA_v8_0.md,§10.1,0.2574,"### §10.1 Chara Karakas (Jaimini — 7-karaka system, primary)  <!-- 7-karaka system: Highest degree = Atmakaraka, lowest = Darakaraka. Nodes excluded. This is the MARSYS-JIS primary system. -->  | ID |",,,,0.0000,,1,
SIG.MSR.322,career,SUN,Jaimini — Arudha Lagna (AL) in Capricorn 10H: Public-Image in Career House (Sun+Mercury),c0637d9f80ab91857b96b67496430b84,01_FACTS_LAYER/FORENSIC_ASTROLOGICAL_DATA_v8_0.md,§13.1,0.2223,### §13.1 Arudha Placements  | ID | Arudha | Computed Sign | Computed House (from D1 Lagna) | D1 Tenants | Derivation | | --- | --- | --- | --- | --- | --- | | `ARD.AL` | Arudha Lagna (AL) | Capricorn,8b5a5b9dd136a1aceed2031e6d71d8a0,01_FACTS_LAYER/FORENSIC_ASTROLOGICAL_DATA_v8_0.md,§13.2,0.2329,"### §13.2 Arudha Sign Occupancy  | ID | Sign | House (from D1 Lagna) | Markers / Planets Present | | --- | --- | --- | --- | | `ARO.ARIES` | Aries | 1 | A10 | | `ARO.TAURUS` | Taurus | 2 | A6, Rahu | ",4325e2cd4edfb043c12c5da9e8220576,01_FACTS_LAYER/FORENSIC_ASTROLOGICAL_DATA_v8_0.md,§3.6,0.2361,### §3.6 D10 — Dashamsha (Career / Status)  | ID | Body | D10 Sign | D10 House | | --- | --- | --- | --- | | `D10.LAGNA` | D10 Lagna | Leo | 1 | | `D10.SUN` | Sun | Aries | 9 | | `D10.MOON` | Moon | S,1,
SIG.MSR.323,relationships,MERCURY,Jaimini — Upapada Lagna (UL) in Gemini 3H: Spouse-Image in Communication House,,,,0.0000,,,,,0.0000,,,,,0.0000,,1,FORENSIC_ASTROLOGICAL_DATA_v8_0#§10.1
SIG.MSR.324,relationships,MOON,Jaimini — A7 (Partner Arudha) in Aquarius 11H (Moon AK's House): Partners Connect at Soul Level,,,,0.0000,,,,,0.0000,,,,,0.0000,,1,FORENSIC_ASTROLOGICAL_DATA_v8_0#§10.1
SIG.MSR.325,wealth,RAHU,Jaimini — A6 (Enemy Arudha) in Taurus 2H (With Rahu): Enemies Enter Through Wealth-Gate,c0637d9f80ab91857b96b67496430b84,01_FACTS_LAYER/FORENSIC_ASTROLOGICAL_DATA_v8_0.md,§13.1,0.2816,### §13.1 Arudha Placements  | ID | Arudha | Computed Sign | Computed House (from D1 Lagna) | D1 Tenants | Derivation | | --- | --- | --- | --- | --- | --- | | `ARD.AL` | Arudha Lagna (AL) | Capricorn,,,,0.0000,,,,,0.0000,,1,
SIG.MSR.326,spirit,MOON,Jaimini — Karakamsa in Gemini (D9): Mercury-Ruled Karma; Sri Krishna / Vishnu as Palana Devata,3405d217ce6048546cb0cce72af4e24e,01_FACTS_LAYER/FORENSIC_ASTROLOGICAL_DATA_v8_0.md,§20.1,0.2120,"### §20.1 Deity Triad (Jaimini Derivation)  <!-- Atmakaraka = Moon (highest D1 longitude 27°02′). In D9, Moon is in Gemini. From Gemini: 12th = Taurus (Venus); 9th = Aquarius (Saturn); 1st = Gemini (M",835bf9f897fc9d3a5af3927297d8c363,01_FACTS_LAYER/FORENSIC_ASTROLOGICAL_DATA_v8_0.md,§26.2,0.2431,### §26.2 D-9 Navamsa Yogas  | ID | Yoga | Type | Key Configuration | Note | | --- | --- | --- | --- | --- | | `YGA.D9.GAJAKESARI` | Gaja-Kesari Yoga (D9) | Famous / virtuous | Jupiter and Moon both i,c0fff74c31aa2d277c40bb2800359e73,01_FACTS_LAYER/FORENSIC_ASTROLOGICAL_DATA_v8_0.md,§23.1,0.2688,#### Mercury (`PLN.MERCURY`)  | Dimension | Value | | --- | --- | | D1 Sign / Degree | Capricorn 00°50′11″ | | Nakshatra / Pada | Uttara Ashadha / 2 | | Abs Longitude | 270.84° | | Rashi House | 10 | ,1,
SIG.MSR.327,career,RAHU,Jaimini — Rahu Quadruple Jaimini Aspect (SIG.16): Taurus Fixed → Cancer+Libra+Capricorn = 4 Planets,ed89fc38cf873b3a402dfe9deddffad0,01_FACTS_LAYER/FORENSIC_ASTROLOGICAL_DATA_v8_0.md,§3.3,0.2520,### §3.3 D4 — Chaturthamsa (Home / Property)  | ID | House | Sign | Planets | | --- | --- | --- | --- | | `D4.LAGNA` | 1 | Cancer | Sun | | `D4.2` | 2 | Leo | (none) | | `D4.3` | 3 | Virgo | (none) | ,d753256999e50191d907d328f21e0484,01_FACTS_LAYER/FORENSIC_ASTROLOGICAL_DATA_v8_0.md,§23.2,0.2558,### §23.2 House-Centric Matrix  <!-- v8.0 update: Special lagna and saham placements corrected per §12.1 and §12.2 -->  | House | Sign | Lord | Rashi Occupants | SAV (FORENSIC) | Bhavabala Rupas / Ran,3f8a340ab244698b10ed31026eb9c620,01_FACTS_LAYER/FORENSIC_ASTROLOGICAL_DATA_v8_0.md,§16.1,0.2593,### §16.1 Classical Vedic Aspects (Graha Drishti)  | ID | Planet | From Sign | Aspect Rays | | --- | --- | --- | --- | | `ASP.G.SUN` | Sun | Capricorn | 7th on Cancer | | `ASP.G.MOON` | Moon | Aquariu,1,
SIG.MSR.328,spirit,RAHU,Jaimini — Fixed-Sign Yoga: 3 of 4 Fixed Signs Occupied (Taurus+Leo+Scorpio+Aquarius Configuration),8b5a5b9dd136a1aceed2031e6d71d8a0,01_FACTS_LAYER/FORENSIC_ASTROLOGICAL_DATA_v8_0.md,§13.2,0.2888,"### §13.2 Arudha Sign Occupancy  | ID | Sign | House (from D1 Lagna) | Markers / Planets Present | | --- | --- | --- | --- | | `ARO.ARIES` | Aries | 1 | A10 | | `ARO.TAURUS` | Taurus | 2 | A6, Rahu | ",ddbb78084ecf5d3b60ca381b1ea525ec,01_FACTS_LAYER/FORENSIC_ASTROLOGICAL_DATA_v8_0.md,§2.2,0.2977,### §2.2 D1 Sign Occupancy (Bhava View)  | ID | House | Sign | Planets | | --- | --- | --- | --- | | `HSE.1` | 1 | Aries | (none) | | `HSE.2` | 2 | Taurus | Rahu | | `HSE.3` | 3 | Gemini | (none) | | ,c3ef8adb38221bde14ca44c66554d733,01_FACTS_LAYER/FORENSIC_ASTROLOGICAL_DATA_v8_0.md,§3.9,0.3030,"### §3.9 D20 — Vimsamsa (Spiritual Sadhana)  | ID | Sign | Planets | | --- | --- | --- | | `D20.SCORPIO` | Scorpio | Ascendant (D20 Lagna), Jupiter | | `D20.SAGITTARIUS` | Sagittarius | Saturn | | `D2",1,
SIG.MSR.329,career,RAHU,Jaimini — Argala from 2H: Rahu Argala on Lagna-System,23317c94228b8e00d05367f23c3e6c89,01_FACTS_LAYER/FORENSIC_ASTROLOGICAL_DATA_v8_0.md,§12.1,0.2685,"### §12.1 Special Lagnas — v8.0 Corrected (JH Authoritative)  <!-- [v8.0 CRITICAL CORRECTION]: v6.0 §12.1 contained computational errors in four of six special lagnas.      Hora Lagna, Ghati Lagna, Va",c0637d9f80ab91857b96b67496430b84,01_FACTS_LAYER/FORENSIC_ASTROLOGICAL_DATA_v8_0.md,§13.1,0.2802,### §13.1 Arudha Placements  | ID | Arudha | Computed Sign | Computed House (from D1 Lagna) | D1 Tenants | Derivation | | --- | --- | --- | --- | --- | --- | | `ARD.AL` | Arudha Lagna (AL) | Capricorn,,,,0.0000,,1,
SIG.MSR.330,relationships,MOON,Jaimini — AK-DK Connection (Moon-Mercury): Soul and Spouse Linked = Spouse as Soul-Mirror,,,,0.0000,,,,,0.0000,,,,,0.0000,,1,FORENSIC_ASTROLOGICAL_DATA_v8_0#§10.1
SIG.MSR.331,spirit,KETU,Jaimini — Ketu in Scorpio (Fixed) Rashi Drishti: Aspects Aries+Cancer+Libra = Lagna+4H+7H Trikona of Fixed-Axis,9babdccd7813a9a1442f2166bd10f356,01_FACTS_LAYER/FORENSIC_ASTROLOGICAL_DATA_v8_0.md,§3.2,0.2460,"### §3.2 D3 — Drekkana (Decanate)  | ID | House | Sign | Planets | | --- | --- | --- | --- | | `D3.LAGNA` | 1 | Leo | Venus | | `D3.2` | 2 | Virgo | Sun, Rahu | | `D3.3` | 3 | Libra | (none) | | `D3.4",3f8a340ab244698b10ed31026eb9c620,01_FACTS_LAYER/FORENSIC_ASTROLOGICAL_DATA_v8_0.md,§16.1,0.2491,### §16.1 Classical Vedic Aspects (Graha Drishti)  | ID | Planet | From Sign | Aspect Rays | | --- | --- | --- | --- | | `ASP.G.SUN` | Sun | Capricorn | 7th on Cancer | | `ASP.G.MOON` | Moon | Aquariu,640b9a557bd93e286fddce8c9aba7dcb,01_FACTS_LAYER/FORENSIC_ASTROLOGICAL_DATA_v8_0.md,§3.11,0.2556,### §3.11 D30 — Trimsamsa (Misfortune / Evils)  | ID | House | Sign | Planets | | --- | --- | --- | --- | | `D30.LAGNA` | 1 | Capricorn | Sun | | `D30.2` | 2 | Aquarius | Jupiter | | `D30.3` | 3 | Pis,1,
SIG.MSR.332,spirit,MOON,Jaimini — Moon in Aquarius (Fixed) Rashi Drishti: AK Aspects Aries+Cancer+Capricorn = Lagna+4H+10H Activation,c931151d617e1758464fb08133424f5f,01_FACTS_LAYER/FORENSIC_ASTROLOGICAL_DATA_v8_0.md,§23.1,0.2679,#### Moon (`PLN.MOON`)  | Dimension | Value | | --- | --- | | D1 Sign / Degree | Aquarius 27°02′48″ | | Nakshatra / Pada | Purva Bhadrapada / 3 | | Abs Longitude | 327.05° | | Rashi House | 11 | | Cha,,,,0.0000,,,,,0.0000,,1,
SIG.MSR.333,spirit,JUPITER,Jaimini — Jupiter+Venus in Sagittarius (Dual) Rashi Drishti: 9H Aspects Fixed Signs = Taurus+Leo+Scorpio+Aquarius,d55e96f1cfb9c5963bd6241c6eb8947e,01_FACTS_LAYER/FORENSIC_ASTROLOGICAL_DATA_v8_0.md,§23.1,0.2275,#### Jupiter (`PLN.JUPITER`)  | Dimension | Value | | --- | --- | | D1 Sign / Degree | Sagittarius 09°48′28″ | | Nakshatra / Pada | Moola / 3 | | Abs Longitude | 249.81° | | Rashi House | 9 | | Chalit,d753256999e50191d907d328f21e0484,01_FACTS_LAYER/FORENSIC_ASTROLOGICAL_DATA_v8_0.md,§23.2,0.2541,### §23.2 House-Centric Matrix  <!-- v8.0 update: Special lagna and saham placements corrected per §12.1 and §12.2 -->  | House | Sign | Lord | Rashi Occupants | SAV (FORENSIC) | Bhavabala Rupas / Ran,c3ef8adb38221bde14ca44c66554d733,01_FACTS_LAYER/FORENSIC_ASTROLOGICAL_DATA_v8_0.md,§3.9,0.2560,"### §3.9 D20 — Vimsamsa (Spiritual Sadhana)  | ID | Sign | Planets | | --- | --- | --- | | `D20.SCORPIO` | Scorpio | Ascendant (D20 Lagna), Jupiter | | `D20.SAGITTARIUS` | Sagittarius | Saturn | | `D2",1,
SIG.MSR.334,relationships,MERCURY,Jaimini — Mercury in Capricorn (Movable) Rashi Drishti: DK+Vargottama Aspects Dual Signs = Gemini+Virgo+Sagittarius+Pisc,c0fff74c31aa2d277c40bb2800359e73,01_FACTS_LAYER/FORENSIC_ASTROLOGICAL_DATA_v8_0.md,§23.1,0.2112,#### Mercury (`PLN.MERCURY`)  | Dimension | Value | | --- | --- | | D1 Sign / Degree | Capricorn 00°50′11″ | | Nakshatra / Pada | Uttara Ashadha / 2 | | Abs Longitude | 270.84° | | Rashi House | 10 | ,c3ef8adb38221bde14ca44c66554d733,01_FACTS_LAYER/FORENSIC_ASTROLOGICAL_DATA_v8_0.md,§3.9,0.2528,"### §3.9 D20 — Vimsamsa (Spiritual Sadhana)  | ID | Sign | Planets | | --- | --- | --- | | `D20.SCORPIO` | Scorpio | Ascendant (D20 Lagna), Jupiter | | `D20.SAGITTARIUS` | Sagittarius | Saturn | | `D2",3f8a340ab244698b10ed31026eb9c620,01_FACTS_LAYER/FORENSIC_ASTROLOGICAL_DATA_v8_0.md,§16.1,0.2542,### §16.1 Classical Vedic Aspects (Graha Drishti)  | ID | Planet | From Sign | Aspect Rays | | --- | --- | --- | --- | | `ASP.G.SUN` | Sun | Capricorn | 7th on Cancer | | `ASP.G.MOON` | Moon | Aquariu,1,
SIG.MSR.335,career,SATURN,Jaimini — Saturn in Libra (Movable) Rashi Drishti: AmK Aspects Dual Signs = Gemini+Virgo+Sagittarius+Pisces,7e3eef559eb3ac6793930b6c5b5a8619,01_FACTS_LAYER/FORENSIC_ASTROLOGICAL_DATA_v8_0.md,§23.1,0.2302,#### Saturn (`PLN.SATURN`)  | Dimension | Value | | --- | --- | | D1 Sign / Degree | Libra 22°27′04″ | | Nakshatra / Pada | Vishakha / 1 | | Abs Longitude | 202.45° | | Rashi House | 7 | | Chalit Hous,3f8a340ab244698b10ed31026eb9c620,01_FACTS_LAYER/FORENSIC_ASTROLOGICAL_DATA_v8_0.md,§16.1,0.2447,### §16.1 Classical Vedic Aspects (Graha Drishti)  | ID | Planet | From Sign | Aspect Rays | | --- | --- | --- | --- | | `ASP.G.SUN` | Sun | Capricorn | 7th on Cancer | | `ASP.G.MOON` | Moon | Aquariu,d753256999e50191d907d328f21e0484,01_FACTS_LAYER/FORENSIC_ASTROLOGICAL_DATA_v8_0.md,§23.2,0.2588,### §23.2 House-Centric Matrix  <!-- v8.0 update: Special lagna and saham placements corrected per §12.1 and §12.2 -->  | House | Sign | Lord | Rashi Occupants | SAV (FORENSIC) | Bhavabala Rupas / Ran,1,
SIG.MSR.336,relationships,MOON,Jaimini — A7 (Darapada) = Aquarius 11H = Exactly with Moon AK: Soul and Spouse-Image Fused,f814c42a00af0a8b0daa03d01c8f95d4,01_FACTS_LAYER/FORENSIC_ASTROLOGICAL_DATA_v8_0.md,§10.1,0.2623,"### §10.1 Chara Karakas (Jaimini — 7-karaka system, primary)  <!-- 7-karaka system: Highest degree = Atmakaraka, lowest = Darakaraka. Nodes excluded. This is the MARSYS-JIS primary system. -->  | ID |",,,,0.0000,,,,,0.0000,,1,
SIG.MSR.337,wealth,RAHU,Jaimini — A6 (Shatrupada) = Taurus 2H = Exactly with Rahu: Enemies from Wealth/Foreign Domain,640b9a557bd93e286fddce8c9aba7dcb,01_FACTS_LAYER/FORENSIC_ASTROLOGICAL_DATA_v8_0.md,§3.11,0.2895,### §3.11 D30 — Trimsamsa (Misfortune / Evils)  | ID | House | Sign | Planets | | --- | --- | --- | --- | | `D30.LAGNA` | 1 | Capricorn | Sun | | `D30.2` | 2 | Aquarius | Jupiter | | `D30.3` | 3 | Pis,c0637d9f80ab91857b96b67496430b84,01_FACTS_LAYER/FORENSIC_ASTROLOGICAL_DATA_v8_0.md,§13.1,0.2918,### §13.1 Arudha Placements  | ID | Arudha | Computed Sign | Computed House (from D1 Lagna) | D1 Tenants | Derivation | | --- | --- | --- | --- | --- | --- | | `ARD.AL` | Arudha Lagna (AL) | Capricorn,,,,0.0000,,1,
SIG.MSR.338,relationships,MERCURY,Jaimini — UL (Upapada Lagna) = Gemini 3H: Spouse from Communication/Sibling-Domain; Mercury-Ruled Marriage,87de269383a422992aa8ff7e169e3e28,01_FACTS_LAYER/FORENSIC_ASTROLOGICAL_DATA_v8_0.md,§11.1,0.2654,### §11.1 Upagrahas  | ID | Upagraha | Type | Sign | Degree | Nakshatra | | --- | --- | --- | --- | --- | --- | | `UPG.GULIKA` | Gulika | Time-based | Gemini | 13°57′ | Ardra | | `UPG.MANDI` | Mandi |,,,,0.0000,,,,,0.0000,,1,
SIG.MSR.339,career,SUN,Jaimini — AL (Arudha Lagna) = Capricorn 10H: Public Image IS Career — Identity and Reputation Fused,4325e2cd4edfb043c12c5da9e8220576,01_FACTS_LAYER/FORENSIC_ASTROLOGICAL_DATA_v8_0.md,§3.6,0.2648,### §3.6 D10 — Dashamsha (Career / Status)  | ID | Body | D10 Sign | D10 House | | --- | --- | --- | --- | | `D10.LAGNA` | D10 Lagna | Leo | 1 | | `D10.SUN` | Sun | Aries | 9 | | `D10.MOON` | Moon | S,,,,0.0000,,,,,0.0000,,1,
SIG.MSR.340,career,MOON,Jaimini — AK (Moon 11H) + AmK (Saturn 7H) Rajayoga: Soul-Force and Career-Force in Kendra = Classical Rajayoga,8b9070e97dbaf3363145b7d172d26790,01_FACTS_LAYER/FORENSIC_ASTROLOGICAL_DATA_v8_0.md,§26.1,0.2473,### §26.1 D-1 Rashi Yogas  | ID | Yoga | Type | Key Planets / Houses | Note | | --- | --- | --- | --- | --- | | `YGA.D1.KALPADRUMA` | Kalpadruma / Parijata Yoga | Major royal yoga | Atmakaraka Moon; d,835bf9f897fc9d3a5af3927297d8c363,01_FACTS_LAYER/FORENSIC_ASTROLOGICAL_DATA_v8_0.md,§26.2,0.2616,### §26.2 D-9 Navamsa Yogas  | ID | Yoga | Type | Key Configuration | Note | | --- | --- | --- | --- | --- | | `YGA.D9.GAJAKESARI` | Gaja-Kesari Yoga (D9) | Famous / virtuous | Jupiter and Moon both i,,,,0.0000,,1,
SIG.MSR.341,career,JUPITER,Jaimini — GK Jupiter in Own Sign (Sagittarius 9H): Gnati Karaka at Maximum Strength = Litigation/Competitor Challenges O,835bf9f897fc9d3a5af3927297d8c363,01_FACTS_LAYER/FORENSIC_ASTROLOGICAL_DATA_v8_0.md,§26.2,0.2807,### §26.2 D-9 Navamsa Yogas  | ID | Yoga | Type | Key Configuration | Note | | --- | --- | --- | --- | --- | | `YGA.D9.GAJAKESARI` | Gaja-Kesari Yoga (D9) | Famous / virtuous | Jupiter and Moon both i,d55e96f1cfb9c5963bd6241c6eb8947e,01_FACTS_LAYER/FORENSIC_ASTROLOGICAL_DATA_v8_0.md,§23.1,0.2827,#### Jupiter (`PLN.JUPITER`)  | Dimension | Value | | --- | --- | | D1 Sign / Degree | Sagittarius 09°48′28″ | | Nakshatra / Pada | Moola / 3 | | Abs Longitude | 249.81° | | Rashi House | 9 | | Chalit,8b9070e97dbaf3363145b7d172d26790,01_FACTS_LAYER/FORENSIC_ASTROLOGICAL_DATA_v8_0.md,§26.1,0.2974,### §26.1 D-1 Rashi Yogas  | ID | Yoga | Type | Key Planets / Houses | Note | | --- | --- | --- | --- | --- | | `YGA.D1.KALPADRUMA` | Kalpadruma / Parijata Yoga | Major royal yoga | Atmakaraka Moon; d,1,
SIG.MSR.342,spirit,VENUS,Jaimini — MK Venus in Sagittarius 9H with Jupiter: Matri Karaka with GK = Mother-Archetype and Challenge-Domain Fused in,,,,0.0000,,,,,0.0000,,,,,0.0000,,1,FORENSIC_ASTROLOGICAL_DATA_v8_0#§10.1
SIG.MSR.343,children,MARS,Jaimini — PK Mars in Libra 7H: Putra Karaka in Relationship House = Children-Domain Colored by Saturn's Conjunction,e42fda404049f3f3c7c42eadd60d78a2,01_FACTS_LAYER/FORENSIC_ASTROLOGICAL_DATA_v8_0.md,§10.3,0.2491,"### §10.3 Chara Karaka — 8-Karaka System Note (JH, GAP.13)  <!-- [v8.0 addition per SUPPLEMENT §1.7]:      JH uses the 8-karaka system (includes Rahu as Pitrukaraka). Under this system:      - Rahu (d",f814c42a00af0a8b0daa03d01c8f95d4,01_FACTS_LAYER/FORENSIC_ASTROLOGICAL_DATA_v8_0.md,§10.1,0.2549,"### §10.1 Chara Karakas (Jaimini — 7-karaka system, primary)  <!-- 7-karaka system: Highest degree = Atmakaraka, lowest = Darakaraka. Nodes excluded. This is the MARSYS-JIS primary system. -->  | ID |",71433979eee9932c2f958170a8b576e6,01_FACTS_LAYER/FORENSIC_ASTROLOGICAL_DATA_v8_0.md,§23.1,0.2604,#### Mars (`PLN.MARS`)  | Dimension | Value | | --- | --- | | D1 Sign / Degree | Libra 18°31′38″ | | Nakshatra / Pada | Swati / 4 | | Abs Longitude | 198.53° | | Rashi House | 7 | | Chalit House | 7 |,1,
SIG.MSR.344,career,SUN,Jaimini — BK Sun in Capricorn 10H: Bhratri Karaka in Career House = Siblings-Domain Fused with Professional Life,aca29b898fb6de4c81e3af2e4b6934a2,01_FACTS_LAYER/FORENSIC_ASTROLOGICAL_DATA_v8_0.md,§23.1,0.2629,#### Sun (`PLN.SUN`)  | Dimension | Value | | --- | --- | | D1 Sign / Degree | Capricorn 21°57′35″ | | Nakshatra / Pada | Shravana / 4 | | Abs Longitude | 291.96° | | Rashi House | 10 | | Chalit House,4325e2cd4edfb043c12c5da9e8220576,01_FACTS_LAYER/FORENSIC_ASTROLOGICAL_DATA_v8_0.md,§3.6,0.2658,### §3.6 D10 — Dashamsha (Career / Status)  | ID | Body | D10 Sign | D10 House | | --- | --- | --- | --- | | `D10.LAGNA` | D10 Lagna | Leo | 1 | | `D10.SUN` | Sun | Aries | 9 | | `D10.MOON` | Moon | S,c239d15a3b43ab047f854997c9f7d0cf,01_FACTS_LAYER/FORENSIC_ASTROLOGICAL_DATA_v8_0.md,§17,0.2809,## §17 — CHALIT KINETIC SHIFTS (DERIVED)  | ID | Planet | Rashi House | Chalit House | Shift | | --- | --- | --- | --- | --- | | `CKS.SUN` | Sun | 10 | 11 | +1 (Career → Gains) | | `CKS.MOON` | Moon |,1,
SIG.MSR.345,spirit,KETU,Jaimini — Chara Dasha Current Period: Scorpio MD (2025-2026 approx.) = Ketu-8H Period = Moksha-Release-Transformation Wi,556af0f28b8358c33e05b50960c0e160,01_FACTS_LAYER/FORENSIC_ASTROLOGICAL_DATA_v8_0.md,§23.3,0.2052,### §23.3 Date-Centric Matrix — 2026-01 through 2028-02  | Period | Vimshottari MD – AD | Yogini Dasha | Jaimini Chara MD – AD | Sade Sati | Varshphal Year | | --- | --- | --- | --- | --- | --- | | 20,1db45aa5c26ea766ea67e4fbb98ca3b4,01_FACTS_LAYER/FORENSIC_ASTROLOGICAL_DATA_v8_0.md,§5.3,0.2190,### §5.3 Jaimini Chara Dasha (K.N. Rao Padakrama)  | ID | MD Sign | AD Sign | Start | End | | --- | --- | --- | --- | --- | | `DSH.C.001` | Aries | Taurus | 1984-02-05 | 1984-08-05 | | `DSH.C.002` | A,83f3701c6e860c99993463a73f1a59a4,01_FACTS_LAYER/FORENSIC_ASTROLOGICAL_DATA_v8_0.md,§1.2,0.2458,### §1.2 Core Mirror  | ID | Field | Value | | --- | --- | --- | | `MET.LAGNA.SIGN` | Lagna Sign | Aries | | `MET.LAGNA.DEG` | Lagna Degree | 12°23′55″ | | `MET.LAGNA.NAK` | Lagna Nakshatra | Ashwini ,1,
SIG.MSR.346,career,MOON,Jaimini — Moon-AK Argala on 10H (from 11H): Soul-Force Intervenes in Career = Career Receives Soul-Blessing,,,,0.0000,,,,,0.0000,,,,,0.0000,,1,FORENSIC_ASTROLOGICAL_DATA_v8_0#§10.1
SIG.MSR.347,spirit,JUPITER,Jaimini — Jupiter+Venus (9H) Argala on 6H (Virodha of 7H Argala): Dharmic Benefics Counter-Balance the 7H Malefic Concen,29c4d7abe730efc5adb799a1258e6cd1,01_FACTS_LAYER/FORENSIC_ASTROLOGICAL_DATA_v8_0.md,§6.7,0.2792,### §6.7 Ishta / Kashta Phala — JH Engine (NEW in v8.0)  <!-- Source: JHORA_TRANSCRIPTION_v8_0_SOURCE.md §3. Ishta = benefic output; Kashta = malefic output. -->  | ID | Planet | Ishta Phala | Kashta ,,,,0.0000,,,,,0.0000,,1,
SIG.MSR.348,career,MERCURY,Jaimini — Navamsha Karakamsa Integration: Mercury Vargottama in D9 Capricorn + Karakamsa Gemini = Mercury-Twin Confirmat,07746c57c9b49a44649d2584355e8c7d,01_FACTS_LAYER/FORENSIC_ASTROLOGICAL_DATA_v8_0.md,§26.5,0.2460,"### §26.5 Mercury Eight-System Convergence  <!-- [v8.0 architectural note — replaces ""Seven-System"" framing from MSR.413]:      Mercury accumulates 8 system-designations:      1. Current Vimshottari M",c0fff74c31aa2d277c40bb2800359e73,01_FACTS_LAYER/FORENSIC_ASTROLOGICAL_DATA_v8_0.md,§23.1,0.2491,#### Mercury (`PLN.MERCURY`)  | Dimension | Value | | --- | --- | | D1 Sign / Degree | Capricorn 00°50′11″ | | Nakshatra / Pada | Uttara Ashadha / 2 | | Abs Longitude | 270.84° | | Rashi House | 10 | ,f43cc9d59dd83a0cd7c68742053d0985,01_FACTS_LAYER/FORENSIC_ASTROLOGICAL_DATA_v8_0.md,§3.5,0.2628,### §3.5 D9 — Navamsa (Dharma / Spouse / General Strength)  | ID | Body | D9 Sign | D1 Sign | Vargottama | | --- | --- | --- | --- | --- | | `D9.LAGNA` | D9 Lagna | Cancer | Aries (D1 Lagna) | NO | | ,1,
SIG.MSR.349,career,RAHU,Jaimini — Rashi Drishti Convergence on Capricorn 10H: Receives Jaimini Aspects from Aries+Cancer+Libra (All Movable Sign,,,,0.0000,,,,,0.0000,,,,,0.0000,,1,FORENSIC_ASTROLOGICAL_DATA_v8_0#§10.1
SIG.MSR.350,career,MOON,Jaimini — Chart-Level Integration: The Chart's Jaimini Architecture = Three Interlocking Rajayoga Mechanisms,,,,0.0000,,,,,0.0000,,,,,0.0000,,1,FORENSIC_ASTROLOGICAL_DATA_v8_0#§10.1
SIG.MSR.351,mind,MOON,Panchang — Birth Tithi: Shukla Chaturdashi (14th bright fortnight) = Moon near Full = Maximum Lunar Power at Birth,c931151d617e1758464fb08133424f5f,01_FACTS_LAYER/FORENSIC_ASTROLOGICAL_DATA_v8_0.md,§23.1,0.2931,#### Moon (`PLN.MOON`)  | Dimension | Value | | --- | --- | | D1 Sign / Degree | Aquarius 27°02′48″ | | Nakshatra / Pada | Purva Bhadrapada / 3 | | Abs Longitude | 327.05° | | Rashi House | 11 | | Cha,aca29b898fb6de4c81e3af2e4b6934a2,01_FACTS_LAYER/FORENSIC_ASTROLOGICAL_DATA_v8_0.md,§23.1,0.3147,#### Sun (`PLN.SUN`)  | Dimension | Value | | --- | --- | | D1 Sign / Degree | Capricorn 21°57′35″ | | Nakshatra / Pada | Shravana / 4 | | Abs Longitude | 291.96° | | Rashi House | 10 | | Chalit House,fcf469e1354fc3204e32f0d80dc1d1a2,01_FACTS_LAYER/FORENSIC_ASTROLOGICAL_DATA_v8_0.md,§2.1,0.3162,### §2.1 D1 Planet Positions  | ID | Planet | Sign | Degree | Nakshatra | Pada | Abs Long (°) | Rashi House | Chalit House | | --- | --- | --- | --- | --- | --- | --- | --- | --- | | `PLN.SUN` | Sun |,1,
SIG.MSR.352,career,SUN,"Panchang — Birth Vara: Sunday (Ravivar) = Sun-Day Birth = Authority, Sovereignty, Father-Karma, and Solar Destiny",175647a60dbd4740867395336cab8e09,01_FACTS_LAYER/FORENSIC_ASTROLOGICAL_DATA_v8_0.md,§15.1,0.2471,### §15.1 Panchang at Birth — v8.0 Updated  <!-- [v8.0 UPDATE]: Yoga = Shiva confirmed in both v6.0 and JH. JH additionally identifies Mercury as Yoga Lord (57.13% of Yoga remaining at birth). This is,aca29b898fb6de4c81e3af2e4b6934a2,01_FACTS_LAYER/FORENSIC_ASTROLOGICAL_DATA_v8_0.md,§23.1,0.2851,#### Sun (`PLN.SUN`)  | Dimension | Value | | --- | --- | | D1 Sign / Degree | Capricorn 21°57′35″ | | Nakshatra / Pada | Shravana / 4 | | Abs Longitude | 291.96° | | Rashi House | 10 | | Chalit House,b51a25f2e41a4b3452329cf556f221b4,01_FACTS_LAYER/FORENSIC_ASTROLOGICAL_DATA_v8_0.md,§22,0.2933,## §22 — VARSHPHAL 2026–2027 (FACTS)  | ID | Component | Value | | --- | --- | --- | | `VRS.VALIDITY` | Validity | 2026-02-05 to 2027-02-05 | | `VRS.MUNTHA.SIGN` | Muntha | Libra (7th House) | | `VRS.,1,
SIG.MSR.353,spirit,MOON,"Panchang — Birth Nakshatra (Janma Nakshatra): Purva Bhadrapada (Moon's Nakshatra) = Jupiter-Ruled, Fiery, Spiritually Ag",3957c36db58918d598272c55959a012a,01_FACTS_LAYER/FORENSIC_ASTROLOGICAL_DATA_v8_0.md,§14.1,0.2618,### §14.1 Navatara from Janma Nakshatra  <!-- Janma Nakshatra = Purva Bhadrapada (Moon's star). -->  | ID | Position | Tara | Nakshatra | Tenants | | --- | --- | --- | --- | --- | | `NVT.01.JANMA` | 1,c931151d617e1758464fb08133424f5f,01_FACTS_LAYER/FORENSIC_ASTROLOGICAL_DATA_v8_0.md,§23.1,0.2654,#### Moon (`PLN.MOON`)  | Dimension | Value | | --- | --- | | D1 Sign / Degree | Aquarius 27°02′48″ | | Nakshatra / Pada | Purva Bhadrapada / 3 | | Abs Longitude | 327.05° | | Rashi House | 11 | | Cha,d55e96f1cfb9c5963bd6241c6eb8947e,01_FACTS_LAYER/FORENSIC_ASTROLOGICAL_DATA_v8_0.md,§23.1,0.2826,#### Jupiter (`PLN.JUPITER`)  | Dimension | Value | | --- | --- | | D1 Sign / Degree | Sagittarius 09°48′28″ | | Nakshatra / Pada | Moola / 3 | | Abs Longitude | 249.81° | | Rashi House | 9 | | Chalit,1,
SIG.MSR.354,spirit,SUN,Panchang — Birth Yoga: Shiva Yoga or Parigha Yoga at Birth = [PANCHANG CALCULATION REQUIRED],175647a60dbd4740867395336cab8e09,01_FACTS_LAYER/FORENSIC_ASTROLOGICAL_DATA_v8_0.md,§15.1,0.2111,### §15.1 Panchang at Birth — v8.0 Updated  <!-- [v8.0 UPDATE]: Yoga = Shiva confirmed in both v6.0 and JH. JH additionally identifies Mercury as Yoga Lord (57.13% of Yoga remaining at birth). This is,caea00379c96fc08f376b4db37fdb8d3,01_FACTS_LAYER/FORENSIC_ASTROLOGICAL_DATA_v8_0.md,§5.2,0.2907,### §5.2 Yogini Dasha  | ID | Yogini | Ruler | Duration | Start | End | | --- | --- | --- | --- | --- | --- | | `DSH.Y.001` | Bhramari | Mars | Balance | 1984-02-05 | 1985-12-22 | | `DSH.Y.002` | Bhad,369e3d9f927823c5422f3738795455a2,01_FACTS_LAYER/FORENSIC_ASTROLOGICAL_DATA_v8_0.md,§0,0.3024,"## §0 — DOCUMENT INDEX AND USAGE  <!-- LLM USAGE NOTES: - This file is the SINGLE canonical L1 source. Do NOT consult v6.0 or the SUPPLEMENT separately — they are SUPERSEDED. - Every table, planet, ho",1,
SIG.MSR.355,mind,MOON,Panchang — Birth Karana: Vishti (Bhadra) Karana = The Most Inauspicious Karana = Fierce-Initiation Birth Environment,6440a2ddbd5c47cc1280d6e702f33372,01_FACTS_LAYER/FORENSIC_ASTROLOGICAL_DATA_v8_0.md,§3.12,0.2795,### §3.12 D40 — Khavedamsa (Auspiciousness / Misfortune)  | ID | House | Sign | Planets | | --- | --- | --- | --- | | `D40.LAGNA` | 1 | Virgo | Saturn | | `D40.2` | 2 | Libra | (none) | | `D40.3` | 3 ,65de55012fd3428820596f951008646e,01_FACTS_LAYER/FORENSIC_ASTROLOGICAL_DATA_v8_0.md,§5.1,0.2869,### §5.1 Vimshottari Dasha (Mahadasha / Antardasha)  | ID | MD | AD | Start (FORENSIC) | End (FORENSIC) | | --- | --- | --- | --- | --- | | `DSH.V.001` | Jupiter | Venus | 1984-02-05 | 1986-03-03 | | ,c3ef8adb38221bde14ca44c66554d733,01_FACTS_LAYER/FORENSIC_ASTROLOGICAL_DATA_v8_0.md,§3.9,0.2924,"### §3.9 D20 — Vimsamsa (Spiritual Sadhana)  | ID | Sign | Planets | | --- | --- | --- | | `D20.SCORPIO` | Scorpio | Ascendant (D20 Lagna), Jupiter | | `D20.SAGITTARIUS` | Sagittarius | Saturn | | `D2",1,
SIG.MSR.356,mind,MOON,Panchang — Nakshatra Pada at Birth: Purva Bhadrapada Pada 3 (Leo Navamsha) = Soul's Emotional-Royal-Mode,c931151d617e1758464fb08133424f5f,01_FACTS_LAYER/FORENSIC_ASTROLOGICAL_DATA_v8_0.md,§23.1,0.2871,#### Moon (`PLN.MOON`)  | Dimension | Value | | --- | --- | | D1 Sign / Degree | Aquarius 27°02′48″ | | Nakshatra / Pada | Purva Bhadrapada / 3 | | Abs Longitude | 327.05° | | Rashi House | 11 | | Cha,8aabb6f2376b8a478262c58c5b29116c,01_FACTS_LAYER/FORENSIC_ASTROLOGICAL_DATA_v8_0.md,§3.13,0.2985,### §3.13 D45 — Akshavedamsa (Spiritual Purity)  | ID | House | Sign | Planets | | --- | --- | --- | --- | | `D45.LAGNA` | 1 | Libra | Neptune | | `D45.2` | 2 | Scorpio | (none) | | `D45.3` | 3 | Sagi,3957c36db58918d598272c55959a012a,01_FACTS_LAYER/FORENSIC_ASTROLOGICAL_DATA_v8_0.md,§14.1,0.3011,### §14.1 Navatara from Janma Nakshatra  <!-- Janma Nakshatra = Purva Bhadrapada (Moon's star). -->  | ID | Position | Tara | Nakshatra | Tenants | | --- | --- | --- | --- | --- | | `NVT.01.JANMA` | 1,1,
SIG.MSR.357,spirit,KETU,Panchang — Lagna Nakshatra: Ashwini Pada 4 = Ketu-Ruled Birth Rising = Spiritual Acceleration of Identity,83f3701c6e860c99993463a73f1a59a4,01_FACTS_LAYER/FORENSIC_ASTROLOGICAL_DATA_v8_0.md,§1.2,0.2759,### §1.2 Core Mirror  | ID | Field | Value | | --- | --- | --- | | `MET.LAGNA.SIGN` | Lagna Sign | Aries | | `MET.LAGNA.DEG` | Lagna Degree | 12°23′55″ | | `MET.LAGNA.NAK` | Lagna Nakshatra | Ashwini ,3d5d531480dc1331d01fb023d145eec5,01_FACTS_LAYER/FORENSIC_ASTROLOGICAL_DATA_v8_0.md,§4.1,0.2835,### §4.1 KP Cusp Mirror  | ID | Cusp | Degree | Sign | Star Lord | Sub Lord | Sub-Sub Lord | | --- | --- | --- | --- | --- | --- | --- | | `KP.CUSP.1` | 1 (Lagna) | 12°29′19″ | Aries | Ketu | Mercury ,8aabb6f2376b8a478262c58c5b29116c,01_FACTS_LAYER/FORENSIC_ASTROLOGICAL_DATA_v8_0.md,§3.13,0.2879,### §3.13 D45 — Akshavedamsa (Spiritual Purity)  | ID | House | Sign | Planets | | --- | --- | --- | --- | | `D45.LAGNA` | 1 | Libra | Neptune | | `D45.2` | 2 | Scorpio | (none) | | `D45.3` | 3 | Sagi,1,
SIG.MSR.358,spirit,SUN,Panchang — Tithi Lord: Chaturdashi Tithi Lord = Shiva = Transformation Deity Governs Birth Moment,175647a60dbd4740867395336cab8e09,01_FACTS_LAYER/FORENSIC_ASTROLOGICAL_DATA_v8_0.md,§15.1,0.2660,### §15.1 Panchang at Birth — v8.0 Updated  <!-- [v8.0 UPDATE]: Yoga = Shiva confirmed in both v6.0 and JH. JH additionally identifies Mercury as Yoga Lord (57.13% of Yoga remaining at birth). This is,65de55012fd3428820596f951008646e,01_FACTS_LAYER/FORENSIC_ASTROLOGICAL_DATA_v8_0.md,§5.1,0.2980,### §5.1 Vimshottari Dasha (Mahadasha / Antardasha)  | ID | MD | AD | Start (FORENSIC) | End (FORENSIC) | | --- | --- | --- | --- | --- | | `DSH.V.001` | Jupiter | Venus | 1984-02-05 | 1986-03-03 | | ,caea00379c96fc08f376b4db37fdb8d3,01_FACTS_LAYER/FORENSIC_ASTROLOGICAL_DATA_v8_0.md,§5.2,0.3080,### §5.2 Yogini Dasha  | ID | Yogini | Ruler | Duration | Start | End | | --- | --- | --- | --- | --- | --- | | `DSH.Y.001` | Bhramari | Mars | Balance | 1984-02-05 | 1985-12-22 | | `DSH.Y.002` | Bhad,1,
SIG.MSR.359,career,SUN,Panchang — Vara Lord: Sunday Lord = Sun = Sun-God's Day Governs Birth = Authority and Father-Karma from Birth-Moment,175647a60dbd4740867395336cab8e09,01_FACTS_LAYER/FORENSIC_ASTROLOGICAL_DATA_v8_0.md,§15.1,0.2241,### §15.1 Panchang at Birth — v8.0 Updated  <!-- [v8.0 UPDATE]: Yoga = Shiva confirmed in both v6.0 and JH. JH additionally identifies Mercury as Yoga Lord (57.13% of Yoga remaining at birth). This is,b51a25f2e41a4b3452329cf556f221b4,01_FACTS_LAYER/FORENSIC_ASTROLOGICAL_DATA_v8_0.md,§22,0.2741,## §22 — VARSHPHAL 2026–2027 (FACTS)  | ID | Component | Value | | --- | --- | --- | | `VRS.VALIDITY` | Validity | 2026-02-05 to 2027-02-05 | | `VRS.MUNTHA.SIGN` | Muntha | Libra (7th House) | | `VRS.,7e3eef559eb3ac6793930b6c5b5a8619,01_FACTS_LAYER/FORENSIC_ASTROLOGICAL_DATA_v8_0.md,§23.1,0.2860,#### Saturn (`PLN.SATURN`)  | Dimension | Value | | --- | --- | | D1 Sign / Degree | Libra 22°27′04″ | | Nakshatra / Pada | Vishakha / 1 | | Abs Longitude | 202.45° | | Rashi House | 7 | | Chalit Hous,1,
SIG.MSR.360,mind,MOON,Panchang — Nakshatra Lord (Janma): Purva Bhadrapada Lord = Jupiter = Dharmic Mind-Expansion as Emotional Foundation,3957c36db58918d598272c55959a012a,01_FACTS_LAYER/FORENSIC_ASTROLOGICAL_DATA_v8_0.md,§14.1,0.2678,### §14.1 Navatara from Janma Nakshatra  <!-- Janma Nakshatra = Purva Bhadrapada (Moon's star). -->  | ID | Position | Tara | Nakshatra | Tenants | | --- | --- | --- | --- | --- | | `NVT.01.JANMA` | 1,d55e96f1cfb9c5963bd6241c6eb8947e,01_FACTS_LAYER/FORENSIC_ASTROLOGICAL_DATA_v8_0.md,§23.1,0.2712,#### Jupiter (`PLN.JUPITER`)  | Dimension | Value | | --- | --- | | D1 Sign / Degree | Sagittarius 09°48′28″ | | Nakshatra / Pada | Moola / 3 | | Abs Longitude | 249.81° | | Rashi House | 9 | | Chalit,175647a60dbd4740867395336cab8e09,01_FACTS_LAYER/FORENSIC_ASTROLOGICAL_DATA_v8_0.md,§15.1,0.2774,### §15.1 Panchang at Birth — v8.0 Updated  <!-- [v8.0 UPDATE]: Yoga = Shiva confirmed in both v6.0 and JH. JH additionally identifies Mercury as Yoga Lord (57.13% of Yoga remaining at birth). This is,1,
SIG.MSR.361,spirit,SUN,Panchang — Amrita Siddhi Yoga: Sunday + Ashwini Nakshatra = One of the Rare Amrita Siddhi Yoga Combinations,175647a60dbd4740867395336cab8e09,01_FACTS_LAYER/FORENSIC_ASTROLOGICAL_DATA_v8_0.md,§15.1,0.3145,### §15.1 Panchang at Birth — v8.0 Updated  <!-- [v8.0 UPDATE]: Yoga = Shiva confirmed in both v6.0 and JH. JH additionally identifies Mercury as Yoga Lord (57.13% of Yoga remaining at birth). This is,caea00379c96fc08f376b4db37fdb8d3,01_FACTS_LAYER/FORENSIC_ASTROLOGICAL_DATA_v8_0.md,§5.2,0.3230,### §5.2 Yogini Dasha  | ID | Yogini | Ruler | Duration | Start | End | | --- | --- | --- | --- | --- | --- | | `DSH.Y.001` | Bhramari | Mars | Balance | 1984-02-05 | 1985-12-22 | | `DSH.Y.002` | Bhad,556af0f28b8358c33e05b50960c0e160,01_FACTS_LAYER/FORENSIC_ASTROLOGICAL_DATA_v8_0.md,§23.3,0.3353,### §23.3 Date-Centric Matrix — 2026-01 through 2028-02  | Period | Vimshottari MD – AD | Yogini Dasha | Jaimini Chara MD – AD | Sade Sati | Varshphal Year | | --- | --- | --- | --- | --- | --- | | 20,1,
SIG.MSR.362,mind,MOON,Panchang — Chandra Bala (Birth Nakshatra in Transit): Current Moon Transits and Natal Nakshatra Resonance,d053861ab35e16c3e32605de32ad3990,01_FACTS_LAYER/FORENSIC_ASTROLOGICAL_DATA_v8_0.md,§18,0.2892,## §18 — CHANDRA CHART (FROM-MOON VIEW)  | ID | House from Moon | Sign | Planets | | --- | --- | --- | --- | | `CHN.1` | 1 (Self) | Aquarius | Moon | | `CHN.2` | 2 (Speech) | Pisces | (none) | | `CHN.,c931151d617e1758464fb08133424f5f,01_FACTS_LAYER/FORENSIC_ASTROLOGICAL_DATA_v8_0.md,§23.1,0.2928,#### Moon (`PLN.MOON`)  | Dimension | Value | | --- | --- | | D1 Sign / Degree | Aquarius 27°02′48″ | | Nakshatra / Pada | Purva Bhadrapada / 3 | | Abs Longitude | 327.05° | | Rashi House | 11 | | Cha,83f3701c6e860c99993463a73f1a59a4,01_FACTS_LAYER/FORENSIC_ASTROLOGICAL_DATA_v8_0.md,§1.2,0.3071,### §1.2 Core Mirror  | ID | Field | Value | | --- | --- | --- | | `MET.LAGNA.SIGN` | Lagna Sign | Aries | | `MET.LAGNA.DEG` | Lagna Degree | 12°23′55″ | | `MET.LAGNA.NAK` | Lagna Nakshatra | Ashwini ,1,
SIG.MSR.363,career,MOON,Panchang — Tarabala: Birth Nakshatra as Reference for 27-Nakshatra Tarabala Cycle = Which Nakshatras Are Beneficial Peri,40f6801c58a4850a289e328a0f9816c5,01_FACTS_LAYER/FORENSIC_ASTROLOGICAL_DATA_v8_0.md,§14.2,0.2765,### §14.2 Extended Tara Positions  | ID | Position from Janma | Tara | Nakshatra | Tenants | | --- | --- | --- | --- | --- | | `NVT.16.SANGHATIKA` | 16 | Sanghatika | Hasta | (none) | | `NVT.22.VAINAS,3957c36db58918d598272c55959a012a,01_FACTS_LAYER/FORENSIC_ASTROLOGICAL_DATA_v8_0.md,§14.1,0.2956,### §14.1 Navatara from Janma Nakshatra  <!-- Janma Nakshatra = Purva Bhadrapada (Moon's star). -->  | ID | Position | Tara | Nakshatra | Tenants | | --- | --- | --- | --- | --- | | `NVT.01.JANMA` | 1,556af0f28b8358c33e05b50960c0e160,01_FACTS_LAYER/FORENSIC_ASTROLOGICAL_DATA_v8_0.md,§23.3,0.3048,### §23.3 Date-Centric Matrix — 2026-01 through 2028-02  | Period | Vimshottari MD – AD | Yogini Dasha | Jaimini Chara MD – AD | Sade Sati | Varshphal Year | | --- | --- | --- | --- | --- | --- | | 20,1,
SIG.MSR.364,career,SUN,Panchang — Birth Month: Magha Month (Paush/Magha Masya) = Sun in Capricorn Makar = Solar Capricorn-Season Birth,175647a60dbd4740867395336cab8e09,01_FACTS_LAYER/FORENSIC_ASTROLOGICAL_DATA_v8_0.md,§15.1,0.2858,### §15.1 Panchang at Birth — v8.0 Updated  <!-- [v8.0 UPDATE]: Yoga = Shiva confirmed in both v6.0 and JH. JH additionally identifies Mercury as Yoga Lord (57.13% of Yoga remaining at birth). This is,83f3701c6e860c99993463a73f1a59a4,01_FACTS_LAYER/FORENSIC_ASTROLOGICAL_DATA_v8_0.md,§1.2,0.2937,### §1.2 Core Mirror  | ID | Field | Value | | --- | --- | --- | | `MET.LAGNA.SIGN` | Lagna Sign | Aries | | `MET.LAGNA.DEG` | Lagna Degree | 12°23′55″ | | `MET.LAGNA.NAK` | Lagna Nakshatra | Ashwini ,f52abf1325d766781b3a05f38a26466a,01_FACTS_LAYER/FORENSIC_ASTROLOGICAL_DATA_v8_0.md,§2.3,0.2959,### §2.3 Bhava/Chalit Cusp Ledger  | ID | House | Cusp Sign | Cusp Degree | Mid-Bhava | Angle Label | | --- | --- | --- | --- | --- | --- | | `CSP.1` | 1 | Pisces | 25°49′40″ | Aries 12°23′55″ | Ascen,1,
SIG.MSR.365,spirit,MOON,Panchang — Ganda Moola: Native NOT Born in Ganda Moola (No Junction-Nakshatra at Lagna or Moon) = Auspicious Clear Birth,5a81f6bd5851415f2f2b3a725aefe120,01_FACTS_LAYER/FORENSIC_ASTROLOGICAL_DATA_v8_0.md,§3.4,0.3286,### §3.4 D7 — Saptamsa (Progeny)  | ID | House | Sign | Planets | | --- | --- | --- | --- | | `D7.LAGNA` | 1 | Cancer | Mercury | | `D7.2` | 2 | Leo | Moon | | `D7.3` | 3 | Virgo | Ketu | | `D7.4` | 4,40f6801c58a4850a289e328a0f9816c5,01_FACTS_LAYER/FORENSIC_ASTROLOGICAL_DATA_v8_0.md,§14.2,0.3302,### §14.2 Extended Tara Positions  | ID | Position from Janma | Tara | Nakshatra | Tenants | | --- | --- | --- | --- | --- | | `NVT.16.SANGHATIKA` | 16 | Sanghatika | Hasta | (none) | | `NVT.22.VAINAS,8aabb6f2376b8a478262c58c5b29116c,01_FACTS_LAYER/FORENSIC_ASTROLOGICAL_DATA_v8_0.md,§3.13,0.3331,### §3.13 D45 — Akshavedamsa (Spiritual Purity)  | ID | House | Sign | Planets | | --- | --- | --- | --- | | `D45.LAGNA` | 1 | Libra | Neptune | | `D45.2` | 2 | Scorpio | (none) | | `D45.3` | 3 | Sagi,1,
SIG.MSR.366,career,SUN,Panchang — Birth Hour: 10:43 IST = Late Morning Birth = Sun Near Culmination = Solar Power Ascending to Meridian,83f3701c6e860c99993463a73f1a59a4,01_FACTS_LAYER/FORENSIC_ASTROLOGICAL_DATA_v8_0.md,§1.2,0.2685,### §1.2 Core Mirror  | ID | Field | Value | | --- | --- | --- | | `MET.LAGNA.SIGN` | Lagna Sign | Aries | | `MET.LAGNA.DEG` | Lagna Degree | 12°23′55″ | | `MET.LAGNA.NAK` | Lagna Nakshatra | Ashwini ,fcf469e1354fc3204e32f0d80dc1d1a2,01_FACTS_LAYER/FORENSIC_ASTROLOGICAL_DATA_v8_0.md,§2.1,0.2820,### §2.1 D1 Planet Positions  | ID | Planet | Sign | Degree | Nakshatra | Pada | Abs Long (°) | Rashi House | Chalit House | | --- | --- | --- | --- | --- | --- | --- | --- | --- | | `PLN.SUN` | Sun |,175647a60dbd4740867395336cab8e09,01_FACTS_LAYER/FORENSIC_ASTROLOGICAL_DATA_v8_0.md,§15.1,0.2877,### §15.1 Panchang at Birth — v8.0 Updated  <!-- [v8.0 UPDATE]: Yoga = Shiva confirmed in both v6.0 and JH. JH additionally identifies Mercury as Yoga Lord (57.13% of Yoga remaining at birth). This is,1,
SIG.MSR.367,spirit,MOON,Panchang — Panchang Tatva Score: All 5 Panchang Elements Assessed = Net Auspiciousness of Birth Moment,175647a60dbd4740867395336cab8e09,01_FACTS_LAYER/FORENSIC_ASTROLOGICAL_DATA_v8_0.md,§15.1,0.2868,### §15.1 Panchang at Birth — v8.0 Updated  <!-- [v8.0 UPDATE]: Yoga = Shiva confirmed in both v6.0 and JH. JH additionally identifies Mercury as Yoga Lord (57.13% of Yoga remaining at birth). This is,6440a2ddbd5c47cc1280d6e702f33372,01_FACTS_LAYER/FORENSIC_ASTROLOGICAL_DATA_v8_0.md,§3.12,0.2948,### §3.12 D40 — Khavedamsa (Auspiciousness / Misfortune)  | ID | House | Sign | Planets | | --- | --- | --- | --- | | `D40.LAGNA` | 1 | Virgo | Saturn | | `D40.2` | 2 | Libra | (none) | | `D40.3` | 3 ,3d5d531480dc1331d01fb023d145eec5,01_FACTS_LAYER/FORENSIC_ASTROLOGICAL_DATA_v8_0.md,§4.1,0.3028,### §4.1 KP Cusp Mirror  | ID | Cusp | Degree | Sign | Star Lord | Sub Lord | Sub-Sub Lord | | --- | --- | --- | --- | --- | --- | --- | | `KP.CUSP.1` | 1 (Lagna) | 12°29′19″ | Aries | Ketu | Mercury ,1,
SIG.MSR.368,spirit,MOON,Panchang — Naamakshara (Birth Syllable): Purva Bhadrapada Pada 3 = 'De' Syllable = Mercury-Beginning Name Energy,175647a60dbd4740867395336cab8e09,01_FACTS_LAYER/FORENSIC_ASTROLOGICAL_DATA_v8_0.md,§15.1,0.2551,### §15.1 Panchang at Birth — v8.0 Updated  <!-- [v8.0 UPDATE]: Yoga = Shiva confirmed in both v6.0 and JH. JH additionally identifies Mercury as Yoga Lord (57.13% of Yoga remaining at birth). This is,04f6bd7b0c8d415037cad216f04e810a,01_FACTS_LAYER/FORENSIC_ASTROLOGICAL_DATA_v8_0.md,§0.1,0.2648,### §0.1 Stable ID Namespaces  | Namespace | Example | Meaning | | --- | --- | --- | | `MET.*` | `MET.BIRTH.DATE` | Metadata | | `PLN.*` | `PLN.MOON` | Planet | | `HSE.*` | `HSE.7` | House (1–12) | | ,87de269383a422992aa8ff7e169e3e28,01_FACTS_LAYER/FORENSIC_ASTROLOGICAL_DATA_v8_0.md,§11.1,0.2671,### §11.1 Upagrahas  | ID | Upagraha | Type | Sign | Degree | Nakshatra | | --- | --- | --- | --- | --- | --- | | `UPG.GULIKA` | Gulika | Time-based | Gemini | 13°57′ | Ardra | | `UPG.MANDI` | Mandi |,1,
SIG.MSR.369,health,MOON,Panchang — Tri-Nadi Dasha (Prana-Agni-Soma): Purva Bhadrapada = Agni (Fire) Nadi = Fire-Force as Emotional Ground,640b9a557bd93e286fddce8c9aba7dcb,01_FACTS_LAYER/FORENSIC_ASTROLOGICAL_DATA_v8_0.md,§3.11,0.2781,### §3.11 D30 — Trimsamsa (Misfortune / Evils)  | ID | House | Sign | Planets | | --- | --- | --- | --- | | `D30.LAGNA` | 1 | Capricorn | Sun | | `D30.2` | 2 | Aquarius | Jupiter | | `D30.3` | 3 | Pis,175647a60dbd4740867395336cab8e09,01_FACTS_LAYER/FORENSIC_ASTROLOGICAL_DATA_v8_0.md,§15.1,0.2837,### §15.1 Panchang at Birth — v8.0 Updated  <!-- [v8.0 UPDATE]: Yoga = Shiva confirmed in both v6.0 and JH. JH additionally identifies Mercury as Yoga Lord (57.13% of Yoga remaining at birth). This is,6440a2ddbd5c47cc1280d6e702f33372,01_FACTS_LAYER/FORENSIC_ASTROLOGICAL_DATA_v8_0.md,§3.12,0.2858,### §3.12 D40 — Khavedamsa (Auspiciousness / Misfortune)  | ID | House | Sign | Planets | | --- | --- | --- | --- | | `D40.LAGNA` | 1 | Virgo | Saturn | | `D40.2` | 2 | Libra | (none) | | `D40.3` | 3 ,1,
SIG.MSR.370,spirit,MOON,Panchang — Varna: Purva Bhadrapada = Brahmin Varna = Knowledge-Dharma Archetype at Soul Level,5dd4241ac96c95e7a6f914a09b476b3c,01_FACTS_LAYER/FORENSIC_ASTROLOGICAL_DATA_v8_0.md,§15.2,0.2657,### §15.2 Avakahada Chakra  | ID | Component | Value | | --- | --- | --- | | `PCG.VARNA` | Varna | Sudra | | `PCG.VASHYA` | Vashya | Manav (Human) | | `PCG.YONI` | Yoni | Simha (Lion) | | `PCG.GANA` |,a5082dda382b6a2281874f6d1b26b54c,01_FACTS_LAYER/FORENSIC_ASTROLOGICAL_DATA_v8_0.md,§23.1,0.2725,#### Venus (`PLN.VENUS`)  | Dimension | Value | | --- | --- | | D1 Sign / Degree | Sagittarius 19°10′12″ | | Nakshatra / Pada | Purva Ashadha / 2 | | Abs Longitude | 259.17° | | Rashi House | 9 | | Ch,175647a60dbd4740867395336cab8e09,01_FACTS_LAYER/FORENSIC_ASTROLOGICAL_DATA_v8_0.md,§15.1,0.2734,### §15.1 Panchang at Birth — v8.0 Updated  <!-- [v8.0 UPDATE]: Yoga = Shiva confirmed in both v6.0 and JH. JH additionally identifies Mercury as Yoga Lord (57.13% of Yoga remaining at birth). This is,1,
SIG.MSR.371,spirit,MOON,"Panchang — Gana: Purva Bhadrapada = Manushya (Human) Gana = Balanced, Practical-Spiritual Temperament",87de269383a422992aa8ff7e169e3e28,01_FACTS_LAYER/FORENSIC_ASTROLOGICAL_DATA_v8_0.md,§11.1,0.2612,### §11.1 Upagrahas  | ID | Upagraha | Type | Sign | Degree | Nakshatra | | --- | --- | --- | --- | --- | --- | | `UPG.GULIKA` | Gulika | Time-based | Gemini | 13°57′ | Ardra | | `UPG.MANDI` | Mandi |,175647a60dbd4740867395336cab8e09,01_FACTS_LAYER/FORENSIC_ASTROLOGICAL_DATA_v8_0.md,§15.1,0.2780,### §15.1 Panchang at Birth — v8.0 Updated  <!-- [v8.0 UPDATE]: Yoga = Shiva confirmed in both v6.0 and JH. JH additionally identifies Mercury as Yoga Lord (57.13% of Yoga remaining at birth). This is,5dd4241ac96c95e7a6f914a09b476b3c,01_FACTS_LAYER/FORENSIC_ASTROLOGICAL_DATA_v8_0.md,§15.2,0.2943,### §15.2 Avakahada Chakra  | ID | Component | Value | | --- | --- | --- | | `PCG.VARNA` | Varna | Sudra | | `PCG.VASHYA` | Vashya | Manav (Human) | | `PCG.YONI` | Yoni | Simha (Lion) | | `PCG.GANA` |,1,
SIG.MSR.372,spirit,MOON,"Panchang — Yoni: Purva Bhadrapada = Simha (Lion) Yoni = Regal, Fierce, Non-Submissive Instinct",175647a60dbd4740867395336cab8e09,01_FACTS_LAYER/FORENSIC_ASTROLOGICAL_DATA_v8_0.md,§15.1,0.2875,### §15.1 Panchang at Birth — v8.0 Updated  <!-- [v8.0 UPDATE]: Yoga = Shiva confirmed in both v6.0 and JH. JH additionally identifies Mercury as Yoga Lord (57.13% of Yoga remaining at birth). This is,c3ef8adb38221bde14ca44c66554d733,01_FACTS_LAYER/FORENSIC_ASTROLOGICAL_DATA_v8_0.md,§3.9,0.3025,"### §3.9 D20 — Vimsamsa (Spiritual Sadhana)  | ID | Sign | Planets | | --- | --- | --- | | `D20.SCORPIO` | Scorpio | Ascendant (D20 Lagna), Jupiter | | `D20.SAGITTARIUS` | Sagittarius | Saturn | | `D2",5dd4241ac96c95e7a6f914a09b476b3c,01_FACTS_LAYER/FORENSIC_ASTROLOGICAL_DATA_v8_0.md,§15.2,0.3107,### §15.2 Avakahada Chakra  | ID | Component | Value | | --- | --- | --- | | `PCG.VARNA` | Varna | Sudra | | `PCG.VASHYA` | Vashya | Manav (Human) | | `PCG.YONI` | Yoni | Simha (Lion) | | `PCG.GANA` |,1,
SIG.MSR.373,health,MOON,Panchang — Tattva: Purva Bhadrapada = Agni (Fire) Tattva + Aquarius = Vayu (Air) Sign = Fire-Air Soul in Air-Structured ,8aabb6f2376b8a478262c58c5b29116c,01_FACTS_LAYER/FORENSIC_ASTROLOGICAL_DATA_v8_0.md,§3.13,0.2682,### §3.13 D45 — Akshavedamsa (Spiritual Purity)  | ID | House | Sign | Planets | | --- | --- | --- | --- | | `D45.LAGNA` | 1 | Libra | Neptune | | `D45.2` | 2 | Scorpio | (none) | | `D45.3` | 3 | Sagi,8b5a5b9dd136a1aceed2031e6d71d8a0,01_FACTS_LAYER/FORENSIC_ASTROLOGICAL_DATA_v8_0.md,§13.2,0.2742,"### §13.2 Arudha Sign Occupancy  | ID | Sign | House (from D1 Lagna) | Markers / Planets Present | | --- | --- | --- | --- | | `ARO.ARIES` | Aries | 1 | A10 | | `ARO.TAURUS` | Taurus | 2 | A6, Rahu | ",175647a60dbd4740867395336cab8e09,01_FACTS_LAYER/FORENSIC_ASTROLOGICAL_DATA_v8_0.md,§15.1,0.2786,### §15.1 Panchang at Birth — v8.0 Updated  <!-- [v8.0 UPDATE]: Yoga = Shiva confirmed in both v6.0 and JH. JH additionally identifies Mercury as Yoga Lord (57.13% of Yoga remaining at birth). This is,1,
SIG.MSR.374,spirit,MOON,Panchang — Devata of Nakshatra: Aja Ekapada (Purva Bhadrapada Devata) = The One-Footed Goat = Rudra-Form Deity as Emotio,3405d217ce6048546cb0cce72af4e24e,01_FACTS_LAYER/FORENSIC_ASTROLOGICAL_DATA_v8_0.md,§20.1,0.2848,"### §20.1 Deity Triad (Jaimini Derivation)  <!-- Atmakaraka = Moon (highest D1 longitude 27°02′). In D9, Moon is in Gemini. From Gemini: 12th = Taurus (Venus); 9th = Aquarius (Saturn); 1st = Gemini (M",87de269383a422992aa8ff7e169e3e28,01_FACTS_LAYER/FORENSIC_ASTROLOGICAL_DATA_v8_0.md,§11.1,0.2906,### §11.1 Upagrahas  | ID | Upagraha | Type | Sign | Degree | Nakshatra | | --- | --- | --- | --- | --- | --- | | `UPG.GULIKA` | Gulika | Time-based | Gemini | 13°57′ | Ardra | | `UPG.MANDI` | Mandi |,e290949ffafc3de872bce607b42a6c31,01_FACTS_LAYER/FORENSIC_ASTROLOGICAL_DATA_v8_0.md,§20.2,0.2919,### §20.2 Digpala and Divisional Deity Mapping  | ID | Scope | Assignments | | --- | --- | --- | | `DEV.D10.DIG` | D10 Digpala | Lagna → Varuna; Sun (10th Lord) → Yama; Saturn (10th Occupant) → Isana ,1,
SIG.MSR.375,spirit,MOON,Panchang — Section Synthesis: 5 Panchang Pillars Point to Intense-Transformational-Knowledge-Seeking Birth Environment,175647a60dbd4740867395336cab8e09,01_FACTS_LAYER/FORENSIC_ASTROLOGICAL_DATA_v8_0.md,§15.1,0.2934,### §15.1 Panchang at Birth — v8.0 Updated  <!-- [v8.0 UPDATE]: Yoga = Shiva confirmed in both v6.0 and JH. JH additionally identifies Mercury as Yoga Lord (57.13% of Yoga remaining at birth). This is,a4953c32089d77bc360f0672bb9a231b,01_FACTS_LAYER/FORENSIC_ASTROLOGICAL_DATA_v8_0.md,§0.2,0.3188,### §0.2 Section Map  | § | Section | Content Type | v8.0 Status | | --- | --- | --- | --- | | 1 | Core Identity | FACT | unchanged | | 2 | D1 Rashi Chart | FACT | unchanged | | 3 | Divisional Charts ,,,,0.0000,,1,
SIG.MSR.376,career,SUN,Tajika — Varshaphal Framework: Annual Chart Methodology for Abhisek Mohanty (Solar Return = Sun Returns to Natal Positio,556af0f28b8358c33e05b50960c0e160,01_FACTS_LAYER/FORENSIC_ASTROLOGICAL_DATA_v8_0.md,§23.3,0.2450,### §23.3 Date-Centric Matrix — 2026-01 through 2028-02  | Period | Vimshottari MD – AD | Yogini Dasha | Jaimini Chara MD – AD | Sade Sati | Varshphal Year | | --- | --- | --- | --- | --- | --- | | 20,86b5f035d740c2a37ac9f24cbdd4b00a,01_FACTS_LAYER/FORENSIC_ASTROLOGICAL_DATA_v8_0.md,§1.1,0.2483,### §1.1 Birth Metadata  | ID | Field | Value | | --- | --- | --- | | `MET.NAME` | Full Name | Abhisek Mohanty | | `MET.BIRTH.DATE` | Birth Date | 1984-02-05 | | `MET.BIRTH.TIME` | Birth Time | 10:43 ,65de55012fd3428820596f951008646e,01_FACTS_LAYER/FORENSIC_ASTROLOGICAL_DATA_v8_0.md,§5.1,0.2636,### §5.1 Vimshottari Dasha (Mahadasha / Antardasha)  | ID | MD | AD | Start (FORENSIC) | End (FORENSIC) | | --- | --- | --- | --- | --- | | `DSH.V.001` | Jupiter | Venus | 1984-02-05 | 1986-03-03 | | ,1,
SIG.MSR.377,health,,Tajika — Muntha Position at Age 42 (2026): Muntha in Gemini 3H = UL/Spouse-Domain Annual Activation,556af0f28b8358c33e05b50960c0e160,01_FACTS_LAYER/FORENSIC_ASTROLOGICAL_DATA_v8_0.md,§23.3,0.2619,### §23.3 Date-Centric Matrix — 2026-01 through 2028-02  | Period | Vimshottari MD – AD | Yogini Dasha | Jaimini Chara MD – AD | Sade Sati | Varshphal Year | | --- | --- | --- | --- | --- | --- | | 20,40f6801c58a4850a289e328a0f9816c5,01_FACTS_LAYER/FORENSIC_ASTROLOGICAL_DATA_v8_0.md,§14.2,0.2817,### §14.2 Extended Tara Positions  | ID | Position from Janma | Tara | Nakshatra | Tenants | | --- | --- | --- | --- | --- | | `NVT.16.SANGHATIKA` | 16 | Sanghatika | Hasta | (none) | | `NVT.22.VAINAS,b51a25f2e41a4b3452329cf556f221b4,01_FACTS_LAYER/FORENSIC_ASTROLOGICAL_DATA_v8_0.md,§22,0.2862,## §22 — VARSHPHAL 2026–2027 (FACTS)  | ID | Component | Value | | --- | --- | --- | | `VRS.VALIDITY` | Validity | 2026-02-05 to 2027-02-05 | | `VRS.MUNTHA.SIGN` | Muntha | Libra (7th House) | | `VRS.,1,
SIG.MSR.378,career,MERCURY,Tajika — Ithasala Yoga: When Two Planets Are Converging in Degree = Action-Producing Tajika Yoga,8b9070e97dbaf3363145b7d172d26790,01_FACTS_LAYER/FORENSIC_ASTROLOGICAL_DATA_v8_0.md,§26.1,0.3061,### §26.1 D-1 Rashi Yogas  | ID | Yoga | Type | Key Planets / Houses | Note | | --- | --- | --- | --- | --- | | `YGA.D1.KALPADRUMA` | Kalpadruma / Parijata Yoga | Major royal yoga | Atmakaraka Moon; d,f8fe9a055f29e6e4f4f2b9217b97aa88,01_FACTS_LAYER/FORENSIC_ASTROLOGICAL_DATA_v8_0.md,§26.3,0.3073,### §26.3 D-10 Dashamsha Yogas  | ID | Yoga | Type | Key Configuration | Note | | --- | --- | --- | --- | --- | | `YGA.D10.SARALA` | Sarala Viparita Raja Yoga | Power from upheaval | 8L in 8H in D10 —,835bf9f897fc9d3a5af3927297d8c363,01_FACTS_LAYER/FORENSIC_ASTROLOGICAL_DATA_v8_0.md,§26.2,0.3277,### §26.2 D-9 Navamsa Yogas  | ID | Yoga | Type | Key Configuration | Note | | --- | --- | --- | --- | --- | | `YGA.D9.GAJAKESARI` | Gaja-Kesari Yoga (D9) | Famous / virtuous | Jupiter and Moon both i,1,
SIG.MSR.379,career,MERCURY,Tajika — Ishrafa (Separation) Yoga: Retrograde or Past-Separation Patterns in Annual Chart = Years of Completion Rather ,caea00379c96fc08f376b4db37fdb8d3,01_FACTS_LAYER/FORENSIC_ASTROLOGICAL_DATA_v8_0.md,§5.2,0.2721,### §5.2 Yogini Dasha  | ID | Yogini | Ruler | Duration | Start | End | | --- | --- | --- | --- | --- | --- | | `DSH.Y.001` | Bhramari | Mars | Balance | 1984-02-05 | 1985-12-22 | | `DSH.Y.002` | Bhad,8b9070e97dbaf3363145b7d172d26790,01_FACTS_LAYER/FORENSIC_ASTROLOGICAL_DATA_v8_0.md,§26.1,0.3109,### §26.1 D-1 Rashi Yogas  | ID | Yoga | Type | Key Planets / Houses | Note | | --- | --- | --- | --- | --- | | `YGA.D1.KALPADRUMA` | Kalpadruma / Parijata Yoga | Major royal yoga | Atmakaraka Moon; d,lel_period_period_2022_2024,01_FACTS_LAYER/LIFE_EVENT_LOG_v1_2.md,5,0.3137,"# [L1 fact] → [L2.5 interp embedded] ```yaml PERIOD.2022_2024:   dates: 2022 through 2024   characterization: ""Mix. New relationships, rupture of old, success in professional career, lost US job, move",1,
SIG.MSR.380,career,MERCURY,Tajika — Varshesha (Year Lord) Identification: The Strongest Planet in Each Annual Chart Governs That Year's Theme,b51a25f2e41a4b3452329cf556f221b4,01_FACTS_LAYER/FORENSIC_ASTROLOGICAL_DATA_v8_0.md,§22,0.2496,## §22 — VARSHPHAL 2026–2027 (FACTS)  | ID | Component | Value | | --- | --- | --- | | `VRS.VALIDITY` | Validity | 2026-02-05 to 2027-02-05 | | `VRS.MUNTHA.SIGN` | Muntha | Libra (7th House) | | `VRS.,a5082dda382b6a2281874f6d1b26b54c,01_FACTS_LAYER/FORENSIC_ASTROLOGICAL_DATA_v8_0.md,§23.1,0.2560,#### Venus (`PLN.VENUS`)  | Dimension | Value | | --- | --- | | D1 Sign / Degree | Sagittarius 19°10′12″ | | Nakshatra / Pada | Purva Ashadha / 2 | | Abs Longitude | 259.17° | | Rashi House | 9 | | Ch,65de55012fd3428820596f951008646e,01_FACTS_LAYER/FORENSIC_ASTROLOGICAL_DATA_v8_0.md,§5.1,0.2621,### §5.1 Vimshottari Dasha (Mahadasha / Antardasha)  | ID | MD | AD | Start (FORENSIC) | End (FORENSIC) | | --- | --- | --- | --- | --- | | `DSH.V.001` | Jupiter | Venus | 1984-02-05 | 1986-03-03 | | ,1,
SIG.MSR.381,career,SUN,Tajika — Tajika Special Lagna: Varshaphal Lagna Changes Each Year at Different Location = Singapore vs Bhubaneswar Annua,23317c94228b8e00d05367f23c3e6c89,01_FACTS_LAYER/FORENSIC_ASTROLOGICAL_DATA_v8_0.md,§12.1,0.3137,"### §12.1 Special Lagnas — v8.0 Corrected (JH Authoritative)  <!-- [v8.0 CRITICAL CORRECTION]: v6.0 §12.1 contained computational errors in four of six special lagnas.      Hora Lagna, Ghati Lagna, Va",adc4325e588b81bd96398814da2bbb9b,01_FACTS_LAYER/FORENSIC_ASTROLOGICAL_DATA_v8_0.md,§12.2,0.3320,### §12.2 Tajika Sahams — Full 36-Saham Register (JH Authoritative — replaces v6.0 §12.2)  <!-- [v8.0 FULL REPLACEMENT]: v6.0 §12.2 had only 6 sahams with one error (Vivaha). This section replaces it ,1bec1848875ba60014910e27be0e0ae3,01_FACTS_LAYER/FORENSIC_ASTROLOGICAL_DATA_v8_0.md,§6.1,0.3464,### §6.1 Shadbala — Component Breakdown  <!-- [DUAL-ENGINE NOTE: Shadbala totals and ranking differ between FORENSIC and JH engines. See §6.2 for both rankings and the RESOLVED policy statement.] --> ,1,
SIG.MSR.382,career,MERCURY,Tajika — Sahama in Varshaphal: Annual Sahamas as Tajika Sensitive Points,adc4325e588b81bd96398814da2bbb9b,01_FACTS_LAYER/FORENSIC_ASTROLOGICAL_DATA_v8_0.md,§12.2,0.2286,### §12.2 Tajika Sahams — Full 36-Saham Register (JH Authoritative — replaces v6.0 §12.2)  <!-- [v8.0 FULL REPLACEMENT]: v6.0 §12.2 had only 6 sahams with one error (Vivaha). This section replaces it ,40f6801c58a4850a289e328a0f9816c5,01_FACTS_LAYER/FORENSIC_ASTROLOGICAL_DATA_v8_0.md,§14.2,0.2930,### §14.2 Extended Tara Positions  | ID | Position from Janma | Tara | Nakshatra | Tenants | | --- | --- | --- | --- | --- | | `NVT.16.SANGHATIKA` | 16 | Sanghatika | Hasta | (none) | | `NVT.22.VAINAS,1bec1848875ba60014910e27be0e0ae3,01_FACTS_LAYER/FORENSIC_ASTROLOGICAL_DATA_v8_0.md,§6.1,0.3289,### §6.1 Shadbala — Component Breakdown  <!-- [DUAL-ENGINE NOTE: Shadbala totals and ranking differ between FORENSIC and JH engines. See §6.2 for both rankings and the RESOLVED policy statement.] --> ,1,
SIG.MSR.383,career,,Tajika — Tri-Pataki Chakra: The 3-Sign Trident from Annual Lagna = Strongest Tajika Directional Sectors,9babdccd7813a9a1442f2166bd10f356,01_FACTS_LAYER/FORENSIC_ASTROLOGICAL_DATA_v8_0.md,§3.2,0.2990,"### §3.2 D3 — Drekkana (Decanate)  | ID | House | Sign | Planets | | --- | --- | --- | --- | | `D3.LAGNA` | 1 | Leo | Venus | | `D3.2` | 2 | Virgo | Sun, Rahu | | `D3.3` | 3 | Libra | (none) | | `D3.4",640b9a557bd93e286fddce8c9aba7dcb,01_FACTS_LAYER/FORENSIC_ASTROLOGICAL_DATA_v8_0.md,§3.11,0.3127,### §3.11 D30 — Trimsamsa (Misfortune / Evils)  | ID | House | Sign | Planets | | --- | --- | --- | --- | | `D30.LAGNA` | 1 | Capricorn | Sun | | `D30.2` | 2 | Aquarius | Jupiter | | `D30.3` | 3 | Pis,,,,0.0000,,1,
SIG.MSR.384,career,MERCURY,Tajika — Mudda Dasha in Varshaphal: 12 Monthly Sub-Periods Within Each Annual Chart = Monthly Resolution Layer,65de55012fd3428820596f951008646e,01_FACTS_LAYER/FORENSIC_ASTROLOGICAL_DATA_v8_0.md,§5.1,0.2721,### §5.1 Vimshottari Dasha (Mahadasha / Antardasha)  | ID | MD | AD | Start (FORENSIC) | End (FORENSIC) | | --- | --- | --- | --- | --- | | `DSH.V.001` | Jupiter | Venus | 1984-02-05 | 1986-03-03 | | ,b51a25f2e41a4b3452329cf556f221b4,01_FACTS_LAYER/FORENSIC_ASTROLOGICAL_DATA_v8_0.md,§22,0.2733,## §22 — VARSHPHAL 2026–2027 (FACTS)  | ID | Component | Value | | --- | --- | --- | | `VRS.VALIDITY` | Validity | 2026-02-05 to 2027-02-05 | | `VRS.MUNTHA.SIGN` | Muntha | Libra (7th House) | | `VRS.,556af0f28b8358c33e05b50960c0e160,01_FACTS_LAYER/FORENSIC_ASTROLOGICAL_DATA_v8_0.md,§23.3,0.2790,### §23.3 Date-Centric Matrix — 2026-01 through 2028-02  | Period | Vimshottari MD – AD | Yogini Dasha | Jaimini Chara MD – AD | Sade Sati | Varshphal Year | | --- | --- | --- | --- | --- | --- | | 20,1,
SIG.MSR.385,career,SATURN,Tajika — Natal Saturn Exalted as Perennial Tajika Year-Lord Candidate: Saturn-Strong Annual Charts = Structural Achievem,0dac7b3be919024c98910483771f6c8d,01_FACTS_LAYER/FORENSIC_ASTROLOGICAL_DATA_v8_0.md,§21,0.2698,## §21 — SADE SATI — SATURNINE TRANSIT (FACTS)  | ID | Cycle | Saturn Sign | Start | End | Phase | | --- | --- | --- | --- | --- | --- | | `TRS.SS.C2.P1` | Cycle 2 | Capricorn | 2020-01-24 | 2022-04-2,7e3eef559eb3ac6793930b6c5b5a8619,01_FACTS_LAYER/FORENSIC_ASTROLOGICAL_DATA_v8_0.md,§23.1,0.2701,#### Saturn (`PLN.SATURN`)  | Dimension | Value | | --- | --- | | D1 Sign / Degree | Libra 22°27′04″ | | Nakshatra / Pada | Vishakha / 1 | | Abs Longitude | 202.45° | | Rashi House | 7 | | Chalit Hous,,,,0.0000,,1,
SIG.MSR.386,career,SUN,Tajika — Dwisaptati Sama Dasha (72-Year Dasha): Sun in 7H of Annual Chart = Tajika Conditional Dasha Condition,40f6801c58a4850a289e328a0f9816c5,01_FACTS_LAYER/FORENSIC_ASTROLOGICAL_DATA_v8_0.md,§14.2,0.2887,### §14.2 Extended Tara Positions  | ID | Position from Janma | Tara | Nakshatra | Tenants | | --- | --- | --- | --- | --- | | `NVT.16.SANGHATIKA` | 16 | Sanghatika | Hasta | (none) | | `NVT.22.VAINAS,5a81f6bd5851415f2f2b3a725aefe120,01_FACTS_LAYER/FORENSIC_ASTROLOGICAL_DATA_v8_0.md,§3.4,0.2889,### §3.4 D7 — Saptamsa (Progeny)  | ID | House | Sign | Planets | | --- | --- | --- | --- | | `D7.LAGNA` | 1 | Cancer | Mercury | | `D7.2` | 2 | Leo | Moon | | `D7.3` | 3 | Virgo | Ketu | | `D7.4` | 4,adc4325e588b81bd96398814da2bbb9b,01_FACTS_LAYER/FORENSIC_ASTROLOGICAL_DATA_v8_0.md,§12.2,0.2907,### §12.2 Tajika Sahams — Full 36-Saham Register (JH Authoritative — replaces v6.0 §12.2)  <!-- [v8.0 FULL REPLACEMENT]: v6.0 §12.2 had only 6 sahams with one error (Vivaha). This section replaces it ,1,
SIG.MSR.387,career,MERCURY,Tajika — Section Synthesis: Varshaphal as Annual Resolution Layer = Mercury-Saturn Pair as Most Potent Tajika Annual Foc,556af0f28b8358c33e05b50960c0e160,01_FACTS_LAYER/FORENSIC_ASTROLOGICAL_DATA_v8_0.md,§23.3,0.2571,### §23.3 Date-Centric Matrix — 2026-01 through 2028-02  | Period | Vimshottari MD – AD | Yogini Dasha | Jaimini Chara MD – AD | Sade Sati | Varshphal Year | | --- | --- | --- | --- | --- | --- | | 20,b51a25f2e41a4b3452329cf556f221b4,01_FACTS_LAYER/FORENSIC_ASTROLOGICAL_DATA_v8_0.md,§22,0.2735,## §22 — VARSHPHAL 2026–2027 (FACTS)  | ID | Component | Value | | --- | --- | --- | | `VRS.VALIDITY` | Validity | 2026-02-05 to 2027-02-05 | | `VRS.MUNTHA.SIGN` | Muntha | Libra (7th House) | | `VRS.,lel_period_period_2022_2024,01_FACTS_LAYER/LIFE_EVENT_LOG_v1_2.md,5,0.2933,"# [L1 fact] → [L2.5 interp embedded] ```yaml PERIOD.2022_2024:   dates: 2022 through 2024   characterization: ""Mix. New relationships, rupture of old, success in professional career, lost US job, move",1,
SIG.MSR.388,career,MERCURY,Meta-Convergence — Mercury Quintuple Confirmation: MD Lord + Yogi Planet + Vargottama + DK + Karakamsa Sign Lord = Five ,07746c57c9b49a44649d2584355e8c7d,01_FACTS_LAYER/FORENSIC_ASTROLOGICAL_DATA_v8_0.md,§26.5,0.1824,"### §26.5 Mercury Eight-System Convergence  <!-- [v8.0 architectural note — replaces ""Seven-System"" framing from MSR.413]:      Mercury accumulates 8 system-designations:      1. Current Vimshottari M",c0fff74c31aa2d277c40bb2800359e73,01_FACTS_LAYER/FORENSIC_ASTROLOGICAL_DATA_v8_0.md,§23.1,0.2448,#### Mercury (`PLN.MERCURY`)  | Dimension | Value | | --- | --- | | D1 Sign / Degree | Capricorn 00°50′11″ | | Nakshatra / Pada | Uttara Ashadha / 2 | | Abs Longitude | 270.84° | | Rashi House | 10 | ,175647a60dbd4740867395336cab8e09,01_FACTS_LAYER/FORENSIC_ASTROLOGICAL_DATA_v8_0.md,§15.1,0.2564,### §15.1 Panchang at Birth — v8.0 Updated  <!-- [v8.0 UPDATE]: Yoga = Shiva confirmed in both v6.0 and JH. JH additionally identifies Mercury as Yoga Lord (57.13% of Yoga remaining at birth). This is,1,
SIG.MSR.389,career,SATURN,Meta-Convergence — Saturn Triple Structural Axis: Exalted (D1) + AK's Sign (D1 Aquarius/Moon) + AmK (Jaimini) + Sub-Lord,,,,0.0000,,,,,0.0000,,,,,0.0000,,1,FORENSIC_ASTROLOGICAL_DATA_v8_0
SIG.MSR.390,career,SUN,Meta-Convergence — 10H Capricorn Quadruple Layer: Natal Planets (Sun+Mercury) + AL (Jaimini) + Jaimini Rashi Drishti fro,,,,0.0000,,,,,0.0000,,,,,0.0000,,1,FORENSIC_ASTROLOGICAL_DATA_v8_0
SIG.MSR.391,relationships,SATURN,7H Five-Layer Wealth-Relational-Lakshmi Convergence,,,,0.0000,,,,,0.0000,,,,,0.0000,,1,FORENSIC_ASTROLOGICAL_DATA_v8_0
SIG.MSR.391a,health,,Saham Roga in 2H Taurus Mrigashira — Health Challenges via Speech-Wealth Domain,adc4325e588b81bd96398814da2bbb9b,01_FACTS_LAYER/FORENSIC_ASTROLOGICAL_DATA_v8_0.md,§12.2,0.2769,### §12.2 Tajika Sahams — Full 36-Saham Register (JH Authoritative — replaces v6.0 §12.2)  <!-- [v8.0 FULL REPLACEMENT]: v6.0 §12.2 had only 6 sahams with one error (Vivaha). This section replaces it ,,,,0.0000,,,,,0.0000,,1,
SIG.MSR.391b,career,,Saham Mahatmya in 9H Sagittarius Moola — Greatness-Honor in Dharmic Domain,adc4325e588b81bd96398814da2bbb9b,01_FACTS_LAYER/FORENSIC_ASTROLOGICAL_DATA_v8_0.md,§12.2,0.2725,### §12.2 Tajika Sahams — Full 36-Saham Register (JH Authoritative — replaces v6.0 §12.2)  <!-- [v8.0 FULL REPLACEMENT]: v6.0 §12.2 had only 6 sahams with one error (Vivaha). This section replaces it ,7e3eef559eb3ac6793930b6c5b5a8619,01_FACTS_LAYER/FORENSIC_ASTROLOGICAL_DATA_v8_0.md,§23.1,0.2839,#### Saturn (`PLN.SATURN`)  | Dimension | Value | | --- | --- | | D1 Sign / Degree | Libra 22°27′04″ | | Nakshatra / Pada | Vishakha / 1 | | Abs Longitude | 202.45° | | Rashi House | 7 | | Chalit Hous,74b6cd7c73d35fbdbaccfe32018d261f,01_FACTS_LAYER/FORENSIC_ASTROLOGICAL_DATA_v8_0.md,§26.4,0.2847,### §26.4 D-2 Hora Yogas  | ID | Yoga | Type | Key Configuration | Note | | --- | --- | --- | --- | --- | | `YGA.D2.MAHA_YOGADA` | Maha Yogada | Power / authority / wealth | Specific AK + lagna lord c,1,
SIG.MSR.391c,relationships,,Vivaha Saham in 4H Cancer Pushya — Marriage-Fortune Anchored in Domestic-Maternal Domain,adc4325e588b81bd96398814da2bbb9b,01_FACTS_LAYER/FORENSIC_ASTROLOGICAL_DATA_v8_0.md,§12.2,0.2627,### §12.2 Tajika Sahams — Full 36-Saham Register (JH Authoritative — replaces v6.0 §12.2)  <!-- [v8.0 FULL REPLACEMENT]: v6.0 §12.2 had only 6 sahams with one error (Vivaha). This section replaces it ,ed89fc38cf873b3a402dfe9deddffad0,01_FACTS_LAYER/FORENSIC_ASTROLOGICAL_DATA_v8_0.md,§3.3,0.2873,### §3.3 D4 — Chaturthamsa (Home / Property)  | ID | House | Sign | Planets | | --- | --- | --- | --- | | `D4.LAGNA` | 1 | Cancer | Sun | | `D4.2` | 2 | Leo | (none) | | `D4.3` | 3 | Virgo | (none) | ,5a81f6bd5851415f2f2b3a725aefe120,01_FACTS_LAYER/FORENSIC_ASTROLOGICAL_DATA_v8_0.md,§3.4,0.2880,### §3.4 D7 — Saptamsa (Progeny)  | ID | House | Sign | Planets | | --- | --- | --- | --- | | `D7.LAGNA` | 1 | Cancer | Mercury | | `D7.2` | 2 | Leo | Moon | | `D7.3` | 3 | Virgo | Ketu | | `D7.4` | 4,1,
SIG.MSR.392,spirit,SATURN,Meta-Convergence — Pisces 12H Fortune Cluster: Yogi Point + Pranapada + KP Cusp 12 Sub=Saturn = Three Fortune-Isolation ,3d5d531480dc1331d01fb023d145eec5,01_FACTS_LAYER/FORENSIC_ASTROLOGICAL_DATA_v8_0.md,§4.1,0.2480,### §4.1 KP Cusp Mirror  | ID | Cusp | Degree | Sign | Star Lord | Sub Lord | Sub-Sub Lord | | --- | --- | --- | --- | --- | --- | --- | | `KP.CUSP.1` | 1 (Lagna) | 12°29′19″ | Aries | Ketu | Mercury ,fa29b75101946b29aec1ba2d356f92d3,01_FACTS_LAYER/FORENSIC_ASTROLOGICAL_DATA_v8_0.md,§4.3,0.2895,"### §4.3 KP House Significators  | ID | House | Significators (ranked) | KP Logic | | --- | --- | --- | --- | | `KP.SIG.1` | 1 (Self) | Mars, Ketu | Mars (Lord); Ketu (agent for Mars) | | `KP.SIG.2` |",,,,0.0000,,1,
SIG.MSR.393,wealth,RAHU,Meta-Convergence — Nodal Axis Four-System Lock: Rahu (Taurus 2H) + Ketu (Scorpio 8H) Confirmed Across Parashari + Jaimin,,,,0.0000,,,,,0.0000,,,,,0.0000,,1,FORENSIC_ASTROLOGICAL_DATA_v8_0
SIG.MSR.394,spirit,JUPITER,Meta-Convergence — Jupiter-Venus 9H Dual Benefic: GK+MK Both Own/Exalted Domain + Tri-Pataki Trikona + Dual-Sign Jaimini,,,,0.0000,,,,,0.0000,,,,,0.0000,,1,FORENSIC_ASTROLOGICAL_DATA_v8_0
SIG.MSR.395,spirit,SUN,Meta-Convergence — Sunday + Ashwini + Saturn Hora: Panchang's Three Time-Lords = Sun + Ketu + Saturn = The Chart's Prima,556af0f28b8358c33e05b50960c0e160,01_FACTS_LAYER/FORENSIC_ASTROLOGICAL_DATA_v8_0.md,§23.3,0.2576,### §23.3 Date-Centric Matrix — 2026-01 through 2028-02  | Period | Vimshottari MD – AD | Yogini Dasha | Jaimini Chara MD – AD | Sade Sati | Varshphal Year | | --- | --- | --- | --- | --- | --- | | 20,175647a60dbd4740867395336cab8e09,01_FACTS_LAYER/FORENSIC_ASTROLOGICAL_DATA_v8_0.md,§15.1,0.2805,### §15.1 Panchang at Birth — v8.0 Updated  <!-- [v8.0 UPDATE]: Yoga = Shiva confirmed in both v6.0 and JH. JH additionally identifies Mercury as Yoga Lord (57.13% of Yoga remaining at birth). This is,,,,0.0000,,1,
SIG.MSR.396,career,MOON,Meta-Convergence — Sade Sati Paradox Confirmed Across Three Systems: Parashari (Moon Own-Sign Mitigation) + LEL Retrodic,,,,0.0000,,,,,0.0000,,,,,0.0000,,1,FORENSIC_ASTROLOGICAL_DATA_v8_0
SIG.MSR.397,spirit,MERCURY,Meta-Convergence — Devata Retrodiction Loop: Palana=Mercury/Vishnu + Dharma=Saturn/Venkateswara + Ishta=Venus/Mahalakshm,556af0f28b8358c33e05b50960c0e160,01_FACTS_LAYER/FORENSIC_ASTROLOGICAL_DATA_v8_0.md,§23.3,0.2392,### §23.3 Date-Centric Matrix — 2026-01 through 2028-02  | Period | Vimshottari MD – AD | Yogini Dasha | Jaimini Chara MD – AD | Sade Sati | Varshphal Year | | --- | --- | --- | --- | --- | --- | | 20,65de55012fd3428820596f951008646e,01_FACTS_LAYER/FORENSIC_ASTROLOGICAL_DATA_v8_0.md,§5.1,0.2491,### §5.1 Vimshottari Dasha (Mahadasha / Antardasha)  | ID | MD | AD | Start (FORENSIC) | End (FORENSIC) | | --- | --- | --- | --- | --- | | `DSH.V.001` | Jupiter | Venus | 1984-02-05 | 1986-03-03 | | ,lel_period_period_2022_2024,01_FACTS_LAYER/LIFE_EVENT_LOG_v1_2.md,5,0.2681,"# [L1 fact] → [L2.5 interp embedded] ```yaml PERIOD.2022_2024:   dates: 2022 through 2024   characterization: ""Mix. New relationships, rupture of old, success in professional career, lost US job, move",1,
SIG.MSR.398,relationships,MARS,Meta-Convergence — Mars as Avayogi + PK + 7H Placement: The Chart's Deliberate Weakness = Relationship/Children Domain H,,,,0.0000,,,,,0.0000,,,,,0.0000,,1,FORENSIC_ASTROLOGICAL_DATA_v8_0
SIG.MSR.399,career,,Meta-Convergence — 1H Aries Empty but Convergent: Lagna + Bhava Lagna + Saham Samartha + Saham Paradesa within 3° Arc = ,23317c94228b8e00d05367f23c3e6c89,01_FACTS_LAYER/FORENSIC_ASTROLOGICAL_DATA_v8_0.md,§12.1,0.2836,"### §12.1 Special Lagnas — v8.0 Corrected (JH Authoritative)  <!-- [v8.0 CRITICAL CORRECTION]: v6.0 §12.1 contained computational errors in four of six special lagnas.      Hora Lagna, Ghati Lagna, Va",,,,0.0000,,,,,0.0000,,1,
SIG.MSR.400,career,MERCURY,Meta-Convergence — Mercury-Saturn Mutual-Reinforcement: 10H-7H Parashari Mutual Reception + Jaimini Rashi Drishti + KP A,07746c57c9b49a44649d2584355e8c7d,01_FACTS_LAYER/FORENSIC_ASTROLOGICAL_DATA_v8_0.md,§26.5,0.2317,"### §26.5 Mercury Eight-System Convergence  <!-- [v8.0 architectural note — replaces ""Seven-System"" framing from MSR.413]:      Mercury accumulates 8 system-designations:      1. Current Vimshottari M",,,,0.0000,,,,,0.0000,,1,
SIG.MSR.401,wealth,RAHU,Meta-Convergence — Rahu Exalted in Nakshatra of Moon's Most Favored Domain: Rohini (Moon-Ruled) = Rahu Absorbs Moon's No,,,,0.0000,,,,,0.0000,,,,,0.0000,,1,FORENSIC_ASTROLOGICAL_DATA_v8_0
SIG.MSR.402,unknown,,Hidden-Pinnacle 8H Architecture via Varnada+Ghati Lagnas,23317c94228b8e00d05367f23c3e6c89,01_FACTS_LAYER/FORENSIC_ASTROLOGICAL_DATA_v8_0.md,§12.1,0.2923,"### §12.1 Special Lagnas — v8.0 Corrected (JH Authoritative)  <!-- [v8.0 CRITICAL CORRECTION]: v6.0 §12.1 contained computational errors in four of six special lagnas.      Hora Lagna, Ghati Lagna, Va",6e6ee74891eef8da39604cf9c8e0bf1e,01_FACTS_LAYER/FORENSIC_ASTROLOGICAL_DATA_v8_0.md,,0.3483,"## CHANGELOG  | Version | Date | Session | Changes | | --- | --- | --- | --- | | 6.0 | 2026-04-17 | FIX_SESSION_001 | Base document; dual-engine notes added for Vimshottari, Shadbala, BAV | | 8.0 | 20",7c65920eace43634b0c9895f00db31b4,01_FACTS_LAYER/FORENSIC_ASTROLOGICAL_DATA_v8_0.md,§6.6,0.3602,### §6.6 Bhava Bala — JH Engine (NEW in v8.0)  <!-- Source: JHORA_TRANSCRIPTION_v8_0_SOURCE.md §3. JH engine Bhavabala differs from FORENSIC §6.4. Use this section for JH-authoritative Bhavabala ranki,1,
SIG.MSR.402b,relationships,,Domestic-Dharmic Authority Architecture — Varnada in 4H Cancer + Ghati in 9H Sagittarius (REPLACEMENT FOR MSR.402),c0fff74c31aa2d277c40bb2800359e73,01_FACTS_LAYER/FORENSIC_ASTROLOGICAL_DATA_v8_0.md,§23.1,0.2413,#### Mercury (`PLN.MERCURY`)  | Dimension | Value | | --- | --- | | D1 Sign / Degree | Capricorn 00°50′11″ | | Nakshatra / Pada | Uttara Ashadha / 2 | | Abs Longitude | 270.84° | | Rashi House | 10 | ,b51a25f2e41a4b3452329cf556f221b4,01_FACTS_LAYER/FORENSIC_ASTROLOGICAL_DATA_v8_0.md,§22,0.2504,## §22 — VARSHPHAL 2026–2027 (FACTS)  | ID | Component | Value | | --- | --- | --- | | `VRS.VALIDITY` | Validity | 2026-02-05 to 2027-02-05 | | `VRS.MUNTHA.SIGN` | Muntha | Libra (7th House) | | `VRS.,a5082dda382b6a2281874f6d1b26b54c,01_FACTS_LAYER/FORENSIC_ASTROLOGICAL_DATA_v8_0.md,§23.1,0.2510,#### Venus (`PLN.VENUS`)  | Dimension | Value | | --- | --- | | D1 Sign / Degree | Sagittarius 19°10′12″ | | Nakshatra / Pada | Purva Ashadha / 2 | | Abs Longitude | 259.17° | | Rashi House | 9 | | Ch,1,
SIG.MSR.403,wealth,VENUS,Meta-Convergence — Venus as Triple-Role Planet: 2L+7L (Parashari) + MK (Jaimini) + Ishta Devata (Jaimini Karakamsa) = We,,,,0.0000,,,,,0.0000,,,,,0.0000,,1,FORENSIC_ASTROLOGICAL_DATA_v8_0
SIG.MSR.404,relationships,MERCURY,BB-UL 2026 Five-Fold Crystallization — Quadruple-Loaded Gemini 3H Convergence (v2.0 UPGRADED),6e6ee74891eef8da39604cf9c8e0bf1e,01_FACTS_LAYER/FORENSIC_ASTROLOGICAL_DATA_v8_0.md,,0.3982,"## CHANGELOG  | Version | Date | Session | Changes | | --- | --- | --- | --- | | 6.0 | 2026-04-17 | FIX_SESSION_001 | Base document; dual-engine notes added for Vimshottari, Shadbala, BAV | | 8.0 | 20",0545cc990dbe4661a8bd3eb9a399621d,01_FACTS_LAYER/FORENSIC_ASTROLOGICAL_DATA_v8_0.md,,0.4046,## Unified Canonical L1 Facts Layer — Supersedes v6.0 + Supplement  --- ,c8b0d4b4fcc0cd38e64de8099073dff7,01_FACTS_LAYER/FORENSIC_ASTROLOGICAL_DATA_v8_0.md,§23.1,0.4047,### §23.1 Planet-Centric Matrix ,defer,
SIG.MSR.405,career,SATURN,Meta-Convergence — Triple Exalted Nodal Axis + D27 Confirmation: Saturn+Rahu+Ketu All Exalted in D1 AND Nodal Axis Confi,,,,0.0000,,,,,0.0000,,,,,0.0000,,1,FORENSIC_ASTROLOGICAL_DATA_v8_0
SIG.MSR.406,spirit,MOON,Meta-Convergence — Moon-AK Purva Bhadrapada + Nakshatra Lord Jupiter Own-Sign + Janma Nakshatra Devata Aja Ekapada: Soul,3957c36db58918d598272c55959a012a,01_FACTS_LAYER/FORENSIC_ASTROLOGICAL_DATA_v8_0.md,§14.1,0.2740,### §14.1 Navatara from Janma Nakshatra  <!-- Janma Nakshatra = Purva Bhadrapada (Moon's star). -->  | ID | Position | Tara | Nakshatra | Tenants | | --- | --- | --- | --- | --- | | `NVT.01.JANMA` | 1,c472dade7917933351ad2ae6be9a6610,01_FACTS_LAYER/FORENSIC_ASTROLOGICAL_DATA_v8_0.md,§19,0.2869,## §19 — KOTA CHAKRA (DERIVED)  | ID | Component | Value | | --- | --- | --- | | `KOT.SWAMI` | Kota Swami (Fort Lord) | Saturn (lord of Moon sign Aquarius) | | `KOT.PALA` | Kota Pala (Fort Guard) | Ju,,,,0.0000,,1,
SIG.MSR.407,spirit,JUPITER,9H Jupiter-Venus Laxmi-Narayana-Adjacent Architecture — Shree Lagna OUT of 9H (v2.0),23317c94228b8e00d05367f23c3e6c89,01_FACTS_LAYER/FORENSIC_ASTROLOGICAL_DATA_v8_0.md,§12.1,0.2433,"### §12.1 Special Lagnas — v8.0 Corrected (JH Authoritative)  <!-- [v8.0 CRITICAL CORRECTION]: v6.0 §12.1 contained computational errors in four of six special lagnas.      Hora Lagna, Ghati Lagna, Va",ed89fc38cf873b3a402dfe9deddffad0,01_FACTS_LAYER/FORENSIC_ASTROLOGICAL_DATA_v8_0.md,§3.3,0.2850,### §3.3 D4 — Chaturthamsa (Home / Property)  | ID | House | Sign | Planets | | --- | --- | --- | --- | | `D4.LAGNA` | 1 | Cancer | Sun | | `D4.2` | 2 | Leo | (none) | | `D4.3` | 3 | Virgo | (none) | ,f43cc9d59dd83a0cd7c68742053d0985,01_FACTS_LAYER/FORENSIC_ASTROLOGICAL_DATA_v8_0.md,§3.5,0.2932,### §3.5 D9 — Navamsa (Dharma / Spouse / General Strength)  | ID | Body | D9 Sign | D1 Sign | Vargottama | | --- | --- | --- | --- | --- | | `D9.LAGNA` | D9 Lagna | Cancer | Aries (D1 Lagna) | NO | | ,1,
SIG.MSR.408,career,KETU,Meta-Convergence — Ghati Lagna + Varnada in Scorpio 8H: Transformation Domain is Power-Authority Apex + Soul-Ranking Hou,23317c94228b8e00d05367f23c3e6c89,01_FACTS_LAYER/FORENSIC_ASTROLOGICAL_DATA_v8_0.md,§12.1,0.2438,"### §12.1 Special Lagnas — v8.0 Corrected (JH Authoritative)  <!-- [v8.0 CRITICAL CORRECTION]: v6.0 §12.1 contained computational errors in four of six special lagnas.      Hora Lagna, Ghati Lagna, Va",d753256999e50191d907d328f21e0484,01_FACTS_LAYER/FORENSIC_ASTROLOGICAL_DATA_v8_0.md,§23.2,0.2647,### §23.2 House-Centric Matrix  <!-- v8.0 update: Special lagna and saham placements corrected per §12.1 and §12.2 -->  | House | Sign | Lord | Rashi Occupants | SAV (FORENSIC) | Bhavabala Rupas / Ran,dd2769bbdb08893a9ab7e9c596a48e0e,01_FACTS_LAYER/FORENSIC_ASTROLOGICAL_DATA_v8_0.md,§3.14,0.2732,"### §3.14 D60 — Shashtyamsa (Past Karma)  | ID | House | Sign | Planets | | --- | --- | --- | --- | | `D60.LAGNA` | 1 | Gemini | Saturn | | `D60.2` | 2 | Cancer | Rahu, Jupiter | | `D60.3` | 3 | Leo |",1,
SIG.MSR.409,wealth,MOON,Meta-Convergence — KP Cusp 11 Sub=Mercury (Yogi) + Moon in 11H (AK) + A7 in 11H: Gains House is Simultaneously KP-Mercur,3d5d531480dc1331d01fb023d145eec5,01_FACTS_LAYER/FORENSIC_ASTROLOGICAL_DATA_v8_0.md,§4.1,0.2294,### §4.1 KP Cusp Mirror  | ID | Cusp | Degree | Sign | Star Lord | Sub Lord | Sub-Sub Lord | | --- | --- | --- | --- | --- | --- | --- | | `KP.CUSP.1` | 1 (Lagna) | 12°29′19″ | Aries | Ketu | Mercury ,fa29b75101946b29aec1ba2d356f92d3,01_FACTS_LAYER/FORENSIC_ASTROLOGICAL_DATA_v8_0.md,§4.3,0.2381,"### §4.3 KP House Significators  | ID | House | Significators (ranked) | KP Logic | | --- | --- | --- | --- | | `KP.SIG.1` | 1 (Self) | Mars, Ketu | Mars (Lord); Ketu (agent for Mars) | | `KP.SIG.2` |",f8e288deadeb03986126cd1cc17e4bc0,01_FACTS_LAYER/FORENSIC_ASTROLOGICAL_DATA_v8_0.md,§16.3,0.2557,### §16.3 Bhav-Madhya Aspects (Planet → House Cusp)  | ID | Planet | House | Aspect | Orb (°) | Weight | | --- | --- | --- | --- | --- | --- | | `ASP.BM.PLUTO.11` | Pluto | 11 | Square | 0.25 | 3 | | ,1,
SIG.MSR.410,relationships,SATURN,Meta-Convergence — The Chart's Two Supreme Convergence Zones: 7H Libra (Six Layers) vs 11H Aquarius (Three Layers) = Rel,,,,0.0000,,,,,0.0000,,,,,0.0000,,1,FORENSIC_ASTROLOGICAL_DATA_v8_0
SIG.MSR.411,relationships,SATURN,Meta-Convergence — Mars-Saturn 7H Exact Degree Proximity: 22°27' vs 18°31' = 3°56' Apart = Within Classical 5° Orb = Tig,5482544af208614e383593f70ab0f71d,01_FACTS_LAYER/FORENSIC_ASTROLOGICAL_DATA_v8_0.md,§16.2,0.2701,### §16.2 Tight-Orb Aspects (Western Overlay)  | ID | Pair | Aspect | Orb (°) | Weight | | --- | --- | --- | --- | --- | | `ASP.W.PLUTO_KETU` | Pluto–Ketu | Nonile | 0.28 | 1 | | `ASP.W.PLUTO_URANUS` ,f8e288deadeb03986126cd1cc17e4bc0,01_FACTS_LAYER/FORENSIC_ASTROLOGICAL_DATA_v8_0.md,§16.3,0.3272,### §16.3 Bhav-Madhya Aspects (Planet → House Cusp)  | ID | Planet | House | Aspect | Orb (°) | Weight | | --- | --- | --- | --- | --- | --- | | `ASP.BM.PLUTO.11` | Pluto | 11 | Square | 0.25 | 3 | | ,717ffe0e63d88cd500ae2e584f5f0a10,01_FACTS_LAYER/FORENSIC_ASTROLOGICAL_DATA_v8_0.md,§16.4,0.3304,### §16.4 Trine Check (D1 Abs-Long Geometry)  | ID | Check | Result | | --- | --- | --- | | `TRN.SUN_RAHU` | Sun (291.96°) vs Rahu (49.03°) | Separation ≈ 117.07° → within ~3° of exact 120° trine | | ,1,
SIG.MSR.412,spirit,JUPITER,Meta-Convergence — Jupiter-Venus Exact Degree Proximity in 9H: Purva Ashadha Pada 2 vs Moola Pada 3 = Same Nakshatra Fam,d55e96f1cfb9c5963bd6241c6eb8947e,01_FACTS_LAYER/FORENSIC_ASTROLOGICAL_DATA_v8_0.md,§23.1,0.2605,#### Jupiter (`PLN.JUPITER`)  | Dimension | Value | | --- | --- | | D1 Sign / Degree | Sagittarius 09°48′28″ | | Nakshatra / Pada | Moola / 3 | | Abs Longitude | 249.81° | | Rashi House | 9 | | Chalit,c931151d617e1758464fb08133424f5f,01_FACTS_LAYER/FORENSIC_ASTROLOGICAL_DATA_v8_0.md,§23.1,0.2727,#### Moon (`PLN.MOON`)  | Dimension | Value | | --- | --- | | D1 Sign / Degree | Aquarius 27°02′48″ | | Nakshatra / Pada | Purva Bhadrapada / 3 | | Abs Longitude | 327.05° | | Rashi House | 11 | | Cha,,,,0.0000,,1,
SIG.MSR.413,career,MERCURY,Mercury Eight-System Convergence — Chart's Primary Operational Planet (v2.0 UPGRADED from Seven),07746c57c9b49a44649d2584355e8c7d,01_FACTS_LAYER/FORENSIC_ASTROLOGICAL_DATA_v8_0.md,§26.5,0.2214,"### §26.5 Mercury Eight-System Convergence  <!-- [v8.0 architectural note — replaces ""Seven-System"" framing from MSR.413]:      Mercury accumulates 8 system-designations:      1. Current Vimshottari M",3a58c62aa9899cc20cde034226657ff7,01_FACTS_LAYER/FORENSIC_ASTROLOGICAL_DATA_v8_0.md,§6.8,0.2753,### §6.8 Pancha-Vargeeya Classification — JH Engine (NEW in v8.0)  <!-- Source: JHORA_TRANSCRIPTION_v8_0_SOURCE.md §3. Composite strength across 5 key vargas. -->  | ID | Planet | Score | Classificati,c0fff74c31aa2d277c40bb2800359e73,01_FACTS_LAYER/FORENSIC_ASTROLOGICAL_DATA_v8_0.md,§23.1,0.2867,#### Mercury (`PLN.MERCURY`)  | Dimension | Value | | --- | --- | | D1 Sign / Degree | Capricorn 00°50′11″ | | Nakshatra / Pada | Uttara Ashadha / 2 | | Abs Longitude | 270.84° | | Rashi House | 10 | ,1,
SIG.MSR.414,career,SATURN,Meta-Convergence — Saturn Apex 2041-2044: Saturn Return (Libra) + SIG.31 + Current Sade Sati Setting (Pisces) Building T,0dac7b3be919024c98910483771f6c8d,01_FACTS_LAYER/FORENSIC_ASTROLOGICAL_DATA_v8_0.md,§21,0.2159,## §21 — SADE SATI — SATURNINE TRANSIT (FACTS)  | ID | Cycle | Saturn Sign | Start | End | Phase | | --- | --- | --- | --- | --- | --- | | `TRS.SS.C2.P1` | Cycle 2 | Capricorn | 2020-01-24 | 2022-04-2,,,,0.0000,,,,,0.0000,,1,
SIG.MSR.415,career,SATURN,"Meta-Convergence — The Whole Chart as Organism: Primary Axis (7H-1H), Secondary Axis (10H-4H), Soul Axis (11H-5H) = Thre",,,,0.0000,,,,,0.0000,,,,,0.0000,,1,FORENSIC_ASTROLOGICAL_DATA_v8_0
SIG.MSR.416,unknown,,Statistics — Signal Distribution by Type (415 signals enumerated),baa29f10f3524d1d60bf67b191eb1369,01_FACTS_LAYER/FORENSIC_ASTROLOGICAL_DATA_v8_0.md,§3,0.3750,## §3 — DIVISIONAL CHARTS (FACTS) ,c3c1113722072bbbf3b8d7c19931e4cb,01_FACTS_LAYER/FORENSIC_ASTROLOGICAL_DATA_v8_0.md,§2,0.3869,## §2 — D1 RASHI CHART (FACTS) ,,,,0.0000,,defer,
SIG.MSR.417,unknown,,Statistics — Confidence Distribution: High (≥0.85) vs Medium (0.70-0.84) vs Low (<0.70) Signal Breakdown,60b10429132e671a739a9b348ed950aa,01_FACTS_LAYER/FORENSIC_ASTROLOGICAL_DATA_v8_0.md,§6,0.3511,## §6 — STRENGTH METRICS (FACTS) ,baa29f10f3524d1d60bf67b191eb1369,01_FACTS_LAYER/FORENSIC_ASTROLOGICAL_DATA_v8_0.md,§3,0.3660,## §3 — DIVISIONAL CHARTS (FACTS) ,c3c1113722072bbbf3b8d7c19931e4cb,01_FACTS_LAYER/FORENSIC_ASTROLOGICAL_DATA_v8_0.md,§2,0.3800,## §2 — D1 RASHI CHART (FACTS) ,defer,
SIG.MSR.418,career,,Statistics — Domain Coverage Matrix: All 9 Domains Covered Across All 16 Signal Types,baa29f10f3524d1d60bf67b191eb1369,01_FACTS_LAYER/FORENSIC_ASTROLOGICAL_DATA_v8_0.md,§3,0.3250,## §3 — DIVISIONAL CHARTS (FACTS) ,ec7191b3497a45a336cad36a67663f3c,01_FACTS_LAYER/FORENSIC_ASTROLOGICAL_DATA_v8_0.md,§23,0.3479,## §23 — CROSS-REFERENCE MATRICES (DERIVED INDEXES) ,c3c1113722072bbbf3b8d7c19931e4cb,01_FACTS_LAYER/FORENSIC_ASTROLOGICAL_DATA_v8_0.md,§2,0.3566,## §2 — D1 RASHI CHART (FACTS) ,defer,
SIG.MSR.419,unknown,,Statistics — Open Gaps Requiring Future Resolution (Red-Team Register),baa29f10f3524d1d60bf67b191eb1369,01_FACTS_LAYER/FORENSIC_ASTROLOGICAL_DATA_v8_0.md,§3,0.3531,## §3 — DIVISIONAL CHARTS (FACTS) ,c3c1113722072bbbf3b8d7c19931e4cb,01_FACTS_LAYER/FORENSIC_ASTROLOGICAL_DATA_v8_0.md,§2,0.3583,## §2 — D1 RASHI CHART (FACTS) ,60b10429132e671a739a9b348ed950aa,01_FACTS_LAYER/FORENSIC_ASTROLOGICAL_DATA_v8_0.md,§6,0.3680,## §6 — STRENGTH METRICS (FACTS) ,defer,
SIG.MSR.420,career,,"Statistics — MSR_v1_0 Completeness Certificate: 420 Signals, 16 Signal Types, 9 Domains, Acharya-Grade Coverage",c3c1113722072bbbf3b8d7c19931e4cb,01_FACTS_LAYER/FORENSIC_ASTROLOGICAL_DATA_v8_0.md,§2,0.3143,## §2 — D1 RASHI CHART (FACTS) ,,,,0.0000,,,,,0.0000,,defer,
SIG.MSR.421,career,MARS,Kalpadruma / Parijata Yoga (D-1) — Royal Yoga of Principled Warrior King,8b9070e97dbaf3363145b7d172d26790,01_FACTS_LAYER/FORENSIC_ASTROLOGICAL_DATA_v8_0.md,§26.1,0.2306,### §26.1 D-1 Rashi Yogas  | ID | Yoga | Type | Key Planets / Houses | Note | | --- | --- | --- | --- | --- | | `YGA.D1.KALPADRUMA` | Kalpadruma / Parijata Yoga | Major royal yoga | Atmakaraka Moon; d,f8fe9a055f29e6e4f4f2b9217b97aa88,01_FACTS_LAYER/FORENSIC_ASTROLOGICAL_DATA_v8_0.md,§26.3,0.3024,### §26.3 D-10 Dashamsha Yogas  | ID | Yoga | Type | Key Configuration | Note | | --- | --- | --- | --- | --- | | `YGA.D10.SARALA` | Sarala Viparita Raja Yoga | Power from upheaval | 8L in 8H in D10 —,835bf9f897fc9d3a5af3927297d8c363,01_FACTS_LAYER/FORENSIC_ASTROLOGICAL_DATA_v8_0.md,§26.2,0.3082,### §26.2 D-9 Navamsa Yogas  | ID | Yoga | Type | Key Configuration | Note | | --- | --- | --- | --- | --- | | `YGA.D9.GAJAKESARI` | Gaja-Kesari Yoga (D9) | Famous / virtuous | Jupiter and Moon both i,1,
SIG.MSR.422,career,MERCURY,"Chaamara Yoga (D-1) — Long-Lived, Scholarly, Eloquent Native",8b9070e97dbaf3363145b7d172d26790,01_FACTS_LAYER/FORENSIC_ASTROLOGICAL_DATA_v8_0.md,§26.1,0.2757,### §26.1 D-1 Rashi Yogas  | ID | Yoga | Type | Key Planets / Houses | Note | | --- | --- | --- | --- | --- | | `YGA.D1.KALPADRUMA` | Kalpadruma / Parijata Yoga | Major royal yoga | Atmakaraka Moon; d,e5775259fedd436cd9ea2baa79892bab,01_FACTS_LAYER/FORENSIC_ASTROLOGICAL_DATA_v8_0.md,§26,0.3226,"## §26 — YOGAS REGISTER (DERIVED — NEW in v8.0)  <!-- Source: JHORA_TRANSCRIPTION_v8_0_SOURCE.md §6 + SUPPLEMENT §1.8.      JH identifies 40+ yogas across D-1, D-2, D-9, D-10. Priority yogas listed be",74b6cd7c73d35fbdbaccfe32018d261f,01_FACTS_LAYER/FORENSIC_ASTROLOGICAL_DATA_v8_0.md,§26.4,0.3310,### §26.4 D-2 Hora Yogas  | ID | Yoga | Type | Key Configuration | Note | | --- | --- | --- | --- | --- | | `YGA.D2.MAHA_YOGADA` | Maha Yogada | Power / authority / wealth | Specific AK + lagna lord c,1,
SIG.MSR.423,career,JUPITER,"Mridanga Yoga (D-1) — King or Equal, Happy, Well-Honored",8b9070e97dbaf3363145b7d172d26790,01_FACTS_LAYER/FORENSIC_ASTROLOGICAL_DATA_v8_0.md,§26.1,0.2540,### §26.1 D-1 Rashi Yogas  | ID | Yoga | Type | Key Planets / Houses | Note | | --- | --- | --- | --- | --- | | `YGA.D1.KALPADRUMA` | Kalpadruma / Parijata Yoga | Major royal yoga | Atmakaraka Moon; d,74b6cd7c73d35fbdbaccfe32018d261f,01_FACTS_LAYER/FORENSIC_ASTROLOGICAL_DATA_v8_0.md,§26.4,0.2805,### §26.4 D-2 Hora Yogas  | ID | Yoga | Type | Key Configuration | Note | | --- | --- | --- | --- | --- | | `YGA.D2.MAHA_YOGADA` | Maha Yogada | Power / authority / wealth | Specific AK + lagna lord c,f8fe9a055f29e6e4f4f2b9217b97aa88,01_FACTS_LAYER/FORENSIC_ASTROLOGICAL_DATA_v8_0.md,§26.3,0.3207,### §26.3 D-10 Dashamsha Yogas  | ID | Yoga | Type | Key Configuration | Note | | --- | --- | --- | --- | --- | | `YGA.D10.SARALA` | Sarala Viparita Raja Yoga | Power from upheaval | 8L in 8H in D10 —,1,
SIG.MSR.424,relationships,SUN,"Sankha Yoga (D-1) — Wealth, Good Spouse-and-Children, Kind, Pious, Long-Lived",8b9070e97dbaf3363145b7d172d26790,01_FACTS_LAYER/FORENSIC_ASTROLOGICAL_DATA_v8_0.md,§26.1,0.2345,### §26.1 D-1 Rashi Yogas  | ID | Yoga | Type | Key Planets / Houses | Note | | --- | --- | --- | --- | --- | | `YGA.D1.KALPADRUMA` | Kalpadruma / Parijata Yoga | Major royal yoga | Atmakaraka Moon; d,74b6cd7c73d35fbdbaccfe32018d261f,01_FACTS_LAYER/FORENSIC_ASTROLOGICAL_DATA_v8_0.md,§26.4,0.2623,### §26.4 D-2 Hora Yogas  | ID | Yoga | Type | Key Configuration | Note | | --- | --- | --- | --- | --- | | `YGA.D2.MAHA_YOGADA` | Maha Yogada | Power / authority / wealth | Specific AK + lagna lord c,dd2769bbdb08893a9ab7e9c596a48e0e,01_FACTS_LAYER/FORENSIC_ASTROLOGICAL_DATA_v8_0.md,§3.14,0.2824,"### §3.14 D60 — Shashtyamsa (Past Karma)  | ID | House | Sign | Planets | | --- | --- | --- | --- | | `D60.LAGNA` | 1 | Gemini | Saturn | | `D60.2` | 2 | Cancer | Rahu, Jupiter | | `D60.3` | 3 | Leo |",1,
SIG.MSR.425,career,JUPITER,"Vosi Yoga (D-1) — Skillful, Charitable, Learned, Successful",835bf9f897fc9d3a5af3927297d8c363,01_FACTS_LAYER/FORENSIC_ASTROLOGICAL_DATA_v8_0.md,§26.2,0.3119,### §26.2 D-9 Navamsa Yogas  | ID | Yoga | Type | Key Configuration | Note | | --- | --- | --- | --- | --- | | `YGA.D9.GAJAKESARI` | Gaja-Kesari Yoga (D9) | Famous / virtuous | Jupiter and Moon both i,8b9070e97dbaf3363145b7d172d26790,01_FACTS_LAYER/FORENSIC_ASTROLOGICAL_DATA_v8_0.md,§26.1,0.3139,### §26.1 D-1 Rashi Yogas  | ID | Yoga | Type | Key Planets / Houses | Note | | --- | --- | --- | --- | --- | | `YGA.D1.KALPADRUMA` | Kalpadruma / Parijata Yoga | Major royal yoga | Atmakaraka Moon; d,f8fe9a055f29e6e4f4f2b9217b97aa88,01_FACTS_LAYER/FORENSIC_ASTROLOGICAL_DATA_v8_0.md,§26.3,0.3173,### §26.3 D-10 Dashamsha Yogas  | ID | Yoga | Type | Key Configuration | Note | | --- | --- | --- | --- | --- | | `YGA.D10.SARALA` | Sarala Viparita Raja Yoga | Power from upheaval | 8L in 8H in D10 —,1,
SIG.MSR.426,mind,MERCURY,"Anaphaa Yoga (D-1) — Comforts, Good Character, Self-Reliant",8b9070e97dbaf3363145b7d172d26790,01_FACTS_LAYER/FORENSIC_ASTROLOGICAL_DATA_v8_0.md,§26.1,0.3038,### §26.1 D-1 Rashi Yogas  | ID | Yoga | Type | Key Planets / Houses | Note | | --- | --- | --- | --- | --- | | `YGA.D1.KALPADRUMA` | Kalpadruma / Parijata Yoga | Major royal yoga | Atmakaraka Moon; d,74b6cd7c73d35fbdbaccfe32018d261f,01_FACTS_LAYER/FORENSIC_ASTROLOGICAL_DATA_v8_0.md,§26.4,0.3333,### §26.4 D-2 Hora Yogas  | ID | Yoga | Type | Key Configuration | Note | | --- | --- | --- | --- | --- | | `YGA.D2.MAHA_YOGADA` | Maha Yogada | Power / authority / wealth | Specific AK + lagna lord c,e5775259fedd436cd9ea2baa79892bab,01_FACTS_LAYER/FORENSIC_ASTROLOGICAL_DATA_v8_0.md,§26,0.3613,"## §26 — YOGAS REGISTER (DERIVED — NEW in v8.0)  <!-- Source: JHORA_TRANSCRIPTION_v8_0_SOURCE.md §6 + SUPPLEMENT §1.8.      JH identifies 40+ yogas across D-1, D-2, D-9, D-10. Priority yogas listed be",1,
SIG.MSR.427,career,SUN,"Kedaara Naabhasa Yoga (D-1, Lifetime) — Happy, Wealthy, Helpful",8b9070e97dbaf3363145b7d172d26790,01_FACTS_LAYER/FORENSIC_ASTROLOGICAL_DATA_v8_0.md,§26.1,0.2712,### §26.1 D-1 Rashi Yogas  | ID | Yoga | Type | Key Planets / Houses | Note | | --- | --- | --- | --- | --- | | `YGA.D1.KALPADRUMA` | Kalpadruma / Parijata Yoga | Major royal yoga | Atmakaraka Moon; d,835bf9f897fc9d3a5af3927297d8c363,01_FACTS_LAYER/FORENSIC_ASTROLOGICAL_DATA_v8_0.md,§26.2,0.3226,### §26.2 D-9 Navamsa Yogas  | ID | Yoga | Type | Key Configuration | Note | | --- | --- | --- | --- | --- | | `YGA.D9.GAJAKESARI` | Gaja-Kesari Yoga (D9) | Famous / virtuous | Jupiter and Moon both i,74b6cd7c73d35fbdbaccfe32018d261f,01_FACTS_LAYER/FORENSIC_ASTROLOGICAL_DATA_v8_0.md,§26.4,0.3350,### §26.4 D-2 Hora Yogas  | ID | Yoga | Type | Key Configuration | Note | | --- | --- | --- | --- | --- | | `YGA.D2.MAHA_YOGADA` | Maha Yogada | Power / authority / wealth | Specific AK + lagna lord c,1,
SIG.MSR.428,spirit,MOON,Gaja-Kesari Yoga in D-9 Navamsa — Famous and Virtuous (MAJOR D-9 YOGA),835bf9f897fc9d3a5af3927297d8c363,01_FACTS_LAYER/FORENSIC_ASTROLOGICAL_DATA_v8_0.md,§26.2,0.1555,### §26.2 D-9 Navamsa Yogas  | ID | Yoga | Type | Key Configuration | Note | | --- | --- | --- | --- | --- | | `YGA.D9.GAJAKESARI` | Gaja-Kesari Yoga (D9) | Famous / virtuous | Jupiter and Moon both i,8b9070e97dbaf3363145b7d172d26790,01_FACTS_LAYER/FORENSIC_ASTROLOGICAL_DATA_v8_0.md,§26.1,0.2319,### §26.1 D-1 Rashi Yogas  | ID | Yoga | Type | Key Planets / Houses | Note | | --- | --- | --- | --- | --- | | `YGA.D1.KALPADRUMA` | Kalpadruma / Parijata Yoga | Major royal yoga | Atmakaraka Moon; d,f8fe9a055f29e6e4f4f2b9217b97aa88,01_FACTS_LAYER/FORENSIC_ASTROLOGICAL_DATA_v8_0.md,§26.3,0.2573,### §26.3 D-10 Dashamsha Yogas  | ID | Yoga | Type | Key Configuration | Note | | --- | --- | --- | --- | --- | | `YGA.D10.SARALA` | Sarala Viparita Raja Yoga | Power from upheaval | 8L in 8H in D10 —,1,
SIG.MSR.429,career,VENUS,"Kaahala Yoga (D-9) — Strong, Bold, Leads Large Enterprise",835bf9f897fc9d3a5af3927297d8c363,01_FACTS_LAYER/FORENSIC_ASTROLOGICAL_DATA_v8_0.md,§26.2,0.2840,### §26.2 D-9 Navamsa Yogas  | ID | Yoga | Type | Key Configuration | Note | | --- | --- | --- | --- | --- | | `YGA.D9.GAJAKESARI` | Gaja-Kesari Yoga (D9) | Famous / virtuous | Jupiter and Moon both i,f8fe9a055f29e6e4f4f2b9217b97aa88,01_FACTS_LAYER/FORENSIC_ASTROLOGICAL_DATA_v8_0.md,§26.3,0.2985,### §26.3 D-10 Dashamsha Yogas  | ID | Yoga | Type | Key Configuration | Note | | --- | --- | --- | --- | --- | | `YGA.D10.SARALA` | Sarala Viparita Raja Yoga | Power from upheaval | 8L in 8H in D10 —,8b9070e97dbaf3363145b7d172d26790,01_FACTS_LAYER/FORENSIC_ASTROLOGICAL_DATA_v8_0.md,§26.1,0.3052,### §26.1 D-1 Rashi Yogas  | ID | Yoga | Type | Key Planets / Houses | Note | | --- | --- | --- | --- | --- | | `YGA.D1.KALPADRUMA` | Kalpadruma / Parijata Yoga | Major royal yoga | Atmakaraka Moon; d,1,
SIG.MSR.430,career,MOON,"Raja-Lakshmi Yoga (D-9) — Fortunate, High Achiever (Moon + Jupiter)",835bf9f897fc9d3a5af3927297d8c363,01_FACTS_LAYER/FORENSIC_ASTROLOGICAL_DATA_v8_0.md,§26.2,0.1903,### §26.2 D-9 Navamsa Yogas  | ID | Yoga | Type | Key Configuration | Note | | --- | --- | --- | --- | --- | | `YGA.D9.GAJAKESARI` | Gaja-Kesari Yoga (D9) | Famous / virtuous | Jupiter and Moon both i,f8fe9a055f29e6e4f4f2b9217b97aa88,01_FACTS_LAYER/FORENSIC_ASTROLOGICAL_DATA_v8_0.md,§26.3,0.2313,### §26.3 D-10 Dashamsha Yogas  | ID | Yoga | Type | Key Configuration | Note | | --- | --- | --- | --- | --- | | `YGA.D10.SARALA` | Sarala Viparita Raja Yoga | Power from upheaval | 8L in 8H in D10 —,8b9070e97dbaf3363145b7d172d26790,01_FACTS_LAYER/FORENSIC_ASTROLOGICAL_DATA_v8_0.md,§26.1,0.2318,### §26.1 D-1 Rashi Yogas  | ID | Yoga | Type | Key Planets / Houses | Note | | --- | --- | --- | --- | --- | | `YGA.D1.KALPADRUMA` | Kalpadruma / Parijata Yoga | Major royal yoga | Atmakaraka Moon; d,1,
SIG.MSR.431,career,MARS,"Yogakaraka Mars (D-9, D-10) — Same Planet Owns Kendra + Kona = Success",f8fe9a055f29e6e4f4f2b9217b97aa88,01_FACTS_LAYER/FORENSIC_ASTROLOGICAL_DATA_v8_0.md,§26.3,0.2383,### §26.3 D-10 Dashamsha Yogas  | ID | Yoga | Type | Key Configuration | Note | | --- | --- | --- | --- | --- | | `YGA.D10.SARALA` | Sarala Viparita Raja Yoga | Power from upheaval | 8L in 8H in D10 —,8b9070e97dbaf3363145b7d172d26790,01_FACTS_LAYER/FORENSIC_ASTROLOGICAL_DATA_v8_0.md,§26.1,0.2388,### §26.1 D-1 Rashi Yogas  | ID | Yoga | Type | Key Planets / Houses | Note | | --- | --- | --- | --- | --- | | `YGA.D1.KALPADRUMA` | Kalpadruma / Parijata Yoga | Major royal yoga | Atmakaraka Moon; d,835bf9f897fc9d3a5af3927297d8c363,01_FACTS_LAYER/FORENSIC_ASTROLOGICAL_DATA_v8_0.md,§26.2,0.2646,### §26.2 D-9 Navamsa Yogas  | ID | Yoga | Type | Key Configuration | Note | | --- | --- | --- | --- | --- | | `YGA.D9.GAJAKESARI` | Gaja-Kesari Yoga (D9) | Famous / virtuous | Jupiter and Moon both i,1,
SIG.MSR.432,career,MOON,Raja Yoga AK-PK (D-9) — Loyal Following and Power (Moon + Rahu),835bf9f897fc9d3a5af3927297d8c363,01_FACTS_LAYER/FORENSIC_ASTROLOGICAL_DATA_v8_0.md,§26.2,0.2488,### §26.2 D-9 Navamsa Yogas  | ID | Yoga | Type | Key Configuration | Note | | --- | --- | --- | --- | --- | | `YGA.D9.GAJAKESARI` | Gaja-Kesari Yoga (D9) | Famous / virtuous | Jupiter and Moon both i,8b9070e97dbaf3363145b7d172d26790,01_FACTS_LAYER/FORENSIC_ASTROLOGICAL_DATA_v8_0.md,§26.1,0.2517,### §26.1 D-1 Rashi Yogas  | ID | Yoga | Type | Key Planets / Houses | Note | | --- | --- | --- | --- | --- | | `YGA.D1.KALPADRUMA` | Kalpadruma / Parijata Yoga | Major royal yoga | Atmakaraka Moon; d,f8fe9a055f29e6e4f4f2b9217b97aa88,01_FACTS_LAYER/FORENSIC_ASTROLOGICAL_DATA_v8_0.md,§26.3,0.2810,### §26.3 D-10 Dashamsha Yogas  | ID | Yoga | Type | Key Configuration | Note | | --- | --- | --- | --- | --- | | `YGA.D10.SARALA` | Sarala Viparita Raja Yoga | Power from upheaval | 8L in 8H in D10 —,1,
SIG.MSR.433,career,JUPITER,"Viparita Raja Yoga Jupiter (D-9) — Success After Pressures, Others' Losses Become Native's Opportunity",835bf9f897fc9d3a5af3927297d8c363,01_FACTS_LAYER/FORENSIC_ASTROLOGICAL_DATA_v8_0.md,§26.2,0.2072,### §26.2 D-9 Navamsa Yogas  | ID | Yoga | Type | Key Configuration | Note | | --- | --- | --- | --- | --- | | `YGA.D9.GAJAKESARI` | Gaja-Kesari Yoga (D9) | Famous / virtuous | Jupiter and Moon both i,f8fe9a055f29e6e4f4f2b9217b97aa88,01_FACTS_LAYER/FORENSIC_ASTROLOGICAL_DATA_v8_0.md,§26.3,0.2360,### §26.3 D-10 Dashamsha Yogas  | ID | Yoga | Type | Key Configuration | Note | | --- | --- | --- | --- | --- | | `YGA.D10.SARALA` | Sarala Viparita Raja Yoga | Power from upheaval | 8L in 8H in D10 —,8b9070e97dbaf3363145b7d172d26790,01_FACTS_LAYER/FORENSIC_ASTROLOGICAL_DATA_v8_0.md,§26.1,0.2846,### §26.1 D-1 Rashi Yogas  | ID | Yoga | Type | Key Planets / Houses | Note | | --- | --- | --- | --- | --- | | `YGA.D1.KALPADRUMA` | Kalpadruma / Parijata Yoga | Major royal yoga | Atmakaraka Moon; d,1,
SIG.MSR.434,career,JUPITER,"Sarala Viparita Raja Yoga (D-10) — Long-Lived, Fearless, Learned, Celebrated, Prosperous in Career Chart",f8fe9a055f29e6e4f4f2b9217b97aa88,01_FACTS_LAYER/FORENSIC_ASTROLOGICAL_DATA_v8_0.md,§26.3,0.1859,### §26.3 D-10 Dashamsha Yogas  | ID | Yoga | Type | Key Configuration | Note | | --- | --- | --- | --- | --- | | `YGA.D10.SARALA` | Sarala Viparita Raja Yoga | Power from upheaval | 8L in 8H in D10 —,835bf9f897fc9d3a5af3927297d8c363,01_FACTS_LAYER/FORENSIC_ASTROLOGICAL_DATA_v8_0.md,§26.2,0.2513,### §26.2 D-9 Navamsa Yogas  | ID | Yoga | Type | Key Configuration | Note | | --- | --- | --- | --- | --- | | `YGA.D9.GAJAKESARI` | Gaja-Kesari Yoga (D9) | Famous / virtuous | Jupiter and Moon both i,8b9070e97dbaf3363145b7d172d26790,01_FACTS_LAYER/FORENSIC_ASTROLOGICAL_DATA_v8_0.md,§26.1,0.2680,### §26.1 D-1 Rashi Yogas  | ID | Yoga | Type | Key Planets / Houses | Note | | --- | --- | --- | --- | --- | | `YGA.D1.KALPADRUMA` | Kalpadruma / Parijata Yoga | Major royal yoga | Atmakaraka Moon; d,1,
SIG.MSR.435,wealth,JUPITER,"Maha Yogada (D-2 Hora) — Power, Authority, and Wealth (Jupiter Associated with Lagna + GL + HL)",74b6cd7c73d35fbdbaccfe32018d261f,01_FACTS_LAYER/FORENSIC_ASTROLOGICAL_DATA_v8_0.md,§26.4,0.1812,### §26.4 D-2 Hora Yogas  | ID | Yoga | Type | Key Configuration | Note | | --- | --- | --- | --- | --- | | `YGA.D2.MAHA_YOGADA` | Maha Yogada | Power / authority / wealth | Specific AK + lagna lord c,8b9070e97dbaf3363145b7d172d26790,01_FACTS_LAYER/FORENSIC_ASTROLOGICAL_DATA_v8_0.md,§26.1,0.2367,### §26.1 D-1 Rashi Yogas  | ID | Yoga | Type | Key Planets / Houses | Note | | --- | --- | --- | --- | --- | | `YGA.D1.KALPADRUMA` | Kalpadruma / Parijata Yoga | Major royal yoga | Atmakaraka Moon; d,835bf9f897fc9d3a5af3927297d8c363,01_FACTS_LAYER/FORENSIC_ASTROLOGICAL_DATA_v8_0.md,§26.2,0.2431,### §26.2 D-9 Navamsa Yogas  | ID | Yoga | Type | Key Configuration | Note | | --- | --- | --- | --- | --- | | `YGA.D9.GAJAKESARI` | Gaja-Kesari Yoga (D9) | Famous / virtuous | Jupiter and Moon both i,1,
SIG.MSR.436,wealth,MERCURY,"Sadhu Yoga (D-2 Hora) — Saintly Character, Spiritually Grounded Wealth",74b6cd7c73d35fbdbaccfe32018d261f,01_FACTS_LAYER/FORENSIC_ASTROLOGICAL_DATA_v8_0.md,§26.4,0.1947,### §26.4 D-2 Hora Yogas  | ID | Yoga | Type | Key Configuration | Note | | --- | --- | --- | --- | --- | | `YGA.D2.MAHA_YOGADA` | Maha Yogada | Power / authority / wealth | Specific AK + lagna lord c,8b9070e97dbaf3363145b7d172d26790,01_FACTS_LAYER/FORENSIC_ASTROLOGICAL_DATA_v8_0.md,§26.1,0.3021,### §26.1 D-1 Rashi Yogas  | ID | Yoga | Type | Key Planets / Houses | Note | | --- | --- | --- | --- | --- | | `YGA.D1.KALPADRUMA` | Kalpadruma / Parijata Yoga | Major royal yoga | Atmakaraka Moon; d,cb29ffa3c7f05682e42a193022e72037,01_FACTS_LAYER/FORENSIC_ASTROLOGICAL_DATA_v8_0.md,§3.1,0.3211,"### §3.1 D2 — Hora (Wealth Division)  | ID | Hora Sign | Ruler | Planets | | --- | --- | --- | --- | | `D2.CANCER` | Cancer | Moon | Moon, Mars, Venus, Saturn, Mercury | | `D2.LEO` | Leo | Sun | Jupit",1,
SIG.MSR.437,spirit,MERCURY,Birth Yoga = Siva (Mercury-Ruled) — Auspicious Yoga Lord Convergence (GAP.01 RESOLVED),175647a60dbd4740867395336cab8e09,01_FACTS_LAYER/FORENSIC_ASTROLOGICAL_DATA_v8_0.md,§15.1,0.2002,### §15.1 Panchang at Birth — v8.0 Updated  <!-- [v8.0 UPDATE]: Yoga = Shiva confirmed in both v6.0 and JH. JH additionally identifies Mercury as Yoga Lord (57.13% of Yoga remaining at birth). This is,d3c1ac677a899a2d0cdc5c3f044ca6d2,01_FACTS_LAYER/FORENSIC_ASTROLOGICAL_DATA_v8_0.md,§11.3,0.2370,### §11.3 Yogi / Avayogi  | ID | Field | Value | | --- | --- | --- | | `YOG.FORMULA` | Formula | Sun_abs + Moon_abs + 93°20′ mod 360 | | `YOG.INPUT.SUN` | Sun Abs Long | 291.96° | | `YOG.INPUT.MOON` |,07746c57c9b49a44649d2584355e8c7d,01_FACTS_LAYER/FORENSIC_ASTROLOGICAL_DATA_v8_0.md,§26.5,0.2499,"### §26.5 Mercury Eight-System Convergence  <!-- [v8.0 architectural note — replaces ""Seven-System"" framing from MSR.413]:      Mercury accumulates 8 system-designations:      1. Current Vimshottari M",1,
SIG.MSR.438,career,SATURN,Saturn Ishta Phala 43.28 / Kashta 4.81 — ~9:1 Beneficial Delivery Ratio (Primary Phala Planet),29c4d7abe730efc5adb799a1258e6cd1,01_FACTS_LAYER/FORENSIC_ASTROLOGICAL_DATA_v8_0.md,§6.7,0.1523,### §6.7 Ishta / Kashta Phala — JH Engine (NEW in v8.0)  <!-- Source: JHORA_TRANSCRIPTION_v8_0_SOURCE.md §3. Ishta = benefic output; Kashta = malefic output. -->  | ID | Planet | Ishta Phala | Kashta ,7e3eef559eb3ac6793930b6c5b5a8619,01_FACTS_LAYER/FORENSIC_ASTROLOGICAL_DATA_v8_0.md,§23.1,0.2368,#### Saturn (`PLN.SATURN`)  | Dimension | Value | | --- | --- | | D1 Sign / Degree | Libra 22°27′04″ | | Nakshatra / Pada | Vishakha / 1 | | Abs Longitude | 202.45° | | Rashi House | 7 | | Chalit Hous,71433979eee9932c2f958170a8b576e6,01_FACTS_LAYER/FORENSIC_ASTROLOGICAL_DATA_v8_0.md,§23.1,0.2528,#### Mars (`PLN.MARS`)  | Dimension | Value | | --- | --- | | D1 Sign / Degree | Libra 18°31′38″ | | Nakshatra / Pada | Swati / 4 | | Abs Longitude | 198.53° | | Rashi House | 7 | | Chalit House | 7 |,1,
SIG.MSR.439,parents,JUPITER,Jupiter Ishta 10.78 / Kashta 48.81 — ~1:5 Malefic Phala Despite Maximum Pancha-Vargeeya (CTR.03 Quantified),29c4d7abe730efc5adb799a1258e6cd1,01_FACTS_LAYER/FORENSIC_ASTROLOGICAL_DATA_v8_0.md,§6.7,0.1786,### §6.7 Ishta / Kashta Phala — JH Engine (NEW in v8.0)  <!-- Source: JHORA_TRANSCRIPTION_v8_0_SOURCE.md §3. Ishta = benefic output; Kashta = malefic output. -->  | ID | Planet | Ishta Phala | Kashta ,d55e96f1cfb9c5963bd6241c6eb8947e,01_FACTS_LAYER/FORENSIC_ASTROLOGICAL_DATA_v8_0.md,§23.1,0.2247,#### Jupiter (`PLN.JUPITER`)  | Dimension | Value | | --- | --- | | D1 Sign / Degree | Sagittarius 09°48′28″ | | Nakshatra / Pada | Moola / 3 | | Abs Longitude | 249.81° | | Rashi House | 9 | | Chalit,3a58c62aa9899cc20cde034226657ff7,01_FACTS_LAYER/FORENSIC_ASTROLOGICAL_DATA_v8_0.md,§6.8,0.2445,### §6.8 Pancha-Vargeeya Classification — JH Engine (NEW in v8.0)  <!-- Source: JHORA_TRANSCRIPTION_v8_0_SOURCE.md §3. Composite strength across 5 key vargas. -->  | ID | Planet | Score | Classificati,1,
SIG.MSR.440,children,JUPITER,Bhava Bala 5H Rank 1 (Strongest) — Purva Punya-Children-Creativity House is Structurally Strongest,7c65920eace43634b0c9895f00db31b4,01_FACTS_LAYER/FORENSIC_ASTROLOGICAL_DATA_v8_0.md,§6.6,0.1844,### §6.6 Bhava Bala — JH Engine (NEW in v8.0)  <!-- Source: JHORA_TRANSCRIPTION_v8_0_SOURCE.md §3. JH engine Bhavabala differs from FORENSIC §6.4. Use this section for JH-authoritative Bhavabala ranki,e2f3a051c9b94955eed51e39b82845d1,01_FACTS_LAYER/FORENSIC_ASTROLOGICAL_DATA_v8_0.md,§6.4,0.2533,### §6.4 Bhavabala (FORENSIC engine — v6.0 sourced)  <!-- Note: v6.0 Bhavabala used FORENSIC engine. JH Bhavabala is given in §6.6 and shows materially different rankings. Use §6.6 for JH-authoritativ,3a58c62aa9899cc20cde034226657ff7,01_FACTS_LAYER/FORENSIC_ASTROLOGICAL_DATA_v8_0.md,§6.8,0.3109,### §6.8 Pancha-Vargeeya Classification — JH Engine (NEW in v8.0)  <!-- Source: JHORA_TRANSCRIPTION_v8_0_SOURCE.md §3. Composite strength across 5 key vargas. -->  | ID | Planet | Score | Classificati,1,
SIG.MSR.441,career,MERCURY,Pancha-Vargeeya Operational Triad — Mercury + Jupiter + Saturn = Three POWERFUL Classifications,3a58c62aa9899cc20cde034226657ff7,01_FACTS_LAYER/FORENSIC_ASTROLOGICAL_DATA_v8_0.md,§6.8,0.1870,### §6.8 Pancha-Vargeeya Classification — JH Engine (NEW in v8.0)  <!-- Source: JHORA_TRANSCRIPTION_v8_0_SOURCE.md §3. Composite strength across 5 key vargas. -->  | ID | Planet | Score | Classificati,04f6bd7b0c8d415037cad216f04e810a,01_FACTS_LAYER/FORENSIC_ASTROLOGICAL_DATA_v8_0.md,§0.1,0.2666,### §0.1 Stable ID Namespaces  | Namespace | Example | Meaning | | --- | --- | --- | | `MET.*` | `MET.BIRTH.DATE` | Metadata | | `PLN.*` | `PLN.MOON` | Planet | | `HSE.*` | `HSE.7` | House (1–12) | | ,99658575a43ff701ad8f09eedda47697,01_FACTS_LAYER/FORENSIC_ASTROLOGICAL_DATA_v8_0.md,§7.3,0.2726,### §7.3 Shuddha Pinda (Ashtakavarga Reductions)  | ID | Planet | Rasi Pinda | Graha Pinda | Shuddha Pinda | Rank | | --- | --- | --- | --- | --- | --- | | `AVG.SHP.MARS` | Mars | 136 | 62 | 198 | 1 |,1,
SIG.MSR.442,health,MOON,Kalachakra Paramayush = 85 Years (Savya Scheme) — Longevity Structural Indicator (LONGEVITY.GAP.01 Partial Resolution),443b8cd98dc37dbfd34d95629dc4a2fa,01_FACTS_LAYER/FORENSIC_ASTROLOGICAL_DATA_v8_0.md,§24.1,0.2061,### §24.1 Kalachakra Paramayush  | ID | Field | Value | | --- | --- | --- | | `LON.KALACHAKRA.DEHA` | Deha Rashi | Taurus | | `LON.KALACHAKRA.JIVA` | Jiva Rashi | Gemini | | `LON.KALACHAKRA.SCHEME` | ,6dc7c8672d27c04392465f750773e19c,01_FACTS_LAYER/FORENSIC_ASTROLOGICAL_DATA_v8_0.md,§25.4,0.2132,### §25.4 Kalachakra Dasha (JH — Paramayush source)  | ID | Field | Value | | --- | --- | --- | | `DSH.KC.SCHEME` | Scheme | Savya | | `DSH.KC.PARAMAYUSH` | Paramayush | 85 years | | `DSH.KC.CURRENT` ,3e8d58cc28712af2dbea8ded5018c54b,01_FACTS_LAYER/FORENSIC_ASTROLOGICAL_DATA_v8_0.md,§24.2,0.2243,### §24.2 Ayurdasaya Status (LONGEVITY.GAP.01 — Kalachakra anchor CLOSED; Parashari trio optional)  **Governance:** MARSYS-JIS adopts **Kalachakra Paramayush = 85 years** as the authoritative longevit,1,
SIG.MSR.443,relationships,,Special Lagna Comprehensive Architecture v8.0 — Four-Lagna Distribution,23317c94228b8e00d05367f23c3e6c89,01_FACTS_LAYER/FORENSIC_ASTROLOGICAL_DATA_v8_0.md,§12.1,0.3005,"### §12.1 Special Lagnas — v8.0 Corrected (JH Authoritative)  <!-- [v8.0 CRITICAL CORRECTION]: v6.0 §12.1 contained computational errors in four of six special lagnas.      Hora Lagna, Ghati Lagna, Va",6e6ee74891eef8da39604cf9c8e0bf1e,01_FACTS_LAYER/FORENSIC_ASTROLOGICAL_DATA_v8_0.md,,0.3182,"## CHANGELOG  | Version | Date | Session | Changes | | --- | --- | --- | --- | | 6.0 | 2026-04-17 | FIX_SESSION_001 | Base document; dual-engine notes added for Vimshottari, Shadbala, BAV | | 8.0 | 20",0545cc990dbe4661a8bd3eb9a399621d,01_FACTS_LAYER/FORENSIC_ASTROLOGICAL_DATA_v8_0.md,,0.3323,## Unified Canonical L1 Facts Layer — Supersedes v6.0 + Supplement  --- ,1,
SIG.MSR.444,career,LAGNA,Lagna Nakshatra — Ashwini Pada 4 Fire-Initiative Gate,ed89fc38cf873b3a402dfe9deddffad0,01_FACTS_LAYER/FORENSIC_ASTROLOGICAL_DATA_v8_0.md,§3.3,0.2696,### §3.3 D4 — Chaturthamsa (Home / Property)  | ID | House | Sign | Planets | | --- | --- | --- | --- | | `D4.LAGNA` | 1 | Cancer | Sun | | `D4.2` | 2 | Leo | (none) | | `D4.3` | 3 | Virgo | (none) | ,8aabb6f2376b8a478262c58c5b29116c,01_FACTS_LAYER/FORENSIC_ASTROLOGICAL_DATA_v8_0.md,§3.13,0.2758,### §3.13 D45 — Akshavedamsa (Spiritual Purity)  | ID | House | Sign | Planets | | --- | --- | --- | --- | | `D45.LAGNA` | 1 | Libra | Neptune | | `D45.2` | 2 | Scorpio | (none) | | `D45.3` | 3 | Sagi,6440a2ddbd5c47cc1280d6e702f33372,01_FACTS_LAYER/FORENSIC_ASTROLOGICAL_DATA_v8_0.md,§3.12,0.2765,### §3.12 D40 — Khavedamsa (Auspiciousness / Misfortune)  | ID | House | Sign | Planets | | --- | --- | --- | --- | | `D40.LAGNA` | 1 | Virgo | Saturn | | `D40.2` | 2 | Libra | (none) | | `D40.3` | 3 ,1,
SIG.MSR.445,relationships,MOON,Moon Nakshatra — Purva Bhadrapada III Collective-AK Thread,c931151d617e1758464fb08133424f5f,01_FACTS_LAYER/FORENSIC_ASTROLOGICAL_DATA_v8_0.md,§23.1,0.2326,#### Moon (`PLN.MOON`)  | Dimension | Value | | --- | --- | | D1 Sign / Degree | Aquarius 27°02′48″ | | Nakshatra / Pada | Purva Bhadrapada / 3 | | Abs Longitude | 327.05° | | Rashi House | 11 | | Cha,3957c36db58918d598272c55959a012a,01_FACTS_LAYER/FORENSIC_ASTROLOGICAL_DATA_v8_0.md,§14.1,0.2838,### §14.1 Navatara from Janma Nakshatra  <!-- Janma Nakshatra = Purva Bhadrapada (Moon's star). -->  | ID | Position | Tara | Nakshatra | Tenants | | --- | --- | --- | --- | --- | | `NVT.01.JANMA` | 1,3405d217ce6048546cb0cce72af4e24e,01_FACTS_LAYER/FORENSIC_ASTROLOGICAL_DATA_v8_0.md,§20.1,0.2860,"### §20.1 Deity Triad (Jaimini Derivation)  <!-- Atmakaraka = Moon (highest D1 longitude 27°02′). In D9, Moon is in Gemini. From Gemini: 12th = Taurus (Venus); 9th = Aquarius (Saturn); 1st = Gemini (M",1,
SIG.MSR.446,career,SUN,Sun Nakshatra — Shravana Pada 4 Career Listening Intelligence,aca29b898fb6de4c81e3af2e4b6934a2,01_FACTS_LAYER/FORENSIC_ASTROLOGICAL_DATA_v8_0.md,§23.1,0.2569,#### Sun (`PLN.SUN`)  | Dimension | Value | | --- | --- | | D1 Sign / Degree | Capricorn 21°57′35″ | | Nakshatra / Pada | Shravana / 4 | | Abs Longitude | 291.96° | | Rashi House | 10 | | Chalit House,d9a5dd4f78aff150e1695eaac9e85784,01_FACTS_LAYER/FORENSIC_ASTROLOGICAL_DATA_v8_0.md,§3.10,0.2606,### §3.10 D24 — Siddhamsa (Education / Knowledge)  | ID | House | Sign | Planets | | --- | --- | --- | --- | | `D24.LAGNA` | 1 | Taurus | Moon | | `D24.2` | 2 | Gemini | (none) | | `D24.3` | 3 | Cance,40f6801c58a4850a289e328a0f9816c5,01_FACTS_LAYER/FORENSIC_ASTROLOGICAL_DATA_v8_0.md,§14.2,0.2730,### §14.2 Extended Tara Positions  | ID | Position from Janma | Tara | Nakshatra | Tenants | | --- | --- | --- | --- | --- | | `NVT.16.SANGHATIKA` | 16 | Sanghatika | Hasta | (none) | | `NVT.22.VAINAS,1,
SIG.MSR.447,relationships,MARS,Mars Nakshatra — Swati Pada 4 Relational Calibration,71433979eee9932c2f958170a8b576e6,01_FACTS_LAYER/FORENSIC_ASTROLOGICAL_DATA_v8_0.md,§23.1,0.2185,#### Mars (`PLN.MARS`)  | Dimension | Value | | --- | --- | | D1 Sign / Degree | Libra 18°31′38″ | | Nakshatra / Pada | Swati / 4 | | Abs Longitude | 198.53° | | Rashi House | 7 | | Chalit House | 7 |,04f6bd7b0c8d415037cad216f04e810a,01_FACTS_LAYER/FORENSIC_ASTROLOGICAL_DATA_v8_0.md,§0.1,0.2621,### §0.1 Stable ID Namespaces  | Namespace | Example | Meaning | | --- | --- | --- | | `MET.*` | `MET.BIRTH.DATE` | Metadata | | `PLN.*` | `PLN.MOON` | Planet | | `HSE.*` | `HSE.7` | House (1–12) | | ,fcf469e1354fc3204e32f0d80dc1d1a2,01_FACTS_LAYER/FORENSIC_ASTROLOGICAL_DATA_v8_0.md,§2.1,0.2621,### §2.1 D1 Planet Positions  | ID | Planet | Sign | Degree | Nakshatra | Pada | Abs Long (°) | Rashi House | Chalit House | | --- | --- | --- | --- | --- | --- | --- | --- | --- | | `PLN.SUN` | Sun |,1,
SIG.MSR.448,career,MERCURY,Mercury Nakshatra — Uttarashada Pada 2 Vargottama Spine,c0fff74c31aa2d277c40bb2800359e73,01_FACTS_LAYER/FORENSIC_ASTROLOGICAL_DATA_v8_0.md,§23.1,0.2013,#### Mercury (`PLN.MERCURY`)  | Dimension | Value | | --- | --- | | D1 Sign / Degree | Capricorn 00°50′11″ | | Nakshatra / Pada | Uttara Ashadha / 2 | | Abs Longitude | 270.84° | | Rashi House | 10 | ,87de269383a422992aa8ff7e169e3e28,01_FACTS_LAYER/FORENSIC_ASTROLOGICAL_DATA_v8_0.md,§11.1,0.2548,### §11.1 Upagrahas  | ID | Upagraha | Type | Sign | Degree | Nakshatra | | --- | --- | --- | --- | --- | --- | | `UPG.GULIKA` | Gulika | Time-based | Gemini | 13°57′ | Ardra | | `UPG.MANDI` | Mandi |,07746c57c9b49a44649d2584355e8c7d,01_FACTS_LAYER/FORENSIC_ASTROLOGICAL_DATA_v8_0.md,§26.5,0.2619,"### §26.5 Mercury Eight-System Convergence  <!-- [v8.0 architectural note — replaces ""Seven-System"" framing from MSR.413]:      Mercury accumulates 8 system-designations:      1. Current Vimshottari M",1,
SIG.MSR.449,spirit,JUPITER,Jupiter Nakshatra — Purva Ashadha Pada 3 Dharma Pouring,d55e96f1cfb9c5963bd6241c6eb8947e,01_FACTS_LAYER/FORENSIC_ASTROLOGICAL_DATA_v8_0.md,§23.1,0.2737,#### Jupiter (`PLN.JUPITER`)  | Dimension | Value | | --- | --- | | D1 Sign / Degree | Sagittarius 09°48′28″ | | Nakshatra / Pada | Moola / 3 | | Abs Longitude | 249.81° | | Rashi House | 9 | | Chalit,8aabb6f2376b8a478262c58c5b29116c,01_FACTS_LAYER/FORENSIC_ASTROLOGICAL_DATA_v8_0.md,§3.13,0.2824,### §3.13 D45 — Akshavedamsa (Spiritual Purity)  | ID | House | Sign | Planets | | --- | --- | --- | --- | | `D45.LAGNA` | 1 | Libra | Neptune | | `D45.2` | 2 | Scorpio | (none) | | `D45.3` | 3 | Sagi,c931151d617e1758464fb08133424f5f,01_FACTS_LAYER/FORENSIC_ASTROLOGICAL_DATA_v8_0.md,§23.1,0.2894,#### Moon (`PLN.MOON`)  | Dimension | Value | | --- | --- | | D1 Sign / Degree | Aquarius 27°02′48″ | | Nakshatra / Pada | Purva Bhadrapada / 3 | | Abs Longitude | 327.05° | | Rashi House | 11 | | Cha,1,
SIG.MSR.450,wealth,VENUS,Venus Nakshatra — Purva Ashadha Pada 2 Lakshmi Adjacent,a5082dda382b6a2281874f6d1b26b54c,01_FACTS_LAYER/FORENSIC_ASTROLOGICAL_DATA_v8_0.md,§23.1,0.2247,#### Venus (`PLN.VENUS`)  | Dimension | Value | | --- | --- | | D1 Sign / Degree | Sagittarius 19°10′12″ | | Nakshatra / Pada | Purva Ashadha / 2 | | Abs Longitude | 259.17° | | Rashi House | 9 | | Ch,6440a2ddbd5c47cc1280d6e702f33372,01_FACTS_LAYER/FORENSIC_ASTROLOGICAL_DATA_v8_0.md,§3.12,0.2614,### §3.12 D40 — Khavedamsa (Auspiciousness / Misfortune)  | ID | House | Sign | Planets | | --- | --- | --- | --- | | `D40.LAGNA` | 1 | Virgo | Saturn | | `D40.2` | 2 | Libra | (none) | | `D40.3` | 3 ,71433979eee9932c2f958170a8b576e6,01_FACTS_LAYER/FORENSIC_ASTROLOGICAL_DATA_v8_0.md,§23.1,0.2688,#### Mars (`PLN.MARS`)  | Dimension | Value | | --- | --- | | D1 Sign / Degree | Libra 18°31′38″ | | Nakshatra / Pada | Swati / 4 | | Abs Longitude | 198.53° | | Rashi House | 7 | | Chalit House | 7 |,1,
SIG.MSR.451,career,SATURN,Saturn Nakshatra — Vishakha Pada 1 Exalted Structural Spine,7e3eef559eb3ac6793930b6c5b5a8619,01_FACTS_LAYER/FORENSIC_ASTROLOGICAL_DATA_v8_0.md,§23.1,0.2460,#### Saturn (`PLN.SATURN`)  | Dimension | Value | | --- | --- | | D1 Sign / Degree | Libra 22°27′04″ | | Nakshatra / Pada | Vishakha / 1 | | Abs Longitude | 202.45° | | Rashi House | 7 | | Chalit Hous,04f6bd7b0c8d415037cad216f04e810a,01_FACTS_LAYER/FORENSIC_ASTROLOGICAL_DATA_v8_0.md,§0.1,0.2693,### §0.1 Stable ID Namespaces  | Namespace | Example | Meaning | | --- | --- | --- | | `MET.*` | `MET.BIRTH.DATE` | Metadata | | `PLN.*` | `PLN.MOON` | Planet | | `HSE.*` | `HSE.7` | House (1–12) | | ,71433979eee9932c2f958170a8b576e6,01_FACTS_LAYER/FORENSIC_ASTROLOGICAL_DATA_v8_0.md,§23.1,0.2720,#### Mars (`PLN.MARS`)  | Dimension | Value | | --- | --- | | D1 Sign / Degree | Libra 18°31′38″ | | Nakshatra / Pada | Swati / 4 | | Abs Longitude | 198.53° | | Rashi House | 7 | | Chalit House | 7 |,1,
SIG.MSR.452,wealth,RAHU,Rahu Nakshatra — Rohini Pada 3 Wealth Magnetism,2d29d836d98291df5258dcdc7be6ad69,01_FACTS_LAYER/FORENSIC_ASTROLOGICAL_DATA_v8_0.md,§23.1,0.2825,#### Rahu (`PLN.RAHU`)  | Dimension | Value | | --- | --- | | D1 Sign / Degree | Taurus 19°01′47″ | | Nakshatra / Pada | Rohini / 3 | | Abs Longitude | 49.03° | | Rashi House | 2 | | Chalit House | 2 ,cb29ffa3c7f05682e42a193022e72037,01_FACTS_LAYER/FORENSIC_ASTROLOGICAL_DATA_v8_0.md,§3.1,0.2935,"### §3.1 D2 — Hora (Wealth Division)  | ID | Hora Sign | Ruler | Planets | | --- | --- | --- | --- | | `D2.CANCER` | Cancer | Moon | Moon, Mars, Venus, Saturn, Mercury | | `D2.LEO` | Leo | Sun | Jupit",,,,0.0000,,1,
SIG.MSR.453,spirit,KETU,Ketu Nakshatra — Jyeshtha Pada 1 Occult Precision,f66c03bb2186d0e9478d8a19179cc19c,01_FACTS_LAYER/FORENSIC_ASTROLOGICAL_DATA_v8_0.md,§23.1,0.2241,#### Ketu (`PLN.KETU`)  | Dimension | Value | | --- | --- | | D1 Sign / Degree | Scorpio 19°01′47″ | | Nakshatra / Pada | Jyeshtha / 1 | | Abs Longitude | 229.03° | | Rashi House | 8 | | Chalit House ,3d5d531480dc1331d01fb023d145eec5,01_FACTS_LAYER/FORENSIC_ASTROLOGICAL_DATA_v8_0.md,§4.1,0.2631,### §4.1 KP Cusp Mirror  | ID | Cusp | Degree | Sign | Star Lord | Sub Lord | Sub-Sub Lord | | --- | --- | --- | --- | --- | --- | --- | | `KP.CUSP.1` | 1 (Lagna) | 12°29′19″ | Aries | Ketu | Mercury ,5482544af208614e383593f70ab0f71d,01_FACTS_LAYER/FORENSIC_ASTROLOGICAL_DATA_v8_0.md,§16.2,0.2752,### §16.2 Tight-Orb Aspects (Western Overlay)  | ID | Pair | Aspect | Orb (°) | Weight | | --- | --- | --- | --- | --- | | `ASP.W.PLUTO_KETU` | Pluto–Ketu | Nonile | 0.28 | 1 | | `ASP.W.PLUTO_URANUS` ,1,
SIG.MSR.454,wealth,,Indu Lagna Nakshatra — Jyeshtha Pada 4 Hidden Fortune Vector,6440a2ddbd5c47cc1280d6e702f33372,01_FACTS_LAYER/FORENSIC_ASTROLOGICAL_DATA_v8_0.md,§3.12,0.2844,### §3.12 D40 — Khavedamsa (Auspiciousness / Misfortune)  | ID | House | Sign | Planets | | --- | --- | --- | --- | | `D40.LAGNA` | 1 | Virgo | Saturn | | `D40.2` | 2 | Libra | (none) | | `D40.3` | 3 ,640b9a557bd93e286fddce8c9aba7dcb,01_FACTS_LAYER/FORENSIC_ASTROLOGICAL_DATA_v8_0.md,§3.11,0.3124,### §3.11 D30 — Trimsamsa (Misfortune / Evils)  | ID | House | Sign | Planets | | --- | --- | --- | --- | | `D30.LAGNA` | 1 | Capricorn | Sun | | `D30.2` | 2 | Aquarius | Jupiter | | `D30.3` | 3 | Pis,ed89fc38cf873b3a402dfe9deddffad0,01_FACTS_LAYER/FORENSIC_ASTROLOGICAL_DATA_v8_0.md,§3.3,0.3187,### §3.3 D4 — Chaturthamsa (Home / Property)  | ID | House | Sign | Planets | | --- | --- | --- | --- | | `D4.LAGNA` | 1 | Cancer | Sun | | `D4.2` | 2 | Leo | (none) | | `D4.3` | 3 | Virgo | (none) | ,1,
SIG.MSR.455,spirit,,Bhava Lagna Nakshatra — Revati Pada 3 Moksha Float,6440a2ddbd5c47cc1280d6e702f33372,01_FACTS_LAYER/FORENSIC_ASTROLOGICAL_DATA_v8_0.md,§3.12,0.3048,### §3.12 D40 — Khavedamsa (Auspiciousness / Misfortune)  | ID | House | Sign | Planets | | --- | --- | --- | --- | | `D40.LAGNA` | 1 | Virgo | Saturn | | `D40.2` | 2 | Libra | (none) | | `D40.3` | 3 ,8aabb6f2376b8a478262c58c5b29116c,01_FACTS_LAYER/FORENSIC_ASTROLOGICAL_DATA_v8_0.md,§3.13,0.3051,### §3.13 D45 — Akshavedamsa (Spiritual Purity)  | ID | House | Sign | Planets | | --- | --- | --- | --- | | `D45.LAGNA` | 1 | Libra | Neptune | | `D45.2` | 2 | Scorpio | (none) | | `D45.3` | 3 | Sagi,640b9a557bd93e286fddce8c9aba7dcb,01_FACTS_LAYER/FORENSIC_ASTROLOGICAL_DATA_v8_0.md,§3.11,0.3210,### §3.11 D30 — Trimsamsa (Misfortune / Evils)  | ID | House | Sign | Planets | | --- | --- | --- | --- | | `D30.LAGNA` | 1 | Capricorn | Sun | | `D30.2` | 2 | Aquarius | Jupiter | | `D30.3` | 3 | Pis,1,
SIG.MSR.456,wealth,,Saham Punya in Gemini 3H — Merit Routing Through Communication Nexus,adc4325e588b81bd96398814da2bbb9b,01_FACTS_LAYER/FORENSIC_ASTROLOGICAL_DATA_v8_0.md,§12.2,0.3219,### §12.2 Tajika Sahams — Full 36-Saham Register (JH Authoritative — replaces v6.0 §12.2)  <!-- [v8.0 FULL REPLACEMENT]: v6.0 §12.2 had only 6 sahams with one error (Vivaha). This section replaces it ,,,,0.0000,,,,,0.0000,,1,
SIG.MSR.457,career,,Saham Yasas in Scorpio 8H — Fame Through Depth Not Noise,adc4325e588b81bd96398814da2bbb9b,01_FACTS_LAYER/FORENSIC_ASTROLOGICAL_DATA_v8_0.md,§12.2,0.3284,### §12.2 Tajika Sahams — Full 36-Saham Register (JH Authoritative — replaces v6.0 §12.2)  <!-- [v8.0 FULL REPLACEMENT]: v6.0 §12.2 had only 6 sahams with one error (Vivaha). This section replaces it ,,,,0.0000,,,,,0.0000,,1,
SIG.MSR.458,spirit,,Saham Vidya in Pisces 12H — Knowledge Dissolving Into Moksha House,d9a5dd4f78aff150e1695eaac9e85784,01_FACTS_LAYER/FORENSIC_ASTROLOGICAL_DATA_v8_0.md,§3.10,0.2712,### §3.10 D24 — Siddhamsa (Education / Knowledge)  | ID | House | Sign | Planets | | --- | --- | --- | --- | | `D24.LAGNA` | 1 | Taurus | Moon | | `D24.2` | 2 | Gemini | (none) | | `D24.3` | 3 | Cance,adc4325e588b81bd96398814da2bbb9b,01_FACTS_LAYER/FORENSIC_ASTROLOGICAL_DATA_v8_0.md,§12.2,0.2788,### §12.2 Tajika Sahams — Full 36-Saham Register (JH Authoritative — replaces v6.0 §12.2)  <!-- [v8.0 FULL REPLACEMENT]: v6.0 §12.2 had only 6 sahams with one error (Vivaha). This section replaces it ,,,,0.0000,,1,
SIG.MSR.459,relationships,,Saham Mitra in Cancer 4H — Alliance Through Roots,adc4325e588b81bd96398814da2bbb9b,01_FACTS_LAYER/FORENSIC_ASTROLOGICAL_DATA_v8_0.md,§12.2,0.3823,### §12.2 Tajika Sahams — Full 36-Saham Register (JH Authoritative — replaces v6.0 §12.2)  <!-- [v8.0 FULL REPLACEMENT]: v6.0 §12.2 had only 6 sahams with one error (Vivaha). This section replaces it ,,,,0.0000,,,,,0.0000,,1,
SIG.MSR.460,wealth,,Saham Samartha + Kali Coincident Cancer 4H — Enterprise vs Misfortune Same Soil,adc4325e588b81bd96398814da2bbb9b,01_FACTS_LAYER/FORENSIC_ASTROLOGICAL_DATA_v8_0.md,§12.2,0.3274,### §12.2 Tajika Sahams — Full 36-Saham Register (JH Authoritative — replaces v6.0 §12.2)  <!-- [v8.0 FULL REPLACEMENT]: v6.0 §12.2 had only 6 sahams with one error (Vivaha). This section replaces it ,,,,0.0000,,,,,0.0000,,1,
SIG.MSR.461,career,,Saham Pitru + Rajya Conjunct Capricorn 10H — Father-Kingdom Same Seat,aca29b898fb6de4c81e3af2e4b6934a2,01_FACTS_LAYER/FORENSIC_ASTROLOGICAL_DATA_v8_0.md,§23.1,0.2758,#### Sun (`PLN.SUN`)  | Dimension | Value | | --- | --- | | D1 Sign / Degree | Capricorn 21°57′35″ | | Nakshatra / Pada | Shravana / 4 | | Abs Longitude | 291.96° | | Rashi House | 10 | | Chalit House,7e3eef559eb3ac6793930b6c5b5a8619,01_FACTS_LAYER/FORENSIC_ASTROLOGICAL_DATA_v8_0.md,§23.1,0.2802,#### Saturn (`PLN.SATURN`)  | Dimension | Value | | --- | --- | | D1 Sign / Degree | Libra 22°27′04″ | | Nakshatra / Pada | Vishakha / 1 | | Abs Longitude | 202.45° | | Rashi House | 7 | | Chalit Hous,2d29d836d98291df5258dcdc7be6ad69,01_FACTS_LAYER/FORENSIC_ASTROLOGICAL_DATA_v8_0.md,§23.1,0.2859,#### Rahu (`PLN.RAHU`)  | Dimension | Value | | --- | --- | | D1 Sign / Degree | Taurus 19°01′47″ | | Nakshatra / Pada | Rohini / 3 | | Abs Longitude | 49.03° | | Rashi House | 2 | | Chalit House | 2 ,1,
SIG.MSR.462,career,,Saham Karma in Aquarius 11H — Profession as Network Gain,,,,0.0000,,,,,0.0000,,,,,0.0000,,1,FORENSIC_ASTROLOGICAL_DATA_v8_0#§12.2
SIG.MSR.463,wealth,,Saham Artha in Virgo 6H — Wealth Through Disciplined Service,adc4325e588b81bd96398814da2bbb9b,01_FACTS_LAYER/FORENSIC_ASTROLOGICAL_DATA_v8_0.md,§12.2,0.2701,### §12.2 Tajika Sahams — Full 36-Saham Register (JH Authoritative — replaces v6.0 §12.2)  <!-- [v8.0 FULL REPLACEMENT]: v6.0 §12.2 had only 6 sahams with one error (Vivaha). This section replaces it ,,,,0.0000,,,,,0.0000,,1,
SIG.MSR.464,relationships,,Saham Paradara + Sastra Pisces 12H — Boundary Dissolution vs Learning Stack,d9a5dd4f78aff150e1695eaac9e85784,01_FACTS_LAYER/FORENSIC_ASTROLOGICAL_DATA_v8_0.md,§3.10,0.3239,### §3.10 D24 — Siddhamsa (Education / Knowledge)  | ID | House | Sign | Planets | | --- | --- | --- | --- | | `D24.LAGNA` | 1 | Taurus | Moon | | `D24.2` | 2 | Gemini | (none) | | `D24.3` | 3 | Cance,,,,0.0000,,,,,0.0000,,defer,
SIG.MSR.465,relationships,,Saham Bandhu Aquarius 11H — Relative Gains Layer,,,,0.0000,,,,,0.0000,,,,,0.0000,,1,FORENSIC_ASTROLOGICAL_DATA_v8_0#§12.2
SIG.MSR.466,health,,Saham Jeeva in Aquarius 11H — Life Force in Gains House,d753256999e50191d907d328f21e0484,01_FACTS_LAYER/FORENSIC_ASTROLOGICAL_DATA_v8_0.md,§23.2,0.2752,### §23.2 House-Centric Matrix  <!-- v8.0 update: Special lagna and saham placements corrected per §12.1 and §12.2 -->  | House | Sign | Lord | Rashi Occupants | SAV (FORENSIC) | Bhavabala Rupas / Ran,adc4325e588b81bd96398814da2bbb9b,01_FACTS_LAYER/FORENSIC_ASTROLOGICAL_DATA_v8_0.md,§12.2,0.2830,### §12.2 Tajika Sahams — Full 36-Saham Register (JH Authoritative — replaces v6.0 §12.2)  <!-- [v8.0 FULL REPLACEMENT]: v6.0 §12.2 had only 6 sahams with one error (Vivaha). This section replaces it ,2d29d836d98291df5258dcdc7be6ad69,01_FACTS_LAYER/FORENSIC_ASTROLOGICAL_DATA_v8_0.md,§23.1,0.2903,#### Rahu (`PLN.RAHU`)  | Dimension | Value | | --- | --- | | D1 Sign / Degree | Taurus 19°01′47″ | | Nakshatra / Pada | Rohini / 3 | | Abs Longitude | 49.03° | | Rashi House | 2 | | Chalit House | 2 ,1,
SIG.MSR.467,career,,Saham Gaurava Duplicate Yasas — Respect Equals Fame Point,adc4325e588b81bd96398814da2bbb9b,01_FACTS_LAYER/FORENSIC_ASTROLOGICAL_DATA_v8_0.md,§12.2,0.3348,### §12.2 Tajika Sahams — Full 36-Saham Register (JH Authoritative — replaces v6.0 §12.2)  <!-- [v8.0 FULL REPLACEMENT]: v6.0 §12.2 had only 6 sahams with one error (Vivaha). This section replaces it ,74b6cd7c73d35fbdbaccfe32018d261f,01_FACTS_LAYER/FORENSIC_ASTROLOGICAL_DATA_v8_0.md,§26.4,0.3690,### §26.4 D-2 Hora Yogas  | ID | Yoga | Type | Key Configuration | Note | | --- | --- | --- | --- | --- | | `YGA.D2.MAHA_YOGADA` | Maha Yogada | Power / authority / wealth | Specific AK + lagna lord c,835bf9f897fc9d3a5af3927297d8c363,01_FACTS_LAYER/FORENSIC_ASTROLOGICAL_DATA_v8_0.md,§26.2,0.3871,### §26.2 D-9 Navamsa Yogas  | ID | Yoga | Type | Key Configuration | Note | | --- | --- | --- | --- | --- | | `YGA.D9.GAJAKESARI` | Gaja-Kesari Yoga (D9) | Famous / virtuous | Jupiter and Moon both i,1,
SIG.MSR.468,relationships,,Saham Bhratru Gemini 3H — Sibling Lane in Communication House,5a81f6bd5851415f2f2b3a725aefe120,01_FACTS_LAYER/FORENSIC_ASTROLOGICAL_DATA_v8_0.md,§3.4,0.2813,### §3.4 D7 — Saptamsa (Progeny)  | ID | House | Sign | Planets | | --- | --- | --- | --- | | `D7.LAGNA` | 1 | Cancer | Mercury | | `D7.2` | 2 | Leo | Moon | | `D7.3` | 3 | Virgo | Ketu | | `D7.4` | 4,d753256999e50191d907d328f21e0484,01_FACTS_LAYER/FORENSIC_ASTROLOGICAL_DATA_v8_0.md,§23.2,0.2976,### §23.2 House-Centric Matrix  <!-- v8.0 update: Special lagna and saham placements corrected per §12.1 and §12.2 -->  | House | Sign | Lord | Rashi Occupants | SAV (FORENSIC) | Bhavabala Rupas / Ran,ddbb78084ecf5d3b60ca381b1ea525ec,01_FACTS_LAYER/FORENSIC_ASTROLOGICAL_DATA_v8_0.md,§2.2,0.2994,### §2.2 D1 Sign Occupancy (Bhava View)  | ID | House | Sign | Planets | | --- | --- | --- | --- | | `HSE.1` | 1 | Aries | (none) | | `HSE.2` | 2 | Taurus | Rahu | | `HSE.3` | 3 | Gemini | (none) | | ,1,
SIG.MSR.469,career,,Vimshottari Bridge 2027 — Mercury MD Termination to Ketu MD Onset Window,556af0f28b8358c33e05b50960c0e160,01_FACTS_LAYER/FORENSIC_ASTROLOGICAL_DATA_v8_0.md,§23.3,0.2419,### §23.3 Date-Centric Matrix — 2026-01 through 2028-02  | Period | Vimshottari MD – AD | Yogini Dasha | Jaimini Chara MD – AD | Sade Sati | Varshphal Year | | --- | --- | --- | --- | --- | --- | | 20,lel_period_period_2022_2024,01_FACTS_LAYER/LIFE_EVENT_LOG_v1_2.md,5,0.2537,"# [L1 fact] → [L2.5 interp embedded] ```yaml PERIOD.2022_2024:   dates: 2022 through 2024   characterization: ""Mix. New relationships, rupture of old, success in professional career, lost US job, move",07746c57c9b49a44649d2584355e8c7d,01_FACTS_LAYER/FORENSIC_ASTROLOGICAL_DATA_v8_0.md,§26.5,0.2748,"### §26.5 Mercury Eight-System Convergence  <!-- [v8.0 architectural note — replaces ""Seven-System"" framing from MSR.413]:      Mercury accumulates 8 system-designations:      1. Current Vimshottari M",1,
SIG.MSR.470,spirit,,Ketu MD 2031–2038 Primary Moksha-Authority Window (Reframed Post v8.0),f66c03bb2186d0e9478d8a19179cc19c,01_FACTS_LAYER/FORENSIC_ASTROLOGICAL_DATA_v8_0.md,§23.1,0.2625,#### Ketu (`PLN.KETU`)  | Dimension | Value | | --- | --- | | D1 Sign / Degree | Scorpio 19°01′47″ | | Nakshatra / Pada | Jyeshtha / 1 | | Abs Longitude | 229.03° | | Rashi House | 8 | | Chalit House ,,,,0.0000,,,,,0.0000,,1,
SIG.MSR.471,relationships,VENUS,Venus MD 2038–2058 NBRY Reservoir Priming,b51a25f2e41a4b3452329cf556f221b4,01_FACTS_LAYER/FORENSIC_ASTROLOGICAL_DATA_v8_0.md,§22,0.3889,## §22 — VARSHPHAL 2026–2027 (FACTS)  | ID | Component | Value | | --- | --- | --- | | `VRS.VALIDITY` | Validity | 2026-02-05 to 2027-02-05 | | `VRS.MUNTHA.SIGN` | Muntha | Libra (7th House) | | `VRS.,c8b0d4b4fcc0cd38e64de8099073dff7,01_FACTS_LAYER/FORENSIC_ASTROLOGICAL_DATA_v8_0.md,§23.1,0.3995,### §23.1 Planet-Centric Matrix ,556af0f28b8358c33e05b50960c0e160,01_FACTS_LAYER/FORENSIC_ASTROLOGICAL_DATA_v8_0.md,§23.3,0.4033,### §23.3 Date-Centric Matrix — 2026-01 through 2028-02  | Period | Vimshottari MD – AD | Yogini Dasha | Jaimini Chara MD – AD | Sade Sati | Varshphal Year | | --- | --- | --- | --- | --- | --- | | 20,2,
SIG.MSR.472,career,,Mercury MD Saturn AD 2024–2027 Triple-Engine Career Pressure Cooker,3a58c62aa9899cc20cde034226657ff7,01_FACTS_LAYER/FORENSIC_ASTROLOGICAL_DATA_v8_0.md,§6.8,0.4323,### §6.8 Pancha-Vargeeya Classification — JH Engine (NEW in v8.0)  <!-- Source: JHORA_TRANSCRIPTION_v8_0_SOURCE.md §3. Composite strength across 5 key vargas. -->  | ID | Planet | Score | Classificati,,,,0.0000,,,,,0.0000,,reject,
SIG.MSR.473,spirit,,Ketu AD Preview Inside Late Mercury MD — Early 8H Dip,f66c03bb2186d0e9478d8a19179cc19c,01_FACTS_LAYER/FORENSIC_ASTROLOGICAL_DATA_v8_0.md,§23.1,0.2775,#### Ketu (`PLN.KETU`)  | Dimension | Value | | --- | --- | | D1 Sign / Degree | Scorpio 19°01′47″ | | Nakshatra / Pada | Jyeshtha / 1 | | Abs Longitude | 229.03° | | Rashi House | 8 | | Chalit House ,,,,0.0000,,,,,0.0000,,1,
SIG.MSR.474,career,,Chara Dasha Scorpio MD — Martial Container for Mercury Operations,c0fff74c31aa2d277c40bb2800359e73,01_FACTS_LAYER/FORENSIC_ASTROLOGICAL_DATA_v8_0.md,§23.1,0.2998,#### Mercury (`PLN.MERCURY`)  | Dimension | Value | | --- | --- | | D1 Sign / Degree | Capricorn 00°50′11″ | | Nakshatra / Pada | Uttara Ashadha / 2 | | Abs Longitude | 270.84° | | Rashi House | 10 | ,,,,0.0000,,,,,0.0000,,1,
SIG.MSR.475,mind,,Yogini Dasha Bhramari / Dhanya Handoff 2021–2022 Anxiety-Economy Bridge,lel_period_period_2018_2021,01_FACTS_LAYER/LIFE_EVENT_LOG_v1_2.md,5,0.3096,"# [L1 fact] → [L2.5 interp embedded] ```yaml PERIOD.2018_2021:   dates: 2018 through 2021   characterization_start: ""Mentally traumatic time [2018] — father's death, hospital-running Hyderabad to Bhub",lel_period_period_2022_2024,01_FACTS_LAYER/LIFE_EVENT_LOG_v1_2.md,5,0.3246,"# [L1 fact] → [L2.5 interp embedded] ```yaml PERIOD.2022_2024:   dates: 2022 through 2024   characterization: ""Mix. New relationships, rupture of old, success in professional career, lost US job, move",caea00379c96fc08f376b4db37fdb8d3,01_FACTS_LAYER/FORENSIC_ASTROLOGICAL_DATA_v8_0.md,§5.2,0.3378,### §5.2 Yogini Dasha  | ID | Yogini | Ruler | Duration | Start | End | | --- | --- | --- | --- | --- | --- | | `DSH.Y.001` | Bhramari | Mars | Balance | 1984-02-05 | 1985-12-22 | | `DSH.Y.002` | Bhad,3,
SIG.MSR.476,health,SATURN,Sade Sati Cycle 3 Peak 2049–2052 Early Warning Hook,0dac7b3be919024c98910483771f6c8d,01_FACTS_LAYER/FORENSIC_ASTROLOGICAL_DATA_v8_0.md,§21,0.2546,## §21 — SADE SATI — SATURNINE TRANSIT (FACTS)  | ID | Cycle | Saturn Sign | Start | End | Phase | | --- | --- | --- | --- | --- | --- | | `TRS.SS.C2.P1` | Cycle 2 | Capricorn | 2020-01-24 | 2022-04-2,,,,0.0000,,,,,0.0000,,1,
SIG.MSR.477,mind,SATURN,Saturn Transit Pisces 2025–2028 Triple Wave on Natal Moon Sign,0dac7b3be919024c98910483771f6c8d,01_FACTS_LAYER/FORENSIC_ASTROLOGICAL_DATA_v8_0.md,§21,0.2757,## §21 — SADE SATI — SATURNINE TRANSIT (FACTS)  | ID | Cycle | Saturn Sign | Start | End | Phase | | --- | --- | --- | --- | --- | --- | | `TRS.SS.C2.P1` | Cycle 2 | Capricorn | 2020-01-24 | 2022-04-2,6274fb06a2cf335937ed23b991055fc9,01_FACTS_LAYER/FORENSIC_ASTROLOGICAL_DATA_v8_0.md,§8,0.2843,## §8 — SATURN KAKSHYA ZONES (DERIVED)  <!-- Saturn transit Pisces 2025-03-30 through 2028-02-23. -->  | ID | Zone | Degree Range | Ruler | Status | | --- | --- | --- | --- | --- | | `KAK.PISCES.Z1` |,,,,0.0000,,1,
SIG.MSR.478,spirit,JUPITER,Jupiter Return Sagittarius 2019 Cycle — Dharmic Reload Before Mercury Peak,0dac7b3be919024c98910483771f6c8d,01_FACTS_LAYER/FORENSIC_ASTROLOGICAL_DATA_v8_0.md,§21,0.3019,## §21 — SADE SATI — SATURNINE TRANSIT (FACTS)  | ID | Cycle | Saturn Sign | Start | End | Phase | | --- | --- | --- | --- | --- | --- | | `TRS.SS.C2.P1` | Cycle 2 | Capricorn | 2020-01-24 | 2022-04-2,,,,0.0000,,,,,0.0000,,1,
SIG.MSR.479,career,RAHU,Rahu Transit Aries 2025–2026 Ignition of Lagna Desires,lel_period_period_2022_2024,01_FACTS_LAYER/LIFE_EVENT_LOG_v1_2.md,5,0.3123,"# [L1 fact] → [L2.5 interp embedded] ```yaml PERIOD.2022_2024:   dates: 2022 through 2024   characterization: ""Mix. New relationships, rupture of old, success in professional career, lost US job, move",0dac7b3be919024c98910483771f6c8d,01_FACTS_LAYER/FORENSIC_ASTROLOGICAL_DATA_v8_0.md,§21,0.3151,## §21 — SADE SATI — SATURNINE TRANSIT (FACTS)  | ID | Cycle | Saturn Sign | Start | End | Phase | | --- | --- | --- | --- | --- | --- | | `TRS.SS.C2.P1` | Cycle 2 | Capricorn | 2020-01-24 | 2022-04-2,556af0f28b8358c33e05b50960c0e160,01_FACTS_LAYER/FORENSIC_ASTROLOGICAL_DATA_v8_0.md,§23.3,0.3184,### §23.3 Date-Centric Matrix — 2026-01 through 2028-02  | Period | Vimshottari MD – AD | Yogini Dasha | Jaimini Chara MD – AD | Sade Sati | Varshphal Year | | --- | --- | --- | --- | --- | --- | | 20,2,
SIG.MSR.480,career,SATURN,2041 Saturn Return Exactitude to Natal Exalted Saturn Degree — Apex Transit,0dac7b3be919024c98910483771f6c8d,01_FACTS_LAYER/FORENSIC_ASTROLOGICAL_DATA_v8_0.md,§21,0.2679,## §21 — SADE SATI — SATURNINE TRANSIT (FACTS)  | ID | Cycle | Saturn Sign | Start | End | Phase | | --- | --- | --- | --- | --- | --- | | `TRS.SS.C2.P1` | Cycle 2 | Capricorn | 2020-01-24 | 2022-04-2,6274fb06a2cf335937ed23b991055fc9,01_FACTS_LAYER/FORENSIC_ASTROLOGICAL_DATA_v8_0.md,§8,0.3149,## §8 — SATURN KAKSHYA ZONES (DERIVED)  <!-- Saturn transit Pisces 2025-03-30 through 2028-02-23. -->  | ID | Zone | Degree Range | Ruler | Status | | --- | --- | --- | --- | --- | | `KAK.PISCES.Z1` |,7e3eef559eb3ac6793930b6c5b5a8619,01_FACTS_LAYER/FORENSIC_ASTROLOGICAL_DATA_v8_0.md,§23.1,0.3239,#### Saturn (`PLN.SATURN`)  | Dimension | Value | | --- | --- | | D1 Sign / Degree | Libra 22°27′04″ | | Nakshatra / Pada | Vishakha / 1 | | Abs Longitude | 202.45° | | Rashi House | 7 | | Chalit Hous,1,
SIG.MSR.481,mind,MOON,D9 AK Moon Gemini — Intellectualized Soul Lens,c931151d617e1758464fb08133424f5f,01_FACTS_LAYER/FORENSIC_ASTROLOGICAL_DATA_v8_0.md,§23.1,0.3150,#### Moon (`PLN.MOON`)  | Dimension | Value | | --- | --- | | D1 Sign / Degree | Aquarius 27°02′48″ | | Nakshatra / Pada | Purva Bhadrapada / 3 | | Abs Longitude | 327.05° | | Rashi House | 11 | | Cha,,,,0.0000,,,,,0.0000,,1,
SIG.MSR.482,spirit,JUPITER,D9 Jupiter Gemini — Dharma Teacher as Information System,835bf9f897fc9d3a5af3927297d8c363,01_FACTS_LAYER/FORENSIC_ASTROLOGICAL_DATA_v8_0.md,§26.2,0.2583,### §26.2 D-9 Navamsa Yogas  | ID | Yoga | Type | Key Configuration | Note | | --- | --- | --- | --- | --- | | `YGA.D9.GAJAKESARI` | Gaja-Kesari Yoga (D9) | Famous / virtuous | Jupiter and Moon both i,f8fe9a055f29e6e4f4f2b9217b97aa88,01_FACTS_LAYER/FORENSIC_ASTROLOGICAL_DATA_v8_0.md,§26.3,0.2781,### §26.3 D-10 Dashamsha Yogas  | ID | Yoga | Type | Key Configuration | Note | | --- | --- | --- | --- | --- | | `YGA.D10.SARALA` | Sarala Viparita Raja Yoga | Power from upheaval | 8L in 8H in D10 —,,,,0.0000,,1,
SIG.MSR.483,relationships,VENUS,D9 Venus Virgo Debilitation — Relational Effort Structural Mark,f43cc9d59dd83a0cd7c68742053d0985,01_FACTS_LAYER/FORENSIC_ASTROLOGICAL_DATA_v8_0.md,§3.5,0.2450,### §3.5 D9 — Navamsa (Dharma / Spouse / General Strength)  | ID | Body | D9 Sign | D1 Sign | Vargottama | | --- | --- | --- | --- | --- | | `D9.LAGNA` | D9 Lagna | Cancer | Aries (D1 Lagna) | NO | | ,21c7822594dc29a2dfc955d90ec1234e,01_FACTS_LAYER/FORENSIC_ASTROLOGICAL_DATA_v8_0.md,§3.15,0.2984,### §3.15 CSI Ledger — D1→D9 and D1→D10 Comparative Status  | ID | Planet | Vargottama | D1→D9 Dignity | D10 Placement | | --- | --- | --- | --- | --- | | `CSI.SUN` | Sun | NO | D1 Capricorn → D9 Canc,,,,0.0000,,1,
SIG.MSR.484,relationships,SATURN,D9 Saturn Aries Debilitation — Authority Training Arc in Navamsa,f43cc9d59dd83a0cd7c68742053d0985,01_FACTS_LAYER/FORENSIC_ASTROLOGICAL_DATA_v8_0.md,§3.5,0.2215,### §3.5 D9 — Navamsa (Dharma / Spouse / General Strength)  | ID | Body | D9 Sign | D1 Sign | Vargottama | | --- | --- | --- | --- | --- | | `D9.LAGNA` | D9 Lagna | Cancer | Aries (D1 Lagna) | NO | | ,7e3eef559eb3ac6793930b6c5b5a8619,01_FACTS_LAYER/FORENSIC_ASTROLOGICAL_DATA_v8_0.md,§23.1,0.2691,#### Saturn (`PLN.SATURN`)  | Dimension | Value | | --- | --- | | D1 Sign / Degree | Libra 22°27′04″ | | Nakshatra / Pada | Vishakha / 1 | | Abs Longitude | 202.45° | | Rashi House | 7 | | Chalit Hous,,,,0.0000,,1,
SIG.MSR.485,career,MERCURY,D10 Mercury Capricorn — Executive Mercurial Career Archetype,c0fff74c31aa2d277c40bb2800359e73,01_FACTS_LAYER/FORENSIC_ASTROLOGICAL_DATA_v8_0.md,§23.1,0.2902,#### Mercury (`PLN.MERCURY`)  | Dimension | Value | | --- | --- | | D1 Sign / Degree | Capricorn 00°50′11″ | | Nakshatra / Pada | Uttara Ashadha / 2 | | Abs Longitude | 270.84° | | Rashi House | 10 | ,4325e2cd4edfb043c12c5da9e8220576,01_FACTS_LAYER/FORENSIC_ASTROLOGICAL_DATA_v8_0.md,§3.6,0.2980,### §3.6 D10 — Dashamsha (Career / Status)  | ID | Body | D10 Sign | D10 House | | --- | --- | --- | --- | | `D10.LAGNA` | D10 Lagna | Leo | 1 | | `D10.SUN` | Sun | Aries | 9 | | `D10.MOON` | Moon | S,,,,0.0000,,1,
SIG.MSR.486,career,SATURN,D10 Saturn Taurus — Stable Authority Platform in Profession Chart,7e3eef559eb3ac6793930b6c5b5a8619,01_FACTS_LAYER/FORENSIC_ASTROLOGICAL_DATA_v8_0.md,§23.1,0.2503,#### Saturn (`PLN.SATURN`)  | Dimension | Value | | --- | --- | | D1 Sign / Degree | Libra 22°27′04″ | | Nakshatra / Pada | Vishakha / 1 | | Abs Longitude | 202.45° | | Rashi House | 7 | | Chalit Hous,4325e2cd4edfb043c12c5da9e8220576,01_FACTS_LAYER/FORENSIC_ASTROLOGICAL_DATA_v8_0.md,§3.6,0.2595,### §3.6 D10 — Dashamsha (Career / Status)  | ID | Body | D10 Sign | D10 House | | --- | --- | --- | --- | | `D10.LAGNA` | D10 Lagna | Leo | 1 | | `D10.SUN` | Sun | Aries | 9 | | `D10.MOON` | Moon | S,,,,0.0000,,1,
SIG.MSR.487,parents,SUN,D12 Sun — Father-Line Dwadashamsa Pointer,c68e19f0f6ad4775b53cbcdaf57e878e,01_FACTS_LAYER/FORENSIC_ASTROLOGICAL_DATA_v8_0.md,§3.7,0.2845,"### §3.7 D12 — Dvadashamsa (Parental Ancestry)  | ID | Sign | Planets | | --- | --- | --- | | `D12.ARIES` | Aries | Mercury, Jupiter | | `D12.TAURUS` | Taurus | (none) | | `D12.GEMINI` | Gemini | Satu",4325e2cd4edfb043c12c5da9e8220576,01_FACTS_LAYER/FORENSIC_ASTROLOGICAL_DATA_v8_0.md,§3.6,0.3409,### §3.6 D10 — Dashamsha (Career / Status)  | ID | Body | D10 Sign | D10 House | | --- | --- | --- | --- | | `D10.LAGNA` | D10 Lagna | Leo | 1 | | `D10.SUN` | Sun | Aries | 9 | | `D10.MOON` | Moon | S,5a81f6bd5851415f2f2b3a725aefe120,01_FACTS_LAYER/FORENSIC_ASTROLOGICAL_DATA_v8_0.md,§3.4,0.3428,### §3.4 D7 — Saptamsa (Progeny)  | ID | House | Sign | Planets | | --- | --- | --- | --- | | `D7.LAGNA` | 1 | Cancer | Mercury | | `D7.2` | 2 | Leo | Moon | | `D7.3` | 3 | Virgo | Ketu | | `D7.4` | 4,1,
SIG.MSR.488,children,MOON,D7 Moon — Emotional Progeny Matrix for Children Domain,,,,0.0000,,,,,0.0000,,,,,0.0000,,1,FORENSIC_ASTROLOGICAL_DATA_v8_0
SIG.MSR.489,spirit,SUN,D20 Vimsamsa Spiritual Technique Lineage (Sun Placement),c3ef8adb38221bde14ca44c66554d733,01_FACTS_LAYER/FORENSIC_ASTROLOGICAL_DATA_v8_0.md,§3.9,0.2161,"### §3.9 D20 — Vimsamsa (Spiritual Sadhana)  | ID | Sign | Planets | | --- | --- | --- | | `D20.SCORPIO` | Scorpio | Ascendant (D20 Lagna), Jupiter | | `D20.SAGITTARIUS` | Sagittarius | Saturn | | `D2",dd2769bbdb08893a9ab7e9c596a48e0e,01_FACTS_LAYER/FORENSIC_ASTROLOGICAL_DATA_v8_0.md,§3.14,0.2891,"### §3.14 D60 — Shashtyamsa (Past Karma)  | ID | House | Sign | Planets | | --- | --- | --- | --- | | `D60.LAGNA` | 1 | Gemini | Saturn | | `D60.2` | 2 | Cancer | Rahu, Jupiter | | `D60.3` | 3 | Leo |",c68e19f0f6ad4775b53cbcdaf57e878e,01_FACTS_LAYER/FORENSIC_ASTROLOGICAL_DATA_v8_0.md,§3.7,0.2905,"### §3.7 D12 — Dvadashamsa (Parental Ancestry)  | ID | Sign | Planets | | --- | --- | --- | | `D12.ARIES` | Aries | Mercury, Jupiter | | `D12.TAURUS` | Taurus | (none) | | `D12.GEMINI` | Gemini | Satu",1,
SIG.MSR.490,spirit,MOON,D27 Nakshatra Strength Chart — PBha Moon Echo,c931151d617e1758464fb08133424f5f,01_FACTS_LAYER/FORENSIC_ASTROLOGICAL_DATA_v8_0.md,§23.1,0.2719,#### Moon (`PLN.MOON`)  | Dimension | Value | | --- | --- | | D1 Sign / Degree | Aquarius 27°02′48″ | | Nakshatra / Pada | Purva Bhadrapada / 3 | | Abs Longitude | 327.05° | | Rashi House | 11 | | Cha,f43cc9d59dd83a0cd7c68742053d0985,01_FACTS_LAYER/FORENSIC_ASTROLOGICAL_DATA_v8_0.md,§3.5,0.2799,### §3.5 D9 — Navamsa (Dharma / Spouse / General Strength)  | ID | Body | D9 Sign | D1 Sign | Vargottama | | --- | --- | --- | --- | --- | | `D9.LAGNA` | D9 Lagna | Cancer | Aries (D1 Lagna) | NO | | ,4325e2cd4edfb043c12c5da9e8220576,01_FACTS_LAYER/FORENSIC_ASTROLOGICAL_DATA_v8_0.md,§3.6,0.2824,### §3.6 D10 — Dashamsha (Career / Status)  | ID | Body | D10 Sign | D10 House | | --- | --- | --- | --- | | `D10.LAGNA` | D10 Lagna | Leo | 1 | | `D10.SUN` | Sun | Aries | 9 | | `D10.MOON` | Moon | S,1,
SIG.MSR.491,wealth,VENUS,D40 Khavedamsa Luxury Sub-Tone on Venus,6440a2ddbd5c47cc1280d6e702f33372,01_FACTS_LAYER/FORENSIC_ASTROLOGICAL_DATA_v8_0.md,§3.12,0.3583,### §3.12 D40 — Khavedamsa (Auspiciousness / Misfortune)  | ID | House | Sign | Planets | | --- | --- | --- | --- | | `D40.LAGNA` | 1 | Virgo | Saturn | | `D40.2` | 2 | Libra | (none) | | `D40.3` | 3 ,a5082dda382b6a2281874f6d1b26b54c,01_FACTS_LAYER/FORENSIC_ASTROLOGICAL_DATA_v8_0.md,§23.1,0.3715,#### Venus (`PLN.VENUS`)  | Dimension | Value | | --- | --- | | D1 Sign / Degree | Sagittarius 19°10′12″ | | Nakshatra / Pada | Purva Ashadha / 2 | | Abs Longitude | 259.17° | | Rashi House | 9 | | Ch,65de55012fd3428820596f951008646e,01_FACTS_LAYER/FORENSIC_ASTROLOGICAL_DATA_v8_0.md,§5.1,0.3913,### §5.1 Vimshottari Dasha (Mahadasha / Antardasha)  | ID | MD | AD | Start (FORENSIC) | End (FORENSIC) | | --- | --- | --- | --- | --- | | `DSH.V.001` | Jupiter | Venus | 1984-02-05 | 1986-03-03 | | ,1,
SIG.MSR.492,spirit,,D60 Shashtyamsa Soul Texture — Secondary to D9 for Specialist Reads,dd2769bbdb08893a9ab7e9c596a48e0e,01_FACTS_LAYER/FORENSIC_ASTROLOGICAL_DATA_v8_0.md,§3.14,0.3356,"### §3.14 D60 — Shashtyamsa (Past Karma)  | ID | House | Sign | Planets | | --- | --- | --- | --- | | `D60.LAGNA` | 1 | Gemini | Saturn | | `D60.2` | 2 | Cancer | Rahu, Jupiter | | `D60.3` | 3 | Leo |",6e6ee74891eef8da39604cf9c8e0bf1e,01_FACTS_LAYER/FORENSIC_ASTROLOGICAL_DATA_v8_0.md,,0.3600,"## CHANGELOG  | Version | Date | Session | Changes | | --- | --- | --- | --- | | 6.0 | 2026-04-17 | FIX_SESSION_001 | Base document; dual-engine notes added for Vimshottari, Shadbala, BAV | | 8.0 | 20",1bec1848875ba60014910e27be0e0ae3,01_FACTS_LAYER/FORENSIC_ASTROLOGICAL_DATA_v8_0.md,§6.1,0.3625,### §6.1 Shadbala — Component Breakdown  <!-- [DUAL-ENGINE NOTE: Shadbala totals and ranking differ between FORENSIC and JH engines. See §6.2 for both rankings and the RESOLVED policy statement.] --> ,1,
SIG.MSR.493,wealth,,Maandi Upagraha in Gemini 3H — Shadow Commerce Adjunct to UL Cluster,87de269383a422992aa8ff7e169e3e28,01_FACTS_LAYER/FORENSIC_ASTROLOGICAL_DATA_v8_0.md,§11.1,0.3407,### §11.1 Upagrahas  | ID | Upagraha | Type | Sign | Degree | Nakshatra | | --- | --- | --- | --- | --- | --- | | `UPG.GULIKA` | Gulika | Time-based | Gemini | 13°57′ | Ardra | | `UPG.MANDI` | Mandi |,,,,0.0000,,,,,0.0000,,1,
SIG.MSR.494,career,,Gulika Upagraha in Gemini 3H — Delay Kernel Inside Gemini Nexus,87de269383a422992aa8ff7e169e3e28,01_FACTS_LAYER/FORENSIC_ASTROLOGICAL_DATA_v8_0.md,§11.1,0.2798,### §11.1 Upagrahas  | ID | Upagraha | Type | Sign | Degree | Nakshatra | | --- | --- | --- | --- | --- | --- | | `UPG.GULIKA` | Gulika | Time-based | Gemini | 13°57′ | Ardra | | `UPG.MANDI` | Mandi |,caea00379c96fc08f376b4db37fdb8d3,01_FACTS_LAYER/FORENSIC_ASTROLOGICAL_DATA_v8_0.md,§5.2,0.3546,### §5.2 Yogini Dasha  | ID | Yogini | Ruler | Duration | Start | End | | --- | --- | --- | --- | --- | --- | | `DSH.Y.001` | Bhramari | Mars | Balance | 1984-02-05 | 1985-12-22 | | `DSH.Y.002` | Bhad,,,,0.0000,,1,
SIG.MSR.495,wealth,,Five-Layer 7H + Four-Layer 3H Cross-Weave — Relational Wealth Meets Communication Wealth,,,,0.0000,,,,,0.0000,,,,,0.0000,,1,FORENSIC_ASTROLOGICAL_DATA_v8_0
SIG.MSR.496,parents,,Retrodictive Eclipse ±6mo Density Near Career Pivots — Empirical Stack,lel_period_period_2022_2024,01_FACTS_LAYER/LIFE_EVENT_LOG_v1_2.md,5,0.3331,"# [L1 fact] → [L2.5 interp embedded] ```yaml PERIOD.2022_2024:   dates: 2022 through 2024   characterization: ""Mix. New relationships, rupture of old, success in professional career, lost US job, move",lel_period_period_2007,01_FACTS_LAYER/LIFE_EVENT_LOG_v1_2.md,5,0.3503,"# [L1 fact] → [L2.5 interp embedded] ```yaml PERIOD.2007:   dates: 2007 (calendar year)   characterization: ""Engineering completion + first job. Nothing heavier than a transition marker.""   native_ref",lel_period_period_2016,01_FACTS_LAYER/LIFE_EVENT_LOG_v1_2.md,5,0.3506,"# [L1 fact] → [L2.5 interp embedded] ```yaml PERIOD.2016:   dates: 2016 (calendar year)   characterization: ""A bit stressful. Mahindra Retail crashed. Looking for a job.""   native_reflection: ""2016 wa",1,
SIG.MSR.500,career,MERCURY,"D1→D9 Dignity Coherence — Six Planets Shift, Mercury Sole Vargottama Anchor",c0fff74c31aa2d277c40bb2800359e73,01_FACTS_LAYER/FORENSIC_ASTROLOGICAL_DATA_v8_0.md,§23.1,0.2369,#### Mercury (`PLN.MERCURY`)  | Dimension | Value | | --- | --- | | D1 Sign / Degree | Capricorn 00°50′11″ | | Nakshatra / Pada | Uttara Ashadha / 2 | | Abs Longitude | 270.84° | | Rashi House | 10 | ,21c7822594dc29a2dfc955d90ec1234e,01_FACTS_LAYER/FORENSIC_ASTROLOGICAL_DATA_v8_0.md,§3.15,0.2464,### §3.15 CSI Ledger — D1→D9 and D1→D10 Comparative Status  | ID | Planet | Vargottama | D1→D9 Dignity | D10 Placement | | --- | --- | --- | --- | --- | | `CSI.SUN` | Sun | NO | D1 Capricorn → D9 Canc,07746c57c9b49a44649d2584355e8c7d,01_FACTS_LAYER/FORENSIC_ASTROLOGICAL_DATA_v8_0.md,§26.5,0.2484,"### §26.5 Mercury Eight-System Convergence  <!-- [v8.0 architectural note — replaces ""Seven-System"" framing from MSR.413]:      Mercury accumulates 8 system-designations:      1. Current Vimshottari M",1,
SIG.MSR.501,career,SATURN,Saturn Three-State Dignity Architecture — D1 Exaltation → D9 Debilitation (NBRY) → D10 Angular,,,,0.0000,,,,,0.0000,,,,,0.0000,,1,FORENSIC_ASTROLOGICAL_DATA_v8_0
SIG.MSR.502,relationships,VENUS,"Venus Three-State Dignity Architecture — D1 Sagittarius → D9 Virgo (Debil, NBRY via Vargottama Mercury) → D10 Gemini 11t",a5082dda382b6a2281874f6d1b26b54c,01_FACTS_LAYER/FORENSIC_ASTROLOGICAL_DATA_v8_0.md,§23.1,0.2348,#### Venus (`PLN.VENUS`)  | Dimension | Value | | --- | --- | | D1 Sign / Degree | Sagittarius 19°10′12″ | | Nakshatra / Pada | Purva Ashadha / 2 | | Abs Longitude | 259.17° | | Rashi House | 9 | | Ch,21c7822594dc29a2dfc955d90ec1234e,01_FACTS_LAYER/FORENSIC_ASTROLOGICAL_DATA_v8_0.md,§3.15,0.2394,### §3.15 CSI Ledger — D1→D9 and D1→D10 Comparative Status  | ID | Planet | Vargottama | D1→D9 Dignity | D10 Placement | | --- | --- | --- | --- | --- | | `CSI.SUN` | Sun | NO | D1 Capricorn → D9 Canc,f43cc9d59dd83a0cd7c68742053d0985,01_FACTS_LAYER/FORENSIC_ASTROLOGICAL_DATA_v8_0.md,§3.5,0.2455,### §3.5 D9 — Navamsa (Dharma / Spouse / General Strength)  | ID | Body | D9 Sign | D1 Sign | Vargottama | | --- | --- | --- | --- | --- | | `D9.LAGNA` | D9 Lagna | Cancer | Aries (D1 Lagna) | NO | | ,1,
SIG.MSR.503,children,SATURN,D7 Saptamsha — Saturn + Rahu Conjoined in 9H Pisces (Child Karma Burden in Fortune House),5a81f6bd5851415f2f2b3a725aefe120,01_FACTS_LAYER/FORENSIC_ASTROLOGICAL_DATA_v8_0.md,§3.4,0.2491,### §3.4 D7 — Saptamsa (Progeny)  | ID | House | Sign | Planets | | --- | --- | --- | --- | | `D7.LAGNA` | 1 | Cancer | Mercury | | `D7.2` | 2 | Leo | Moon | | `D7.3` | 3 | Virgo | Ketu | | `D7.4` | 4,dd2769bbdb08893a9ab7e9c596a48e0e,01_FACTS_LAYER/FORENSIC_ASTROLOGICAL_DATA_v8_0.md,§3.14,0.2798,"### §3.14 D60 — Shashtyamsa (Past Karma)  | ID | House | Sign | Planets | | --- | --- | --- | --- | | `D60.LAGNA` | 1 | Gemini | Saturn | | `D60.2` | 2 | Cancer | Rahu, Jupiter | | `D60.3` | 3 | Leo |",640b9a557bd93e286fddce8c9aba7dcb,01_FACTS_LAYER/FORENSIC_ASTROLOGICAL_DATA_v8_0.md,§3.11,0.2816,### §3.11 D30 — Trimsamsa (Misfortune / Evils)  | ID | House | Sign | Planets | | --- | --- | --- | --- | | `D30.LAGNA` | 1 | Capricorn | Sun | | `D30.2` | 2 | Aquarius | Jupiter | | `D30.3` | 3 | Pis,1,
SIG.MSR.504,children,JUPITER,"D7 Saptamsha — Jupiter + Mars in 8H Aquarius, Venus in 10H Aries",5a81f6bd5851415f2f2b3a725aefe120,01_FACTS_LAYER/FORENSIC_ASTROLOGICAL_DATA_v8_0.md,§3.4,0.2377,### §3.4 D7 — Saptamsa (Progeny)  | ID | House | Sign | Planets | | --- | --- | --- | --- | | `D7.LAGNA` | 1 | Cancer | Mercury | | `D7.2` | 2 | Leo | Moon | | `D7.3` | 3 | Virgo | Ketu | | `D7.4` | 4,f8fe9a055f29e6e4f4f2b9217b97aa88,01_FACTS_LAYER/FORENSIC_ASTROLOGICAL_DATA_v8_0.md,§26.3,0.2411,### §26.3 D-10 Dashamsha Yogas  | ID | Yoga | Type | Key Configuration | Note | | --- | --- | --- | --- | --- | | `YGA.D10.SARALA` | Sarala Viparita Raja Yoga | Power from upheaval | 8L in 8H in D10 —,c3ef8adb38221bde14ca44c66554d733,01_FACTS_LAYER/FORENSIC_ASTROLOGICAL_DATA_v8_0.md,§3.9,0.2425,"### §3.9 D20 — Vimsamsa (Spiritual Sadhana)  | ID | Sign | Planets | | --- | --- | --- | | `D20.SCORPIO` | Scorpio | Ascendant (D20 Lagna), Jupiter | | `D20.SAGITTARIUS` | Sagittarius | Saturn | | `D2",1,
SIG.MSR.505,parents,SATURN,"D12 Dvadashamsha — Saturn + Ketu in Gemini, Sun in Virgo, Moon in Scorpio (Parental Lineage Architecture)",c68e19f0f6ad4775b53cbcdaf57e878e,01_FACTS_LAYER/FORENSIC_ASTROLOGICAL_DATA_v8_0.md,§3.7,0.1572,"### §3.7 D12 — Dvadashamsa (Parental Ancestry)  | ID | Sign | Planets | | --- | --- | --- | | `D12.ARIES` | Aries | Mercury, Jupiter | | `D12.TAURUS` | Taurus | (none) | | `D12.GEMINI` | Gemini | Satu",5a81f6bd5851415f2f2b3a725aefe120,01_FACTS_LAYER/FORENSIC_ASTROLOGICAL_DATA_v8_0.md,§3.4,0.2217,### §3.4 D7 — Saptamsa (Progeny)  | ID | House | Sign | Planets | | --- | --- | --- | --- | | `D7.LAGNA` | 1 | Cancer | Mercury | | `D7.2` | 2 | Leo | Moon | | `D7.3` | 3 | Virgo | Ketu | | `D7.4` | 4,4325e2cd4edfb043c12c5da9e8220576,01_FACTS_LAYER/FORENSIC_ASTROLOGICAL_DATA_v8_0.md,§3.6,0.2283,### §3.6 D10 — Dashamsha (Career / Status)  | ID | Body | D10 Sign | D10 House | | --- | --- | --- | --- | | `D10.LAGNA` | D10 Lagna | Leo | 1 | | `D10.SUN` | Sun | Aries | 9 | | `D10.MOON` | Moon | S,1,
SIG.MSR.506,education,SATURN,"D24 Siddhamsha — Saturn in 9H Capricorn (Own Sign), Jupiter in 11H Pisces (Own Sign), Moon at Lagna Taurus (Exalted)",d9a5dd4f78aff150e1695eaac9e85784,01_FACTS_LAYER/FORENSIC_ASTROLOGICAL_DATA_v8_0.md,§3.10,0.1793,### §3.10 D24 — Siddhamsa (Education / Knowledge)  | ID | House | Sign | Planets | | --- | --- | --- | --- | | `D24.LAGNA` | 1 | Taurus | Moon | | `D24.2` | 2 | Gemini | (none) | | `D24.3` | 3 | Cance,7e3eef559eb3ac6793930b6c5b5a8619,01_FACTS_LAYER/FORENSIC_ASTROLOGICAL_DATA_v8_0.md,§23.1,0.1991,#### Saturn (`PLN.SATURN`)  | Dimension | Value | | --- | --- | | D1 Sign / Degree | Libra 22°27′04″ | | Nakshatra / Pada | Vishakha / 1 | | Abs Longitude | 202.45° | | Rashi House | 7 | | Chalit Hous,4325e2cd4edfb043c12c5da9e8220576,01_FACTS_LAYER/FORENSIC_ASTROLOGICAL_DATA_v8_0.md,§3.6,0.2013,### §3.6 D10 — Dashamsha (Career / Status)  | ID | Body | D10 Sign | D10 House | | --- | --- | --- | --- | | `D10.LAGNA` | D10 Lagna | Leo | 1 | | `D10.SUN` | Sun | Aries | 9 | | `D10.MOON` | Moon | S,1,
SIG.MSR.507,spirit,JUPITER,"D20 Vimsamsha — Jupiter at Lagna Scorpio, Saturn 2H Sagittarius, Sun 5H Pisces (Spiritual Sadhana Architecture)",c3ef8adb38221bde14ca44c66554d733,01_FACTS_LAYER/FORENSIC_ASTROLOGICAL_DATA_v8_0.md,§3.9,0.1846,"### §3.9 D20 — Vimsamsa (Spiritual Sadhana)  | ID | Sign | Planets | | --- | --- | --- | | `D20.SCORPIO` | Scorpio | Ascendant (D20 Lagna), Jupiter | | `D20.SAGITTARIUS` | Sagittarius | Saturn | | `D2",8aabb6f2376b8a478262c58c5b29116c,01_FACTS_LAYER/FORENSIC_ASTROLOGICAL_DATA_v8_0.md,§3.13,0.2511,### §3.13 D45 — Akshavedamsa (Spiritual Purity)  | ID | House | Sign | Planets | | --- | --- | --- | --- | | `D45.LAGNA` | 1 | Libra | Neptune | | `D45.2` | 2 | Scorpio | (none) | | `D45.3` | 3 | Sagi,dd2769bbdb08893a9ab7e9c596a48e0e,01_FACTS_LAYER/FORENSIC_ASTROLOGICAL_DATA_v8_0.md,§3.14,0.2575,"### §3.14 D60 — Shashtyamsa (Past Karma)  | ID | House | Sign | Planets | | --- | --- | --- | --- | | `D60.LAGNA` | 1 | Gemini | Saturn | | `D60.2` | 2 | Cancer | Rahu, Jupiter | | `D60.3` | 3 | Leo |",1,
SIG.MSR.508,health,SATURN,D30 Trimsamsha — Saturn + Mars + Venus Triple-Stellium in 6H Gemini (Health-Disease Concentration),640b9a557bd93e286fddce8c9aba7dcb,01_FACTS_LAYER/FORENSIC_ASTROLOGICAL_DATA_v8_0.md,§3.11,0.2257,### §3.11 D30 — Trimsamsa (Misfortune / Evils)  | ID | House | Sign | Planets | | --- | --- | --- | --- | | `D30.LAGNA` | 1 | Capricorn | Sun | | `D30.2` | 2 | Aquarius | Jupiter | | `D30.3` | 3 | Pis,dd2769bbdb08893a9ab7e9c596a48e0e,01_FACTS_LAYER/FORENSIC_ASTROLOGICAL_DATA_v8_0.md,§3.14,0.2633,"### §3.14 D60 — Shashtyamsa (Past Karma)  | ID | House | Sign | Planets | | --- | --- | --- | --- | | `D60.LAGNA` | 1 | Gemini | Saturn | | `D60.2` | 2 | Cancer | Rahu, Jupiter | | `D60.3` | 3 | Leo |",6440a2ddbd5c47cc1280d6e702f33372,01_FACTS_LAYER/FORENSIC_ASTROLOGICAL_DATA_v8_0.md,§3.12,0.2865,### §3.12 D40 — Khavedamsa (Auspiciousness / Misfortune)  | ID | House | Sign | Planets | | --- | --- | --- | --- | | `D40.LAGNA` | 1 | Virgo | Saturn | | `D40.2` | 2 | Libra | (none) | | `D40.3` | 3 ,1,
SIG.MSR.509,parents,JUPITER,D40 Khavedamsha — Jupiter + Venus Conjunct in 9H Taurus (Maternal Auspiciousness Signature),6440a2ddbd5c47cc1280d6e702f33372,01_FACTS_LAYER/FORENSIC_ASTROLOGICAL_DATA_v8_0.md,§3.12,0.2110,### §3.12 D40 — Khavedamsa (Auspiciousness / Misfortune)  | ID | House | Sign | Planets | | --- | --- | --- | --- | | `D40.LAGNA` | 1 | Virgo | Saturn | | `D40.2` | 2 | Libra | (none) | | `D40.3` | 3 ,a5082dda382b6a2281874f6d1b26b54c,01_FACTS_LAYER/FORENSIC_ASTROLOGICAL_DATA_v8_0.md,§23.1,0.2612,#### Venus (`PLN.VENUS`)  | Dimension | Value | | --- | --- | | D1 Sign / Degree | Sagittarius 19°10′12″ | | Nakshatra / Pada | Purva Ashadha / 2 | | Abs Longitude | 259.17° | | Rashi House | 9 | | Ch,dd2769bbdb08893a9ab7e9c596a48e0e,01_FACTS_LAYER/FORENSIC_ASTROLOGICAL_DATA_v8_0.md,§3.14,0.2651,"### §3.14 D60 — Shashtyamsa (Past Karma)  | ID | House | Sign | Planets | | --- | --- | --- | --- | | `D60.LAGNA` | 1 | Gemini | Saturn | | `D60.2` | 2 | Cancer | Rahu, Jupiter | | `D60.3` | 3 | Leo |",1,
SIG.MSR.510,spirit,JUPITER,"D45 Akshavedamsha — Jupiter in 5H Aquarius, Saturn in 4H Capricorn (Spiritual Purity Architecture)",8aabb6f2376b8a478262c58c5b29116c,01_FACTS_LAYER/FORENSIC_ASTROLOGICAL_DATA_v8_0.md,§3.13,0.1791,### §3.13 D45 — Akshavedamsa (Spiritual Purity)  | ID | House | Sign | Planets | | --- | --- | --- | --- | | `D45.LAGNA` | 1 | Libra | Neptune | | `D45.2` | 2 | Scorpio | (none) | | `D45.3` | 3 | Sagi,c3ef8adb38221bde14ca44c66554d733,01_FACTS_LAYER/FORENSIC_ASTROLOGICAL_DATA_v8_0.md,§3.9,0.2679,"### §3.9 D20 — Vimsamsa (Spiritual Sadhana)  | ID | Sign | Planets | | --- | --- | --- | | `D20.SCORPIO` | Scorpio | Ascendant (D20 Lagna), Jupiter | | `D20.SAGITTARIUS` | Sagittarius | Saturn | | `D2",6440a2ddbd5c47cc1280d6e702f33372,01_FACTS_LAYER/FORENSIC_ASTROLOGICAL_DATA_v8_0.md,§3.12,0.2716,### §3.12 D40 — Khavedamsa (Auspiciousness / Misfortune)  | ID | House | Sign | Planets | | --- | --- | --- | --- | | `D40.LAGNA` | 1 | Virgo | Saturn | | `D40.2` | 2 | Libra | (none) | | `D40.3` | 3 ,1,
SIG.MSR.511,spirit,SATURN,"D60 Shashtyamsha — Saturn at Lagna Gemini, Ketu in 8H Capricorn (Past-Karma Soul Texture)",dd2769bbdb08893a9ab7e9c596a48e0e,01_FACTS_LAYER/FORENSIC_ASTROLOGICAL_DATA_v8_0.md,§3.14,0.1781,"### §3.14 D60 — Shashtyamsa (Past Karma)  | ID | House | Sign | Planets | | --- | --- | --- | --- | | `D60.LAGNA` | 1 | Gemini | Saturn | | `D60.2` | 2 | Cancer | Rahu, Jupiter | | `D60.3` | 3 | Leo |",6440a2ddbd5c47cc1280d6e702f33372,01_FACTS_LAYER/FORENSIC_ASTROLOGICAL_DATA_v8_0.md,§3.12,0.2515,### §3.12 D40 — Khavedamsa (Auspiciousness / Misfortune)  | ID | House | Sign | Planets | | --- | --- | --- | --- | | `D40.LAGNA` | 1 | Virgo | Saturn | | `D40.2` | 2 | Libra | (none) | | `D40.3` | 3 ,3f8a340ab244698b10ed31026eb9c620,01_FACTS_LAYER/FORENSIC_ASTROLOGICAL_DATA_v8_0.md,§16.1,0.2605,### §16.1 Classical Vedic Aspects (Graha Drishti)  | ID | Planet | From Sign | Aspect Rays | | --- | --- | --- | --- | | `ASP.G.SUN` | Sun | Capricorn | 7th on Cancer | | `ASP.G.MOON` | Moon | Aquariu,1,
SIG.MSR.512,wealth,MOON,"D16 Shodashamsha — Moon + Mars at Lagna Leo, Mercury + Jupiter in 10H Taurus (Vehicles-Comforts Architecture)",b4fd6e0a42afc6160dc34f9daf46698e,01_FACTS_LAYER/FORENSIC_ASTROLOGICAL_DATA_v8_0.md,§3.8,0.1708,"### §3.8 D16 — Shodashamsa (Vehicles / Comforts)  | ID | Sign | Planets | | --- | --- | --- | | `D16.TAURUS` | Taurus | Mercury, Jupiter | | `D16.GEMINI` | Gemini | Rahu, Ketu | | `D16.CANCER` | Cance",4325e2cd4edfb043c12c5da9e8220576,01_FACTS_LAYER/FORENSIC_ASTROLOGICAL_DATA_v8_0.md,§3.6,0.2544,### §3.6 D10 — Dashamsha (Career / Status)  | ID | Body | D10 Sign | D10 House | | --- | --- | --- | --- | | `D10.LAGNA` | D10 Lagna | Leo | 1 | | `D10.SUN` | Sun | Aries | 9 | | `D10.MOON` | Moon | S,ed89fc38cf873b3a402dfe9deddffad0,01_FACTS_LAYER/FORENSIC_ASTROLOGICAL_DATA_v8_0.md,§3.3,0.2708,### §3.3 D4 — Chaturthamsa (Home / Property)  | ID | House | Sign | Planets | | --- | --- | --- | --- | | `D4.LAGNA` | 1 | Cancer | Sun | | `D4.2` | 2 | Leo | (none) | | `D4.3` | 3 | Virgo | (none) | ,1,
SIG.MSR.513,wealth,MOON,"D2 Hora — Five Planets in Cancer (Moon) Hora, Four in Leo (Sun) Hora (Wealth-Distribution Asymmetry)",cb29ffa3c7f05682e42a193022e72037,01_FACTS_LAYER/FORENSIC_ASTROLOGICAL_DATA_v8_0.md,§3.1,0.1358,"### §3.1 D2 — Hora (Wealth Division)  | ID | Hora Sign | Ruler | Planets | | --- | --- | --- | --- | | `D2.CANCER` | Cancer | Moon | Moon, Mars, Venus, Saturn, Mercury | | `D2.LEO` | Leo | Sun | Jupit",d053861ab35e16c3e32605de32ad3990,01_FACTS_LAYER/FORENSIC_ASTROLOGICAL_DATA_v8_0.md,§18,0.2955,## §18 — CHANDRA CHART (FROM-MOON VIEW)  | ID | House from Moon | Sign | Planets | | --- | --- | --- | --- | | `CHN.1` | 1 (Self) | Aquarius | Moon | | `CHN.2` | 2 (Speech) | Pisces | (none) | | `CHN.,9babdccd7813a9a1442f2166bd10f356,01_FACTS_LAYER/FORENSIC_ASTROLOGICAL_DATA_v8_0.md,§3.2,0.2994,"### §3.2 D3 — Drekkana (Decanate)  | ID | House | Sign | Planets | | --- | --- | --- | --- | | `D3.LAGNA` | 1 | Leo | Venus | | `D3.2` | 2 | Virgo | Sun, Rahu | | `D3.3` | 3 | Libra | (none) | | `D3.4",1,
SIG.MSR.514,career,MERCURY,Vargottama Mercury as Cross-Varga Anchor — Stability of Mercury's Disposition Propagates Across D1/D9/D10/D12/D24/D60,c0fff74c31aa2d277c40bb2800359e73,01_FACTS_LAYER/FORENSIC_ASTROLOGICAL_DATA_v8_0.md,§23.1,0.2367,#### Mercury (`PLN.MERCURY`)  | Dimension | Value | | --- | --- | | D1 Sign / Degree | Capricorn 00°50′11″ | | Nakshatra / Pada | Uttara Ashadha / 2 | | Abs Longitude | 270.84° | | Rashi House | 10 | ,07746c57c9b49a44649d2584355e8c7d,01_FACTS_LAYER/FORENSIC_ASTROLOGICAL_DATA_v8_0.md,§26.5,0.2563,"### §26.5 Mercury Eight-System Convergence  <!-- [v8.0 architectural note — replaces ""Seven-System"" framing from MSR.413]:      Mercury accumulates 8 system-designations:      1. Current Vimshottari M",f43cc9d59dd83a0cd7c68742053d0985,01_FACTS_LAYER/FORENSIC_ASTROLOGICAL_DATA_v8_0.md,§3.5,0.2801,### §3.5 D9 — Navamsa (Dharma / Spouse / General Strength)  | ID | Body | D9 Sign | D1 Sign | Vargottama | | --- | --- | --- | --- | --- | | `D9.LAGNA` | D9 Lagna | Cancer | Aries (D1 Lagna) | NO | | ,1,
SIG.MSR.515,health,SATURN,BNN — Saturn Transit Libra: Mother's Ill-Health,0dac7b3be919024c98910483771f6c8d,01_FACTS_LAYER/FORENSIC_ASTROLOGICAL_DATA_v8_0.md,§21,0.3545,## §21 — SADE SATI — SATURNINE TRANSIT (FACTS)  | ID | Cycle | Saturn Sign | Start | End | Phase | | --- | --- | --- | --- | --- | --- | | `TRS.SS.C2.P1` | Cycle 2 | Capricorn | 2020-01-24 | 2022-04-2,,,,0.0000,,,,,0.0000,,1,
SIG.MSR.516,wealth,MARS,BNN — Mars Aspected by Venus: Riches Through Wife,cb29ffa3c7f05682e42a193022e72037,01_FACTS_LAYER/FORENSIC_ASTROLOGICAL_DATA_v8_0.md,§3.1,0.3541,"### §3.1 D2 — Hora (Wealth Division)  | ID | Hora Sign | Ruler | Planets | | --- | --- | --- | --- | | `D2.CANCER` | Cancer | Moon | Moon, Mars, Venus, Saturn, Mercury | | `D2.LEO` | Leo | Sun | Jupit",,,,0.0000,,,,,0.0000,,1,
SIG.MSR.517,career,SATURN,BNN — Saturn in Virgo: Merchant Profession,7e3eef559eb3ac6793930b6c5b5a8619,01_FACTS_LAYER/FORENSIC_ASTROLOGICAL_DATA_v8_0.md,§23.1,0.3504,#### Saturn (`PLN.SATURN`)  | Dimension | Value | | --- | --- | | D1 Sign / Degree | Libra 22°27′04″ | | Nakshatra / Pada | Vishakha / 1 | | Abs Longitude | 202.45° | | Rashi House | 7 | | Chalit Hous,,,,0.0000,,,,,0.0000,,1,
SIG.MSR.518,spirituality,JUPITER,BNN — Jupiter in Virgo: Religious Learning,,,,0.0000,,,,,0.0000,,,,,0.0000,,1,FORENSIC_ASTROLOGICAL_DATA_v8_0
SIG.MSR.519,relationships,VENUS,BNN — Venus Cancer + Leo Vacant + Jupiter Virgo: Two Marriages,,,,0.0000,,,,,0.0000,,,,,0.0000,,1,FORENSIC_ASTROLOGICAL_DATA_v8_0
SIG.MSR.520,relationships,SUN,BNN — Sun Next to Venus: Devotional-Capable Spouse,f43cc9d59dd83a0cd7c68742053d0985,01_FACTS_LAYER/FORENSIC_ASTROLOGICAL_DATA_v8_0.md,§3.5,0.3591,### §3.5 D9 — Navamsa (Dharma / Spouse / General Strength)  | ID | Body | D9 Sign | D1 Sign | Vargottama | | --- | --- | --- | --- | --- | | `D9.LAGNA` | D9 Lagna | Cancer | Aries (D1 Lagna) | NO | | ,,,,0.0000,,,,,0.0000,,1,
SIG.MSR.521,psychological,SATURN,BNN — Saturn-Ketu Conjunction: Early Life Difficulties,,,,0.0000,,,,,0.0000,,,,,0.0000,,1,FORENSIC_ASTROLOGICAL_DATA_v8_0
SIG.MSR.522,other,JUPITER,BNN — Jupiter-Rahu Conjunction: Dilapidated Structure Near Birthplace,f8e288deadeb03986126cd1cc17e4bc0,01_FACTS_LAYER/FORENSIC_ASTROLOGICAL_DATA_v8_0.md,§16.3,0.3417,### §16.3 Bhav-Madhya Aspects (Planet → House Cusp)  | ID | Planet | House | Aspect | Orb (°) | Weight | | --- | --- | --- | --- | --- | --- | | `ASP.BM.PLUTO.11` | Pluto | 11 | Square | 0.25 | 3 | | ,d55e96f1cfb9c5963bd6241c6eb8947e,01_FACTS_LAYER/FORENSIC_ASTROLOGICAL_DATA_v8_0.md,§23.1,0.3465,#### Jupiter (`PLN.JUPITER`)  | Dimension | Value | | --- | --- | | D1 Sign / Degree | Sagittarius 09°48′28″ | | Nakshatra / Pada | Moola / 3 | | Abs Longitude | 249.81° | | Rashi House | 9 | | Chalit,2d29d836d98291df5258dcdc7be6ad69,01_FACTS_LAYER/FORENSIC_ASTROLOGICAL_DATA_v8_0.md,§23.1,0.3469,#### Rahu (`PLN.RAHU`)  | Dimension | Value | | --- | --- | | D1 Sign / Degree | Taurus 19°01′47″ | | Nakshatra / Pada | Rohini / 3 | | Abs Longitude | 49.03° | | Rashi House | 2 | | Chalit House | 2 ,1,
SIG.MSR.523,career,SATURN,BNN — Saturn 2nd from Sun: Stepping into Father's Profession,0dac7b3be919024c98910483771f6c8d,01_FACTS_LAYER/FORENSIC_ASTROLOGICAL_DATA_v8_0.md,§21,0.3471,## §21 — SADE SATI — SATURNINE TRANSIT (FACTS)  | ID | Cycle | Saturn Sign | Start | End | Phase | | --- | --- | --- | --- | --- | --- | | `TRS.SS.C2.P1` | Cycle 2 | Capricorn | 2020-01-24 | 2022-04-2,,,,0.0000,,,,,0.0000,,1,
SIG.MSR.524,wealth,JUPITER,BNN — Jupiter-Ketu 7th to Saturn: Surpassing Father's Wealth,fa29b75101946b29aec1ba2d356f92d3,01_FACTS_LAYER/FORENSIC_ASTROLOGICAL_DATA_v8_0.md,§4.3,0.2992,"### §4.3 KP House Significators  | ID | House | Significators (ranked) | KP Logic | | --- | --- | --- | --- | | `KP.SIG.1` | 1 (Self) | Mars, Ketu | Mars (Lord); Ketu (agent for Mars) | | `KP.SIG.2` |",f66c03bb2186d0e9478d8a19179cc19c,01_FACTS_LAYER/FORENSIC_ASTROLOGICAL_DATA_v8_0.md,§23.1,0.3255,#### Ketu (`PLN.KETU`)  | Dimension | Value | | --- | --- | | D1 Sign / Degree | Scorpio 19°01′47″ | | Nakshatra / Pada | Jyeshtha / 1 | | Abs Longitude | 229.03° | | Rashi House | 8 | | Chalit House ,,,,0.0000,,1,
SIG.MSR.525,psychological,MERCURY,BNN — Mercury-Mars-Rahu: Coarse Speech and Manner,,,,0.0000,,,,,0.0000,,,,,0.0000,,1,FORENSIC_ASTROLOGICAL_DATA_v8_0
SIG.MSR.526,wealth,JUPITER,BNN — Jupiter Contacts Debilitated Moon First: Duplicity and Dispossession,d55e96f1cfb9c5963bd6241c6eb8947e,01_FACTS_LAYER/FORENSIC_ASTROLOGICAL_DATA_v8_0.md,§23.1,0.3849,#### Jupiter (`PLN.JUPITER`)  | Dimension | Value | | --- | --- | | D1 Sign / Degree | Sagittarius 09°48′28″ | | Nakshatra / Pada | Moola / 3 | | Abs Longitude | 249.81° | | Rashi House | 9 | | Chalit,,,,0.0000,,,,,0.0000,,1,
SIG.MSR.527,relationships,VENUS,BNN — Venus Contacts Ketu: Daughter Born First,f66c03bb2186d0e9478d8a19179cc19c,01_FACTS_LAYER/FORENSIC_ASTROLOGICAL_DATA_v8_0.md,§23.1,0.3044,#### Ketu (`PLN.KETU`)  | Dimension | Value | | --- | --- | | D1 Sign / Degree | Scorpio 19°01′47″ | | Nakshatra / Pada | Jyeshtha / 1 | | Abs Longitude | 229.03° | | Rashi House | 8 | | Chalit House ,a5082dda382b6a2281874f6d1b26b54c,01_FACTS_LAYER/FORENSIC_ASTROLOGICAL_DATA_v8_0.md,§23.1,0.3225,#### Venus (`PLN.VENUS`)  | Dimension | Value | | --- | --- | | D1 Sign / Degree | Sagittarius 19°10′12″ | | Nakshatra / Pada | Purva Ashadha / 2 | | Abs Longitude | 259.17° | | Rashi House | 9 | | Ch,,,,0.0000,,1,
SIG.MSR.528,career,RAHU,BNN — Rahu-Mars in Scorpio: Educational Career Interrupted,,,,0.0000,,,,,0.0000,,,,,0.0000,,1,FORENSIC_ASTROLOGICAL_DATA_v8_0
SIG.MSR.529,spirituality,JUPITER,BNN — Jupiter in Pisces + Saturn-Ketu in Aries: Past-Life Tapasya,dd2769bbdb08893a9ab7e9c596a48e0e,01_FACTS_LAYER/FORENSIC_ASTROLOGICAL_DATA_v8_0.md,§3.14,0.2656,"### §3.14 D60 — Shashtyamsa (Past Karma)  | ID | House | Sign | Planets | | --- | --- | --- | --- | | `D60.LAGNA` | 1 | Gemini | Saturn | | `D60.2` | 2 | Cancer | Rahu, Jupiter | | `D60.3` | 3 | Leo |",0dac7b3be919024c98910483771f6c8d,01_FACTS_LAYER/FORENSIC_ASTROLOGICAL_DATA_v8_0.md,§21,0.2923,## §21 — SADE SATI — SATURNINE TRANSIT (FACTS)  | ID | Cycle | Saturn Sign | Start | End | Phase | | --- | --- | --- | --- | --- | --- | | `TRS.SS.C2.P1` | Cycle 2 | Capricorn | 2020-01-24 | 2022-04-2,5a81f6bd5851415f2f2b3a725aefe120,01_FACTS_LAYER/FORENSIC_ASTROLOGICAL_DATA_v8_0.md,§3.4,0.2953,### §3.4 D7 — Saptamsa (Progeny)  | ID | House | Sign | Planets | | --- | --- | --- | --- | | `D7.LAGNA` | 1 | Cancer | Mercury | | `D7.2` | 2 | Leo | Moon | | `D7.3` | 3 | Virgo | Ketu | | `D7.4` | 4,1,
SIG.MSR.530,psychological,SATURN,BNN — Saturn-Ketu: Deeply Contemplative Nature,f66c03bb2186d0e9478d8a19179cc19c,01_FACTS_LAYER/FORENSIC_ASTROLOGICAL_DATA_v8_0.md,§23.1,0.3241,#### Ketu (`PLN.KETU`)  | Dimension | Value | | --- | --- | | D1 Sign / Degree | Scorpio 19°01′47″ | | Nakshatra / Pada | Jyeshtha / 1 | | Abs Longitude | 229.03° | | Rashi House | 8 | | Chalit House ,,,,0.0000,,,,,0.0000,,1,
SIG.MSR.531,psychological,JUPITER,BNN — Jupiter in Own House: Removes Fear (Serpents/Unknown),d55e96f1cfb9c5963bd6241c6eb8947e,01_FACTS_LAYER/FORENSIC_ASTROLOGICAL_DATA_v8_0.md,§23.1,0.3752,#### Jupiter (`PLN.JUPITER`)  | Dimension | Value | | --- | --- | | D1 Sign / Degree | Sagittarius 09°48′28″ | | Nakshatra / Pada | Moola / 3 | | Abs Longitude | 249.81° | | Rashi House | 9 | | Chalit,,,,0.0000,,,,,0.0000,,1,
SIG.MSR.532,relationships,JUPITER,BNN — Jupiter in Venus's House: Infamy Through Female at Specific Ages,f8e288deadeb03986126cd1cc17e4bc0,01_FACTS_LAYER/FORENSIC_ASTROLOGICAL_DATA_v8_0.md,§16.3,0.3516,### §16.3 Bhav-Madhya Aspects (Planet → House Cusp)  | ID | Planet | House | Aspect | Orb (°) | Weight | | --- | --- | --- | --- | --- | --- | | `ASP.BM.PLUTO.11` | Pluto | 11 | Square | 0.25 | 3 | | ,d55e96f1cfb9c5963bd6241c6eb8947e,01_FACTS_LAYER/FORENSIC_ASTROLOGICAL_DATA_v8_0.md,§23.1,0.3602,#### Jupiter (`PLN.JUPITER`)  | Dimension | Value | | --- | --- | | D1 Sign / Degree | Sagittarius 09°48′28″ | | Nakshatra / Pada | Moola / 3 | | Abs Longitude | 249.81° | | Rashi House | 9 | | Chalit,a5082dda382b6a2281874f6d1b26b54c,01_FACTS_LAYER/FORENSIC_ASTROLOGICAL_DATA_v8_0.md,§23.1,0.3650,#### Venus (`PLN.VENUS`)  | Dimension | Value | | --- | --- | | D1 Sign / Degree | Sagittarius 19°10′12″ | | Nakshatra / Pada | Purva Ashadha / 2 | | Abs Longitude | 259.17° | | Rashi House | 9 | | Ch,1,
SIG.MSR.533,psychological,MOON,BNN — Moon-Venus Conjunction in Leo: Every Type of Happiness,lel_chronic_pattern_sports_luck_01,01_FACTS_LAYER/LIFE_EVENT_LOG_v1_2.md,4,0.3776,"# [L1 fact] → [L2.5 interp embedded] ```yaml PATTERN.SPORTS_LUCK.01:   trait: Sports participation directly correlates with better luck and prosperity   native_reflection: ""Physically active by nature",,,,0.0000,,,,,0.0000,,defer,
SIG.MSR.534,spirituality,JUPITER,BNN — Jupiter 9th from Saturn + Venus Lord of 9th: Sanyas Denied,7e3eef559eb3ac6793930b6c5b5a8619,01_FACTS_LAYER/FORENSIC_ASTROLOGICAL_DATA_v8_0.md,§23.1,0.3014,#### Saturn (`PLN.SATURN`)  | Dimension | Value | | --- | --- | | D1 Sign / Degree | Libra 22°27′04″ | | Nakshatra / Pada | Vishakha / 1 | | Abs Longitude | 202.45° | | Rashi House | 7 | | Chalit Hous,f43cc9d59dd83a0cd7c68742053d0985,01_FACTS_LAYER/FORENSIC_ASTROLOGICAL_DATA_v8_0.md,§3.5,0.3143,### §3.5 D9 — Navamsa (Dharma / Spouse / General Strength)  | ID | Body | D9 Sign | D1 Sign | Vargottama | | --- | --- | --- | --- | --- | | `D9.LAGNA` | D9 Lagna | Cancer | Aries (D1 Lagna) | NO | | ,,,,0.0000,,1,
SIG.MSR.535,career,MERCURY,BNN — Mercury-Mars in Venus's Sign: Engineering Specialisation,,,,0.0000,,,,,0.0000,,,,,0.0000,,1,FORENSIC_ASTROLOGICAL_DATA_v8_0
SIG.MSR.536,career,MARS,BNN — Mars-Saturn Exchange + Venus: High Post in Regulated Industry,,,,0.0000,,,,,0.0000,,,,,0.0000,,1,FORENSIC_ASTROLOGICAL_DATA_v8_0
SIG.MSR.537,relationships,VENUS,BNN — Venus in 2nd from Saturn: Association with Low-Class Company,,,,0.0000,,,,,0.0000,,,,,0.0000,,1,FORENSIC_ASTROLOGICAL_DATA_v8_0
SIG.MSR.538,career,SATURN,BNN — Saturn-Rahu-Mars: Profession in Government or Enforcement,71433979eee9932c2f958170a8b576e6,01_FACTS_LAYER/FORENSIC_ASTROLOGICAL_DATA_v8_0.md,§23.1,0.3081,#### Mars (`PLN.MARS`)  | Dimension | Value | | --- | --- | | D1 Sign / Degree | Libra 18°31′38″ | | Nakshatra / Pada | Swati / 4 | | Abs Longitude | 198.53° | | Rashi House | 7 | | Chalit House | 7 |,aca29b898fb6de4c81e3af2e4b6934a2,01_FACTS_LAYER/FORENSIC_ASTROLOGICAL_DATA_v8_0.md,§23.1,0.3145,#### Sun (`PLN.SUN`)  | Dimension | Value | | --- | --- | | D1 Sign / Degree | Capricorn 21°57′35″ | | Nakshatra / Pada | Shravana / 4 | | Abs Longitude | 291.96° | | Rashi House | 10 | | Chalit House,7e3eef559eb3ac6793930b6c5b5a8619,01_FACTS_LAYER/FORENSIC_ASTROLOGICAL_DATA_v8_0.md,§23.1,0.3181,#### Saturn (`PLN.SATURN`)  | Dimension | Value | | --- | --- | | D1 Sign / Degree | Libra 22°27′04″ | | Nakshatra / Pada | Vishakha / 1 | | Abs Longitude | 202.45° | | Rashi House | 7 | | Chalit Hous,1,
SIG.MSR.539,career,SUN,BNN — Sun-Venus-Mercury: Father's Artistic Talent and Fine Earnings,cb29ffa3c7f05682e42a193022e72037,01_FACTS_LAYER/FORENSIC_ASTROLOGICAL_DATA_v8_0.md,§3.1,0.3702,"### §3.1 D2 — Hora (Wealth Division)  | ID | Hora Sign | Ruler | Planets | | --- | --- | --- | --- | | `D2.CANCER` | Cancer | Moon | Moon, Mars, Venus, Saturn, Mercury | | `D2.LEO` | Leo | Sun | Jupit",c68e19f0f6ad4775b53cbcdaf57e878e,01_FACTS_LAYER/FORENSIC_ASTROLOGICAL_DATA_v8_0.md,§3.7,0.3712,"### §3.7 D12 — Dvadashamsa (Parental Ancestry)  | ID | Sign | Planets | | --- | --- | --- | | `D12.ARIES` | Aries | Mercury, Jupiter | | `D12.TAURUS` | Taurus | (none) | | `D12.GEMINI` | Gemini | Satu",3d5d531480dc1331d01fb023d145eec5,01_FACTS_LAYER/FORENSIC_ASTROLOGICAL_DATA_v8_0.md,§4.1,0.3765,### §4.1 KP Cusp Mirror  | ID | Cusp | Degree | Sign | Star Lord | Sub Lord | Sub-Sub Lord | | --- | --- | --- | --- | --- | --- | --- | | `KP.CUSP.1` | 1 (Lagna) | 12°29′19″ | Aries | Ketu | Mercury ,1,
SIG.MSR.540,timing,JUPITER,BNN — Jupiter Transit Cancer: Marriage Timing,556af0f28b8358c33e05b50960c0e160,01_FACTS_LAYER/FORENSIC_ASTROLOGICAL_DATA_v8_0.md,§23.3,0.3515,### §23.3 Date-Centric Matrix — 2026-01 through 2028-02  | Period | Vimshottari MD – AD | Yogini Dasha | Jaimini Chara MD – AD | Sade Sati | Varshphal Year | | --- | --- | --- | --- | --- | --- | | 20,0dac7b3be919024c98910483771f6c8d,01_FACTS_LAYER/FORENSIC_ASTROLOGICAL_DATA_v8_0.md,§21,0.3721,## §21 — SADE SATI — SATURNINE TRANSIT (FACTS)  | ID | Cycle | Saturn Sign | Start | End | Phase | | --- | --- | --- | --- | --- | --- | | `TRS.SS.C2.P1` | Cycle 2 | Capricorn | 2020-01-24 | 2022-04-2,,,,0.0000,,1,
SIG.MSR.541,relationships,MOON,CKN — Chandra Kala Nadi: Benefic Lord 5th from Moon for Children,d053861ab35e16c3e32605de32ad3990,01_FACTS_LAYER/FORENSIC_ASTROLOGICAL_DATA_v8_0.md,§18,0.3678,## §18 — CHANDRA CHART (FROM-MOON VIEW)  | ID | House from Moon | Sign | Planets | | --- | --- | --- | --- | | `CHN.1` | 1 (Self) | Aquarius | Moon | | `CHN.2` | 2 (Speech) | Pisces | (none) | | `CHN.,3f5d6c0ad10212220298da0cd69580fe,01_FACTS_LAYER/FORENSIC_ASTROLOGICAL_DATA_v8_0.md,§4.2,0.3827,### §4.2 KP Planetary Positions  | ID | Planet | Degree | Star Lord | Sub Lord | Sub-Sub Lord | | --- | --- | --- | --- | --- | --- | | `KP.PLN.SUN` | Sun | 22°02′ | Moon | Venus | Saturn | | `KP.PLN.,,,,0.0000,,1,
SIG.MSR.542,health,SATURN,CKN — Chandra Kala Nadi: Malefic 8th from Lagna for Longevity Reduction,6440a2ddbd5c47cc1280d6e702f33372,01_FACTS_LAYER/FORENSIC_ASTROLOGICAL_DATA_v8_0.md,§3.12,0.3191,### §3.12 D40 — Khavedamsa (Auspiciousness / Misfortune)  | ID | House | Sign | Planets | | --- | --- | --- | --- | | `D40.LAGNA` | 1 | Virgo | Saturn | | `D40.2` | 2 | Libra | (none) | | `D40.3` | 3 ,369e3d9f927823c5422f3738795455a2,01_FACTS_LAYER/FORENSIC_ASTROLOGICAL_DATA_v8_0.md,§0,0.3216,"## §0 — DOCUMENT INDEX AND USAGE  <!-- LLM USAGE NOTES: - This file is the SINGLE canonical L1 source. Do NOT consult v6.0 or the SUPPLEMENT separately — they are SUPERSEDED. - Every table, planet, ho",23317c94228b8e00d05367f23c3e6c89,01_FACTS_LAYER/FORENSIC_ASTROLOGICAL_DATA_v8_0.md,§12.1,0.3233,"### §12.1 Special Lagnas — v8.0 Corrected (JH Authoritative)  <!-- [v8.0 CRITICAL CORRECTION]: v6.0 §12.1 contained computational errors in four of six special lagnas.      Hora Lagna, Ghati Lagna, Va",1,
SIG.MSR.543,career,SATURN,DHR — Dhruva Nadi: Saturn-Mars Yoga for Physical Labour and Hard Work,8b9070e97dbaf3363145b7d172d26790,01_FACTS_LAYER/FORENSIC_ASTROLOGICAL_DATA_v8_0.md,§26.1,0.3011,### §26.1 D-1 Rashi Yogas  | ID | Yoga | Type | Key Planets / Houses | Note | | --- | --- | --- | --- | --- | | `YGA.D1.KALPADRUMA` | Kalpadruma / Parijata Yoga | Major royal yoga | Atmakaraka Moon; d,f8fe9a055f29e6e4f4f2b9217b97aa88,01_FACTS_LAYER/FORENSIC_ASTROLOGICAL_DATA_v8_0.md,§26.3,0.3044,### §26.3 D-10 Dashamsha Yogas  | ID | Yoga | Type | Key Configuration | Note | | --- | --- | --- | --- | --- | | `YGA.D10.SARALA` | Sarala Viparita Raja Yoga | Power from upheaval | 8L in 8H in D10 —,74b6cd7c73d35fbdbaccfe32018d261f,01_FACTS_LAYER/FORENSIC_ASTROLOGICAL_DATA_v8_0.md,§26.4,0.3203,### §26.4 D-2 Hora Yogas  | ID | Yoga | Type | Key Configuration | Note | | --- | --- | --- | --- | --- | | `YGA.D2.MAHA_YOGADA` | Maha Yogada | Power / authority / wealth | Specific AK + lagna lord c,1,
SIG.MSR.544,psychology,MOON,Mangala Yogini — Emotional Volatility and Maternal Themes,lel_period_period_2018_2021,01_FACTS_LAYER/LIFE_EVENT_LOG_v1_2.md,5,0.3135,"# [L1 fact] → [L2.5 interp embedded] ```yaml PERIOD.2018_2021:   dates: 2018 through 2021   characterization_start: ""Mentally traumatic time [2018] — father's death, hospital-running Hyderabad to Bhub",lel_period_period_2016,01_FACTS_LAYER/LIFE_EVENT_LOG_v1_2.md,5,0.3601,"# [L1 fact] → [L2.5 interp embedded] ```yaml PERIOD.2016:   dates: 2016 (calendar year)   characterization: ""A bit stressful. Mahindra Retail crashed. Looking for a job.""   native_reflection: ""2016 wa",lel_period_period_2012_2013,01_FACTS_LAYER/LIFE_EVENT_LOG_v1_2.md,5,0.3627,"# [L1 fact] → [L2.5 interp embedded] ```yaml PERIOD.2012_2013:   dates: 2012 through 2013 (calendar years)   characterization: ""Best period of my life. Basketball, opposite sex, partying, ace in every",1,
SIG.MSR.545,career,MOON,Mangala Yogini — Career Initiation with Emotional Investment,lel_chronic_pattern_computer_aptitude_01,01_FACTS_LAYER/LIFE_EVENT_LOG_v1_2.md,4,0.3641,# [L1 fact] → [L2.5 interp embedded] ```yaml PATTERN.COMPUTER_APTITUDE.01:   trait: Exceptional computer/programming aptitude from teenage onward; recognized early; returned to it recently   native_re,lel_period_period_2022_2024,01_FACTS_LAYER/LIFE_EVENT_LOG_v1_2.md,5,0.3689,"# [L1 fact] → [L2.5 interp embedded] ```yaml PERIOD.2022_2024:   dates: 2022 through 2024   characterization: ""Mix. New relationships, rupture of old, success in professional career, lost US job, move",lel_period_period_2016,01_FACTS_LAYER/LIFE_EVENT_LOG_v1_2.md,5,0.3711,"# [L1 fact] → [L2.5 interp embedded] ```yaml PERIOD.2016:   dates: 2016 (calendar year)   characterization: ""A bit stressful. Mahindra Retail crashed. Looking for a job.""   native_reflection: ""2016 wa",defer,
SIG.MSR.546,career,SUN,Pingala Yogini — Authority Crisis and Health Disturbance,,,,0.0000,,,,,0.0000,,,,,0.0000,,1,FORENSIC_ASTROLOGICAL_DATA_v8_0#§5.3
SIG.MSR.547,health,SUN,Pingala Yogini — Solar Health Domains Tested,caea00379c96fc08f376b4db37fdb8d3,01_FACTS_LAYER/FORENSIC_ASTROLOGICAL_DATA_v8_0.md,§5.2,0.3395,### §5.2 Yogini Dasha  | ID | Yogini | Ruler | Duration | Start | End | | --- | --- | --- | --- | --- | --- | | `DSH.Y.001` | Bhramari | Mars | Balance | 1984-02-05 | 1985-12-22 | | `DSH.Y.002` | Bhad,f8fe9a055f29e6e4f4f2b9217b97aa88,01_FACTS_LAYER/FORENSIC_ASTROLOGICAL_DATA_v8_0.md,§26.3,0.3418,### §26.3 D-10 Dashamsha Yogas  | ID | Yoga | Type | Key Configuration | Note | | --- | --- | --- | --- | --- | | `YGA.D10.SARALA` | Sarala Viparita Raja Yoga | Power from upheaval | 8L in 8H in D10 —,175647a60dbd4740867395336cab8e09,01_FACTS_LAYER/FORENSIC_ASTROLOGICAL_DATA_v8_0.md,§15.1,0.3431,### §15.1 Panchang at Birth — v8.0 Updated  <!-- [v8.0 UPDATE]: Yoga = Shiva confirmed in both v6.0 and JH. JH additionally identifies Mercury as Yoga Lord (57.13% of Yoga remaining at birth). This is,1,
SIG.MSR.548,spirit,JUPITER,Dhanya Yogini — Dharmic Prosperity and Guru Blessing,caea00379c96fc08f376b4db37fdb8d3,01_FACTS_LAYER/FORENSIC_ASTROLOGICAL_DATA_v8_0.md,§5.2,0.3348,### §5.2 Yogini Dasha  | ID | Yogini | Ruler | Duration | Start | End | | --- | --- | --- | --- | --- | --- | | `DSH.Y.001` | Bhramari | Mars | Balance | 1984-02-05 | 1985-12-22 | | `DSH.Y.002` | Bhad,74b6cd7c73d35fbdbaccfe32018d261f,01_FACTS_LAYER/FORENSIC_ASTROLOGICAL_DATA_v8_0.md,§26.4,0.3389,### §26.4 D-2 Hora Yogas  | ID | Yoga | Type | Key Configuration | Note | | --- | --- | --- | --- | --- | | `YGA.D2.MAHA_YOGADA` | Maha Yogada | Power / authority / wealth | Specific AK + lagna lord c,,,,0.0000,,1,
SIG.MSR.549,relationships,JUPITER,Dhanya Yogini — Progeny and Partnership Expansion,caea00379c96fc08f376b4db37fdb8d3,01_FACTS_LAYER/FORENSIC_ASTROLOGICAL_DATA_v8_0.md,§5.2,0.3557,### §5.2 Yogini Dasha  | ID | Yogini | Ruler | Duration | Start | End | | --- | --- | --- | --- | --- | --- | | `DSH.Y.001` | Bhramari | Mars | Balance | 1984-02-05 | 1985-12-22 | | `DSH.Y.002` | Bhad,lel_period_period_2022_2024,01_FACTS_LAYER/LIFE_EVENT_LOG_v1_2.md,5,0.3714,"# [L1 fact] → [L2.5 interp embedded] ```yaml PERIOD.2022_2024:   dates: 2022 through 2024   characterization: ""Mix. New relationships, rupture of old, success in professional career, lost US job, move",,,,0.0000,,1,
SIG.MSR.550,career,MARS,"Bhramari Yogini — Conflict, Litigation, and Property Disputes",ba21ef08991aa5e299b9b4957355c64d,01_FACTS_LAYER/FORENSIC_ASTROLOGICAL_DATA_v8_0.md,§16,0.3789,## §16 — ASPECTS — GRAHA DRISHTI (FACTS) ,lel_period_period_2022_2024,01_FACTS_LAYER/LIFE_EVENT_LOG_v1_2.md,5,0.3920,"# [L1 fact] → [L2.5 interp embedded] ```yaml PERIOD.2022_2024:   dates: 2022 through 2024   characterization: ""Mix. New relationships, rupture of old, success in professional career, lost US job, move",lel_period_period_2018_2021,01_FACTS_LAYER/LIFE_EVENT_LOG_v1_2.md,5,0.3966,"# [L1 fact] → [L2.5 interp embedded] ```yaml PERIOD.2018_2021:   dates: 2018 through 2021   characterization_start: ""Mentally traumatic time [2018] — father's death, hospital-running Hyderabad to Bhub",defer,
SIG.MSR.551,health,MARS,Bhramari Yogini — Physical Injury and Surgical Risk,ba21ef08991aa5e299b9b4957355c64d,01_FACTS_LAYER/FORENSIC_ASTROLOGICAL_DATA_v8_0.md,§16,0.3801,## §16 — ASPECTS — GRAHA DRISHTI (FACTS) ,lel_period_period_2018_2021,01_FACTS_LAYER/LIFE_EVENT_LOG_v1_2.md,5,0.3913,"# [L1 fact] → [L2.5 interp embedded] ```yaml PERIOD.2018_2021:   dates: 2018 through 2021   characterization_start: ""Mentally traumatic time [2018] — father's death, hospital-running Hyderabad to Bhub",lel_period_period_2022_2024,01_FACTS_LAYER/LIFE_EVENT_LOG_v1_2.md,5,0.4037,"# [L1 fact] → [L2.5 interp embedded] ```yaml PERIOD.2022_2024:   dates: 2022 through 2024   characterization: ""Mix. New relationships, rupture of old, success in professional career, lost US job, move",defer,
SIG.MSR.552,career,MERCURY,Bhadrika Yogini — Commerce and Intellectual Achievement,lel_period_period_2022_2024,01_FACTS_LAYER/LIFE_EVENT_LOG_v1_2.md,5,0.3505,"# [L1 fact] → [L2.5 interp embedded] ```yaml PERIOD.2022_2024:   dates: 2022 through 2024   characterization: ""Mix. New relationships, rupture of old, success in professional career, lost US job, move",caea00379c96fc08f376b4db37fdb8d3,01_FACTS_LAYER/FORENSIC_ASTROLOGICAL_DATA_v8_0.md,§5.2,0.3670,### §5.2 Yogini Dasha  | ID | Yogini | Ruler | Duration | Start | End | | --- | --- | --- | --- | --- | --- | | `DSH.Y.001` | Bhramari | Mars | Balance | 1984-02-05 | 1985-12-22 | | `DSH.Y.002` | Bhad,lel_chronic_pattern_computer_aptitude_01,01_FACTS_LAYER/LIFE_EVENT_LOG_v1_2.md,4,0.3677,# [L1 fact] → [L2.5 interp embedded] ```yaml PATTERN.COMPUTER_APTITUDE.01:   trait: Exceptional computer/programming aptitude from teenage onward; recognized early; returned to it recently   native_re,2,
SIG.MSR.553,psychology,SATURN,Ulka Yogini — Karmic Reckoning and Disciplined Withdrawal,caea00379c96fc08f376b4db37fdb8d3,01_FACTS_LAYER/FORENSIC_ASTROLOGICAL_DATA_v8_0.md,§5.2,0.3434,### §5.2 Yogini Dasha  | ID | Yogini | Ruler | Duration | Start | End | | --- | --- | --- | --- | --- | --- | | `DSH.Y.001` | Bhramari | Mars | Balance | 1984-02-05 | 1985-12-22 | | `DSH.Y.002` | Bhad,87de269383a422992aa8ff7e169e3e28,01_FACTS_LAYER/FORENSIC_ASTROLOGICAL_DATA_v8_0.md,§11.1,0.3680,### §11.1 Upagrahas  | ID | Upagraha | Type | Sign | Degree | Nakshatra | | --- | --- | --- | --- | --- | --- | | `UPG.GULIKA` | Gulika | Time-based | Gemini | 13°57′ | Ardra | | `UPG.MANDI` | Mandi |,dd2769bbdb08893a9ab7e9c596a48e0e,01_FACTS_LAYER/FORENSIC_ASTROLOGICAL_DATA_v8_0.md,§3.14,0.3706,"### §3.14 D60 — Shashtyamsa (Past Karma)  | ID | House | Sign | Planets | | --- | --- | --- | --- | | `D60.LAGNA` | 1 | Gemini | Saturn | | `D60.2` | 2 | Cancer | Rahu, Jupiter | | `D60.3` | 3 | Leo |",1,
SIG.MSR.554,career,SATURN,Ulka Yogini — Career Delays and Systemic Obstruction,lel_period_period_2022_2024,01_FACTS_LAYER/LIFE_EVENT_LOG_v1_2.md,5,0.3631,"# [L1 fact] → [L2.5 interp embedded] ```yaml PERIOD.2022_2024:   dates: 2022 through 2024   characterization: ""Mix. New relationships, rupture of old, success in professional career, lost US job, move",caea00379c96fc08f376b4db37fdb8d3,01_FACTS_LAYER/FORENSIC_ASTROLOGICAL_DATA_v8_0.md,§5.2,0.3694,### §5.2 Yogini Dasha  | ID | Yogini | Ruler | Duration | Start | End | | --- | --- | --- | --- | --- | --- | | `DSH.Y.001` | Bhramari | Mars | Balance | 1984-02-05 | 1985-12-22 | | `DSH.Y.002` | Bhad,lel_chronic_pattern_computer_aptitude_01,01_FACTS_LAYER/LIFE_EVENT_LOG_v1_2.md,4,0.3703,# [L1 fact] → [L2.5 interp embedded] ```yaml PATTERN.COMPUTER_APTITUDE.01:   trait: Exceptional computer/programming aptitude from teenage onward; recognized early; returned to it recently   native_re,2,
SIG.MSR.555,relationships,VENUS,Siddha Yogini — Relationship Fulfilment and Artistic Prosperity,caea00379c96fc08f376b4db37fdb8d3,01_FACTS_LAYER/FORENSIC_ASTROLOGICAL_DATA_v8_0.md,§5.2,0.3654,### §5.2 Yogini Dasha  | ID | Yogini | Ruler | Duration | Start | End | | --- | --- | --- | --- | --- | --- | | `DSH.Y.001` | Bhramari | Mars | Balance | 1984-02-05 | 1985-12-22 | | `DSH.Y.002` | Bhad,lel_period_period_2022_2024,01_FACTS_LAYER/LIFE_EVENT_LOG_v1_2.md,5,0.3742,"# [L1 fact] → [L2.5 interp embedded] ```yaml PERIOD.2022_2024:   dates: 2022 through 2024   characterization: ""Mix. New relationships, rupture of old, success in professional career, lost US job, move",,,,0.0000,,1,
SIG.MSR.556,career,VENUS,Siddha Yogini — Material Abundance and Creative Recognition,,,,0.0000,,,,,0.0000,,,,,0.0000,,1,FORENSIC_ASTROLOGICAL_DATA_v8_0#§5.3
SIG.MSR.557,psychology,RAHU,Sankata Yogini — Sudden Reversal and Hidden Crisis,lel_period_period_2022_2024,01_FACTS_LAYER/LIFE_EVENT_LOG_v1_2.md,5,0.3267,"# [L1 fact] → [L2.5 interp embedded] ```yaml PERIOD.2022_2024:   dates: 2022 through 2024   characterization: ""Mix. New relationships, rupture of old, success in professional career, lost US job, move",lel_period_period_2018_2021,01_FACTS_LAYER/LIFE_EVENT_LOG_v1_2.md,5,0.3412,"# [L1 fact] → [L2.5 interp embedded] ```yaml PERIOD.2018_2021:   dates: 2018 through 2021   characterization_start: ""Mentally traumatic time [2018] — father's death, hospital-running Hyderabad to Bhub",0dac7b3be919024c98910483771f6c8d,01_FACTS_LAYER/FORENSIC_ASTROLOGICAL_DATA_v8_0.md,§21,0.3418,## §21 — SADE SATI — SATURNINE TRANSIT (FACTS)  | ID | Cycle | Saturn Sign | Start | End | Phase | | --- | --- | --- | --- | --- | --- | | `TRS.SS.C2.P1` | Cycle 2 | Capricorn | 2020-01-24 | 2022-04-2,1,
SIG.MSR.558,career,RAHU,Sankata Yogini — Career Disruption Through Unexpected External Forces,lel_period_period_2022_2024,01_FACTS_LAYER/LIFE_EVENT_LOG_v1_2.md,5,0.3292,"# [L1 fact] → [L2.5 interp embedded] ```yaml PERIOD.2022_2024:   dates: 2022 through 2024   characterization: ""Mix. New relationships, rupture of old, success in professional career, lost US job, move",lel_period_period_2016,01_FACTS_LAYER/LIFE_EVENT_LOG_v1_2.md,5,0.3423,"# [L1 fact] → [L2.5 interp embedded] ```yaml PERIOD.2016:   dates: 2016 (calendar year)   characterization: ""A bit stressful. Mahindra Retail crashed. Looking for a job.""   native_reflection: ""2016 wa",lel_period_period_2018_2021,01_FACTS_LAYER/LIFE_EVENT_LOG_v1_2.md,5,0.3875,"# [L1 fact] → [L2.5 interp embedded] ```yaml PERIOD.2018_2021:   dates: 2018 through 2021   characterization_start: ""Mentally traumatic time [2018] — father's death, hospital-running Hyderabad to Bhub",1,
SIG.MSR.559,career,,Ithasala Yoga — Approaching Benefic Planetary Transfer,d3c1ac677a899a2d0cdc5c3f044ca6d2,01_FACTS_LAYER/FORENSIC_ASTROLOGICAL_DATA_v8_0.md,§11.3,0.3496,### §11.3 Yogi / Avayogi  | ID | Field | Value | | --- | --- | --- | | `YOG.FORMULA` | Formula | Sun_abs + Moon_abs + 93°20′ mod 360 | | `YOG.INPUT.SUN` | Sun Abs Long | 291.96° | | `YOG.INPUT.MOON` |,caea00379c96fc08f376b4db37fdb8d3,01_FACTS_LAYER/FORENSIC_ASTROLOGICAL_DATA_v8_0.md,§5.2,0.3540,### §5.2 Yogini Dasha  | ID | Yogini | Ruler | Duration | Start | End | | --- | --- | --- | --- | --- | --- | | `DSH.Y.001` | Bhramari | Mars | Balance | 1984-02-05 | 1985-12-22 | | `DSH.Y.002` | Bhad,369e3d9f927823c5422f3738795455a2,01_FACTS_LAYER/FORENSIC_ASTROLOGICAL_DATA_v8_0.md,§0,0.3566,"## §0 — DOCUMENT INDEX AND USAGE  <!-- LLM USAGE NOTES: - This file is the SINGLE canonical L1 source. Do NOT consult v6.0 or the SUPPLEMENT separately — they are SUPERSEDED. - Every table, planet, ho",1,
SIG.MSR.560,career,,"Ishrafa Yoga — Separating Transfer, Opportunity Passed",f8fe9a055f29e6e4f4f2b9217b97aa88,01_FACTS_LAYER/FORENSIC_ASTROLOGICAL_DATA_v8_0.md,§26.3,0.3736,### §26.3 D-10 Dashamsha Yogas  | ID | Yoga | Type | Key Configuration | Note | | --- | --- | --- | --- | --- | | `YGA.D10.SARALA` | Sarala Viparita Raja Yoga | Power from upheaval | 8L in 8H in D10 —,e5775259fedd436cd9ea2baa79892bab,01_FACTS_LAYER/FORENSIC_ASTROLOGICAL_DATA_v8_0.md,§26,0.3799,"## §26 — YOGAS REGISTER (DERIVED — NEW in v8.0)  <!-- Source: JHORA_TRANSCRIPTION_v8_0_SOURCE.md §6 + SUPPLEMENT §1.8.      JH identifies 40+ yogas across D-1, D-2, D-9, D-10. Priority yogas listed be",,,,0.0000,,1,
SIG.MSR.561,career,,Varshesha Strong in Angle — Auspicious Annual Direction,b51a25f2e41a4b3452329cf556f221b4,01_FACTS_LAYER/FORENSIC_ASTROLOGICAL_DATA_v8_0.md,§22,0.2749,## §22 — VARSHPHAL 2026–2027 (FACTS)  | ID | Component | Value | | --- | --- | --- | | `VRS.VALIDITY` | Validity | 2026-02-05 to 2027-02-05 | | `VRS.MUNTHA.SIGN` | Muntha | Libra (7th House) | | `VRS.,a5082dda382b6a2281874f6d1b26b54c,01_FACTS_LAYER/FORENSIC_ASTROLOGICAL_DATA_v8_0.md,§23.1,0.3085,#### Venus (`PLN.VENUS`)  | Dimension | Value | | --- | --- | | D1 Sign / Degree | Sagittarius 19°10′12″ | | Nakshatra / Pada | Purva Ashadha / 2 | | Abs Longitude | 259.17° | | Rashi House | 9 | | Ch,65de55012fd3428820596f951008646e,01_FACTS_LAYER/FORENSIC_ASTROLOGICAL_DATA_v8_0.md,§5.1,0.3145,### §5.1 Vimshottari Dasha (Mahadasha / Antardasha)  | ID | MD | AD | Start (FORENSIC) | End (FORENSIC) | | --- | --- | --- | --- | --- | | `DSH.V.001` | Jupiter | Venus | 1984-02-05 | 1986-03-03 | | ,1,
SIG.MSR.562,psychology,,Varshesha Afflicted in Dusthana — Annual Adversity,65de55012fd3428820596f951008646e,01_FACTS_LAYER/FORENSIC_ASTROLOGICAL_DATA_v8_0.md,§5.1,0.2962,### §5.1 Vimshottari Dasha (Mahadasha / Antardasha)  | ID | MD | AD | Start (FORENSIC) | End (FORENSIC) | | --- | --- | --- | --- | --- | | `DSH.V.001` | Jupiter | Venus | 1984-02-05 | 1986-03-03 | | ,b51a25f2e41a4b3452329cf556f221b4,01_FACTS_LAYER/FORENSIC_ASTROLOGICAL_DATA_v8_0.md,§22,0.3005,## §22 — VARSHPHAL 2026–2027 (FACTS)  | ID | Component | Value | | --- | --- | --- | | `VRS.VALIDITY` | Validity | 2026-02-05 to 2027-02-05 | | `VRS.MUNTHA.SIGN` | Muntha | Libra (7th House) | | `VRS.,6440a2ddbd5c47cc1280d6e702f33372,01_FACTS_LAYER/FORENSIC_ASTROLOGICAL_DATA_v8_0.md,§3.12,0.3058,### §3.12 D40 — Khavedamsa (Auspiciousness / Misfortune)  | ID | House | Sign | Planets | | --- | --- | --- | --- | | `D40.LAGNA` | 1 | Virgo | Saturn | | `D40.2` | 2 | Libra | (none) | | `D40.3` | 3 ,1,
SIG.MSR.563,psychology,,Muntha in Angle — Annual Sensitivity Point Empowered,,,,0.0000,,,,,0.0000,,,,,0.0000,,1,FORENSIC_ASTROLOGICAL_DATA_v8_0
SIG.MSR.564,psychology,,Muntha Lord in 12H — Annual Withdrawal and Expenditure,09c25586af46165ae08059943dd24c47,01_FACTS_LAYER/FORENSIC_ASTROLOGICAL_DATA_v8_0.md,§25.1,0.3411,### §25.1 Moola Dasha (JH)  <!-- Moola Dasha is a Jaimini-derived system. Key period coverage from JH export. -->  | Moola Dasha Period | Sign | Approximate Coverage | | --- | --- | --- | | Current (2,b51a25f2e41a4b3452329cf556f221b4,01_FACTS_LAYER/FORENSIC_ASTROLOGICAL_DATA_v8_0.md,§22,0.3565,## §22 — VARSHPHAL 2026–2027 (FACTS)  | ID | Component | Value | | --- | --- | --- | | `VRS.VALIDITY` | Validity | 2026-02-05 to 2027-02-05 | | `VRS.MUNTHA.SIGN` | Muntha | Libra (7th House) | | `VRS.,7e3eef559eb3ac6793930b6c5b5a8619,01_FACTS_LAYER/FORENSIC_ASTROLOGICAL_DATA_v8_0.md,§23.1,0.3739,#### Saturn (`PLN.SATURN`)  | Dimension | Value | | --- | --- | | D1 Sign / Degree | Libra 22°27′04″ | | Nakshatra / Pada | Vishakha / 1 | | Abs Longitude | 202.45° | | Rashi House | 7 | | Chalit Hous,defer,
SIG.MSR.565,career,,Punya Sahama Angular — Fortunate Annual Period,adc4325e588b81bd96398814da2bbb9b,01_FACTS_LAYER/FORENSIC_ASTROLOGICAL_DATA_v8_0.md,§12.2,0.3119,### §12.2 Tajika Sahams — Full 36-Saham Register (JH Authoritative — replaces v6.0 §12.2)  <!-- [v8.0 FULL REPLACEMENT]: v6.0 §12.2 had only 6 sahams with one error (Vivaha). This section replaces it ,,,,0.0000,,,,,0.0000,,1,
SIG.MSR.566,career,MERCURY,Vidya Sahama Angular — Learning and Communication Career Success,lel_chronic_pattern_computer_aptitude_01,01_FACTS_LAYER/LIFE_EVENT_LOG_v1_2.md,4,0.3522,# [L1 fact] → [L2.5 interp embedded] ```yaml PATTERN.COMPUTER_APTITUDE.01:   trait: Exceptional computer/programming aptitude from teenage onward; recognized early; returned to it recently   native_re,lel_period_period_2022_2024,01_FACTS_LAYER/LIFE_EVENT_LOG_v1_2.md,5,0.3591,"# [L1 fact] → [L2.5 interp embedded] ```yaml PERIOD.2022_2024:   dates: 2022 through 2024   characterization: ""Mix. New relationships, rupture of old, success in professional career, lost US job, move",lel_period_period_2016,01_FACTS_LAYER/LIFE_EVENT_LOG_v1_2.md,5,0.3762,"# [L1 fact] → [L2.5 interp embedded] ```yaml PERIOD.2016:   dates: 2016 (calendar year)   characterization: ""A bit stressful. Mahindra Retail crashed. Looking for a job.""   native_reflection: ""2016 wa",defer,
SIG.MSR.567,relationships,VENUS,Dara Sahama Angular — Partnership and Marriage Activation,,,,0.0000,,,,,0.0000,,,,,0.0000,,1,FORENSIC_ASTROLOGICAL_DATA_v8_0#§12.2
SIG.MSR.568,career,,Nakta Yoga — Indirect Fulfilment via Intermediary,,,,0.0000,,,,,0.0000,,,,,0.0000,,1,FORENSIC_ASTROLOGICAL_DATA_v8_0
SIG.MSR.569,spirit,JUPITER,Kambula Yoga — Double Benefic Angular Protection,8b9070e97dbaf3363145b7d172d26790,01_FACTS_LAYER/FORENSIC_ASTROLOGICAL_DATA_v8_0.md,§26.1,0.3455,### §26.1 D-1 Rashi Yogas  | ID | Yoga | Type | Key Planets / Houses | Note | | --- | --- | --- | --- | --- | | `YGA.D1.KALPADRUMA` | Kalpadruma / Parijata Yoga | Major royal yoga | Atmakaraka Moon; d,74b6cd7c73d35fbdbaccfe32018d261f,01_FACTS_LAYER/FORENSIC_ASTROLOGICAL_DATA_v8_0.md,§26.4,0.3739,### §26.4 D-2 Hora Yogas  | ID | Yoga | Type | Key Configuration | Note | | --- | --- | --- | --- | --- | | `YGA.D2.MAHA_YOGADA` | Maha Yogada | Power / authority / wealth | Specific AK + lagna lord c,835bf9f897fc9d3a5af3927297d8c363,01_FACTS_LAYER/FORENSIC_ASTROLOGICAL_DATA_v8_0.md,§26.2,0.4007,### §26.2 D-9 Navamsa Yogas  | ID | Yoga | Type | Key Configuration | Note | | --- | --- | --- | --- | --- | | `YGA.D9.GAJAKESARI` | Gaja-Kesari Yoga (D9) | Famous / virtuous | Jupiter and Moon both i,1,
SIG.MSR.570,career,SATURN,Saturn-Ithasala in Varsha — Annual Karmic Obligation,b51a25f2e41a4b3452329cf556f221b4,01_FACTS_LAYER/FORENSIC_ASTROLOGICAL_DATA_v8_0.md,§22,0.2684,## §22 — VARSHPHAL 2026–2027 (FACTS)  | ID | Component | Value | | --- | --- | --- | | `VRS.VALIDITY` | Validity | 2026-02-05 to 2027-02-05 | | `VRS.MUNTHA.SIGN` | Muntha | Libra (7th House) | | `VRS.,7e3eef559eb3ac6793930b6c5b5a8619,01_FACTS_LAYER/FORENSIC_ASTROLOGICAL_DATA_v8_0.md,§23.1,0.2721,#### Saturn (`PLN.SATURN`)  | Dimension | Value | | --- | --- | | D1 Sign / Degree | Libra 22°27′04″ | | Nakshatra / Pada | Vishakha / 1 | | Abs Longitude | 202.45° | | Rashi House | 7 | | Chalit Hous,65de55012fd3428820596f951008646e,01_FACTS_LAYER/FORENSIC_ASTROLOGICAL_DATA_v8_0.md,§5.1,0.2753,### §5.1 Vimshottari Dasha (Mahadasha / Antardasha)  | ID | MD | AD | Start (FORENSIC) | End (FORENSIC) | | --- | --- | --- | --- | --- | | `DSH.V.001` | Jupiter | Venus | 1984-02-05 | 1986-03-03 | | ,1,
SIG.MSR.571,career,MARS,Mars-Ithasala Adversarial — Annual Conflict and Effort Required,29c4d7abe730efc5adb799a1258e6cd1,01_FACTS_LAYER/FORENSIC_ASTROLOGICAL_DATA_v8_0.md,§6.7,0.3122,### §6.7 Ishta / Kashta Phala — JH Engine (NEW in v8.0)  <!-- Source: JHORA_TRANSCRIPTION_v8_0_SOURCE.md §3. Ishta = benefic output; Kashta = malefic output. -->  | ID | Planet | Ishta Phala | Kashta ,71433979eee9932c2f958170a8b576e6,01_FACTS_LAYER/FORENSIC_ASTROLOGICAL_DATA_v8_0.md,§23.1,0.3327,#### Mars (`PLN.MARS`)  | Dimension | Value | | --- | --- | | D1 Sign / Degree | Libra 18°31′38″ | | Nakshatra / Pada | Swati / 4 | | Abs Longitude | 198.53° | | Rashi House | 7 | | Chalit House | 7 |,99658575a43ff701ad8f09eedda47697,01_FACTS_LAYER/FORENSIC_ASTROLOGICAL_DATA_v8_0.md,§7.3,0.3454,### §7.3 Shuddha Pinda (Ashtakavarga Reductions)  | ID | Planet | Rasi Pinda | Graha Pinda | Shuddha Pinda | Rank | | --- | --- | --- | --- | --- | --- | | `AVG.SHP.MARS` | Mars | 136 | 62 | 198 | 1 |,1,
SIG.MSR.572,career,,Varsha Lagna Lord Angular — Annual Self-Assertion Succeeds,lel_period_period_2012_2013,01_FACTS_LAYER/LIFE_EVENT_LOG_v1_2.md,5,0.3085,"# [L1 fact] → [L2.5 interp embedded] ```yaml PERIOD.2012_2013:   dates: 2012 through 2013 (calendar years)   characterization: ""Best period of my life. Basketball, opposite sex, partying, ace in every",b51a25f2e41a4b3452329cf556f221b4,01_FACTS_LAYER/FORENSIC_ASTROLOGICAL_DATA_v8_0.md,§22,0.3103,## §22 — VARSHPHAL 2026–2027 (FACTS)  | ID | Component | Value | | --- | --- | --- | | `VRS.VALIDITY` | Validity | 2026-02-05 to 2027-02-05 | | `VRS.MUNTHA.SIGN` | Muntha | Libra (7th House) | | `VRS.,lel_period_period_2022_2024,01_FACTS_LAYER/LIFE_EVENT_LOG_v1_2.md,5,0.3273,"# [L1 fact] → [L2.5 interp embedded] ```yaml PERIOD.2022_2024:   dates: 2022 through 2024   characterization: ""Mix. New relationships, rupture of old, success in professional career, lost US job, move",1,
SIG.MSR.573,health,,Paka Sahama Angular — Annual Health Activation,,,,0.0000,,,,,0.0000,,,,,0.0000,,1,FORENSIC_ASTROLOGICAL_DATA_v8_0#§12.2
