chart_id,match_id,signal_id,family_id,dimension,credit_blame,channel_fired,attribution_formula_ver
482012f1-710e-4a25-994a-93821f5871aa,pred_23bd38d3-6e61-4057-b728-1d91be93100c_021e49f5-9c6a-5e0e-ad6c-84c8ea2ad83f,ebb1c88a-8141-4c7e-860b-54ac293a06ac,fam_graha_natal,timing,0.2445,,mi_pariksha_v2.0
482012f1-710e-4a25-994a-93821f5871aa,pred_23bd38d3-6e61-4057-b728-1d91be93100c_021e49f5-9c6a-5e0e-ad6c-84c8ea2ad83f,ebb1c88a-8141-4c7e-860b-54ac293a06ac,fam_graha_natal,magnitude,0.2161,,mi_pariksha_v2.0
482012f1-710e-4a25-994a-93821f5871aa,pred_23bd38d3-6e61-4057-b728-1d91be93100c_021e49f5-9c6a-5e0e-ad6c-84c8ea2ad83f,ebb1c88a-8141-4c7e-860b-54ac293a06ac,fam_graha_natal,domain,0.5403,,mi_pariksha_v2.0
482012f1-710e-4a25-994a-93821f5871aa,pred_23bd38d3-6e61-4057-b728-1d91be93100c_021e49f5-9c6a-5e0e-ad6c-84c8ea2ad83f,ebb1c88a-8141-4c7e-860b-54ac293a06ac,fam_graha_natal,falsifier,0.3242,,mi_pariksha_v2.0
482012f1-710e-4a25-994a-93821f5871aa,pred_23bd38d3-6e61-4057-b728-1d91be93100c_021e49f5-9c6a-5e0e-ad6c-84c8ea2ad83f,ebb1c88a-8141-4c7e-860b-54ac293a06ac,fam_graha_natal,manifestation,0.1081,,mi_pariksha_v2.0
482012f1-710e-4a25-994a-93821f5871aa,pred_23bd38d3-6e61-4057-b728-1d91be93100c_021e49f5-9c6a-5e0e-ad6c-84c8ea2ad83f,483e332a-a168-4cf1-b93b-0ad55d77d91c,fam_graha_natal,timing,0.2445,,mi_pariksha_v2.0
482012f1-710e-4a25-994a-93821f5871aa,pred_23bd38d3-6e61-4057-b728-1d91be93100c_021e49f5-9c6a-5e0e-ad6c-84c8ea2ad83f,483e332a-a168-4cf1-b93b-0ad55d77d91c,fam_graha_natal,magnitude,0.2161,,mi_pariksha_v2.0
482012f1-710e-4a25-994a-93821f5871aa,pred_23bd38d3-6e61-4057-b728-1d91be93100c_021e49f5-9c6a-5e0e-ad6c-84c8ea2ad83f,483e332a-a168-4cf1-b93b-0ad55d77d91c,fam_graha_natal,domain,0.5403,,mi_pariksha_v2.0
482012f1-710e-4a25-994a-93821f5871aa,pred_23bd38d3-6e61-4057-b728-1d91be93100c_021e49f5-9c6a-5e0e-ad6c-84c8ea2ad83f,483e332a-a168-4cf1-b93b-0ad55d77d91c,fam_graha_natal,falsifier,0.3242,,mi_pariksha_v2.0
482012f1-710e-4a25-994a-93821f5871aa,pred_23bd38d3-6e61-4057-b728-1d91be93100c_021e49f5-9c6a-5e0e-ad6c-84c8ea2ad83f,483e332a-a168-4cf1-b93b-0ad55d77d91c,fam_graha_natal,manifestation,0.1081,,mi_pariksha_v2.0
482012f1-710e-4a25-994a-93821f5871aa,pred_23bd38d3-6e61-4057-b728-1d91be93100c_021e49f5-9c6a-5e0e-ad6c-84c8ea2ad83f,c31d3e74-2f44-41a6-8025-b32e44dbe1e2,fam_graha_natal,timing,0.2445,,mi_pariksha_v2.0
482012f1-710e-4a25-994a-93821f5871aa,pred_23bd38d3-6e61-4057-b728-1d91be93100c_021e49f5-9c6a-5e0e-ad6c-84c8ea2ad83f,c31d3e74-2f44-41a6-8025-b32e44dbe1e2,fam_graha_natal,magnitude,0.2161,,mi_pariksha_v2.0
482012f1-710e-4a25-994a-93821f5871aa,pred_23bd38d3-6e61-4057-b728-1d91be93100c_021e49f5-9c6a-5e0e-ad6c-84c8ea2ad83f,c31d3e74-2f44-41a6-8025-b32e44dbe1e2,fam_graha_natal,domain,0.5403,,mi_pariksha_v2.0
482012f1-710e-4a25-994a-93821f5871aa,pred_23bd38d3-6e61-4057-b728-1d91be93100c_021e49f5-9c6a-5e0e-ad6c-84c8ea2ad83f,c31d3e74-2f44-41a6-8025-b32e44dbe1e2,fam_graha_natal,falsifier,0.3242,,mi_pariksha_v2.0
482012f1-710e-4a25-994a-93821f5871aa,pred_23bd38d3-6e61-4057-b728-1d91be93100c_021e49f5-9c6a-5e0e-ad6c-84c8ea2ad83f,c31d3e74-2f44-41a6-8025-b32e44dbe1e2,fam_graha_natal,manifestation,0.1081,,mi_pariksha_v2.0
482012f1-710e-4a25-994a-93821f5871aa,pred_23bd38d3-6e61-4057-b728-1d91be93100c_021e49f5-9c6a-5e0e-ad6c-84c8ea2ad83f,2dff20cd-12f5-492e-a88e-3fef42547eca,fam_graha_natal,timing,0.2445,,mi_pariksha_v2.0
482012f1-710e-4a25-994a-93821f5871aa,pred_23bd38d3-6e61-4057-b728-1d91be93100c_021e49f5-9c6a-5e0e-ad6c-84c8ea2ad83f,2dff20cd-12f5-492e-a88e-3fef42547eca,fam_graha_natal,magnitude,0.2161,,mi_pariksha_v2.0
482012f1-710e-4a25-994a-93821f5871aa,pred_23bd38d3-6e61-4057-b728-1d91be93100c_021e49f5-9c6a-5e0e-ad6c-84c8ea2ad83f,2dff20cd-12f5-492e-a88e-3fef42547eca,fam_graha_natal,domain,0.5403,,mi_pariksha_v2.0
482012f1-710e-4a25-994a-93821f5871aa,pred_23bd38d3-6e61-4057-b728-1d91be93100c_021e49f5-9c6a-5e0e-ad6c-84c8ea2ad83f,2dff20cd-12f5-492e-a88e-3fef42547eca,fam_graha_natal,falsifier,0.3242,,mi_pariksha_v2.0
482012f1-710e-4a25-994a-93821f5871aa,pred_23bd38d3-6e61-4057-b728-1d91be93100c_021e49f5-9c6a-5e0e-ad6c-84c8ea2ad83f,2dff20cd-12f5-492e-a88e-3fef42547eca,fam_graha_natal,manifestation,0.1081,,mi_pariksha_v2.0
482012f1-710e-4a25-994a-93821f5871aa,pred_23bd38d3-6e61-4057-b728-1d91be93100c_021e49f5-9c6a-5e0e-ad6c-84c8ea2ad83f,d49da2e1-4b63-45f1-920e-c274df3ded21,fam_graha_natal,timing,0.2445,,mi_pariksha_v2.0
482012f1-710e-4a25-994a-93821f5871aa,pred_23bd38d3-6e61-4057-b728-1d91be93100c_021e49f5-9c6a-5e0e-ad6c-84c8ea2ad83f,d49da2e1-4b63-45f1-920e-c274df3ded21,fam_graha_natal,magnitude,0.2161,,mi_pariksha_v2.0
482012f1-710e-4a25-994a-93821f5871aa,pred_23bd38d3-6e61-4057-b728-1d91be93100c_021e49f5-9c6a-5e0e-ad6c-84c8ea2ad83f,d49da2e1-4b63-45f1-920e-c274df3ded21,fam_graha_natal,domain,0.5403,,mi_pariksha_v2.0
482012f1-710e-4a25-994a-93821f5871aa,pred_23bd38d3-6e61-4057-b728-1d91be93100c_021e49f5-9c6a-5e0e-ad6c-84c8ea2ad83f,d49da2e1-4b63-45f1-920e-c274df3ded21,fam_graha_natal,falsifier,0.3242,,mi_pariksha_v2.0
482012f1-710e-4a25-994a-93821f5871aa,pred_23bd38d3-6e61-4057-b728-1d91be93100c_021e49f5-9c6a-5e0e-ad6c-84c8ea2ad83f,d49da2e1-4b63-45f1-920e-c274df3ded21,fam_graha_natal,manifestation,0.1081,,mi_pariksha_v2.0
482012f1-710e-4a25-994a-93821f5871aa,pred_23bd38d3-6e61-4057-b728-1d91be93100c_021e49f5-9c6a-5e0e-ad6c-84c8ea2ad83f-corr-2022-07-14,ebb1c88a-8141-4c7e-860b-54ac293a06ac,fam_graha_natal,timing,0.11,,mi_pariksha_v2.0
482012f1-710e-4a25-994a-93821f5871aa,pred_23bd38d3-6e61-4057-b728-1d91be93100c_021e49f5-9c6a-5e0e-ad6c-84c8ea2ad83f-corr-2022-07-14,ebb1c88a-8141-4c7e-860b-54ac293a06ac,fam_graha_natal,magnitude,0.2161,,mi_pariksha_v2.0
482012f1-710e-4a25-994a-93821f5871aa,pred_23bd38d3-6e61-4057-b728-1d91be93100c_021e49f5-9c6a-5e0e-ad6c-84c8ea2ad83f-corr-2022-07-14,ebb1c88a-8141-4c7e-860b-54ac293a06ac,fam_graha_natal,domain,0.5403,,mi_pariksha_v2.0
482012f1-710e-4a25-994a-93821f5871aa,pred_23bd38d3-6e61-4057-b728-1d91be93100c_021e49f5-9c6a-5e0e-ad6c-84c8ea2ad83f-corr-2022-07-14,ebb1c88a-8141-4c7e-860b-54ac293a06ac,fam_graha_natal,falsifier,0.3242,,mi_pariksha_v2.0
482012f1-710e-4a25-994a-93821f5871aa,pred_23bd38d3-6e61-4057-b728-1d91be93100c_021e49f5-9c6a-5e0e-ad6c-84c8ea2ad83f-corr-2022-07-14,ebb1c88a-8141-4c7e-860b-54ac293a06ac,fam_graha_natal,manifestation,0.1081,,mi_pariksha_v2.0
482012f1-710e-4a25-994a-93821f5871aa,pred_23bd38d3-6e61-4057-b728-1d91be93100c_021e49f5-9c6a-5e0e-ad6c-84c8ea2ad83f-corr-2022-07-14,483e332a-a168-4cf1-b93b-0ad55d77d91c,fam_graha_natal,timing,0.11,,mi_pariksha_v2.0
482012f1-710e-4a25-994a-93821f5871aa,pred_23bd38d3-6e61-4057-b728-1d91be93100c_021e49f5-9c6a-5e0e-ad6c-84c8ea2ad83f-corr-2022-07-14,483e332a-a168-4cf1-b93b-0ad55d77d91c,fam_graha_natal,magnitude,0.2161,,mi_pariksha_v2.0
482012f1-710e-4a25-994a-93821f5871aa,pred_23bd38d3-6e61-4057-b728-1d91be93100c_021e49f5-9c6a-5e0e-ad6c-84c8ea2ad83f-corr-2022-07-14,483e332a-a168-4cf1-b93b-0ad55d77d91c,fam_graha_natal,domain,0.5403,,mi_pariksha_v2.0
482012f1-710e-4a25-994a-93821f5871aa,pred_23bd38d3-6e61-4057-b728-1d91be93100c_021e49f5-9c6a-5e0e-ad6c-84c8ea2ad83f-corr-2022-07-14,483e332a-a168-4cf1-b93b-0ad55d77d91c,fam_graha_natal,falsifier,0.3242,,mi_pariksha_v2.0
482012f1-710e-4a25-994a-93821f5871aa,pred_23bd38d3-6e61-4057-b728-1d91be93100c_021e49f5-9c6a-5e0e-ad6c-84c8ea2ad83f-corr-2022-07-14,483e332a-a168-4cf1-b93b-0ad55d77d91c,fam_graha_natal,manifestation,0.1081,,mi_pariksha_v2.0
482012f1-710e-4a25-994a-93821f5871aa,pred_23bd38d3-6e61-4057-b728-1d91be93100c_021e49f5-9c6a-5e0e-ad6c-84c8ea2ad83f-corr-2022-07-14,c31d3e74-2f44-41a6-8025-b32e44dbe1e2,fam_graha_natal,timing,0.11,,mi_pariksha_v2.0
482012f1-710e-4a25-994a-93821f5871aa,pred_23bd38d3-6e61-4057-b728-1d91be93100c_021e49f5-9c6a-5e0e-ad6c-84c8ea2ad83f-corr-2022-07-14,c31d3e74-2f44-41a6-8025-b32e44dbe1e2,fam_graha_natal,magnitude,0.2161,,mi_pariksha_v2.0
482012f1-710e-4a25-994a-93821f5871aa,pred_23bd38d3-6e61-4057-b728-1d91be93100c_021e49f5-9c6a-5e0e-ad6c-84c8ea2ad83f-corr-2022-07-14,c31d3e74-2f44-41a6-8025-b32e44dbe1e2,fam_graha_natal,domain,0.5403,,mi_pariksha_v2.0
482012f1-710e-4a25-994a-93821f5871aa,pred_23bd38d3-6e61-4057-b728-1d91be93100c_021e49f5-9c6a-5e0e-ad6c-84c8ea2ad83f-corr-2022-07-14,c31d3e74-2f44-41a6-8025-b32e44dbe1e2,fam_graha_natal,falsifier,0.3242,,mi_pariksha_v2.0
482012f1-710e-4a25-994a-93821f5871aa,pred_23bd38d3-6e61-4057-b728-1d91be93100c_021e49f5-9c6a-5e0e-ad6c-84c8ea2ad83f-corr-2022-07-14,c31d3e74-2f44-41a6-8025-b32e44dbe1e2,fam_graha_natal,manifestation,0.1081,,mi_pariksha_v2.0
482012f1-710e-4a25-994a-93821f5871aa,pred_23bd38d3-6e61-4057-b728-1d91be93100c_021e49f5-9c6a-5e0e-ad6c-84c8ea2ad83f-corr-2022-07-14,2dff20cd-12f5-492e-a88e-3fef42547eca,fam_graha_natal,timing,0.11,,mi_pariksha_v2.0
482012f1-710e-4a25-994a-93821f5871aa,pred_23bd38d3-6e61-4057-b728-1d91be93100c_021e49f5-9c6a-5e0e-ad6c-84c8ea2ad83f-corr-2022-07-14,2dff20cd-12f5-492e-a88e-3fef42547eca,fam_graha_natal,magnitude,0.2161,,mi_pariksha_v2.0
482012f1-710e-4a25-994a-93821f5871aa,pred_23bd38d3-6e61-4057-b728-1d91be93100c_021e49f5-9c6a-5e0e-ad6c-84c8ea2ad83f-corr-2022-07-14,2dff20cd-12f5-492e-a88e-3fef42547eca,fam_graha_natal,domain,0.5403,,mi_pariksha_v2.0
482012f1-710e-4a25-994a-93821f5871aa,pred_23bd38d3-6e61-4057-b728-1d91be93100c_021e49f5-9c6a-5e0e-ad6c-84c8ea2ad83f-corr-2022-07-14,2dff20cd-12f5-492e-a88e-3fef42547eca,fam_graha_natal,falsifier,0.3242,,mi_pariksha_v2.0
482012f1-710e-4a25-994a-93821f5871aa,pred_23bd38d3-6e61-4057-b728-1d91be93100c_021e49f5-9c6a-5e0e-ad6c-84c8ea2ad83f-corr-2022-07-14,2dff20cd-12f5-492e-a88e-3fef42547eca,fam_graha_natal,manifestation,0.1081,,mi_pariksha_v2.0
482012f1-710e-4a25-994a-93821f5871aa,pred_23bd38d3-6e61-4057-b728-1d91be93100c_021e49f5-9c6a-5e0e-ad6c-84c8ea2ad83f-corr-2022-07-14,d49da2e1-4b63-45f1-920e-c274df3ded21,fam_graha_natal,timing,0.11,,mi_pariksha_v2.0
482012f1-710e-4a25-994a-93821f5871aa,pred_23bd38d3-6e61-4057-b728-1d91be93100c_021e49f5-9c6a-5e0e-ad6c-84c8ea2ad83f-corr-2022-07-14,d49da2e1-4b63-45f1-920e-c274df3ded21,fam_graha_natal,magnitude,0.2161,,mi_pariksha_v2.0
482012f1-710e-4a25-994a-93821f5871aa,pred_23bd38d3-6e61-4057-b728-1d91be93100c_021e49f5-9c6a-5e0e-ad6c-84c8ea2ad83f-corr-2022-07-14,d49da2e1-4b63-45f1-920e-c274df3ded21,fam_graha_natal,domain,0.5403,,mi_pariksha_v2.0
482012f1-710e-4a25-994a-93821f5871aa,pred_23bd38d3-6e61-4057-b728-1d91be93100c_021e49f5-9c6a-5e0e-ad6c-84c8ea2ad83f-corr-2022-07-14,d49da2e1-4b63-45f1-920e-c274df3ded21,fam_graha_natal,falsifier,0.3242,,mi_pariksha_v2.0
482012f1-710e-4a25-994a-93821f5871aa,pred_23bd38d3-6e61-4057-b728-1d91be93100c_021e49f5-9c6a-5e0e-ad6c-84c8ea2ad83f-corr-2022-07-14,d49da2e1-4b63-45f1-920e-c274df3ded21,fam_graha_natal,manifestation,0.1081,,mi_pariksha_v2.0
482012f1-710e-4a25-994a-93821f5871aa,pred_23bd38d3-6e61-4057-b728-1d91be93100c_661c8535-5906-5333-8b38-e14305bddad6,ebb1c88a-8141-4c7e-860b-54ac293a06ac,fam_graha_natal,timing,0.6396,,mi_pariksha_v2.0
482012f1-710e-4a25-994a-93821f5871aa,pred_23bd38d3-6e61-4057-b728-1d91be93100c_661c8535-5906-5333-8b38-e14305bddad6,ebb1c88a-8141-4c7e-860b-54ac293a06ac,fam_graha_natal,magnitude,0.2161,,mi_pariksha_v2.0
482012f1-710e-4a25-994a-93821f5871aa,pred_23bd38d3-6e61-4057-b728-1d91be93100c_661c8535-5906-5333-8b38-e14305bddad6,ebb1c88a-8141-4c7e-860b-54ac293a06ac,fam_graha_natal,domain,0,,mi_pariksha_v2.0
482012f1-710e-4a25-994a-93821f5871aa,pred_23bd38d3-6e61-4057-b728-1d91be93100c_661c8535-5906-5333-8b38-e14305bddad6,ebb1c88a-8141-4c7e-860b-54ac293a06ac,fam_graha_natal,falsifier,0.3242,,mi_pariksha_v2.0
482012f1-710e-4a25-994a-93821f5871aa,pred_23bd38d3-6e61-4057-b728-1d91be93100c_661c8535-5906-5333-8b38-e14305bddad6,ebb1c88a-8141-4c7e-860b-54ac293a06ac,fam_graha_natal,manifestation,0.1081,,mi_pariksha_v2.0
482012f1-710e-4a25-994a-93821f5871aa,pred_23bd38d3-6e61-4057-b728-1d91be93100c_661c8535-5906-5333-8b38-e14305bddad6,483e332a-a168-4cf1-b93b-0ad55d77d91c,fam_graha_natal,timing,0.6396,,mi_pariksha_v2.0
482012f1-710e-4a25-994a-93821f5871aa,pred_23bd38d3-6e61-4057-b728-1d91be93100c_661c8535-5906-5333-8b38-e14305bddad6,483e332a-a168-4cf1-b93b-0ad55d77d91c,fam_graha_natal,magnitude,0.2161,,mi_pariksha_v2.0
482012f1-710e-4a25-994a-93821f5871aa,pred_23bd38d3-6e61-4057-b728-1d91be93100c_661c8535-5906-5333-8b38-e14305bddad6,483e332a-a168-4cf1-b93b-0ad55d77d91c,fam_graha_natal,domain,0,,mi_pariksha_v2.0
482012f1-710e-4a25-994a-93821f5871aa,pred_23bd38d3-6e61-4057-b728-1d91be93100c_661c8535-5906-5333-8b38-e14305bddad6,483e332a-a168-4cf1-b93b-0ad55d77d91c,fam_graha_natal,falsifier,0.3242,,mi_pariksha_v2.0
482012f1-710e-4a25-994a-93821f5871aa,pred_23bd38d3-6e61-4057-b728-1d91be93100c_661c8535-5906-5333-8b38-e14305bddad6,483e332a-a168-4cf1-b93b-0ad55d77d91c,fam_graha_natal,manifestation,0.1081,,mi_pariksha_v2.0
482012f1-710e-4a25-994a-93821f5871aa,pred_23bd38d3-6e61-4057-b728-1d91be93100c_661c8535-5906-5333-8b38-e14305bddad6,c31d3e74-2f44-41a6-8025-b32e44dbe1e2,fam_graha_natal,timing,0.6396,,mi_pariksha_v2.0
482012f1-710e-4a25-994a-93821f5871aa,pred_23bd38d3-6e61-4057-b728-1d91be93100c_661c8535-5906-5333-8b38-e14305bddad6,c31d3e74-2f44-41a6-8025-b32e44dbe1e2,fam_graha_natal,magnitude,0.2161,,mi_pariksha_v2.0
482012f1-710e-4a25-994a-93821f5871aa,pred_23bd38d3-6e61-4057-b728-1d91be93100c_661c8535-5906-5333-8b38-e14305bddad6,c31d3e74-2f44-41a6-8025-b32e44dbe1e2,fam_graha_natal,domain,0,,mi_pariksha_v2.0
482012f1-710e-4a25-994a-93821f5871aa,pred_23bd38d3-6e61-4057-b728-1d91be93100c_661c8535-5906-5333-8b38-e14305bddad6,c31d3e74-2f44-41a6-8025-b32e44dbe1e2,fam_graha_natal,falsifier,0.3242,,mi_pariksha_v2.0
482012f1-710e-4a25-994a-93821f5871aa,pred_23bd38d3-6e61-4057-b728-1d91be93100c_661c8535-5906-5333-8b38-e14305bddad6,c31d3e74-2f44-41a6-8025-b32e44dbe1e2,fam_graha_natal,manifestation,0.1081,,mi_pariksha_v2.0
482012f1-710e-4a25-994a-93821f5871aa,pred_23bd38d3-6e61-4057-b728-1d91be93100c_661c8535-5906-5333-8b38-e14305bddad6,2dff20cd-12f5-492e-a88e-3fef42547eca,fam_graha_natal,timing,0.6396,,mi_pariksha_v2.0
482012f1-710e-4a25-994a-93821f5871aa,pred_23bd38d3-6e61-4057-b728-1d91be93100c_661c8535-5906-5333-8b38-e14305bddad6,2dff20cd-12f5-492e-a88e-3fef42547eca,fam_graha_natal,magnitude,0.2161,,mi_pariksha_v2.0
482012f1-710e-4a25-994a-93821f5871aa,pred_23bd38d3-6e61-4057-b728-1d91be93100c_661c8535-5906-5333-8b38-e14305bddad6,2dff20cd-12f5-492e-a88e-3fef42547eca,fam_graha_natal,domain,0,,mi_pariksha_v2.0
482012f1-710e-4a25-994a-93821f5871aa,pred_23bd38d3-6e61-4057-b728-1d91be93100c_661c8535-5906-5333-8b38-e14305bddad6,2dff20cd-12f5-492e-a88e-3fef42547eca,fam_graha_natal,falsifier,0.3242,,mi_pariksha_v2.0
482012f1-710e-4a25-994a-93821f5871aa,pred_23bd38d3-6e61-4057-b728-1d91be93100c_661c8535-5906-5333-8b38-e14305bddad6,2dff20cd-12f5-492e-a88e-3fef42547eca,fam_graha_natal,manifestation,0.1081,,mi_pariksha_v2.0
482012f1-710e-4a25-994a-93821f5871aa,pred_23bd38d3-6e61-4057-b728-1d91be93100c_661c8535-5906-5333-8b38-e14305bddad6,d49da2e1-4b63-45f1-920e-c274df3ded21,fam_graha_natal,timing,0.6396,,mi_pariksha_v2.0
482012f1-710e-4a25-994a-93821f5871aa,pred_23bd38d3-6e61-4057-b728-1d91be93100c_661c8535-5906-5333-8b38-e14305bddad6,d49da2e1-4b63-45f1-920e-c274df3ded21,fam_graha_natal,magnitude,0.2161,,mi_pariksha_v2.0
482012f1-710e-4a25-994a-93821f5871aa,pred_23bd38d3-6e61-4057-b728-1d91be93100c_661c8535-5906-5333-8b38-e14305bddad6,d49da2e1-4b63-45f1-920e-c274df3ded21,fam_graha_natal,domain,0,,mi_pariksha_v2.0
482012f1-710e-4a25-994a-93821f5871aa,pred_23bd38d3-6e61-4057-b728-1d91be93100c_661c8535-5906-5333-8b38-e14305bddad6,d49da2e1-4b63-45f1-920e-c274df3ded21,fam_graha_natal,falsifier,0.3242,,mi_pariksha_v2.0
482012f1-710e-4a25-994a-93821f5871aa,pred_23bd38d3-6e61-4057-b728-1d91be93100c_661c8535-5906-5333-8b38-e14305bddad6,d49da2e1-4b63-45f1-920e-c274df3ded21,fam_graha_natal,manifestation,0.1081,,mi_pariksha_v2.0
482012f1-710e-4a25-994a-93821f5871aa,pred_23bd38d3-6e61-4057-b728-1d91be93100c_836bb274-6a6f-5c29-a298-f3c476197b8a,ebb1c88a-8141-4c7e-860b-54ac293a06ac,fam_graha_natal,timing,0.3444,,mi_pariksha_v2.0
482012f1-710e-4a25-994a-93821f5871aa,pred_23bd38d3-6e61-4057-b728-1d91be93100c_836bb274-6a6f-5c29-a298-f3c476197b8a,ebb1c88a-8141-4c7e-860b-54ac293a06ac,fam_graha_natal,magnitude,0.2161,,mi_pariksha_v2.0
482012f1-710e-4a25-994a-93821f5871aa,pred_23bd38d3-6e61-4057-b728-1d91be93100c_836bb274-6a6f-5c29-a298-f3c476197b8a,ebb1c88a-8141-4c7e-860b-54ac293a06ac,fam_graha_natal,domain,0,,mi_pariksha_v2.0
482012f1-710e-4a25-994a-93821f5871aa,pred_23bd38d3-6e61-4057-b728-1d91be93100c_836bb274-6a6f-5c29-a298-f3c476197b8a,ebb1c88a-8141-4c7e-860b-54ac293a06ac,fam_graha_natal,falsifier,0.3242,,mi_pariksha_v2.0
482012f1-710e-4a25-994a-93821f5871aa,pred_23bd38d3-6e61-4057-b728-1d91be93100c_836bb274-6a6f-5c29-a298-f3c476197b8a,ebb1c88a-8141-4c7e-860b-54ac293a06ac,fam_graha_natal,manifestation,0.1081,,mi_pariksha_v2.0
482012f1-710e-4a25-994a-93821f5871aa,pred_23bd38d3-6e61-4057-b728-1d91be93100c_836bb274-6a6f-5c29-a298-f3c476197b8a,483e332a-a168-4cf1-b93b-0ad55d77d91c,fam_graha_natal,timing,0.3444,,mi_pariksha_v2.0
482012f1-710e-4a25-994a-93821f5871aa,pred_23bd38d3-6e61-4057-b728-1d91be93100c_836bb274-6a6f-5c29-a298-f3c476197b8a,483e332a-a168-4cf1-b93b-0ad55d77d91c,fam_graha_natal,magnitude,0.2161,,mi_pariksha_v2.0
482012f1-710e-4a25-994a-93821f5871aa,pred_23bd38d3-6e61-4057-b728-1d91be93100c_836bb274-6a6f-5c29-a298-f3c476197b8a,483e332a-a168-4cf1-b93b-0ad55d77d91c,fam_graha_natal,domain,0,,mi_pariksha_v2.0
482012f1-710e-4a25-994a-93821f5871aa,pred_23bd38d3-6e61-4057-b728-1d91be93100c_836bb274-6a6f-5c29-a298-f3c476197b8a,483e332a-a168-4cf1-b93b-0ad55d77d91c,fam_graha_natal,falsifier,0.3242,,mi_pariksha_v2.0
482012f1-710e-4a25-994a-93821f5871aa,pred_23bd38d3-6e61-4057-b728-1d91be93100c_836bb274-6a6f-5c29-a298-f3c476197b8a,483e332a-a168-4cf1-b93b-0ad55d77d91c,fam_graha_natal,manifestation,0.1081,,mi_pariksha_v2.0
482012f1-710e-4a25-994a-93821f5871aa,pred_23bd38d3-6e61-4057-b728-1d91be93100c_836bb274-6a6f-5c29-a298-f3c476197b8a,c31d3e74-2f44-41a6-8025-b32e44dbe1e2,fam_graha_natal,timing,0.3444,,mi_pariksha_v2.0
482012f1-710e-4a25-994a-93821f5871aa,pred_23bd38d3-6e61-4057-b728-1d91be93100c_836bb274-6a6f-5c29-a298-f3c476197b8a,c31d3e74-2f44-41a6-8025-b32e44dbe1e2,fam_graha_natal,magnitude,0.2161,,mi_pariksha_v2.0
482012f1-710e-4a25-994a-93821f5871aa,pred_23bd38d3-6e61-4057-b728-1d91be93100c_836bb274-6a6f-5c29-a298-f3c476197b8a,c31d3e74-2f44-41a6-8025-b32e44dbe1e2,fam_graha_natal,domain,0,,mi_pariksha_v2.0
482012f1-710e-4a25-994a-93821f5871aa,pred_23bd38d3-6e61-4057-b728-1d91be93100c_836bb274-6a6f-5c29-a298-f3c476197b8a,c31d3e74-2f44-41a6-8025-b32e44dbe1e2,fam_graha_natal,falsifier,0.3242,,mi_pariksha_v2.0
482012f1-710e-4a25-994a-93821f5871aa,pred_23bd38d3-6e61-4057-b728-1d91be93100c_836bb274-6a6f-5c29-a298-f3c476197b8a,c31d3e74-2f44-41a6-8025-b32e44dbe1e2,fam_graha_natal,manifestation,0.1081,,mi_pariksha_v2.0
482012f1-710e-4a25-994a-93821f5871aa,pred_23bd38d3-6e61-4057-b728-1d91be93100c_836bb274-6a6f-5c29-a298-f3c476197b8a,2dff20cd-12f5-492e-a88e-3fef42547eca,fam_graha_natal,timing,0.3444,,mi_pariksha_v2.0
482012f1-710e-4a25-994a-93821f5871aa,pred_23bd38d3-6e61-4057-b728-1d91be93100c_836bb274-6a6f-5c29-a298-f3c476197b8a,2dff20cd-12f5-492e-a88e-3fef42547eca,fam_graha_natal,magnitude,0.2161,,mi_pariksha_v2.0
482012f1-710e-4a25-994a-93821f5871aa,pred_23bd38d3-6e61-4057-b728-1d91be93100c_836bb274-6a6f-5c29-a298-f3c476197b8a,2dff20cd-12f5-492e-a88e-3fef42547eca,fam_graha_natal,domain,0,,mi_pariksha_v2.0
482012f1-710e-4a25-994a-93821f5871aa,pred_23bd38d3-6e61-4057-b728-1d91be93100c_836bb274-6a6f-5c29-a298-f3c476197b8a,2dff20cd-12f5-492e-a88e-3fef42547eca,fam_graha_natal,falsifier,0.3242,,mi_pariksha_v2.0
482012f1-710e-4a25-994a-93821f5871aa,pred_23bd38d3-6e61-4057-b728-1d91be93100c_836bb274-6a6f-5c29-a298-f3c476197b8a,2dff20cd-12f5-492e-a88e-3fef42547eca,fam_graha_natal,manifestation,0.1081,,mi_pariksha_v2.0
482012f1-710e-4a25-994a-93821f5871aa,pred_23bd38d3-6e61-4057-b728-1d91be93100c_836bb274-6a6f-5c29-a298-f3c476197b8a,d49da2e1-4b63-45f1-920e-c274df3ded21,fam_graha_natal,timing,0.3444,,mi_pariksha_v2.0
482012f1-710e-4a25-994a-93821f5871aa,pred_23bd38d3-6e61-4057-b728-1d91be93100c_836bb274-6a6f-5c29-a298-f3c476197b8a,d49da2e1-4b63-45f1-920e-c274df3ded21,fam_graha_natal,magnitude,0.2161,,mi_pariksha_v2.0
482012f1-710e-4a25-994a-93821f5871aa,pred_23bd38d3-6e61-4057-b728-1d91be93100c_836bb274-6a6f-5c29-a298-f3c476197b8a,d49da2e1-4b63-45f1-920e-c274df3ded21,fam_graha_natal,domain,0,,mi_pariksha_v2.0
482012f1-710e-4a25-994a-93821f5871aa,pred_23bd38d3-6e61-4057-b728-1d91be93100c_836bb274-6a6f-5c29-a298-f3c476197b8a,d49da2e1-4b63-45f1-920e-c274df3ded21,fam_graha_natal,falsifier,0.3242,,mi_pariksha_v2.0
482012f1-710e-4a25-994a-93821f5871aa,pred_23bd38d3-6e61-4057-b728-1d91be93100c_836bb274-6a6f-5c29-a298-f3c476197b8a,d49da2e1-4b63-45f1-920e-c274df3ded21,fam_graha_natal,manifestation,0.1081,,mi_pariksha_v2.0
482012f1-710e-4a25-994a-93821f5871aa,pred_23bd38d3-6e61-4057-b728-1d91be93100c_86cbb042-8c3b-54e0-bf79-8f51b5850c13,ebb1c88a-8141-4c7e-860b-54ac293a06ac,fam_graha_natal,timing,0.0912,,mi_pariksha_v2.0
482012f1-710e-4a25-994a-93821f5871aa,pred_23bd38d3-6e61-4057-b728-1d91be93100c_86cbb042-8c3b-54e0-bf79-8f51b5850c13,ebb1c88a-8141-4c7e-860b-54ac293a06ac,fam_graha_natal,magnitude,0.2161,,mi_pariksha_v2.0
482012f1-710e-4a25-994a-93821f5871aa,pred_23bd38d3-6e61-4057-b728-1d91be93100c_86cbb042-8c3b-54e0-bf79-8f51b5850c13,ebb1c88a-8141-4c7e-860b-54ac293a06ac,fam_graha_natal,domain,0.5403,,mi_pariksha_v2.0
482012f1-710e-4a25-994a-93821f5871aa,pred_23bd38d3-6e61-4057-b728-1d91be93100c_86cbb042-8c3b-54e0-bf79-8f51b5850c13,ebb1c88a-8141-4c7e-860b-54ac293a06ac,fam_graha_natal,falsifier,0.3242,,mi_pariksha_v2.0
482012f1-710e-4a25-994a-93821f5871aa,pred_23bd38d3-6e61-4057-b728-1d91be93100c_86cbb042-8c3b-54e0-bf79-8f51b5850c13,ebb1c88a-8141-4c7e-860b-54ac293a06ac,fam_graha_natal,manifestation,0.1081,,mi_pariksha_v2.0
482012f1-710e-4a25-994a-93821f5871aa,pred_23bd38d3-6e61-4057-b728-1d91be93100c_86cbb042-8c3b-54e0-bf79-8f51b5850c13,483e332a-a168-4cf1-b93b-0ad55d77d91c,fam_graha_natal,timing,0.0912,,mi_pariksha_v2.0
482012f1-710e-4a25-994a-93821f5871aa,pred_23bd38d3-6e61-4057-b728-1d91be93100c_86cbb042-8c3b-54e0-bf79-8f51b5850c13,483e332a-a168-4cf1-b93b-0ad55d77d91c,fam_graha_natal,magnitude,0.2161,,mi_pariksha_v2.0
482012f1-710e-4a25-994a-93821f5871aa,pred_23bd38d3-6e61-4057-b728-1d91be93100c_86cbb042-8c3b-54e0-bf79-8f51b5850c13,483e332a-a168-4cf1-b93b-0ad55d77d91c,fam_graha_natal,domain,0.5403,,mi_pariksha_v2.0
482012f1-710e-4a25-994a-93821f5871aa,pred_23bd38d3-6e61-4057-b728-1d91be93100c_86cbb042-8c3b-54e0-bf79-8f51b5850c13,483e332a-a168-4cf1-b93b-0ad55d77d91c,fam_graha_natal,falsifier,0.3242,,mi_pariksha_v2.0
482012f1-710e-4a25-994a-93821f5871aa,pred_23bd38d3-6e61-4057-b728-1d91be93100c_86cbb042-8c3b-54e0-bf79-8f51b5850c13,483e332a-a168-4cf1-b93b-0ad55d77d91c,fam_graha_natal,manifestation,0.1081,,mi_pariksha_v2.0
482012f1-710e-4a25-994a-93821f5871aa,pred_23bd38d3-6e61-4057-b728-1d91be93100c_86cbb042-8c3b-54e0-bf79-8f51b5850c13,c31d3e74-2f44-41a6-8025-b32e44dbe1e2,fam_graha_natal,timing,0.0912,,mi_pariksha_v2.0
482012f1-710e-4a25-994a-93821f5871aa,pred_23bd38d3-6e61-4057-b728-1d91be93100c_86cbb042-8c3b-54e0-bf79-8f51b5850c13,c31d3e74-2f44-41a6-8025-b32e44dbe1e2,fam_graha_natal,magnitude,0.2161,,mi_pariksha_v2.0
482012f1-710e-4a25-994a-93821f5871aa,pred_23bd38d3-6e61-4057-b728-1d91be93100c_86cbb042-8c3b-54e0-bf79-8f51b5850c13,c31d3e74-2f44-41a6-8025-b32e44dbe1e2,fam_graha_natal,domain,0.5403,,mi_pariksha_v2.0
482012f1-710e-4a25-994a-93821f5871aa,pred_23bd38d3-6e61-4057-b728-1d91be93100c_86cbb042-8c3b-54e0-bf79-8f51b5850c13,c31d3e74-2f44-41a6-8025-b32e44dbe1e2,fam_graha_natal,falsifier,0.3242,,mi_pariksha_v2.0
482012f1-710e-4a25-994a-93821f5871aa,pred_23bd38d3-6e61-4057-b728-1d91be93100c_86cbb042-8c3b-54e0-bf79-8f51b5850c13,c31d3e74-2f44-41a6-8025-b32e44dbe1e2,fam_graha_natal,manifestation,0.1081,,mi_pariksha_v2.0
482012f1-710e-4a25-994a-93821f5871aa,pred_23bd38d3-6e61-4057-b728-1d91be93100c_86cbb042-8c3b-54e0-bf79-8f51b5850c13,2dff20cd-12f5-492e-a88e-3fef42547eca,fam_graha_natal,timing,0.0912,,mi_pariksha_v2.0
482012f1-710e-4a25-994a-93821f5871aa,pred_23bd38d3-6e61-4057-b728-1d91be93100c_86cbb042-8c3b-54e0-bf79-8f51b5850c13,2dff20cd-12f5-492e-a88e-3fef42547eca,fam_graha_natal,magnitude,0.2161,,mi_pariksha_v2.0
482012f1-710e-4a25-994a-93821f5871aa,pred_23bd38d3-6e61-4057-b728-1d91be93100c_86cbb042-8c3b-54e0-bf79-8f51b5850c13,2dff20cd-12f5-492e-a88e-3fef42547eca,fam_graha_natal,domain,0.5403,,mi_pariksha_v2.0
482012f1-710e-4a25-994a-93821f5871aa,pred_23bd38d3-6e61-4057-b728-1d91be93100c_86cbb042-8c3b-54e0-bf79-8f51b5850c13,2dff20cd-12f5-492e-a88e-3fef42547eca,fam_graha_natal,falsifier,0.3242,,mi_pariksha_v2.0
482012f1-710e-4a25-994a-93821f5871aa,pred_23bd38d3-6e61-4057-b728-1d91be93100c_86cbb042-8c3b-54e0-bf79-8f51b5850c13,2dff20cd-12f5-492e-a88e-3fef42547eca,fam_graha_natal,manifestation,0.1081,,mi_pariksha_v2.0
482012f1-710e-4a25-994a-93821f5871aa,pred_23bd38d3-6e61-4057-b728-1d91be93100c_86cbb042-8c3b-54e0-bf79-8f51b5850c13,d49da2e1-4b63-45f1-920e-c274df3ded21,fam_graha_natal,timing,0.0912,,mi_pariksha_v2.0
482012f1-710e-4a25-994a-93821f5871aa,pred_23bd38d3-6e61-4057-b728-1d91be93100c_86cbb042-8c3b-54e0-bf79-8f51b5850c13,d49da2e1-4b63-45f1-920e-c274df3ded21,fam_graha_natal,magnitude,0.2161,,mi_pariksha_v2.0
482012f1-710e-4a25-994a-93821f5871aa,pred_23bd38d3-6e61-4057-b728-1d91be93100c_86cbb042-8c3b-54e0-bf79-8f51b5850c13,d49da2e1-4b63-45f1-920e-c274df3ded21,fam_graha_natal,domain,0.5403,,mi_pariksha_v2.0
482012f1-710e-4a25-994a-93821f5871aa,pred_23bd38d3-6e61-4057-b728-1d91be93100c_86cbb042-8c3b-54e0-bf79-8f51b5850c13,d49da2e1-4b63-45f1-920e-c274df3ded21,fam_graha_natal,falsifier,0.3242,,mi_pariksha_v2.0
482012f1-710e-4a25-994a-93821f5871aa,pred_23bd38d3-6e61-4057-b728-1d91be93100c_86cbb042-8c3b-54e0-bf79-8f51b5850c13,d49da2e1-4b63-45f1-920e-c274df3ded21,fam_graha_natal,manifestation,0.1081,,mi_pariksha_v2.0
482012f1-710e-4a25-994a-93821f5871aa,pred_23bd38d3-6e61-4057-b728-1d91be93100c_d506f3e6-6188-5327-8920-d3896e630f08,ebb1c88a-8141-4c7e-860b-54ac293a06ac,fam_graha_natal,timing,0.5962,,mi_pariksha_v2.0
482012f1-710e-4a25-994a-93821f5871aa,pred_23bd38d3-6e61-4057-b728-1d91be93100c_d506f3e6-6188-5327-8920-d3896e630f08,ebb1c88a-8141-4c7e-860b-54ac293a06ac,fam_graha_natal,magnitude,0.2161,,mi_pariksha_v2.0
482012f1-710e-4a25-994a-93821f5871aa,pred_23bd38d3-6e61-4057-b728-1d91be93100c_d506f3e6-6188-5327-8920-d3896e630f08,ebb1c88a-8141-4c7e-860b-54ac293a06ac,fam_graha_natal,domain,0,,mi_pariksha_v2.0
482012f1-710e-4a25-994a-93821f5871aa,pred_23bd38d3-6e61-4057-b728-1d91be93100c_d506f3e6-6188-5327-8920-d3896e630f08,ebb1c88a-8141-4c7e-860b-54ac293a06ac,fam_graha_natal,falsifier,0.3242,,mi_pariksha_v2.0
482012f1-710e-4a25-994a-93821f5871aa,pred_23bd38d3-6e61-4057-b728-1d91be93100c_d506f3e6-6188-5327-8920-d3896e630f08,ebb1c88a-8141-4c7e-860b-54ac293a06ac,fam_graha_natal,manifestation,0.1081,,mi_pariksha_v2.0
482012f1-710e-4a25-994a-93821f5871aa,pred_23bd38d3-6e61-4057-b728-1d91be93100c_d506f3e6-6188-5327-8920-d3896e630f08,483e332a-a168-4cf1-b93b-0ad55d77d91c,fam_graha_natal,timing,0.5962,,mi_pariksha_v2.0
482012f1-710e-4a25-994a-93821f5871aa,pred_23bd38d3-6e61-4057-b728-1d91be93100c_d506f3e6-6188-5327-8920-d3896e630f08,483e332a-a168-4cf1-b93b-0ad55d77d91c,fam_graha_natal,magnitude,0.2161,,mi_pariksha_v2.0
482012f1-710e-4a25-994a-93821f5871aa,pred_23bd38d3-6e61-4057-b728-1d91be93100c_d506f3e6-6188-5327-8920-d3896e630f08,483e332a-a168-4cf1-b93b-0ad55d77d91c,fam_graha_natal,domain,0,,mi_pariksha_v2.0
482012f1-710e-4a25-994a-93821f5871aa,pred_23bd38d3-6e61-4057-b728-1d91be93100c_d506f3e6-6188-5327-8920-d3896e630f08,483e332a-a168-4cf1-b93b-0ad55d77d91c,fam_graha_natal,falsifier,0.3242,,mi_pariksha_v2.0
482012f1-710e-4a25-994a-93821f5871aa,pred_23bd38d3-6e61-4057-b728-1d91be93100c_d506f3e6-6188-5327-8920-d3896e630f08,483e332a-a168-4cf1-b93b-0ad55d77d91c,fam_graha_natal,manifestation,0.1081,,mi_pariksha_v2.0
482012f1-710e-4a25-994a-93821f5871aa,pred_23bd38d3-6e61-4057-b728-1d91be93100c_d506f3e6-6188-5327-8920-d3896e630f08,c31d3e74-2f44-41a6-8025-b32e44dbe1e2,fam_graha_natal,timing,0.5962,,mi_pariksha_v2.0
482012f1-710e-4a25-994a-93821f5871aa,pred_23bd38d3-6e61-4057-b728-1d91be93100c_d506f3e6-6188-5327-8920-d3896e630f08,c31d3e74-2f44-41a6-8025-b32e44dbe1e2,fam_graha_natal,magnitude,0.2161,,mi_pariksha_v2.0
482012f1-710e-4a25-994a-93821f5871aa,pred_23bd38d3-6e61-4057-b728-1d91be93100c_d506f3e6-6188-5327-8920-d3896e630f08,c31d3e74-2f44-41a6-8025-b32e44dbe1e2,fam_graha_natal,domain,0,,mi_pariksha_v2.0
482012f1-710e-4a25-994a-93821f5871aa,pred_23bd38d3-6e61-4057-b728-1d91be93100c_d506f3e6-6188-5327-8920-d3896e630f08,c31d3e74-2f44-41a6-8025-b32e44dbe1e2,fam_graha_natal,falsifier,0.3242,,mi_pariksha_v2.0
482012f1-710e-4a25-994a-93821f5871aa,pred_23bd38d3-6e61-4057-b728-1d91be93100c_d506f3e6-6188-5327-8920-d3896e630f08,c31d3e74-2f44-41a6-8025-b32e44dbe1e2,fam_graha_natal,manifestation,0.1081,,mi_pariksha_v2.0
482012f1-710e-4a25-994a-93821f5871aa,pred_23bd38d3-6e61-4057-b728-1d91be93100c_d506f3e6-6188-5327-8920-d3896e630f08,2dff20cd-12f5-492e-a88e-3fef42547eca,fam_graha_natal,timing,0.5962,,mi_pariksha_v2.0
482012f1-710e-4a25-994a-93821f5871aa,pred_23bd38d3-6e61-4057-b728-1d91be93100c_d506f3e6-6188-5327-8920-d3896e630f08,2dff20cd-12f5-492e-a88e-3fef42547eca,fam_graha_natal,magnitude,0.2161,,mi_pariksha_v2.0
482012f1-710e-4a25-994a-93821f5871aa,pred_23bd38d3-6e61-4057-b728-1d91be93100c_d506f3e6-6188-5327-8920-d3896e630f08,2dff20cd-12f5-492e-a88e-3fef42547eca,fam_graha_natal,domain,0,,mi_pariksha_v2.0
482012f1-710e-4a25-994a-93821f5871aa,pred_23bd38d3-6e61-4057-b728-1d91be93100c_d506f3e6-6188-5327-8920-d3896e630f08,2dff20cd-12f5-492e-a88e-3fef42547eca,fam_graha_natal,falsifier,0.3242,,mi_pariksha_v2.0
482012f1-710e-4a25-994a-93821f5871aa,pred_23bd38d3-6e61-4057-b728-1d91be93100c_d506f3e6-6188-5327-8920-d3896e630f08,2dff20cd-12f5-492e-a88e-3fef42547eca,fam_graha_natal,manifestation,0.1081,,mi_pariksha_v2.0
482012f1-710e-4a25-994a-93821f5871aa,pred_23bd38d3-6e61-4057-b728-1d91be93100c_d506f3e6-6188-5327-8920-d3896e630f08,d49da2e1-4b63-45f1-920e-c274df3ded21,fam_graha_natal,timing,0.5962,,mi_pariksha_v2.0
482012f1-710e-4a25-994a-93821f5871aa,pred_23bd38d3-6e61-4057-b728-1d91be93100c_d506f3e6-6188-5327-8920-d3896e630f08,d49da2e1-4b63-45f1-920e-c274df3ded21,fam_graha_natal,magnitude,0.2161,,mi_pariksha_v2.0
482012f1-710e-4a25-994a-93821f5871aa,pred_23bd38d3-6e61-4057-b728-1d91be93100c_d506f3e6-6188-5327-8920-d3896e630f08,d49da2e1-4b63-45f1-920e-c274df3ded21,fam_graha_natal,domain,0,,mi_pariksha_v2.0
482012f1-710e-4a25-994a-93821f5871aa,pred_23bd38d3-6e61-4057-b728-1d91be93100c_d506f3e6-6188-5327-8920-d3896e630f08,d49da2e1-4b63-45f1-920e-c274df3ded21,fam_graha_natal,falsifier,0.3242,,mi_pariksha_v2.0
482012f1-710e-4a25-994a-93821f5871aa,pred_23bd38d3-6e61-4057-b728-1d91be93100c_d506f3e6-6188-5327-8920-d3896e630f08,d49da2e1-4b63-45f1-920e-c274df3ded21,fam_graha_natal,manifestation,0.1081,,mi_pariksha_v2.0
482012f1-710e-4a25-994a-93821f5871aa,pred_30fe8756-3341-40fc-94fd-a2e1cc1b395d_153d920e-640d-598c-9380-795a5d4efa63,bde5423d-ac30-4ecd-ab7b-1dbec4232742,fam_graha_natal,timing,0.5146,,mi_pariksha_v2.0
482012f1-710e-4a25-994a-93821f5871aa,pred_30fe8756-3341-40fc-94fd-a2e1cc1b395d_153d920e-640d-598c-9380-795a5d4efa63,bde5423d-ac30-4ecd-ab7b-1dbec4232742,fam_graha_natal,magnitude,0.2161,,mi_pariksha_v2.0
482012f1-710e-4a25-994a-93821f5871aa,pred_30fe8756-3341-40fc-94fd-a2e1cc1b395d_153d920e-640d-598c-9380-795a5d4efa63,bde5423d-ac30-4ecd-ab7b-1dbec4232742,fam_graha_natal,domain,0.5403,,mi_pariksha_v2.0
482012f1-710e-4a25-994a-93821f5871aa,pred_30fe8756-3341-40fc-94fd-a2e1cc1b395d_153d920e-640d-598c-9380-795a5d4efa63,bde5423d-ac30-4ecd-ab7b-1dbec4232742,fam_graha_natal,falsifier,0.3242,,mi_pariksha_v2.0
482012f1-710e-4a25-994a-93821f5871aa,pred_30fe8756-3341-40fc-94fd-a2e1cc1b395d_153d920e-640d-598c-9380-795a5d4efa63,bde5423d-ac30-4ecd-ab7b-1dbec4232742,fam_graha_natal,manifestation,0.1081,,mi_pariksha_v2.0
482012f1-710e-4a25-994a-93821f5871aa,pred_30fe8756-3341-40fc-94fd-a2e1cc1b395d_153d920e-640d-598c-9380-795a5d4efa63,2f9e0ce3-ce9a-4087-b725-bb1949728c37,fam_graha_natal,timing,0.5146,,mi_pariksha_v2.0
482012f1-710e-4a25-994a-93821f5871aa,pred_30fe8756-3341-40fc-94fd-a2e1cc1b395d_153d920e-640d-598c-9380-795a5d4efa63,2f9e0ce3-ce9a-4087-b725-bb1949728c37,fam_graha_natal,magnitude,0.2161,,mi_pariksha_v2.0
482012f1-710e-4a25-994a-93821f5871aa,pred_30fe8756-3341-40fc-94fd-a2e1cc1b395d_153d920e-640d-598c-9380-795a5d4efa63,2f9e0ce3-ce9a-4087-b725-bb1949728c37,fam_graha_natal,domain,0.5403,,mi_pariksha_v2.0
482012f1-710e-4a25-994a-93821f5871aa,pred_30fe8756-3341-40fc-94fd-a2e1cc1b395d_153d920e-640d-598c-9380-795a5d4efa63,2f9e0ce3-ce9a-4087-b725-bb1949728c37,fam_graha_natal,falsifier,0.3242,,mi_pariksha_v2.0
482012f1-710e-4a25-994a-93821f5871aa,pred_30fe8756-3341-40fc-94fd-a2e1cc1b395d_153d920e-640d-598c-9380-795a5d4efa63,2f9e0ce3-ce9a-4087-b725-bb1949728c37,fam_graha_natal,manifestation,0.1081,,mi_pariksha_v2.0
482012f1-710e-4a25-994a-93821f5871aa,pred_30fe8756-3341-40fc-94fd-a2e1cc1b395d_153d920e-640d-598c-9380-795a5d4efa63,c23ae35b-629d-46b3-ad06-5b77fbdd27bf,fam_graha_natal,timing,0.5146,,mi_pariksha_v2.0
482012f1-710e-4a25-994a-93821f5871aa,pred_30fe8756-3341-40fc-94fd-a2e1cc1b395d_153d920e-640d-598c-9380-795a5d4efa63,c23ae35b-629d-46b3-ad06-5b77fbdd27bf,fam_graha_natal,magnitude,0.2161,,mi_pariksha_v2.0
482012f1-710e-4a25-994a-93821f5871aa,pred_30fe8756-3341-40fc-94fd-a2e1cc1b395d_153d920e-640d-598c-9380-795a5d4efa63,c23ae35b-629d-46b3-ad06-5b77fbdd27bf,fam_graha_natal,domain,0.5403,,mi_pariksha_v2.0
482012f1-710e-4a25-994a-93821f5871aa,pred_30fe8756-3341-40fc-94fd-a2e1cc1b395d_153d920e-640d-598c-9380-795a5d4efa63,c23ae35b-629d-46b3-ad06-5b77fbdd27bf,fam_graha_natal,falsifier,0.3242,,mi_pariksha_v2.0
482012f1-710e-4a25-994a-93821f5871aa,pred_30fe8756-3341-40fc-94fd-a2e1cc1b395d_153d920e-640d-598c-9380-795a5d4efa63,c23ae35b-629d-46b3-ad06-5b77fbdd27bf,fam_graha_natal,manifestation,0.1081,,mi_pariksha_v2.0
482012f1-710e-4a25-994a-93821f5871aa,pred_30fe8756-3341-40fc-94fd-a2e1cc1b395d_153d920e-640d-598c-9380-795a5d4efa63,fdd4aafa-f03d-4b33-9453-37615f9f32e9,fam_graha_natal,timing,0.5146,,mi_pariksha_v2.0
482012f1-710e-4a25-994a-93821f5871aa,pred_30fe8756-3341-40fc-94fd-a2e1cc1b395d_153d920e-640d-598c-9380-795a5d4efa63,fdd4aafa-f03d-4b33-9453-37615f9f32e9,fam_graha_natal,magnitude,0.2161,,mi_pariksha_v2.0
482012f1-710e-4a25-994a-93821f5871aa,pred_30fe8756-3341-40fc-94fd-a2e1cc1b395d_153d920e-640d-598c-9380-795a5d4efa63,fdd4aafa-f03d-4b33-9453-37615f9f32e9,fam_graha_natal,domain,0.5403,,mi_pariksha_v2.0
482012f1-710e-4a25-994a-93821f5871aa,pred_30fe8756-3341-40fc-94fd-a2e1cc1b395d_153d920e-640d-598c-9380-795a5d4efa63,fdd4aafa-f03d-4b33-9453-37615f9f32e9,fam_graha_natal,falsifier,0.3242,,mi_pariksha_v2.0
482012f1-710e-4a25-994a-93821f5871aa,pred_30fe8756-3341-40fc-94fd-a2e1cc1b395d_153d920e-640d-598c-9380-795a5d4efa63,fdd4aafa-f03d-4b33-9453-37615f9f32e9,fam_graha_natal,manifestation,0.1081,,mi_pariksha_v2.0
482012f1-710e-4a25-994a-93821f5871aa,pred_30fe8756-3341-40fc-94fd-a2e1cc1b395d_153d920e-640d-598c-9380-795a5d4efa63,69ff9578-80e1-43f2-9a75-8f712992b9ac,fam_graha_natal,timing,0.5035,,mi_pariksha_v2.0
482012f1-710e-4a25-994a-93821f5871aa,pred_30fe8756-3341-40fc-94fd-a2e1cc1b395d_153d920e-640d-598c-9380-795a5d4efa63,69ff9578-80e1-43f2-9a75-8f712992b9ac,fam_graha_natal,magnitude,0.2114,,mi_pariksha_v2.0
482012f1-710e-4a25-994a-93821f5871aa,pred_30fe8756-3341-40fc-94fd-a2e1cc1b395d_153d920e-640d-598c-9380-795a5d4efa63,69ff9578-80e1-43f2-9a75-8f712992b9ac,fam_graha_natal,domain,0.5285,,mi_pariksha_v2.0
482012f1-710e-4a25-994a-93821f5871aa,pred_30fe8756-3341-40fc-94fd-a2e1cc1b395d_153d920e-640d-598c-9380-795a5d4efa63,69ff9578-80e1-43f2-9a75-8f712992b9ac,fam_graha_natal,falsifier,0.3171,,mi_pariksha_v2.0
482012f1-710e-4a25-994a-93821f5871aa,pred_30fe8756-3341-40fc-94fd-a2e1cc1b395d_153d920e-640d-598c-9380-795a5d4efa63,69ff9578-80e1-43f2-9a75-8f712992b9ac,fam_graha_natal,manifestation,0.1057,,mi_pariksha_v2.0
482012f1-710e-4a25-994a-93821f5871aa,pred_30fe8756-3341-40fc-94fd-a2e1cc1b395d_1f9c6775-30c2-5f92-b1a5-24512f5681a6,bde5423d-ac30-4ecd-ab7b-1dbec4232742,fam_graha_natal,timing,0.5551,,mi_pariksha_v2.0
482012f1-710e-4a25-994a-93821f5871aa,pred_30fe8756-3341-40fc-94fd-a2e1cc1b395d_1f9c6775-30c2-5f92-b1a5-24512f5681a6,bde5423d-ac30-4ecd-ab7b-1dbec4232742,fam_graha_natal,magnitude,0.2161,,mi_pariksha_v2.0
482012f1-710e-4a25-994a-93821f5871aa,pred_30fe8756-3341-40fc-94fd-a2e1cc1b395d_1f9c6775-30c2-5f92-b1a5-24512f5681a6,bde5423d-ac30-4ecd-ab7b-1dbec4232742,fam_graha_natal,domain,0,,mi_pariksha_v2.0
482012f1-710e-4a25-994a-93821f5871aa,pred_30fe8756-3341-40fc-94fd-a2e1cc1b395d_1f9c6775-30c2-5f92-b1a5-24512f5681a6,bde5423d-ac30-4ecd-ab7b-1dbec4232742,fam_graha_natal,falsifier,0.3242,,mi_pariksha_v2.0
482012f1-710e-4a25-994a-93821f5871aa,pred_30fe8756-3341-40fc-94fd-a2e1cc1b395d_1f9c6775-30c2-5f92-b1a5-24512f5681a6,bde5423d-ac30-4ecd-ab7b-1dbec4232742,fam_graha_natal,manifestation,0.1081,,mi_pariksha_v2.0
482012f1-710e-4a25-994a-93821f5871aa,pred_30fe8756-3341-40fc-94fd-a2e1cc1b395d_1f9c6775-30c2-5f92-b1a5-24512f5681a6,2f9e0ce3-ce9a-4087-b725-bb1949728c37,fam_graha_natal,timing,0.5551,,mi_pariksha_v2.0
482012f1-710e-4a25-994a-93821f5871aa,pred_30fe8756-3341-40fc-94fd-a2e1cc1b395d_1f9c6775-30c2-5f92-b1a5-24512f5681a6,2f9e0ce3-ce9a-4087-b725-bb1949728c37,fam_graha_natal,magnitude,0.2161,,mi_pariksha_v2.0
482012f1-710e-4a25-994a-93821f5871aa,pred_30fe8756-3341-40fc-94fd-a2e1cc1b395d_1f9c6775-30c2-5f92-b1a5-24512f5681a6,2f9e0ce3-ce9a-4087-b725-bb1949728c37,fam_graha_natal,domain,0,,mi_pariksha_v2.0
482012f1-710e-4a25-994a-93821f5871aa,pred_30fe8756-3341-40fc-94fd-a2e1cc1b395d_1f9c6775-30c2-5f92-b1a5-24512f5681a6,2f9e0ce3-ce9a-4087-b725-bb1949728c37,fam_graha_natal,falsifier,0.3242,,mi_pariksha_v2.0
482012f1-710e-4a25-994a-93821f5871aa,pred_30fe8756-3341-40fc-94fd-a2e1cc1b395d_1f9c6775-30c2-5f92-b1a5-24512f5681a6,2f9e0ce3-ce9a-4087-b725-bb1949728c37,fam_graha_natal,manifestation,0.1081,,mi_pariksha_v2.0
482012f1-710e-4a25-994a-93821f5871aa,pred_30fe8756-3341-40fc-94fd-a2e1cc1b395d_1f9c6775-30c2-5f92-b1a5-24512f5681a6,c23ae35b-629d-46b3-ad06-5b77fbdd27bf,fam_graha_natal,timing,0.5551,,mi_pariksha_v2.0
482012f1-710e-4a25-994a-93821f5871aa,pred_30fe8756-3341-40fc-94fd-a2e1cc1b395d_1f9c6775-30c2-5f92-b1a5-24512f5681a6,c23ae35b-629d-46b3-ad06-5b77fbdd27bf,fam_graha_natal,magnitude,0.2161,,mi_pariksha_v2.0
482012f1-710e-4a25-994a-93821f5871aa,pred_30fe8756-3341-40fc-94fd-a2e1cc1b395d_1f9c6775-30c2-5f92-b1a5-24512f5681a6,c23ae35b-629d-46b3-ad06-5b77fbdd27bf,fam_graha_natal,domain,0,,mi_pariksha_v2.0
482012f1-710e-4a25-994a-93821f5871aa,pred_30fe8756-3341-40fc-94fd-a2e1cc1b395d_1f9c6775-30c2-5f92-b1a5-24512f5681a6,c23ae35b-629d-46b3-ad06-5b77fbdd27bf,fam_graha_natal,falsifier,0.3242,,mi_pariksha_v2.0
482012f1-710e-4a25-994a-93821f5871aa,pred_30fe8756-3341-40fc-94fd-a2e1cc1b395d_1f9c6775-30c2-5f92-b1a5-24512f5681a6,c23ae35b-629d-46b3-ad06-5b77fbdd27bf,fam_graha_natal,manifestation,0.1081,,mi_pariksha_v2.0
482012f1-710e-4a25-994a-93821f5871aa,pred_30fe8756-3341-40fc-94fd-a2e1cc1b395d_1f9c6775-30c2-5f92-b1a5-24512f5681a6,fdd4aafa-f03d-4b33-9453-37615f9f32e9,fam_graha_natal,timing,0.5551,,mi_pariksha_v2.0
482012f1-710e-4a25-994a-93821f5871aa,pred_30fe8756-3341-40fc-94fd-a2e1cc1b395d_1f9c6775-30c2-5f92-b1a5-24512f5681a6,fdd4aafa-f03d-4b33-9453-37615f9f32e9,fam_graha_natal,magnitude,0.2161,,mi_pariksha_v2.0
482012f1-710e-4a25-994a-93821f5871aa,pred_30fe8756-3341-40fc-94fd-a2e1cc1b395d_1f9c6775-30c2-5f92-b1a5-24512f5681a6,fdd4aafa-f03d-4b33-9453-37615f9f32e9,fam_graha_natal,domain,0,,mi_pariksha_v2.0
482012f1-710e-4a25-994a-93821f5871aa,pred_30fe8756-3341-40fc-94fd-a2e1cc1b395d_1f9c6775-30c2-5f92-b1a5-24512f5681a6,fdd4aafa-f03d-4b33-9453-37615f9f32e9,fam_graha_natal,falsifier,0.3242,,mi_pariksha_v2.0
482012f1-710e-4a25-994a-93821f5871aa,pred_30fe8756-3341-40fc-94fd-a2e1cc1b395d_1f9c6775-30c2-5f92-b1a5-24512f5681a6,fdd4aafa-f03d-4b33-9453-37615f9f32e9,fam_graha_natal,manifestation,0.1081,,mi_pariksha_v2.0
482012f1-710e-4a25-994a-93821f5871aa,pred_30fe8756-3341-40fc-94fd-a2e1cc1b395d_1f9c6775-30c2-5f92-b1a5-24512f5681a6,69ff9578-80e1-43f2-9a75-8f712992b9ac,fam_graha_natal,timing,0.543,,mi_pariksha_v2.0
482012f1-710e-4a25-994a-93821f5871aa,pred_30fe8756-3341-40fc-94fd-a2e1cc1b395d_1f9c6775-30c2-5f92-b1a5-24512f5681a6,69ff9578-80e1-43f2-9a75-8f712992b9ac,fam_graha_natal,magnitude,0.2114,,mi_pariksha_v2.0
482012f1-710e-4a25-994a-93821f5871aa,pred_30fe8756-3341-40fc-94fd-a2e1cc1b395d_1f9c6775-30c2-5f92-b1a5-24512f5681a6,69ff9578-80e1-43f2-9a75-8f712992b9ac,fam_graha_natal,domain,0,,mi_pariksha_v2.0
482012f1-710e-4a25-994a-93821f5871aa,pred_30fe8756-3341-40fc-94fd-a2e1cc1b395d_1f9c6775-30c2-5f92-b1a5-24512f5681a6,69ff9578-80e1-43f2-9a75-8f712992b9ac,fam_graha_natal,falsifier,0.3171,,mi_pariksha_v2.0
482012f1-710e-4a25-994a-93821f5871aa,pred_30fe8756-3341-40fc-94fd-a2e1cc1b395d_1f9c6775-30c2-5f92-b1a5-24512f5681a6,69ff9578-80e1-43f2-9a75-8f712992b9ac,fam_graha_natal,manifestation,0.1057,,mi_pariksha_v2.0
482012f1-710e-4a25-994a-93821f5871aa,pred_30fe8756-3341-40fc-94fd-a2e1cc1b395d_275b0c18-a159-5560-95f7-2a6cfbec58c4,bde5423d-ac30-4ecd-ab7b-1dbec4232742,fam_graha_natal,timing,0.1127,,mi_pariksha_v2.0
482012f1-710e-4a25-994a-93821f5871aa,pred_30fe8756-3341-40fc-94fd-a2e1cc1b395d_275b0c18-a159-5560-95f7-2a6cfbec58c4,bde5423d-ac30-4ecd-ab7b-1dbec4232742,fam_graha_natal,magnitude,0.2161,,mi_pariksha_v2.0
482012f1-710e-4a25-994a-93821f5871aa,pred_30fe8756-3341-40fc-94fd-a2e1cc1b395d_275b0c18-a159-5560-95f7-2a6cfbec58c4,bde5423d-ac30-4ecd-ab7b-1dbec4232742,fam_graha_natal,domain,0,,mi_pariksha_v2.0
482012f1-710e-4a25-994a-93821f5871aa,pred_30fe8756-3341-40fc-94fd-a2e1cc1b395d_275b0c18-a159-5560-95f7-2a6cfbec58c4,bde5423d-ac30-4ecd-ab7b-1dbec4232742,fam_graha_natal,falsifier,0.3242,,mi_pariksha_v2.0
482012f1-710e-4a25-994a-93821f5871aa,pred_30fe8756-3341-40fc-94fd-a2e1cc1b395d_275b0c18-a159-5560-95f7-2a6cfbec58c4,bde5423d-ac30-4ecd-ab7b-1dbec4232742,fam_graha_natal,manifestation,0.1081,,mi_pariksha_v2.0
482012f1-710e-4a25-994a-93821f5871aa,pred_30fe8756-3341-40fc-94fd-a2e1cc1b395d_275b0c18-a159-5560-95f7-2a6cfbec58c4,2f9e0ce3-ce9a-4087-b725-bb1949728c37,fam_graha_natal,timing,0.1127,,mi_pariksha_v2.0
482012f1-710e-4a25-994a-93821f5871aa,pred_30fe8756-3341-40fc-94fd-a2e1cc1b395d_275b0c18-a159-5560-95f7-2a6cfbec58c4,2f9e0ce3-ce9a-4087-b725-bb1949728c37,fam_graha_natal,magnitude,0.2161,,mi_pariksha_v2.0
482012f1-710e-4a25-994a-93821f5871aa,pred_30fe8756-3341-40fc-94fd-a2e1cc1b395d_275b0c18-a159-5560-95f7-2a6cfbec58c4,2f9e0ce3-ce9a-4087-b725-bb1949728c37,fam_graha_natal,domain,0,,mi_pariksha_v2.0
482012f1-710e-4a25-994a-93821f5871aa,pred_30fe8756-3341-40fc-94fd-a2e1cc1b395d_275b0c18-a159-5560-95f7-2a6cfbec58c4,2f9e0ce3-ce9a-4087-b725-bb1949728c37,fam_graha_natal,falsifier,0.3242,,mi_pariksha_v2.0
482012f1-710e-4a25-994a-93821f5871aa,pred_30fe8756-3341-40fc-94fd-a2e1cc1b395d_275b0c18-a159-5560-95f7-2a6cfbec58c4,2f9e0ce3-ce9a-4087-b725-bb1949728c37,fam_graha_natal,manifestation,0.1081,,mi_pariksha_v2.0
482012f1-710e-4a25-994a-93821f5871aa,pred_30fe8756-3341-40fc-94fd-a2e1cc1b395d_275b0c18-a159-5560-95f7-2a6cfbec58c4,c23ae35b-629d-46b3-ad06-5b77fbdd27bf,fam_graha_natal,timing,0.1127,,mi_pariksha_v2.0
482012f1-710e-4a25-994a-93821f5871aa,pred_30fe8756-3341-40fc-94fd-a2e1cc1b395d_275b0c18-a159-5560-95f7-2a6cfbec58c4,c23ae35b-629d-46b3-ad06-5b77fbdd27bf,fam_graha_natal,magnitude,0.2161,,mi_pariksha_v2.0
482012f1-710e-4a25-994a-93821f5871aa,pred_30fe8756-3341-40fc-94fd-a2e1cc1b395d_275b0c18-a159-5560-95f7-2a6cfbec58c4,c23ae35b-629d-46b3-ad06-5b77fbdd27bf,fam_graha_natal,domain,0,,mi_pariksha_v2.0
482012f1-710e-4a25-994a-93821f5871aa,pred_30fe8756-3341-40fc-94fd-a2e1cc1b395d_275b0c18-a159-5560-95f7-2a6cfbec58c4,c23ae35b-629d-46b3-ad06-5b77fbdd27bf,fam_graha_natal,falsifier,0.3242,,mi_pariksha_v2.0
482012f1-710e-4a25-994a-93821f5871aa,pred_30fe8756-3341-40fc-94fd-a2e1cc1b395d_275b0c18-a159-5560-95f7-2a6cfbec58c4,c23ae35b-629d-46b3-ad06-5b77fbdd27bf,fam_graha_natal,manifestation,0.1081,,mi_pariksha_v2.0
482012f1-710e-4a25-994a-93821f5871aa,pred_30fe8756-3341-40fc-94fd-a2e1cc1b395d_275b0c18-a159-5560-95f7-2a6cfbec58c4,fdd4aafa-f03d-4b33-9453-37615f9f32e9,fam_graha_natal,timing,0.1127,,mi_pariksha_v2.0
482012f1-710e-4a25-994a-93821f5871aa,pred_30fe8756-3341-40fc-94fd-a2e1cc1b395d_275b0c18-a159-5560-95f7-2a6cfbec58c4,fdd4aafa-f03d-4b33-9453-37615f9f32e9,fam_graha_natal,magnitude,0.2161,,mi_pariksha_v2.0
482012f1-710e-4a25-994a-93821f5871aa,pred_30fe8756-3341-40fc-94fd-a2e1cc1b395d_275b0c18-a159-5560-95f7-2a6cfbec58c4,fdd4aafa-f03d-4b33-9453-37615f9f32e9,fam_graha_natal,domain,0,,mi_pariksha_v2.0
482012f1-710e-4a25-994a-93821f5871aa,pred_30fe8756-3341-40fc-94fd-a2e1cc1b395d_275b0c18-a159-5560-95f7-2a6cfbec58c4,fdd4aafa-f03d-4b33-9453-37615f9f32e9,fam_graha_natal,falsifier,0.3242,,mi_pariksha_v2.0
482012f1-710e-4a25-994a-93821f5871aa,pred_30fe8756-3341-40fc-94fd-a2e1cc1b395d_275b0c18-a159-5560-95f7-2a6cfbec58c4,fdd4aafa-f03d-4b33-9453-37615f9f32e9,fam_graha_natal,manifestation,0.1081,,mi_pariksha_v2.0
482012f1-710e-4a25-994a-93821f5871aa,pred_30fe8756-3341-40fc-94fd-a2e1cc1b395d_275b0c18-a159-5560-95f7-2a6cfbec58c4,69ff9578-80e1-43f2-9a75-8f712992b9ac,fam_graha_natal,timing,0.1103,,mi_pariksha_v2.0
482012f1-710e-4a25-994a-93821f5871aa,pred_30fe8756-3341-40fc-94fd-a2e1cc1b395d_275b0c18-a159-5560-95f7-2a6cfbec58c4,69ff9578-80e1-43f2-9a75-8f712992b9ac,fam_graha_natal,magnitude,0.2114,,mi_pariksha_v2.0
482012f1-710e-4a25-994a-93821f5871aa,pred_30fe8756-3341-40fc-94fd-a2e1cc1b395d_275b0c18-a159-5560-95f7-2a6cfbec58c4,69ff9578-80e1-43f2-9a75-8f712992b9ac,fam_graha_natal,domain,0,,mi_pariksha_v2.0
482012f1-710e-4a25-994a-93821f5871aa,pred_30fe8756-3341-40fc-94fd-a2e1cc1b395d_275b0c18-a159-5560-95f7-2a6cfbec58c4,69ff9578-80e1-43f2-9a75-8f712992b9ac,fam_graha_natal,falsifier,0.3171,,mi_pariksha_v2.0
482012f1-710e-4a25-994a-93821f5871aa,pred_30fe8756-3341-40fc-94fd-a2e1cc1b395d_275b0c18-a159-5560-95f7-2a6cfbec58c4,69ff9578-80e1-43f2-9a75-8f712992b9ac,fam_graha_natal,manifestation,0.1057,,mi_pariksha_v2.0
482012f1-710e-4a25-994a-93821f5871aa,pred_30fe8756-3341-40fc-94fd-a2e1cc1b395d_2bfb5b17-6901-5d15-ba80-5f0f1d5611f0,bde5423d-ac30-4ecd-ab7b-1dbec4232742,fam_graha_natal,timing,0.4221,,mi_pariksha_v2.0
482012f1-710e-4a25-994a-93821f5871aa,pred_30fe8756-3341-40fc-94fd-a2e1cc1b395d_2bfb5b17-6901-5d15-ba80-5f0f1d5611f0,bde5423d-ac30-4ecd-ab7b-1dbec4232742,fam_graha_natal,magnitude,0.2161,,mi_pariksha_v2.0
482012f1-710e-4a25-994a-93821f5871aa,pred_30fe8756-3341-40fc-94fd-a2e1cc1b395d_2bfb5b17-6901-5d15-ba80-5f0f1d5611f0,bde5423d-ac30-4ecd-ab7b-1dbec4232742,fam_graha_natal,domain,0,,mi_pariksha_v2.0
482012f1-710e-4a25-994a-93821f5871aa,pred_30fe8756-3341-40fc-94fd-a2e1cc1b395d_2bfb5b17-6901-5d15-ba80-5f0f1d5611f0,bde5423d-ac30-4ecd-ab7b-1dbec4232742,fam_graha_natal,falsifier,0.3242,,mi_pariksha_v2.0
482012f1-710e-4a25-994a-93821f5871aa,pred_30fe8756-3341-40fc-94fd-a2e1cc1b395d_2bfb5b17-6901-5d15-ba80-5f0f1d5611f0,bde5423d-ac30-4ecd-ab7b-1dbec4232742,fam_graha_natal,manifestation,0.1081,,mi_pariksha_v2.0
482012f1-710e-4a25-994a-93821f5871aa,pred_30fe8756-3341-40fc-94fd-a2e1cc1b395d_2bfb5b17-6901-5d15-ba80-5f0f1d5611f0,2f9e0ce3-ce9a-4087-b725-bb1949728c37,fam_graha_natal,timing,0.4221,,mi_pariksha_v2.0
482012f1-710e-4a25-994a-93821f5871aa,pred_30fe8756-3341-40fc-94fd-a2e1cc1b395d_2bfb5b17-6901-5d15-ba80-5f0f1d5611f0,2f9e0ce3-ce9a-4087-b725-bb1949728c37,fam_graha_natal,magnitude,0.2161,,mi_pariksha_v2.0
482012f1-710e-4a25-994a-93821f5871aa,pred_30fe8756-3341-40fc-94fd-a2e1cc1b395d_2bfb5b17-6901-5d15-ba80-5f0f1d5611f0,2f9e0ce3-ce9a-4087-b725-bb1949728c37,fam_graha_natal,domain,0,,mi_pariksha_v2.0
482012f1-710e-4a25-994a-93821f5871aa,pred_30fe8756-3341-40fc-94fd-a2e1cc1b395d_2bfb5b17-6901-5d15-ba80-5f0f1d5611f0,2f9e0ce3-ce9a-4087-b725-bb1949728c37,fam_graha_natal,falsifier,0.3242,,mi_pariksha_v2.0
482012f1-710e-4a25-994a-93821f5871aa,pred_30fe8756-3341-40fc-94fd-a2e1cc1b395d_2bfb5b17-6901-5d15-ba80-5f0f1d5611f0,2f9e0ce3-ce9a-4087-b725-bb1949728c37,fam_graha_natal,manifestation,0.1081,,mi_pariksha_v2.0
482012f1-710e-4a25-994a-93821f5871aa,pred_30fe8756-3341-40fc-94fd-a2e1cc1b395d_2bfb5b17-6901-5d15-ba80-5f0f1d5611f0,c23ae35b-629d-46b3-ad06-5b77fbdd27bf,fam_graha_natal,timing,0.4221,,mi_pariksha_v2.0
482012f1-710e-4a25-994a-93821f5871aa,pred_30fe8756-3341-40fc-94fd-a2e1cc1b395d_2bfb5b17-6901-5d15-ba80-5f0f1d5611f0,c23ae35b-629d-46b3-ad06-5b77fbdd27bf,fam_graha_natal,magnitude,0.2161,,mi_pariksha_v2.0
482012f1-710e-4a25-994a-93821f5871aa,pred_30fe8756-3341-40fc-94fd-a2e1cc1b395d_2bfb5b17-6901-5d15-ba80-5f0f1d5611f0,c23ae35b-629d-46b3-ad06-5b77fbdd27bf,fam_graha_natal,domain,0,,mi_pariksha_v2.0
482012f1-710e-4a25-994a-93821f5871aa,pred_30fe8756-3341-40fc-94fd-a2e1cc1b395d_2bfb5b17-6901-5d15-ba80-5f0f1d5611f0,c23ae35b-629d-46b3-ad06-5b77fbdd27bf,fam_graha_natal,falsifier,0.3242,,mi_pariksha_v2.0
482012f1-710e-4a25-994a-93821f5871aa,pred_30fe8756-3341-40fc-94fd-a2e1cc1b395d_2bfb5b17-6901-5d15-ba80-5f0f1d5611f0,c23ae35b-629d-46b3-ad06-5b77fbdd27bf,fam_graha_natal,manifestation,0.1081,,mi_pariksha_v2.0
482012f1-710e-4a25-994a-93821f5871aa,pred_30fe8756-3341-40fc-94fd-a2e1cc1b395d_2bfb5b17-6901-5d15-ba80-5f0f1d5611f0,fdd4aafa-f03d-4b33-9453-37615f9f32e9,fam_graha_natal,timing,0.4221,,mi_pariksha_v2.0
482012f1-710e-4a25-994a-93821f5871aa,pred_30fe8756-3341-40fc-94fd-a2e1cc1b395d_2bfb5b17-6901-5d15-ba80-5f0f1d5611f0,fdd4aafa-f03d-4b33-9453-37615f9f32e9,fam_graha_natal,magnitude,0.2161,,mi_pariksha_v2.0
482012f1-710e-4a25-994a-93821f5871aa,pred_30fe8756-3341-40fc-94fd-a2e1cc1b395d_2bfb5b17-6901-5d15-ba80-5f0f1d5611f0,fdd4aafa-f03d-4b33-9453-37615f9f32e9,fam_graha_natal,domain,0,,mi_pariksha_v2.0
482012f1-710e-4a25-994a-93821f5871aa,pred_30fe8756-3341-40fc-94fd-a2e1cc1b395d_2bfb5b17-6901-5d15-ba80-5f0f1d5611f0,fdd4aafa-f03d-4b33-9453-37615f9f32e9,fam_graha_natal,falsifier,0.3242,,mi_pariksha_v2.0
482012f1-710e-4a25-994a-93821f5871aa,pred_30fe8756-3341-40fc-94fd-a2e1cc1b395d_2bfb5b17-6901-5d15-ba80-5f0f1d5611f0,fdd4aafa-f03d-4b33-9453-37615f9f32e9,fam_graha_natal,manifestation,0.1081,,mi_pariksha_v2.0
482012f1-710e-4a25-994a-93821f5871aa,pred_30fe8756-3341-40fc-94fd-a2e1cc1b395d_2bfb5b17-6901-5d15-ba80-5f0f1d5611f0,69ff9578-80e1-43f2-9a75-8f712992b9ac,fam_graha_natal,timing,0.413,,mi_pariksha_v2.0
482012f1-710e-4a25-994a-93821f5871aa,pred_30fe8756-3341-40fc-94fd-a2e1cc1b395d_2bfb5b17-6901-5d15-ba80-5f0f1d5611f0,69ff9578-80e1-43f2-9a75-8f712992b9ac,fam_graha_natal,magnitude,0.2114,,mi_pariksha_v2.0
482012f1-710e-4a25-994a-93821f5871aa,pred_30fe8756-3341-40fc-94fd-a2e1cc1b395d_2bfb5b17-6901-5d15-ba80-5f0f1d5611f0,69ff9578-80e1-43f2-9a75-8f712992b9ac,fam_graha_natal,domain,0,,mi_pariksha_v2.0
482012f1-710e-4a25-994a-93821f5871aa,pred_30fe8756-3341-40fc-94fd-a2e1cc1b395d_2bfb5b17-6901-5d15-ba80-5f0f1d5611f0,69ff9578-80e1-43f2-9a75-8f712992b9ac,fam_graha_natal,falsifier,0.3171,,mi_pariksha_v2.0
482012f1-710e-4a25-994a-93821f5871aa,pred_30fe8756-3341-40fc-94fd-a2e1cc1b395d_2bfb5b17-6901-5d15-ba80-5f0f1d5611f0,69ff9578-80e1-43f2-9a75-8f712992b9ac,fam_graha_natal,manifestation,0.1057,,mi_pariksha_v2.0
482012f1-710e-4a25-994a-93821f5871aa,pred_30fe8756-3341-40fc-94fd-a2e1cc1b395d_3ea3a2fc-3568-56a9-963b-57c7e7b4755c,bde5423d-ac30-4ecd-ab7b-1dbec4232742,fam_graha_natal,timing,0.334,,mi_pariksha_v2.0
482012f1-710e-4a25-994a-93821f5871aa,pred_30fe8756-3341-40fc-94fd-a2e1cc1b395d_3ea3a2fc-3568-56a9-963b-57c7e7b4755c,bde5423d-ac30-4ecd-ab7b-1dbec4232742,fam_graha_natal,magnitude,0.2161,,mi_pariksha_v2.0
482012f1-710e-4a25-994a-93821f5871aa,pred_30fe8756-3341-40fc-94fd-a2e1cc1b395d_3ea3a2fc-3568-56a9-963b-57c7e7b4755c,bde5423d-ac30-4ecd-ab7b-1dbec4232742,fam_graha_natal,domain,0,,mi_pariksha_v2.0
482012f1-710e-4a25-994a-93821f5871aa,pred_30fe8756-3341-40fc-94fd-a2e1cc1b395d_3ea3a2fc-3568-56a9-963b-57c7e7b4755c,bde5423d-ac30-4ecd-ab7b-1dbec4232742,fam_graha_natal,falsifier,0.3242,,mi_pariksha_v2.0
482012f1-710e-4a25-994a-93821f5871aa,pred_30fe8756-3341-40fc-94fd-a2e1cc1b395d_3ea3a2fc-3568-56a9-963b-57c7e7b4755c,bde5423d-ac30-4ecd-ab7b-1dbec4232742,fam_graha_natal,manifestation,0.1081,,mi_pariksha_v2.0
482012f1-710e-4a25-994a-93821f5871aa,pred_30fe8756-3341-40fc-94fd-a2e1cc1b395d_3ea3a2fc-3568-56a9-963b-57c7e7b4755c,2f9e0ce3-ce9a-4087-b725-bb1949728c37,fam_graha_natal,timing,0.334,,mi_pariksha_v2.0
482012f1-710e-4a25-994a-93821f5871aa,pred_30fe8756-3341-40fc-94fd-a2e1cc1b395d_3ea3a2fc-3568-56a9-963b-57c7e7b4755c,2f9e0ce3-ce9a-4087-b725-bb1949728c37,fam_graha_natal,magnitude,0.2161,,mi_pariksha_v2.0
482012f1-710e-4a25-994a-93821f5871aa,pred_30fe8756-3341-40fc-94fd-a2e1cc1b395d_3ea3a2fc-3568-56a9-963b-57c7e7b4755c,2f9e0ce3-ce9a-4087-b725-bb1949728c37,fam_graha_natal,domain,0,,mi_pariksha_v2.0
482012f1-710e-4a25-994a-93821f5871aa,pred_30fe8756-3341-40fc-94fd-a2e1cc1b395d_3ea3a2fc-3568-56a9-963b-57c7e7b4755c,2f9e0ce3-ce9a-4087-b725-bb1949728c37,fam_graha_natal,falsifier,0.3242,,mi_pariksha_v2.0
482012f1-710e-4a25-994a-93821f5871aa,pred_30fe8756-3341-40fc-94fd-a2e1cc1b395d_3ea3a2fc-3568-56a9-963b-57c7e7b4755c,2f9e0ce3-ce9a-4087-b725-bb1949728c37,fam_graha_natal,manifestation,0.1081,,mi_pariksha_v2.0
482012f1-710e-4a25-994a-93821f5871aa,pred_30fe8756-3341-40fc-94fd-a2e1cc1b395d_3ea3a2fc-3568-56a9-963b-57c7e7b4755c,c23ae35b-629d-46b3-ad06-5b77fbdd27bf,fam_graha_natal,timing,0.334,,mi_pariksha_v2.0
482012f1-710e-4a25-994a-93821f5871aa,pred_30fe8756-3341-40fc-94fd-a2e1cc1b395d_3ea3a2fc-3568-56a9-963b-57c7e7b4755c,c23ae35b-629d-46b3-ad06-5b77fbdd27bf,fam_graha_natal,magnitude,0.2161,,mi_pariksha_v2.0
482012f1-710e-4a25-994a-93821f5871aa,pred_30fe8756-3341-40fc-94fd-a2e1cc1b395d_3ea3a2fc-3568-56a9-963b-57c7e7b4755c,c23ae35b-629d-46b3-ad06-5b77fbdd27bf,fam_graha_natal,domain,0,,mi_pariksha_v2.0
482012f1-710e-4a25-994a-93821f5871aa,pred_30fe8756-3341-40fc-94fd-a2e1cc1b395d_3ea3a2fc-3568-56a9-963b-57c7e7b4755c,c23ae35b-629d-46b3-ad06-5b77fbdd27bf,fam_graha_natal,falsifier,0.3242,,mi_pariksha_v2.0
482012f1-710e-4a25-994a-93821f5871aa,pred_30fe8756-3341-40fc-94fd-a2e1cc1b395d_3ea3a2fc-3568-56a9-963b-57c7e7b4755c,c23ae35b-629d-46b3-ad06-5b77fbdd27bf,fam_graha_natal,manifestation,0.1081,,mi_pariksha_v2.0
482012f1-710e-4a25-994a-93821f5871aa,pred_30fe8756-3341-40fc-94fd-a2e1cc1b395d_3ea3a2fc-3568-56a9-963b-57c7e7b4755c,fdd4aafa-f03d-4b33-9453-37615f9f32e9,fam_graha_natal,timing,0.334,,mi_pariksha_v2.0
482012f1-710e-4a25-994a-93821f5871aa,pred_30fe8756-3341-40fc-94fd-a2e1cc1b395d_3ea3a2fc-3568-56a9-963b-57c7e7b4755c,fdd4aafa-f03d-4b33-9453-37615f9f32e9,fam_graha_natal,magnitude,0.2161,,mi_pariksha_v2.0
482012f1-710e-4a25-994a-93821f5871aa,pred_30fe8756-3341-40fc-94fd-a2e1cc1b395d_3ea3a2fc-3568-56a9-963b-57c7e7b4755c,fdd4aafa-f03d-4b33-9453-37615f9f32e9,fam_graha_natal,domain,0,,mi_pariksha_v2.0
482012f1-710e-4a25-994a-93821f5871aa,pred_30fe8756-3341-40fc-94fd-a2e1cc1b395d_3ea3a2fc-3568-56a9-963b-57c7e7b4755c,fdd4aafa-f03d-4b33-9453-37615f9f32e9,fam_graha_natal,falsifier,0.3242,,mi_pariksha_v2.0
482012f1-710e-4a25-994a-93821f5871aa,pred_30fe8756-3341-40fc-94fd-a2e1cc1b395d_3ea3a2fc-3568-56a9-963b-57c7e7b4755c,fdd4aafa-f03d-4b33-9453-37615f9f32e9,fam_graha_natal,manifestation,0.1081,,mi_pariksha_v2.0
482012f1-710e-4a25-994a-93821f5871aa,pred_30fe8756-3341-40fc-94fd-a2e1cc1b395d_3ea3a2fc-3568-56a9-963b-57c7e7b4755c,69ff9578-80e1-43f2-9a75-8f712992b9ac,fam_graha_natal,timing,0.3267,,mi_pariksha_v2.0
482012f1-710e-4a25-994a-93821f5871aa,pred_30fe8756-3341-40fc-94fd-a2e1cc1b395d_3ea3a2fc-3568-56a9-963b-57c7e7b4755c,69ff9578-80e1-43f2-9a75-8f712992b9ac,fam_graha_natal,magnitude,0.2114,,mi_pariksha_v2.0
482012f1-710e-4a25-994a-93821f5871aa,pred_30fe8756-3341-40fc-94fd-a2e1cc1b395d_3ea3a2fc-3568-56a9-963b-57c7e7b4755c,69ff9578-80e1-43f2-9a75-8f712992b9ac,fam_graha_natal,domain,0,,mi_pariksha_v2.0
482012f1-710e-4a25-994a-93821f5871aa,pred_30fe8756-3341-40fc-94fd-a2e1cc1b395d_3ea3a2fc-3568-56a9-963b-57c7e7b4755c,69ff9578-80e1-43f2-9a75-8f712992b9ac,fam_graha_natal,falsifier,0.3171,,mi_pariksha_v2.0
482012f1-710e-4a25-994a-93821f5871aa,pred_30fe8756-3341-40fc-94fd-a2e1cc1b395d_3ea3a2fc-3568-56a9-963b-57c7e7b4755c,69ff9578-80e1-43f2-9a75-8f712992b9ac,fam_graha_natal,manifestation,0.1057,,mi_pariksha_v2.0
482012f1-710e-4a25-994a-93821f5871aa,pred_30fe8756-3341-40fc-94fd-a2e1cc1b395d_4018cc05-6f8f-51c4-9ffc-3c1de800dc72,bde5423d-ac30-4ecd-ab7b-1dbec4232742,fam_graha_natal,timing,0.1561,,mi_pariksha_v2.0
482012f1-710e-4a25-994a-93821f5871aa,pred_30fe8756-3341-40fc-94fd-a2e1cc1b395d_4018cc05-6f8f-51c4-9ffc-3c1de800dc72,bde5423d-ac30-4ecd-ab7b-1dbec4232742,fam_graha_natal,magnitude,0.2161,,mi_pariksha_v2.0
482012f1-710e-4a25-994a-93821f5871aa,pred_30fe8756-3341-40fc-94fd-a2e1cc1b395d_4018cc05-6f8f-51c4-9ffc-3c1de800dc72,bde5423d-ac30-4ecd-ab7b-1dbec4232742,fam_graha_natal,domain,0,,mi_pariksha_v2.0
482012f1-710e-4a25-994a-93821f5871aa,pred_30fe8756-3341-40fc-94fd-a2e1cc1b395d_4018cc05-6f8f-51c4-9ffc-3c1de800dc72,bde5423d-ac30-4ecd-ab7b-1dbec4232742,fam_graha_natal,falsifier,0.3242,,mi_pariksha_v2.0
482012f1-710e-4a25-994a-93821f5871aa,pred_30fe8756-3341-40fc-94fd-a2e1cc1b395d_4018cc05-6f8f-51c4-9ffc-3c1de800dc72,bde5423d-ac30-4ecd-ab7b-1dbec4232742,fam_graha_natal,manifestation,0.1081,,mi_pariksha_v2.0
482012f1-710e-4a25-994a-93821f5871aa,pred_30fe8756-3341-40fc-94fd-a2e1cc1b395d_4018cc05-6f8f-51c4-9ffc-3c1de800dc72,2f9e0ce3-ce9a-4087-b725-bb1949728c37,fam_graha_natal,timing,0.1561,,mi_pariksha_v2.0
482012f1-710e-4a25-994a-93821f5871aa,pred_30fe8756-3341-40fc-94fd-a2e1cc1b395d_4018cc05-6f8f-51c4-9ffc-3c1de800dc72,2f9e0ce3-ce9a-4087-b725-bb1949728c37,fam_graha_natal,magnitude,0.2161,,mi_pariksha_v2.0
482012f1-710e-4a25-994a-93821f5871aa,pred_30fe8756-3341-40fc-94fd-a2e1cc1b395d_4018cc05-6f8f-51c4-9ffc-3c1de800dc72,2f9e0ce3-ce9a-4087-b725-bb1949728c37,fam_graha_natal,domain,0,,mi_pariksha_v2.0
482012f1-710e-4a25-994a-93821f5871aa,pred_30fe8756-3341-40fc-94fd-a2e1cc1b395d_4018cc05-6f8f-51c4-9ffc-3c1de800dc72,2f9e0ce3-ce9a-4087-b725-bb1949728c37,fam_graha_natal,falsifier,0.3242,,mi_pariksha_v2.0
482012f1-710e-4a25-994a-93821f5871aa,pred_30fe8756-3341-40fc-94fd-a2e1cc1b395d_4018cc05-6f8f-51c4-9ffc-3c1de800dc72,2f9e0ce3-ce9a-4087-b725-bb1949728c37,fam_graha_natal,manifestation,0.1081,,mi_pariksha_v2.0
482012f1-710e-4a25-994a-93821f5871aa,pred_30fe8756-3341-40fc-94fd-a2e1cc1b395d_4018cc05-6f8f-51c4-9ffc-3c1de800dc72,c23ae35b-629d-46b3-ad06-5b77fbdd27bf,fam_graha_natal,timing,0.1561,,mi_pariksha_v2.0
482012f1-710e-4a25-994a-93821f5871aa,pred_30fe8756-3341-40fc-94fd-a2e1cc1b395d_4018cc05-6f8f-51c4-9ffc-3c1de800dc72,c23ae35b-629d-46b3-ad06-5b77fbdd27bf,fam_graha_natal,magnitude,0.2161,,mi_pariksha_v2.0
482012f1-710e-4a25-994a-93821f5871aa,pred_30fe8756-3341-40fc-94fd-a2e1cc1b395d_4018cc05-6f8f-51c4-9ffc-3c1de800dc72,c23ae35b-629d-46b3-ad06-5b77fbdd27bf,fam_graha_natal,domain,0,,mi_pariksha_v2.0
482012f1-710e-4a25-994a-93821f5871aa,pred_30fe8756-3341-40fc-94fd-a2e1cc1b395d_4018cc05-6f8f-51c4-9ffc-3c1de800dc72,c23ae35b-629d-46b3-ad06-5b77fbdd27bf,fam_graha_natal,falsifier,0.3242,,mi_pariksha_v2.0
482012f1-710e-4a25-994a-93821f5871aa,pred_30fe8756-3341-40fc-94fd-a2e1cc1b395d_4018cc05-6f8f-51c4-9ffc-3c1de800dc72,c23ae35b-629d-46b3-ad06-5b77fbdd27bf,fam_graha_natal,manifestation,0.1081,,mi_pariksha_v2.0
482012f1-710e-4a25-994a-93821f5871aa,pred_30fe8756-3341-40fc-94fd-a2e1cc1b395d_4018cc05-6f8f-51c4-9ffc-3c1de800dc72,fdd4aafa-f03d-4b33-9453-37615f9f32e9,fam_graha_natal,timing,0.1561,,mi_pariksha_v2.0
482012f1-710e-4a25-994a-93821f5871aa,pred_30fe8756-3341-40fc-94fd-a2e1cc1b395d_4018cc05-6f8f-51c4-9ffc-3c1de800dc72,fdd4aafa-f03d-4b33-9453-37615f9f32e9,fam_graha_natal,magnitude,0.2161,,mi_pariksha_v2.0
482012f1-710e-4a25-994a-93821f5871aa,pred_30fe8756-3341-40fc-94fd-a2e1cc1b395d_4018cc05-6f8f-51c4-9ffc-3c1de800dc72,fdd4aafa-f03d-4b33-9453-37615f9f32e9,fam_graha_natal,domain,0,,mi_pariksha_v2.0
482012f1-710e-4a25-994a-93821f5871aa,pred_30fe8756-3341-40fc-94fd-a2e1cc1b395d_4018cc05-6f8f-51c4-9ffc-3c1de800dc72,fdd4aafa-f03d-4b33-9453-37615f9f32e9,fam_graha_natal,falsifier,0.3242,,mi_pariksha_v2.0
482012f1-710e-4a25-994a-93821f5871aa,pred_30fe8756-3341-40fc-94fd-a2e1cc1b395d_4018cc05-6f8f-51c4-9ffc-3c1de800dc72,fdd4aafa-f03d-4b33-9453-37615f9f32e9,fam_graha_natal,manifestation,0.1081,,mi_pariksha_v2.0
482012f1-710e-4a25-994a-93821f5871aa,pred_30fe8756-3341-40fc-94fd-a2e1cc1b395d_4018cc05-6f8f-51c4-9ffc-3c1de800dc72,69ff9578-80e1-43f2-9a75-8f712992b9ac,fam_graha_natal,timing,0.1527,,mi_pariksha_v2.0
482012f1-710e-4a25-994a-93821f5871aa,pred_30fe8756-3341-40fc-94fd-a2e1cc1b395d_4018cc05-6f8f-51c4-9ffc-3c1de800dc72,69ff9578-80e1-43f2-9a75-8f712992b9ac,fam_graha_natal,magnitude,0.2114,,mi_pariksha_v2.0
482012f1-710e-4a25-994a-93821f5871aa,pred_30fe8756-3341-40fc-94fd-a2e1cc1b395d_4018cc05-6f8f-51c4-9ffc-3c1de800dc72,69ff9578-80e1-43f2-9a75-8f712992b9ac,fam_graha_natal,domain,0,,mi_pariksha_v2.0
482012f1-710e-4a25-994a-93821f5871aa,pred_30fe8756-3341-40fc-94fd-a2e1cc1b395d_4018cc05-6f8f-51c4-9ffc-3c1de800dc72,69ff9578-80e1-43f2-9a75-8f712992b9ac,fam_graha_natal,falsifier,0.3171,,mi_pariksha_v2.0
482012f1-710e-4a25-994a-93821f5871aa,pred_30fe8756-3341-40fc-94fd-a2e1cc1b395d_4018cc05-6f8f-51c4-9ffc-3c1de800dc72,69ff9578-80e1-43f2-9a75-8f712992b9ac,fam_graha_natal,manifestation,0.1057,,mi_pariksha_v2.0
482012f1-710e-4a25-994a-93821f5871aa,pred_30fe8756-3341-40fc-94fd-a2e1cc1b395d_5278d97c-e769-529a-b0c2-be1e965c2d6b,bde5423d-ac30-4ecd-ab7b-1dbec4232742,fam_graha_natal,timing,0.5884,,mi_pariksha_v2.0
482012f1-710e-4a25-994a-93821f5871aa,pred_30fe8756-3341-40fc-94fd-a2e1cc1b395d_5278d97c-e769-529a-b0c2-be1e965c2d6b,bde5423d-ac30-4ecd-ab7b-1dbec4232742,fam_graha_natal,magnitude,0.2161,,mi_pariksha_v2.0
482012f1-710e-4a25-994a-93821f5871aa,pred_30fe8756-3341-40fc-94fd-a2e1cc1b395d_5278d97c-e769-529a-b0c2-be1e965c2d6b,bde5423d-ac30-4ecd-ab7b-1dbec4232742,fam_graha_natal,domain,0,,mi_pariksha_v2.0
482012f1-710e-4a25-994a-93821f5871aa,pred_30fe8756-3341-40fc-94fd-a2e1cc1b395d_5278d97c-e769-529a-b0c2-be1e965c2d6b,bde5423d-ac30-4ecd-ab7b-1dbec4232742,fam_graha_natal,falsifier,0.3242,,mi_pariksha_v2.0
482012f1-710e-4a25-994a-93821f5871aa,pred_30fe8756-3341-40fc-94fd-a2e1cc1b395d_5278d97c-e769-529a-b0c2-be1e965c2d6b,bde5423d-ac30-4ecd-ab7b-1dbec4232742,fam_graha_natal,manifestation,0.1081,,mi_pariksha_v2.0
482012f1-710e-4a25-994a-93821f5871aa,pred_30fe8756-3341-40fc-94fd-a2e1cc1b395d_5278d97c-e769-529a-b0c2-be1e965c2d6b,2f9e0ce3-ce9a-4087-b725-bb1949728c37,fam_graha_natal,timing,0.5884,,mi_pariksha_v2.0
482012f1-710e-4a25-994a-93821f5871aa,pred_30fe8756-3341-40fc-94fd-a2e1cc1b395d_5278d97c-e769-529a-b0c2-be1e965c2d6b,2f9e0ce3-ce9a-4087-b725-bb1949728c37,fam_graha_natal,magnitude,0.2161,,mi_pariksha_v2.0
482012f1-710e-4a25-994a-93821f5871aa,pred_30fe8756-3341-40fc-94fd-a2e1cc1b395d_5278d97c-e769-529a-b0c2-be1e965c2d6b,2f9e0ce3-ce9a-4087-b725-bb1949728c37,fam_graha_natal,domain,0,,mi_pariksha_v2.0
482012f1-710e-4a25-994a-93821f5871aa,pred_30fe8756-3341-40fc-94fd-a2e1cc1b395d_5278d97c-e769-529a-b0c2-be1e965c2d6b,2f9e0ce3-ce9a-4087-b725-bb1949728c37,fam_graha_natal,falsifier,0.3242,,mi_pariksha_v2.0
482012f1-710e-4a25-994a-93821f5871aa,pred_30fe8756-3341-40fc-94fd-a2e1cc1b395d_5278d97c-e769-529a-b0c2-be1e965c2d6b,2f9e0ce3-ce9a-4087-b725-bb1949728c37,fam_graha_natal,manifestation,0.1081,,mi_pariksha_v2.0
482012f1-710e-4a25-994a-93821f5871aa,pred_30fe8756-3341-40fc-94fd-a2e1cc1b395d_5278d97c-e769-529a-b0c2-be1e965c2d6b,c23ae35b-629d-46b3-ad06-5b77fbdd27bf,fam_graha_natal,timing,0.5884,,mi_pariksha_v2.0
482012f1-710e-4a25-994a-93821f5871aa,pred_30fe8756-3341-40fc-94fd-a2e1cc1b395d_5278d97c-e769-529a-b0c2-be1e965c2d6b,c23ae35b-629d-46b3-ad06-5b77fbdd27bf,fam_graha_natal,magnitude,0.2161,,mi_pariksha_v2.0
482012f1-710e-4a25-994a-93821f5871aa,pred_30fe8756-3341-40fc-94fd-a2e1cc1b395d_5278d97c-e769-529a-b0c2-be1e965c2d6b,c23ae35b-629d-46b3-ad06-5b77fbdd27bf,fam_graha_natal,domain,0,,mi_pariksha_v2.0
482012f1-710e-4a25-994a-93821f5871aa,pred_30fe8756-3341-40fc-94fd-a2e1cc1b395d_5278d97c-e769-529a-b0c2-be1e965c2d6b,c23ae35b-629d-46b3-ad06-5b77fbdd27bf,fam_graha_natal,falsifier,0.3242,,mi_pariksha_v2.0
482012f1-710e-4a25-994a-93821f5871aa,pred_30fe8756-3341-40fc-94fd-a2e1cc1b395d_5278d97c-e769-529a-b0c2-be1e965c2d6b,c23ae35b-629d-46b3-ad06-5b77fbdd27bf,fam_graha_natal,manifestation,0.1081,,mi_pariksha_v2.0
482012f1-710e-4a25-994a-93821f5871aa,pred_30fe8756-3341-40fc-94fd-a2e1cc1b395d_5278d97c-e769-529a-b0c2-be1e965c2d6b,fdd4aafa-f03d-4b33-9453-37615f9f32e9,fam_graha_natal,timing,0.5884,,mi_pariksha_v2.0
482012f1-710e-4a25-994a-93821f5871aa,pred_30fe8756-3341-40fc-94fd-a2e1cc1b395d_5278d97c-e769-529a-b0c2-be1e965c2d6b,fdd4aafa-f03d-4b33-9453-37615f9f32e9,fam_graha_natal,magnitude,0.2161,,mi_pariksha_v2.0
482012f1-710e-4a25-994a-93821f5871aa,pred_30fe8756-3341-40fc-94fd-a2e1cc1b395d_5278d97c-e769-529a-b0c2-be1e965c2d6b,fdd4aafa-f03d-4b33-9453-37615f9f32e9,fam_graha_natal,domain,0,,mi_pariksha_v2.0
482012f1-710e-4a25-994a-93821f5871aa,pred_30fe8756-3341-40fc-94fd-a2e1cc1b395d_5278d97c-e769-529a-b0c2-be1e965c2d6b,fdd4aafa-f03d-4b33-9453-37615f9f32e9,fam_graha_natal,falsifier,0.3242,,mi_pariksha_v2.0
482012f1-710e-4a25-994a-93821f5871aa,pred_30fe8756-3341-40fc-94fd-a2e1cc1b395d_5278d97c-e769-529a-b0c2-be1e965c2d6b,fdd4aafa-f03d-4b33-9453-37615f9f32e9,fam_graha_natal,manifestation,0.1081,,mi_pariksha_v2.0
482012f1-710e-4a25-994a-93821f5871aa,pred_30fe8756-3341-40fc-94fd-a2e1cc1b395d_5278d97c-e769-529a-b0c2-be1e965c2d6b,69ff9578-80e1-43f2-9a75-8f712992b9ac,fam_graha_natal,timing,0.5756,,mi_pariksha_v2.0
482012f1-710e-4a25-994a-93821f5871aa,pred_30fe8756-3341-40fc-94fd-a2e1cc1b395d_5278d97c-e769-529a-b0c2-be1e965c2d6b,69ff9578-80e1-43f2-9a75-8f712992b9ac,fam_graha_natal,magnitude,0.2114,,mi_pariksha_v2.0
482012f1-710e-4a25-994a-93821f5871aa,pred_30fe8756-3341-40fc-94fd-a2e1cc1b395d_5278d97c-e769-529a-b0c2-be1e965c2d6b,69ff9578-80e1-43f2-9a75-8f712992b9ac,fam_graha_natal,domain,0,,mi_pariksha_v2.0
482012f1-710e-4a25-994a-93821f5871aa,pred_30fe8756-3341-40fc-94fd-a2e1cc1b395d_5278d97c-e769-529a-b0c2-be1e965c2d6b,69ff9578-80e1-43f2-9a75-8f712992b9ac,fam_graha_natal,falsifier,0.3171,,mi_pariksha_v2.0
482012f1-710e-4a25-994a-93821f5871aa,pred_30fe8756-3341-40fc-94fd-a2e1cc1b395d_5278d97c-e769-529a-b0c2-be1e965c2d6b,69ff9578-80e1-43f2-9a75-8f712992b9ac,fam_graha_natal,manifestation,0.1057,,mi_pariksha_v2.0
482012f1-710e-4a25-994a-93821f5871aa,pred_30fe8756-3341-40fc-94fd-a2e1cc1b395d_732a4119-a333-5ce5-afbf-082453e1f6d5,bde5423d-ac30-4ecd-ab7b-1dbec4232742,fam_graha_natal,timing,0.5421,,mi_pariksha_v2.0
482012f1-710e-4a25-994a-93821f5871aa,pred_30fe8756-3341-40fc-94fd-a2e1cc1b395d_732a4119-a333-5ce5-afbf-082453e1f6d5,bde5423d-ac30-4ecd-ab7b-1dbec4232742,fam_graha_natal,magnitude,0.2161,,mi_pariksha_v2.0
482012f1-710e-4a25-994a-93821f5871aa,pred_30fe8756-3341-40fc-94fd-a2e1cc1b395d_732a4119-a333-5ce5-afbf-082453e1f6d5,bde5423d-ac30-4ecd-ab7b-1dbec4232742,fam_graha_natal,domain,0.5403,,mi_pariksha_v2.0
482012f1-710e-4a25-994a-93821f5871aa,pred_30fe8756-3341-40fc-94fd-a2e1cc1b395d_732a4119-a333-5ce5-afbf-082453e1f6d5,bde5423d-ac30-4ecd-ab7b-1dbec4232742,fam_graha_natal,falsifier,0.3242,,mi_pariksha_v2.0
482012f1-710e-4a25-994a-93821f5871aa,pred_30fe8756-3341-40fc-94fd-a2e1cc1b395d_732a4119-a333-5ce5-afbf-082453e1f6d5,bde5423d-ac30-4ecd-ab7b-1dbec4232742,fam_graha_natal,manifestation,0.1081,,mi_pariksha_v2.0
482012f1-710e-4a25-994a-93821f5871aa,pred_30fe8756-3341-40fc-94fd-a2e1cc1b395d_732a4119-a333-5ce5-afbf-082453e1f6d5,2f9e0ce3-ce9a-4087-b725-bb1949728c37,fam_graha_natal,timing,0.5421,,mi_pariksha_v2.0
482012f1-710e-4a25-994a-93821f5871aa,pred_30fe8756-3341-40fc-94fd-a2e1cc1b395d_732a4119-a333-5ce5-afbf-082453e1f6d5,2f9e0ce3-ce9a-4087-b725-bb1949728c37,fam_graha_natal,magnitude,0.2161,,mi_pariksha_v2.0
482012f1-710e-4a25-994a-93821f5871aa,pred_30fe8756-3341-40fc-94fd-a2e1cc1b395d_732a4119-a333-5ce5-afbf-082453e1f6d5,2f9e0ce3-ce9a-4087-b725-bb1949728c37,fam_graha_natal,domain,0.5403,,mi_pariksha_v2.0
482012f1-710e-4a25-994a-93821f5871aa,pred_30fe8756-3341-40fc-94fd-a2e1cc1b395d_732a4119-a333-5ce5-afbf-082453e1f6d5,2f9e0ce3-ce9a-4087-b725-bb1949728c37,fam_graha_natal,falsifier,0.3242,,mi_pariksha_v2.0
482012f1-710e-4a25-994a-93821f5871aa,pred_30fe8756-3341-40fc-94fd-a2e1cc1b395d_732a4119-a333-5ce5-afbf-082453e1f6d5,2f9e0ce3-ce9a-4087-b725-bb1949728c37,fam_graha_natal,manifestation,0.1081,,mi_pariksha_v2.0
482012f1-710e-4a25-994a-93821f5871aa,pred_30fe8756-3341-40fc-94fd-a2e1cc1b395d_732a4119-a333-5ce5-afbf-082453e1f6d5,c23ae35b-629d-46b3-ad06-5b77fbdd27bf,fam_graha_natal,timing,0.5421,,mi_pariksha_v2.0
482012f1-710e-4a25-994a-93821f5871aa,pred_30fe8756-3341-40fc-94fd-a2e1cc1b395d_732a4119-a333-5ce5-afbf-082453e1f6d5,c23ae35b-629d-46b3-ad06-5b77fbdd27bf,fam_graha_natal,magnitude,0.2161,,mi_pariksha_v2.0
482012f1-710e-4a25-994a-93821f5871aa,pred_30fe8756-3341-40fc-94fd-a2e1cc1b395d_732a4119-a333-5ce5-afbf-082453e1f6d5,c23ae35b-629d-46b3-ad06-5b77fbdd27bf,fam_graha_natal,domain,0.5403,,mi_pariksha_v2.0
482012f1-710e-4a25-994a-93821f5871aa,pred_30fe8756-3341-40fc-94fd-a2e1cc1b395d_732a4119-a333-5ce5-afbf-082453e1f6d5,c23ae35b-629d-46b3-ad06-5b77fbdd27bf,fam_graha_natal,falsifier,0.3242,,mi_pariksha_v2.0
482012f1-710e-4a25-994a-93821f5871aa,pred_30fe8756-3341-40fc-94fd-a2e1cc1b395d_732a4119-a333-5ce5-afbf-082453e1f6d5,c23ae35b-629d-46b3-ad06-5b77fbdd27bf,fam_graha_natal,manifestation,0.1081,,mi_pariksha_v2.0
482012f1-710e-4a25-994a-93821f5871aa,pred_30fe8756-3341-40fc-94fd-a2e1cc1b395d_732a4119-a333-5ce5-afbf-082453e1f6d5,fdd4aafa-f03d-4b33-9453-37615f9f32e9,fam_graha_natal,timing,0.5421,,mi_pariksha_v2.0
482012f1-710e-4a25-994a-93821f5871aa,pred_30fe8756-3341-40fc-94fd-a2e1cc1b395d_732a4119-a333-5ce5-afbf-082453e1f6d5,fdd4aafa-f03d-4b33-9453-37615f9f32e9,fam_graha_natal,magnitude,0.2161,,mi_pariksha_v2.0
482012f1-710e-4a25-994a-93821f5871aa,pred_30fe8756-3341-40fc-94fd-a2e1cc1b395d_732a4119-a333-5ce5-afbf-082453e1f6d5,fdd4aafa-f03d-4b33-9453-37615f9f32e9,fam_graha_natal,domain,0.5403,,mi_pariksha_v2.0
482012f1-710e-4a25-994a-93821f5871aa,pred_30fe8756-3341-40fc-94fd-a2e1cc1b395d_732a4119-a333-5ce5-afbf-082453e1f6d5,fdd4aafa-f03d-4b33-9453-37615f9f32e9,fam_graha_natal,falsifier,0.3242,,mi_pariksha_v2.0
482012f1-710e-4a25-994a-93821f5871aa,pred_30fe8756-3341-40fc-94fd-a2e1cc1b395d_732a4119-a333-5ce5-afbf-082453e1f6d5,fdd4aafa-f03d-4b33-9453-37615f9f32e9,fam_graha_natal,manifestation,0.1081,,mi_pariksha_v2.0
482012f1-710e-4a25-994a-93821f5871aa,pred_30fe8756-3341-40fc-94fd-a2e1cc1b395d_732a4119-a333-5ce5-afbf-082453e1f6d5,69ff9578-80e1-43f2-9a75-8f712992b9ac,fam_graha_natal,timing,0.5303,,mi_pariksha_v2.0
482012f1-710e-4a25-994a-93821f5871aa,pred_30fe8756-3341-40fc-94fd-a2e1cc1b395d_732a4119-a333-5ce5-afbf-082453e1f6d5,69ff9578-80e1-43f2-9a75-8f712992b9ac,fam_graha_natal,magnitude,0.2114,,mi_pariksha_v2.0
482012f1-710e-4a25-994a-93821f5871aa,pred_30fe8756-3341-40fc-94fd-a2e1cc1b395d_732a4119-a333-5ce5-afbf-082453e1f6d5,69ff9578-80e1-43f2-9a75-8f712992b9ac,fam_graha_natal,domain,0.5285,,mi_pariksha_v2.0
482012f1-710e-4a25-994a-93821f5871aa,pred_30fe8756-3341-40fc-94fd-a2e1cc1b395d_732a4119-a333-5ce5-afbf-082453e1f6d5,69ff9578-80e1-43f2-9a75-8f712992b9ac,fam_graha_natal,falsifier,0.3171,,mi_pariksha_v2.0
482012f1-710e-4a25-994a-93821f5871aa,pred_30fe8756-3341-40fc-94fd-a2e1cc1b395d_732a4119-a333-5ce5-afbf-082453e1f6d5,69ff9578-80e1-43f2-9a75-8f712992b9ac,fam_graha_natal,manifestation,0.1057,,mi_pariksha_v2.0
482012f1-710e-4a25-994a-93821f5871aa,pred_30fe8756-3341-40fc-94fd-a2e1cc1b395d_acb209c7-8107-53e7-b6ea-b8596e0f07cb,bde5423d-ac30-4ecd-ab7b-1dbec4232742,fam_graha_natal,timing,0.1359,,mi_pariksha_v2.0
482012f1-710e-4a25-994a-93821f5871aa,pred_30fe8756-3341-40fc-94fd-a2e1cc1b395d_acb209c7-8107-53e7-b6ea-b8596e0f07cb,bde5423d-ac30-4ecd-ab7b-1dbec4232742,fam_graha_natal,magnitude,0.2161,,mi_pariksha_v2.0
482012f1-710e-4a25-994a-93821f5871aa,pred_30fe8756-3341-40fc-94fd-a2e1cc1b395d_acb209c7-8107-53e7-b6ea-b8596e0f07cb,bde5423d-ac30-4ecd-ab7b-1dbec4232742,fam_graha_natal,domain,0,,mi_pariksha_v2.0
482012f1-710e-4a25-994a-93821f5871aa,pred_30fe8756-3341-40fc-94fd-a2e1cc1b395d_acb209c7-8107-53e7-b6ea-b8596e0f07cb,bde5423d-ac30-4ecd-ab7b-1dbec4232742,fam_graha_natal,falsifier,0.3242,,mi_pariksha_v2.0
482012f1-710e-4a25-994a-93821f5871aa,pred_30fe8756-3341-40fc-94fd-a2e1cc1b395d_acb209c7-8107-53e7-b6ea-b8596e0f07cb,bde5423d-ac30-4ecd-ab7b-1dbec4232742,fam_graha_natal,manifestation,0.1081,,mi_pariksha_v2.0
482012f1-710e-4a25-994a-93821f5871aa,pred_30fe8756-3341-40fc-94fd-a2e1cc1b395d_acb209c7-8107-53e7-b6ea-b8596e0f07cb,2f9e0ce3-ce9a-4087-b725-bb1949728c37,fam_graha_natal,timing,0.1359,,mi_pariksha_v2.0
482012f1-710e-4a25-994a-93821f5871aa,pred_30fe8756-3341-40fc-94fd-a2e1cc1b395d_acb209c7-8107-53e7-b6ea-b8596e0f07cb,2f9e0ce3-ce9a-4087-b725-bb1949728c37,fam_graha_natal,magnitude,0.2161,,mi_pariksha_v2.0
482012f1-710e-4a25-994a-93821f5871aa,pred_30fe8756-3341-40fc-94fd-a2e1cc1b395d_acb209c7-8107-53e7-b6ea-b8596e0f07cb,2f9e0ce3-ce9a-4087-b725-bb1949728c37,fam_graha_natal,domain,0,,mi_pariksha_v2.0
482012f1-710e-4a25-994a-93821f5871aa,pred_30fe8756-3341-40fc-94fd-a2e1cc1b395d_acb209c7-8107-53e7-b6ea-b8596e0f07cb,2f9e0ce3-ce9a-4087-b725-bb1949728c37,fam_graha_natal,falsifier,0.3242,,mi_pariksha_v2.0
482012f1-710e-4a25-994a-93821f5871aa,pred_30fe8756-3341-40fc-94fd-a2e1cc1b395d_acb209c7-8107-53e7-b6ea-b8596e0f07cb,2f9e0ce3-ce9a-4087-b725-bb1949728c37,fam_graha_natal,manifestation,0.1081,,mi_pariksha_v2.0
482012f1-710e-4a25-994a-93821f5871aa,pred_30fe8756-3341-40fc-94fd-a2e1cc1b395d_acb209c7-8107-53e7-b6ea-b8596e0f07cb,c23ae35b-629d-46b3-ad06-5b77fbdd27bf,fam_graha_natal,timing,0.1359,,mi_pariksha_v2.0
482012f1-710e-4a25-994a-93821f5871aa,pred_30fe8756-3341-40fc-94fd-a2e1cc1b395d_acb209c7-8107-53e7-b6ea-b8596e0f07cb,c23ae35b-629d-46b3-ad06-5b77fbdd27bf,fam_graha_natal,magnitude,0.2161,,mi_pariksha_v2.0
482012f1-710e-4a25-994a-93821f5871aa,pred_30fe8756-3341-40fc-94fd-a2e1cc1b395d_acb209c7-8107-53e7-b6ea-b8596e0f07cb,c23ae35b-629d-46b3-ad06-5b77fbdd27bf,fam_graha_natal,domain,0,,mi_pariksha_v2.0
482012f1-710e-4a25-994a-93821f5871aa,pred_30fe8756-3341-40fc-94fd-a2e1cc1b395d_acb209c7-8107-53e7-b6ea-b8596e0f07cb,c23ae35b-629d-46b3-ad06-5b77fbdd27bf,fam_graha_natal,falsifier,0.3242,,mi_pariksha_v2.0
482012f1-710e-4a25-994a-93821f5871aa,pred_30fe8756-3341-40fc-94fd-a2e1cc1b395d_acb209c7-8107-53e7-b6ea-b8596e0f07cb,c23ae35b-629d-46b3-ad06-5b77fbdd27bf,fam_graha_natal,manifestation,0.1081,,mi_pariksha_v2.0
482012f1-710e-4a25-994a-93821f5871aa,pred_30fe8756-3341-40fc-94fd-a2e1cc1b395d_acb209c7-8107-53e7-b6ea-b8596e0f07cb,fdd4aafa-f03d-4b33-9453-37615f9f32e9,fam_graha_natal,timing,0.1359,,mi_pariksha_v2.0
482012f1-710e-4a25-994a-93821f5871aa,pred_30fe8756-3341-40fc-94fd-a2e1cc1b395d_acb209c7-8107-53e7-b6ea-b8596e0f07cb,fdd4aafa-f03d-4b33-9453-37615f9f32e9,fam_graha_natal,magnitude,0.2161,,mi_pariksha_v2.0
482012f1-710e-4a25-994a-93821f5871aa,pred_30fe8756-3341-40fc-94fd-a2e1cc1b395d_acb209c7-8107-53e7-b6ea-b8596e0f07cb,fdd4aafa-f03d-4b33-9453-37615f9f32e9,fam_graha_natal,domain,0,,mi_pariksha_v2.0
482012f1-710e-4a25-994a-93821f5871aa,pred_30fe8756-3341-40fc-94fd-a2e1cc1b395d_acb209c7-8107-53e7-b6ea-b8596e0f07cb,fdd4aafa-f03d-4b33-9453-37615f9f32e9,fam_graha_natal,falsifier,0.3242,,mi_pariksha_v2.0
482012f1-710e-4a25-994a-93821f5871aa,pred_30fe8756-3341-40fc-94fd-a2e1cc1b395d_acb209c7-8107-53e7-b6ea-b8596e0f07cb,fdd4aafa-f03d-4b33-9453-37615f9f32e9,fam_graha_natal,manifestation,0.1081,,mi_pariksha_v2.0
482012f1-710e-4a25-994a-93821f5871aa,pred_30fe8756-3341-40fc-94fd-a2e1cc1b395d_acb209c7-8107-53e7-b6ea-b8596e0f07cb,69ff9578-80e1-43f2-9a75-8f712992b9ac,fam_graha_natal,timing,0.1329,,mi_pariksha_v2.0
482012f1-710e-4a25-994a-93821f5871aa,pred_30fe8756-3341-40fc-94fd-a2e1cc1b395d_acb209c7-8107-53e7-b6ea-b8596e0f07cb,69ff9578-80e1-43f2-9a75-8f712992b9ac,fam_graha_natal,magnitude,0.2114,,mi_pariksha_v2.0
482012f1-710e-4a25-994a-93821f5871aa,pred_30fe8756-3341-40fc-94fd-a2e1cc1b395d_acb209c7-8107-53e7-b6ea-b8596e0f07cb,69ff9578-80e1-43f2-9a75-8f712992b9ac,fam_graha_natal,domain,0,,mi_pariksha_v2.0
482012f1-710e-4a25-994a-93821f5871aa,pred_30fe8756-3341-40fc-94fd-a2e1cc1b395d_acb209c7-8107-53e7-b6ea-b8596e0f07cb,69ff9578-80e1-43f2-9a75-8f712992b9ac,fam_graha_natal,falsifier,0.3171,,mi_pariksha_v2.0
482012f1-710e-4a25-994a-93821f5871aa,pred_30fe8756-3341-40fc-94fd-a2e1cc1b395d_acb209c7-8107-53e7-b6ea-b8596e0f07cb,69ff9578-80e1-43f2-9a75-8f712992b9ac,fam_graha_natal,manifestation,0.1057,,mi_pariksha_v2.0
482012f1-710e-4a25-994a-93821f5871aa,pred_5f64e035-3af3-4446-863e-cc0a9b64d3cb_5278d97c-e769-529a-b0c2-be1e965c2d6b,55fe1091-cccc-4a0e-812a-be9215c08c37,fam_transit,timing,0.0612,,mi_pariksha_v2.0
482012f1-710e-4a25-994a-93821f5871aa,pred_5f64e035-3af3-4446-863e-cc0a9b64d3cb_5278d97c-e769-529a-b0c2-be1e965c2d6b,55fe1091-cccc-4a0e-812a-be9215c08c37,fam_transit,magnitude,0.0604,,mi_pariksha_v2.0
482012f1-710e-4a25-994a-93821f5871aa,pred_5f64e035-3af3-4446-863e-cc0a9b64d3cb_5278d97c-e769-529a-b0c2-be1e965c2d6b,55fe1091-cccc-4a0e-812a-be9215c08c37,fam_transit,domain,0,,mi_pariksha_v2.0
482012f1-710e-4a25-994a-93821f5871aa,pred_5f64e035-3af3-4446-863e-cc0a9b64d3cb_5278d97c-e769-529a-b0c2-be1e965c2d6b,55fe1091-cccc-4a0e-812a-be9215c08c37,fam_transit,falsifier,0.0906,,mi_pariksha_v2.0
482012f1-710e-4a25-994a-93821f5871aa,pred_5f64e035-3af3-4446-863e-cc0a9b64d3cb_5278d97c-e769-529a-b0c2-be1e965c2d6b,55fe1091-cccc-4a0e-812a-be9215c08c37,fam_transit,manifestation,0.0302,,mi_pariksha_v2.0
482012f1-710e-4a25-994a-93821f5871aa,pred_5f64e035-3af3-4446-863e-cc0a9b64d3cb_5278d97c-e769-529a-b0c2-be1e965c2d6b,119e7513-c2a0-4813-9995-46bc97b3c968,fam_graha_natal,timing,0.0612,,mi_pariksha_v2.0
482012f1-710e-4a25-994a-93821f5871aa,pred_5f64e035-3af3-4446-863e-cc0a9b64d3cb_5278d97c-e769-529a-b0c2-be1e965c2d6b,119e7513-c2a0-4813-9995-46bc97b3c968,fam_graha_natal,magnitude,0.0604,,mi_pariksha_v2.0
482012f1-710e-4a25-994a-93821f5871aa,pred_5f64e035-3af3-4446-863e-cc0a9b64d3cb_5278d97c-e769-529a-b0c2-be1e965c2d6b,119e7513-c2a0-4813-9995-46bc97b3c968,fam_graha_natal,domain,0,,mi_pariksha_v2.0
482012f1-710e-4a25-994a-93821f5871aa,pred_5f64e035-3af3-4446-863e-cc0a9b64d3cb_5278d97c-e769-529a-b0c2-be1e965c2d6b,119e7513-c2a0-4813-9995-46bc97b3c968,fam_graha_natal,falsifier,0.0906,,mi_pariksha_v2.0
482012f1-710e-4a25-994a-93821f5871aa,pred_5f64e035-3af3-4446-863e-cc0a9b64d3cb_5278d97c-e769-529a-b0c2-be1e965c2d6b,119e7513-c2a0-4813-9995-46bc97b3c968,fam_graha_natal,manifestation,0.0302,,mi_pariksha_v2.0
482012f1-710e-4a25-994a-93821f5871aa,pred_5f64e035-3af3-4446-863e-cc0a9b64d3cb_5278d97c-e769-529a-b0c2-be1e965c2d6b,54152427-3d75-493a-aa5f-3c78ecb1cb03,fam_graha_natal,timing,0.0612,,mi_pariksha_v2.0
482012f1-710e-4a25-994a-93821f5871aa,pred_5f64e035-3af3-4446-863e-cc0a9b64d3cb_5278d97c-e769-529a-b0c2-be1e965c2d6b,54152427-3d75-493a-aa5f-3c78ecb1cb03,fam_graha_natal,magnitude,0.0604,,mi_pariksha_v2.0
482012f1-710e-4a25-994a-93821f5871aa,pred_5f64e035-3af3-4446-863e-cc0a9b64d3cb_5278d97c-e769-529a-b0c2-be1e965c2d6b,54152427-3d75-493a-aa5f-3c78ecb1cb03,fam_graha_natal,domain,0,,mi_pariksha_v2.0
482012f1-710e-4a25-994a-93821f5871aa,pred_5f64e035-3af3-4446-863e-cc0a9b64d3cb_5278d97c-e769-529a-b0c2-be1e965c2d6b,54152427-3d75-493a-aa5f-3c78ecb1cb03,fam_graha_natal,falsifier,0.0906,,mi_pariksha_v2.0
482012f1-710e-4a25-994a-93821f5871aa,pred_5f64e035-3af3-4446-863e-cc0a9b64d3cb_5278d97c-e769-529a-b0c2-be1e965c2d6b,54152427-3d75-493a-aa5f-3c78ecb1cb03,fam_graha_natal,manifestation,0.0302,,mi_pariksha_v2.0
482012f1-710e-4a25-994a-93821f5871aa,pred_5f64e035-3af3-4446-863e-cc0a9b64d3cb_5278d97c-e769-529a-b0c2-be1e965c2d6b,bb1f38bc-5680-43f5-aa10-fbe18c543348,fam_graha_natal,timing,0.0612,,mi_pariksha_v2.0
482012f1-710e-4a25-994a-93821f5871aa,pred_5f64e035-3af3-4446-863e-cc0a9b64d3cb_5278d97c-e769-529a-b0c2-be1e965c2d6b,bb1f38bc-5680-43f5-aa10-fbe18c543348,fam_graha_natal,magnitude,0.0604,,mi_pariksha_v2.0
482012f1-710e-4a25-994a-93821f5871aa,pred_5f64e035-3af3-4446-863e-cc0a9b64d3cb_5278d97c-e769-529a-b0c2-be1e965c2d6b,bb1f38bc-5680-43f5-aa10-fbe18c543348,fam_graha_natal,domain,0,,mi_pariksha_v2.0
482012f1-710e-4a25-994a-93821f5871aa,pred_5f64e035-3af3-4446-863e-cc0a9b64d3cb_5278d97c-e769-529a-b0c2-be1e965c2d6b,bb1f38bc-5680-43f5-aa10-fbe18c543348,fam_graha_natal,falsifier,0.0906,,mi_pariksha_v2.0
482012f1-710e-4a25-994a-93821f5871aa,pred_5f64e035-3af3-4446-863e-cc0a9b64d3cb_5278d97c-e769-529a-b0c2-be1e965c2d6b,bb1f38bc-5680-43f5-aa10-fbe18c543348,fam_graha_natal,manifestation,0.0302,,mi_pariksha_v2.0
482012f1-710e-4a25-994a-93821f5871aa,pred_5f64e035-3af3-4446-863e-cc0a9b64d3cb_5278d97c-e769-529a-b0c2-be1e965c2d6b,22c8c1ec-ef90-4810-82d2-f6b81b505f45,fam_transit,timing,0.0612,,mi_pariksha_v2.0
482012f1-710e-4a25-994a-93821f5871aa,pred_5f64e035-3af3-4446-863e-cc0a9b64d3cb_5278d97c-e769-529a-b0c2-be1e965c2d6b,22c8c1ec-ef90-4810-82d2-f6b81b505f45,fam_transit,magnitude,0.0604,,mi_pariksha_v2.0
482012f1-710e-4a25-994a-93821f5871aa,pred_5f64e035-3af3-4446-863e-cc0a9b64d3cb_5278d97c-e769-529a-b0c2-be1e965c2d6b,22c8c1ec-ef90-4810-82d2-f6b81b505f45,fam_transit,domain,0,,mi_pariksha_v2.0
482012f1-710e-4a25-994a-93821f5871aa,pred_5f64e035-3af3-4446-863e-cc0a9b64d3cb_5278d97c-e769-529a-b0c2-be1e965c2d6b,22c8c1ec-ef90-4810-82d2-f6b81b505f45,fam_transit,falsifier,0.0906,,mi_pariksha_v2.0
482012f1-710e-4a25-994a-93821f5871aa,pred_5f64e035-3af3-4446-863e-cc0a9b64d3cb_5278d97c-e769-529a-b0c2-be1e965c2d6b,22c8c1ec-ef90-4810-82d2-f6b81b505f45,fam_transit,manifestation,0.0302,,mi_pariksha_v2.0
482012f1-710e-4a25-994a-93821f5871aa,pred_7463abe7-c435-494e-83b9-4ce3e7385925_3e96c6da-3ad6-5329-a40b-0b9240a1cbdb,ebb1c88a-8141-4c7e-860b-54ac293a06ac,fam_graha_natal,timing,0.0419,,mi_pariksha_v2.0
482012f1-710e-4a25-994a-93821f5871aa,pred_7463abe7-c435-494e-83b9-4ce3e7385925_3e96c6da-3ad6-5329-a40b-0b9240a1cbdb,ebb1c88a-8141-4c7e-860b-54ac293a06ac,fam_graha_natal,magnitude,0.2161,,mi_pariksha_v2.0
482012f1-710e-4a25-994a-93821f5871aa,pred_7463abe7-c435-494e-83b9-4ce3e7385925_3e96c6da-3ad6-5329-a40b-0b9240a1cbdb,ebb1c88a-8141-4c7e-860b-54ac293a06ac,fam_graha_natal,domain,0,,mi_pariksha_v2.0
482012f1-710e-4a25-994a-93821f5871aa,pred_7463abe7-c435-494e-83b9-4ce3e7385925_3e96c6da-3ad6-5329-a40b-0b9240a1cbdb,ebb1c88a-8141-4c7e-860b-54ac293a06ac,fam_graha_natal,falsifier,0.3242,,mi_pariksha_v2.0
482012f1-710e-4a25-994a-93821f5871aa,pred_7463abe7-c435-494e-83b9-4ce3e7385925_3e96c6da-3ad6-5329-a40b-0b9240a1cbdb,ebb1c88a-8141-4c7e-860b-54ac293a06ac,fam_graha_natal,manifestation,0.1081,,mi_pariksha_v2.0
482012f1-710e-4a25-994a-93821f5871aa,pred_7463abe7-c435-494e-83b9-4ce3e7385925_3e96c6da-3ad6-5329-a40b-0b9240a1cbdb,483e332a-a168-4cf1-b93b-0ad55d77d91c,fam_graha_natal,timing,0.0419,,mi_pariksha_v2.0
482012f1-710e-4a25-994a-93821f5871aa,pred_7463abe7-c435-494e-83b9-4ce3e7385925_3e96c6da-3ad6-5329-a40b-0b9240a1cbdb,483e332a-a168-4cf1-b93b-0ad55d77d91c,fam_graha_natal,magnitude,0.2161,,mi_pariksha_v2.0
482012f1-710e-4a25-994a-93821f5871aa,pred_7463abe7-c435-494e-83b9-4ce3e7385925_3e96c6da-3ad6-5329-a40b-0b9240a1cbdb,483e332a-a168-4cf1-b93b-0ad55d77d91c,fam_graha_natal,domain,0,,mi_pariksha_v2.0
482012f1-710e-4a25-994a-93821f5871aa,pred_7463abe7-c435-494e-83b9-4ce3e7385925_3e96c6da-3ad6-5329-a40b-0b9240a1cbdb,483e332a-a168-4cf1-b93b-0ad55d77d91c,fam_graha_natal,falsifier,0.3242,,mi_pariksha_v2.0
482012f1-710e-4a25-994a-93821f5871aa,pred_7463abe7-c435-494e-83b9-4ce3e7385925_3e96c6da-3ad6-5329-a40b-0b9240a1cbdb,483e332a-a168-4cf1-b93b-0ad55d77d91c,fam_graha_natal,manifestation,0.1081,,mi_pariksha_v2.0
482012f1-710e-4a25-994a-93821f5871aa,pred_7463abe7-c435-494e-83b9-4ce3e7385925_3e96c6da-3ad6-5329-a40b-0b9240a1cbdb,c31d3e74-2f44-41a6-8025-b32e44dbe1e2,fam_graha_natal,timing,0.0419,,mi_pariksha_v2.0
482012f1-710e-4a25-994a-93821f5871aa,pred_7463abe7-c435-494e-83b9-4ce3e7385925_3e96c6da-3ad6-5329-a40b-0b9240a1cbdb,c31d3e74-2f44-41a6-8025-b32e44dbe1e2,fam_graha_natal,magnitude,0.2161,,mi_pariksha_v2.0
482012f1-710e-4a25-994a-93821f5871aa,pred_7463abe7-c435-494e-83b9-4ce3e7385925_3e96c6da-3ad6-5329-a40b-0b9240a1cbdb,c31d3e74-2f44-41a6-8025-b32e44dbe1e2,fam_graha_natal,domain,0,,mi_pariksha_v2.0
482012f1-710e-4a25-994a-93821f5871aa,pred_7463abe7-c435-494e-83b9-4ce3e7385925_3e96c6da-3ad6-5329-a40b-0b9240a1cbdb,c31d3e74-2f44-41a6-8025-b32e44dbe1e2,fam_graha_natal,falsifier,0.3242,,mi_pariksha_v2.0
482012f1-710e-4a25-994a-93821f5871aa,pred_7463abe7-c435-494e-83b9-4ce3e7385925_3e96c6da-3ad6-5329-a40b-0b9240a1cbdb,c31d3e74-2f44-41a6-8025-b32e44dbe1e2,fam_graha_natal,manifestation,0.1081,,mi_pariksha_v2.0
482012f1-710e-4a25-994a-93821f5871aa,pred_7463abe7-c435-494e-83b9-4ce3e7385925_3e96c6da-3ad6-5329-a40b-0b9240a1cbdb,2dff20cd-12f5-492e-a88e-3fef42547eca,fam_graha_natal,timing,0.0419,,mi_pariksha_v2.0
482012f1-710e-4a25-994a-93821f5871aa,pred_7463abe7-c435-494e-83b9-4ce3e7385925_3e96c6da-3ad6-5329-a40b-0b9240a1cbdb,2dff20cd-12f5-492e-a88e-3fef42547eca,fam_graha_natal,magnitude,0.2161,,mi_pariksha_v2.0
482012f1-710e-4a25-994a-93821f5871aa,pred_7463abe7-c435-494e-83b9-4ce3e7385925_3e96c6da-3ad6-5329-a40b-0b9240a1cbdb,2dff20cd-12f5-492e-a88e-3fef42547eca,fam_graha_natal,domain,0,,mi_pariksha_v2.0
482012f1-710e-4a25-994a-93821f5871aa,pred_7463abe7-c435-494e-83b9-4ce3e7385925_3e96c6da-3ad6-5329-a40b-0b9240a1cbdb,2dff20cd-12f5-492e-a88e-3fef42547eca,fam_graha_natal,falsifier,0.3242,,mi_pariksha_v2.0
482012f1-710e-4a25-994a-93821f5871aa,pred_7463abe7-c435-494e-83b9-4ce3e7385925_3e96c6da-3ad6-5329-a40b-0b9240a1cbdb,2dff20cd-12f5-492e-a88e-3fef42547eca,fam_graha_natal,manifestation,0.1081,,mi_pariksha_v2.0
482012f1-710e-4a25-994a-93821f5871aa,pred_7463abe7-c435-494e-83b9-4ce3e7385925_3e96c6da-3ad6-5329-a40b-0b9240a1cbdb,d49da2e1-4b63-45f1-920e-c274df3ded21,fam_graha_natal,timing,0.0419,,mi_pariksha_v2.0
482012f1-710e-4a25-994a-93821f5871aa,pred_7463abe7-c435-494e-83b9-4ce3e7385925_3e96c6da-3ad6-5329-a40b-0b9240a1cbdb,d49da2e1-4b63-45f1-920e-c274df3ded21,fam_graha_natal,magnitude,0.2161,,mi_pariksha_v2.0
482012f1-710e-4a25-994a-93821f5871aa,pred_7463abe7-c435-494e-83b9-4ce3e7385925_3e96c6da-3ad6-5329-a40b-0b9240a1cbdb,d49da2e1-4b63-45f1-920e-c274df3ded21,fam_graha_natal,domain,0,,mi_pariksha_v2.0
482012f1-710e-4a25-994a-93821f5871aa,pred_7463abe7-c435-494e-83b9-4ce3e7385925_3e96c6da-3ad6-5329-a40b-0b9240a1cbdb,d49da2e1-4b63-45f1-920e-c274df3ded21,fam_graha_natal,falsifier,0.3242,,mi_pariksha_v2.0
482012f1-710e-4a25-994a-93821f5871aa,pred_7463abe7-c435-494e-83b9-4ce3e7385925_3e96c6da-3ad6-5329-a40b-0b9240a1cbdb,d49da2e1-4b63-45f1-920e-c274df3ded21,fam_graha_natal,manifestation,0.1081,,mi_pariksha_v2.0
482012f1-710e-4a25-994a-93821f5871aa,pred_7463abe7-c435-494e-83b9-4ce3e7385925_64c475da-5248-5332-9127-9331fae79f23,ebb1c88a-8141-4c7e-860b-54ac293a06ac,fam_graha_natal,timing,0.0419,,mi_pariksha_v2.0
482012f1-710e-4a25-994a-93821f5871aa,pred_7463abe7-c435-494e-83b9-4ce3e7385925_64c475da-5248-5332-9127-9331fae79f23,ebb1c88a-8141-4c7e-860b-54ac293a06ac,fam_graha_natal,magnitude,0.2161,,mi_pariksha_v2.0
482012f1-710e-4a25-994a-93821f5871aa,pred_7463abe7-c435-494e-83b9-4ce3e7385925_64c475da-5248-5332-9127-9331fae79f23,ebb1c88a-8141-4c7e-860b-54ac293a06ac,fam_graha_natal,domain,0,,mi_pariksha_v2.0
482012f1-710e-4a25-994a-93821f5871aa,pred_7463abe7-c435-494e-83b9-4ce3e7385925_64c475da-5248-5332-9127-9331fae79f23,ebb1c88a-8141-4c7e-860b-54ac293a06ac,fam_graha_natal,falsifier,0.3242,,mi_pariksha_v2.0
482012f1-710e-4a25-994a-93821f5871aa,pred_7463abe7-c435-494e-83b9-4ce3e7385925_64c475da-5248-5332-9127-9331fae79f23,ebb1c88a-8141-4c7e-860b-54ac293a06ac,fam_graha_natal,manifestation,0.1081,,mi_pariksha_v2.0
482012f1-710e-4a25-994a-93821f5871aa,pred_7463abe7-c435-494e-83b9-4ce3e7385925_64c475da-5248-5332-9127-9331fae79f23,483e332a-a168-4cf1-b93b-0ad55d77d91c,fam_graha_natal,timing,0.0419,,mi_pariksha_v2.0
482012f1-710e-4a25-994a-93821f5871aa,pred_7463abe7-c435-494e-83b9-4ce3e7385925_64c475da-5248-5332-9127-9331fae79f23,483e332a-a168-4cf1-b93b-0ad55d77d91c,fam_graha_natal,magnitude,0.2161,,mi_pariksha_v2.0
482012f1-710e-4a25-994a-93821f5871aa,pred_7463abe7-c435-494e-83b9-4ce3e7385925_64c475da-5248-5332-9127-9331fae79f23,483e332a-a168-4cf1-b93b-0ad55d77d91c,fam_graha_natal,domain,0,,mi_pariksha_v2.0
482012f1-710e-4a25-994a-93821f5871aa,pred_7463abe7-c435-494e-83b9-4ce3e7385925_64c475da-5248-5332-9127-9331fae79f23,483e332a-a168-4cf1-b93b-0ad55d77d91c,fam_graha_natal,falsifier,0.3242,,mi_pariksha_v2.0
482012f1-710e-4a25-994a-93821f5871aa,pred_7463abe7-c435-494e-83b9-4ce3e7385925_64c475da-5248-5332-9127-9331fae79f23,483e332a-a168-4cf1-b93b-0ad55d77d91c,fam_graha_natal,manifestation,0.1081,,mi_pariksha_v2.0
482012f1-710e-4a25-994a-93821f5871aa,pred_7463abe7-c435-494e-83b9-4ce3e7385925_64c475da-5248-5332-9127-9331fae79f23,c31d3e74-2f44-41a6-8025-b32e44dbe1e2,fam_graha_natal,timing,0.0419,,mi_pariksha_v2.0
482012f1-710e-4a25-994a-93821f5871aa,pred_7463abe7-c435-494e-83b9-4ce3e7385925_64c475da-5248-5332-9127-9331fae79f23,c31d3e74-2f44-41a6-8025-b32e44dbe1e2,fam_graha_natal,magnitude,0.2161,,mi_pariksha_v2.0
482012f1-710e-4a25-994a-93821f5871aa,pred_7463abe7-c435-494e-83b9-4ce3e7385925_64c475da-5248-5332-9127-9331fae79f23,c31d3e74-2f44-41a6-8025-b32e44dbe1e2,fam_graha_natal,domain,0,,mi_pariksha_v2.0
482012f1-710e-4a25-994a-93821f5871aa,pred_7463abe7-c435-494e-83b9-4ce3e7385925_64c475da-5248-5332-9127-9331fae79f23,c31d3e74-2f44-41a6-8025-b32e44dbe1e2,fam_graha_natal,falsifier,0.3242,,mi_pariksha_v2.0
482012f1-710e-4a25-994a-93821f5871aa,pred_7463abe7-c435-494e-83b9-4ce3e7385925_64c475da-5248-5332-9127-9331fae79f23,c31d3e74-2f44-41a6-8025-b32e44dbe1e2,fam_graha_natal,manifestation,0.1081,,mi_pariksha_v2.0
482012f1-710e-4a25-994a-93821f5871aa,pred_7463abe7-c435-494e-83b9-4ce3e7385925_64c475da-5248-5332-9127-9331fae79f23,2dff20cd-12f5-492e-a88e-3fef42547eca,fam_graha_natal,timing,0.0419,,mi_pariksha_v2.0
482012f1-710e-4a25-994a-93821f5871aa,pred_7463abe7-c435-494e-83b9-4ce3e7385925_64c475da-5248-5332-9127-9331fae79f23,2dff20cd-12f5-492e-a88e-3fef42547eca,fam_graha_natal,magnitude,0.2161,,mi_pariksha_v2.0
482012f1-710e-4a25-994a-93821f5871aa,pred_7463abe7-c435-494e-83b9-4ce3e7385925_64c475da-5248-5332-9127-9331fae79f23,2dff20cd-12f5-492e-a88e-3fef42547eca,fam_graha_natal,domain,0,,mi_pariksha_v2.0
482012f1-710e-4a25-994a-93821f5871aa,pred_7463abe7-c435-494e-83b9-4ce3e7385925_64c475da-5248-5332-9127-9331fae79f23,2dff20cd-12f5-492e-a88e-3fef42547eca,fam_graha_natal,falsifier,0.3242,,mi_pariksha_v2.0
482012f1-710e-4a25-994a-93821f5871aa,pred_7463abe7-c435-494e-83b9-4ce3e7385925_64c475da-5248-5332-9127-9331fae79f23,2dff20cd-12f5-492e-a88e-3fef42547eca,fam_graha_natal,manifestation,0.1081,,mi_pariksha_v2.0
482012f1-710e-4a25-994a-93821f5871aa,pred_7463abe7-c435-494e-83b9-4ce3e7385925_64c475da-5248-5332-9127-9331fae79f23,d49da2e1-4b63-45f1-920e-c274df3ded21,fam_graha_natal,timing,0.0419,,mi_pariksha_v2.0
482012f1-710e-4a25-994a-93821f5871aa,pred_7463abe7-c435-494e-83b9-4ce3e7385925_64c475da-5248-5332-9127-9331fae79f23,d49da2e1-4b63-45f1-920e-c274df3ded21,fam_graha_natal,magnitude,0.2161,,mi_pariksha_v2.0
482012f1-710e-4a25-994a-93821f5871aa,pred_7463abe7-c435-494e-83b9-4ce3e7385925_64c475da-5248-5332-9127-9331fae79f23,d49da2e1-4b63-45f1-920e-c274df3ded21,fam_graha_natal,domain,0,,mi_pariksha_v2.0
482012f1-710e-4a25-994a-93821f5871aa,pred_7463abe7-c435-494e-83b9-4ce3e7385925_64c475da-5248-5332-9127-9331fae79f23,d49da2e1-4b63-45f1-920e-c274df3ded21,fam_graha_natal,falsifier,0.3242,,mi_pariksha_v2.0
482012f1-710e-4a25-994a-93821f5871aa,pred_7463abe7-c435-494e-83b9-4ce3e7385925_64c475da-5248-5332-9127-9331fae79f23,d49da2e1-4b63-45f1-920e-c274df3ded21,fam_graha_natal,manifestation,0.1081,,mi_pariksha_v2.0
482012f1-710e-4a25-994a-93821f5871aa,pred_8674627d-134c-4302-8253-21ee66313a0a_153d920e-640d-598c-9380-795a5d4efa63,55fe1091-cccc-4a0e-812a-be9215c08c37,fam_transit,timing,0.1535,,mi_pariksha_v2.0
482012f1-710e-4a25-994a-93821f5871aa,pred_8674627d-134c-4302-8253-21ee66313a0a_153d920e-640d-598c-9380-795a5d4efa63,55fe1091-cccc-4a0e-812a-be9215c08c37,fam_transit,magnitude,0.0604,,mi_pariksha_v2.0
482012f1-710e-4a25-994a-93821f5871aa,pred_8674627d-134c-4302-8253-21ee66313a0a_153d920e-640d-598c-9380-795a5d4efa63,55fe1091-cccc-4a0e-812a-be9215c08c37,fam_transit,domain,0,,mi_pariksha_v2.0
482012f1-710e-4a25-994a-93821f5871aa,pred_8674627d-134c-4302-8253-21ee66313a0a_153d920e-640d-598c-9380-795a5d4efa63,55fe1091-cccc-4a0e-812a-be9215c08c37,fam_transit,falsifier,0.0906,,mi_pariksha_v2.0
482012f1-710e-4a25-994a-93821f5871aa,pred_8674627d-134c-4302-8253-21ee66313a0a_153d920e-640d-598c-9380-795a5d4efa63,55fe1091-cccc-4a0e-812a-be9215c08c37,fam_transit,manifestation,0.0302,,mi_pariksha_v2.0
482012f1-710e-4a25-994a-93821f5871aa,pred_8674627d-134c-4302-8253-21ee66313a0a_153d920e-640d-598c-9380-795a5d4efa63,119e7513-c2a0-4813-9995-46bc97b3c968,fam_graha_natal,timing,0.1535,,mi_pariksha_v2.0
482012f1-710e-4a25-994a-93821f5871aa,pred_8674627d-134c-4302-8253-21ee66313a0a_153d920e-640d-598c-9380-795a5d4efa63,119e7513-c2a0-4813-9995-46bc97b3c968,fam_graha_natal,magnitude,0.0604,,mi_pariksha_v2.0
482012f1-710e-4a25-994a-93821f5871aa,pred_8674627d-134c-4302-8253-21ee66313a0a_153d920e-640d-598c-9380-795a5d4efa63,119e7513-c2a0-4813-9995-46bc97b3c968,fam_graha_natal,domain,0,,mi_pariksha_v2.0
482012f1-710e-4a25-994a-93821f5871aa,pred_8674627d-134c-4302-8253-21ee66313a0a_153d920e-640d-598c-9380-795a5d4efa63,119e7513-c2a0-4813-9995-46bc97b3c968,fam_graha_natal,falsifier,0.0906,,mi_pariksha_v2.0
482012f1-710e-4a25-994a-93821f5871aa,pred_8674627d-134c-4302-8253-21ee66313a0a_153d920e-640d-598c-9380-795a5d4efa63,119e7513-c2a0-4813-9995-46bc97b3c968,fam_graha_natal,manifestation,0.0302,,mi_pariksha_v2.0
482012f1-710e-4a25-994a-93821f5871aa,pred_8674627d-134c-4302-8253-21ee66313a0a_153d920e-640d-598c-9380-795a5d4efa63,54152427-3d75-493a-aa5f-3c78ecb1cb03,fam_graha_natal,timing,0.1535,,mi_pariksha_v2.0
482012f1-710e-4a25-994a-93821f5871aa,pred_8674627d-134c-4302-8253-21ee66313a0a_153d920e-640d-598c-9380-795a5d4efa63,54152427-3d75-493a-aa5f-3c78ecb1cb03,fam_graha_natal,magnitude,0.0604,,mi_pariksha_v2.0
482012f1-710e-4a25-994a-93821f5871aa,pred_8674627d-134c-4302-8253-21ee66313a0a_153d920e-640d-598c-9380-795a5d4efa63,54152427-3d75-493a-aa5f-3c78ecb1cb03,fam_graha_natal,domain,0,,mi_pariksha_v2.0
482012f1-710e-4a25-994a-93821f5871aa,pred_8674627d-134c-4302-8253-21ee66313a0a_153d920e-640d-598c-9380-795a5d4efa63,54152427-3d75-493a-aa5f-3c78ecb1cb03,fam_graha_natal,falsifier,0.0906,,mi_pariksha_v2.0
482012f1-710e-4a25-994a-93821f5871aa,pred_8674627d-134c-4302-8253-21ee66313a0a_153d920e-640d-598c-9380-795a5d4efa63,54152427-3d75-493a-aa5f-3c78ecb1cb03,fam_graha_natal,manifestation,0.0302,,mi_pariksha_v2.0
482012f1-710e-4a25-994a-93821f5871aa,pred_8674627d-134c-4302-8253-21ee66313a0a_153d920e-640d-598c-9380-795a5d4efa63,bb1f38bc-5680-43f5-aa10-fbe18c543348,fam_graha_natal,timing,0.1535,,mi_pariksha_v2.0
482012f1-710e-4a25-994a-93821f5871aa,pred_8674627d-134c-4302-8253-21ee66313a0a_153d920e-640d-598c-9380-795a5d4efa63,bb1f38bc-5680-43f5-aa10-fbe18c543348,fam_graha_natal,magnitude,0.0604,,mi_pariksha_v2.0
482012f1-710e-4a25-994a-93821f5871aa,pred_8674627d-134c-4302-8253-21ee66313a0a_153d920e-640d-598c-9380-795a5d4efa63,bb1f38bc-5680-43f5-aa10-fbe18c543348,fam_graha_natal,domain,0,,mi_pariksha_v2.0
482012f1-710e-4a25-994a-93821f5871aa,pred_8674627d-134c-4302-8253-21ee66313a0a_153d920e-640d-598c-9380-795a5d4efa63,bb1f38bc-5680-43f5-aa10-fbe18c543348,fam_graha_natal,falsifier,0.0906,,mi_pariksha_v2.0
482012f1-710e-4a25-994a-93821f5871aa,pred_8674627d-134c-4302-8253-21ee66313a0a_153d920e-640d-598c-9380-795a5d4efa63,bb1f38bc-5680-43f5-aa10-fbe18c543348,fam_graha_natal,manifestation,0.0302,,mi_pariksha_v2.0
482012f1-710e-4a25-994a-93821f5871aa,pred_8674627d-134c-4302-8253-21ee66313a0a_153d920e-640d-598c-9380-795a5d4efa63,22c8c1ec-ef90-4810-82d2-f6b81b505f45,fam_transit,timing,0.1535,,mi_pariksha_v2.0
482012f1-710e-4a25-994a-93821f5871aa,pred_8674627d-134c-4302-8253-21ee66313a0a_153d920e-640d-598c-9380-795a5d4efa63,22c8c1ec-ef90-4810-82d2-f6b81b505f45,fam_transit,magnitude,0.0604,,mi_pariksha_v2.0
482012f1-710e-4a25-994a-93821f5871aa,pred_8674627d-134c-4302-8253-21ee66313a0a_153d920e-640d-598c-9380-795a5d4efa63,22c8c1ec-ef90-4810-82d2-f6b81b505f45,fam_transit,domain,0,,mi_pariksha_v2.0
482012f1-710e-4a25-994a-93821f5871aa,pred_8674627d-134c-4302-8253-21ee66313a0a_153d920e-640d-598c-9380-795a5d4efa63,22c8c1ec-ef90-4810-82d2-f6b81b505f45,fam_transit,falsifier,0.0906,,mi_pariksha_v2.0
482012f1-710e-4a25-994a-93821f5871aa,pred_8674627d-134c-4302-8253-21ee66313a0a_153d920e-640d-598c-9380-795a5d4efa63,22c8c1ec-ef90-4810-82d2-f6b81b505f45,fam_transit,manifestation,0.0302,,mi_pariksha_v2.0
482012f1-710e-4a25-994a-93821f5871aa,pred_8674627d-134c-4302-8253-21ee66313a0a_1f9c6775-30c2-5f92-b1a5-24512f5681a6,55fe1091-cccc-4a0e-812a-be9215c08c37,fam_transit,timing,0.1806,,mi_pariksha_v2.0
482012f1-710e-4a25-994a-93821f5871aa,pred_8674627d-134c-4302-8253-21ee66313a0a_1f9c6775-30c2-5f92-b1a5-24512f5681a6,55fe1091-cccc-4a0e-812a-be9215c08c37,fam_transit,magnitude,0.0604,,mi_pariksha_v2.0
482012f1-710e-4a25-994a-93821f5871aa,pred_8674627d-134c-4302-8253-21ee66313a0a_1f9c6775-30c2-5f92-b1a5-24512f5681a6,55fe1091-cccc-4a0e-812a-be9215c08c37,fam_transit,domain,0,,mi_pariksha_v2.0
482012f1-710e-4a25-994a-93821f5871aa,pred_8674627d-134c-4302-8253-21ee66313a0a_1f9c6775-30c2-5f92-b1a5-24512f5681a6,55fe1091-cccc-4a0e-812a-be9215c08c37,fam_transit,falsifier,0.0906,,mi_pariksha_v2.0
482012f1-710e-4a25-994a-93821f5871aa,pred_8674627d-134c-4302-8253-21ee66313a0a_1f9c6775-30c2-5f92-b1a5-24512f5681a6,55fe1091-cccc-4a0e-812a-be9215c08c37,fam_transit,manifestation,0.0302,,mi_pariksha_v2.0
482012f1-710e-4a25-994a-93821f5871aa,pred_8674627d-134c-4302-8253-21ee66313a0a_1f9c6775-30c2-5f92-b1a5-24512f5681a6,119e7513-c2a0-4813-9995-46bc97b3c968,fam_graha_natal,timing,0.1806,,mi_pariksha_v2.0
482012f1-710e-4a25-994a-93821f5871aa,pred_8674627d-134c-4302-8253-21ee66313a0a_1f9c6775-30c2-5f92-b1a5-24512f5681a6,119e7513-c2a0-4813-9995-46bc97b3c968,fam_graha_natal,magnitude,0.0604,,mi_pariksha_v2.0
482012f1-710e-4a25-994a-93821f5871aa,pred_8674627d-134c-4302-8253-21ee66313a0a_1f9c6775-30c2-5f92-b1a5-24512f5681a6,119e7513-c2a0-4813-9995-46bc97b3c968,fam_graha_natal,domain,0,,mi_pariksha_v2.0
482012f1-710e-4a25-994a-93821f5871aa,pred_8674627d-134c-4302-8253-21ee66313a0a_1f9c6775-30c2-5f92-b1a5-24512f5681a6,119e7513-c2a0-4813-9995-46bc97b3c968,fam_graha_natal,falsifier,0.0906,,mi_pariksha_v2.0
482012f1-710e-4a25-994a-93821f5871aa,pred_8674627d-134c-4302-8253-21ee66313a0a_1f9c6775-30c2-5f92-b1a5-24512f5681a6,119e7513-c2a0-4813-9995-46bc97b3c968,fam_graha_natal,manifestation,0.0302,,mi_pariksha_v2.0
482012f1-710e-4a25-994a-93821f5871aa,pred_8674627d-134c-4302-8253-21ee66313a0a_1f9c6775-30c2-5f92-b1a5-24512f5681a6,54152427-3d75-493a-aa5f-3c78ecb1cb03,fam_graha_natal,timing,0.1806,,mi_pariksha_v2.0
482012f1-710e-4a25-994a-93821f5871aa,pred_8674627d-134c-4302-8253-21ee66313a0a_1f9c6775-30c2-5f92-b1a5-24512f5681a6,54152427-3d75-493a-aa5f-3c78ecb1cb03,fam_graha_natal,magnitude,0.0604,,mi_pariksha_v2.0
482012f1-710e-4a25-994a-93821f5871aa,pred_8674627d-134c-4302-8253-21ee66313a0a_1f9c6775-30c2-5f92-b1a5-24512f5681a6,54152427-3d75-493a-aa5f-3c78ecb1cb03,fam_graha_natal,domain,0,,mi_pariksha_v2.0
482012f1-710e-4a25-994a-93821f5871aa,pred_8674627d-134c-4302-8253-21ee66313a0a_1f9c6775-30c2-5f92-b1a5-24512f5681a6,54152427-3d75-493a-aa5f-3c78ecb1cb03,fam_graha_natal,falsifier,0.0906,,mi_pariksha_v2.0
482012f1-710e-4a25-994a-93821f5871aa,pred_8674627d-134c-4302-8253-21ee66313a0a_1f9c6775-30c2-5f92-b1a5-24512f5681a6,54152427-3d75-493a-aa5f-3c78ecb1cb03,fam_graha_natal,manifestation,0.0302,,mi_pariksha_v2.0
482012f1-710e-4a25-994a-93821f5871aa,pred_8674627d-134c-4302-8253-21ee66313a0a_1f9c6775-30c2-5f92-b1a5-24512f5681a6,bb1f38bc-5680-43f5-aa10-fbe18c543348,fam_graha_natal,timing,0.1806,,mi_pariksha_v2.0
482012f1-710e-4a25-994a-93821f5871aa,pred_8674627d-134c-4302-8253-21ee66313a0a_1f9c6775-30c2-5f92-b1a5-24512f5681a6,bb1f38bc-5680-43f5-aa10-fbe18c543348,fam_graha_natal,magnitude,0.0604,,mi_pariksha_v2.0
482012f1-710e-4a25-994a-93821f5871aa,pred_8674627d-134c-4302-8253-21ee66313a0a_1f9c6775-30c2-5f92-b1a5-24512f5681a6,bb1f38bc-5680-43f5-aa10-fbe18c543348,fam_graha_natal,domain,0,,mi_pariksha_v2.0
482012f1-710e-4a25-994a-93821f5871aa,pred_8674627d-134c-4302-8253-21ee66313a0a_1f9c6775-30c2-5f92-b1a5-24512f5681a6,bb1f38bc-5680-43f5-aa10-fbe18c543348,fam_graha_natal,falsifier,0.0906,,mi_pariksha_v2.0
482012f1-710e-4a25-994a-93821f5871aa,pred_8674627d-134c-4302-8253-21ee66313a0a_1f9c6775-30c2-5f92-b1a5-24512f5681a6,bb1f38bc-5680-43f5-aa10-fbe18c543348,fam_graha_natal,manifestation,0.0302,,mi_pariksha_v2.0
482012f1-710e-4a25-994a-93821f5871aa,pred_8674627d-134c-4302-8253-21ee66313a0a_1f9c6775-30c2-5f92-b1a5-24512f5681a6,22c8c1ec-ef90-4810-82d2-f6b81b505f45,fam_transit,timing,0.1806,,mi_pariksha_v2.0
482012f1-710e-4a25-994a-93821f5871aa,pred_8674627d-134c-4302-8253-21ee66313a0a_1f9c6775-30c2-5f92-b1a5-24512f5681a6,22c8c1ec-ef90-4810-82d2-f6b81b505f45,fam_transit,magnitude,0.0604,,mi_pariksha_v2.0
482012f1-710e-4a25-994a-93821f5871aa,pred_8674627d-134c-4302-8253-21ee66313a0a_1f9c6775-30c2-5f92-b1a5-24512f5681a6,22c8c1ec-ef90-4810-82d2-f6b81b505f45,fam_transit,domain,0,,mi_pariksha_v2.0
482012f1-710e-4a25-994a-93821f5871aa,pred_8674627d-134c-4302-8253-21ee66313a0a_1f9c6775-30c2-5f92-b1a5-24512f5681a6,22c8c1ec-ef90-4810-82d2-f6b81b505f45,fam_transit,falsifier,0.0906,,mi_pariksha_v2.0
482012f1-710e-4a25-994a-93821f5871aa,pred_8674627d-134c-4302-8253-21ee66313a0a_1f9c6775-30c2-5f92-b1a5-24512f5681a6,22c8c1ec-ef90-4810-82d2-f6b81b505f45,fam_transit,manifestation,0.0302,,mi_pariksha_v2.0
482012f1-710e-4a25-994a-93821f5871aa,pred_8674627d-134c-4302-8253-21ee66313a0a_2bfb5b17-6901-5d15-ba80-5f0f1d5611f0,55fe1091-cccc-4a0e-812a-be9215c08c37,fam_transit,timing,0.0893,,mi_pariksha_v2.0
482012f1-710e-4a25-994a-93821f5871aa,pred_8674627d-134c-4302-8253-21ee66313a0a_2bfb5b17-6901-5d15-ba80-5f0f1d5611f0,55fe1091-cccc-4a0e-812a-be9215c08c37,fam_transit,magnitude,0.0604,,mi_pariksha_v2.0
482012f1-710e-4a25-994a-93821f5871aa,pred_8674627d-134c-4302-8253-21ee66313a0a_2bfb5b17-6901-5d15-ba80-5f0f1d5611f0,55fe1091-cccc-4a0e-812a-be9215c08c37,fam_transit,domain,0,,mi_pariksha_v2.0
482012f1-710e-4a25-994a-93821f5871aa,pred_8674627d-134c-4302-8253-21ee66313a0a_2bfb5b17-6901-5d15-ba80-5f0f1d5611f0,55fe1091-cccc-4a0e-812a-be9215c08c37,fam_transit,falsifier,0.0906,,mi_pariksha_v2.0
482012f1-710e-4a25-994a-93821f5871aa,pred_8674627d-134c-4302-8253-21ee66313a0a_2bfb5b17-6901-5d15-ba80-5f0f1d5611f0,55fe1091-cccc-4a0e-812a-be9215c08c37,fam_transit,manifestation,0.0302,,mi_pariksha_v2.0
482012f1-710e-4a25-994a-93821f5871aa,pred_8674627d-134c-4302-8253-21ee66313a0a_2bfb5b17-6901-5d15-ba80-5f0f1d5611f0,119e7513-c2a0-4813-9995-46bc97b3c968,fam_graha_natal,timing,0.0893,,mi_pariksha_v2.0
482012f1-710e-4a25-994a-93821f5871aa,pred_8674627d-134c-4302-8253-21ee66313a0a_2bfb5b17-6901-5d15-ba80-5f0f1d5611f0,119e7513-c2a0-4813-9995-46bc97b3c968,fam_graha_natal,magnitude,0.0604,,mi_pariksha_v2.0
482012f1-710e-4a25-994a-93821f5871aa,pred_8674627d-134c-4302-8253-21ee66313a0a_2bfb5b17-6901-5d15-ba80-5f0f1d5611f0,119e7513-c2a0-4813-9995-46bc97b3c968,fam_graha_natal,domain,0,,mi_pariksha_v2.0
482012f1-710e-4a25-994a-93821f5871aa,pred_8674627d-134c-4302-8253-21ee66313a0a_2bfb5b17-6901-5d15-ba80-5f0f1d5611f0,119e7513-c2a0-4813-9995-46bc97b3c968,fam_graha_natal,falsifier,0.0906,,mi_pariksha_v2.0
482012f1-710e-4a25-994a-93821f5871aa,pred_8674627d-134c-4302-8253-21ee66313a0a_2bfb5b17-6901-5d15-ba80-5f0f1d5611f0,119e7513-c2a0-4813-9995-46bc97b3c968,fam_graha_natal,manifestation,0.0302,,mi_pariksha_v2.0
482012f1-710e-4a25-994a-93821f5871aa,pred_8674627d-134c-4302-8253-21ee66313a0a_2bfb5b17-6901-5d15-ba80-5f0f1d5611f0,54152427-3d75-493a-aa5f-3c78ecb1cb03,fam_graha_natal,timing,0.0893,,mi_pariksha_v2.0
482012f1-710e-4a25-994a-93821f5871aa,pred_8674627d-134c-4302-8253-21ee66313a0a_2bfb5b17-6901-5d15-ba80-5f0f1d5611f0,54152427-3d75-493a-aa5f-3c78ecb1cb03,fam_graha_natal,magnitude,0.0604,,mi_pariksha_v2.0
482012f1-710e-4a25-994a-93821f5871aa,pred_8674627d-134c-4302-8253-21ee66313a0a_2bfb5b17-6901-5d15-ba80-5f0f1d5611f0,54152427-3d75-493a-aa5f-3c78ecb1cb03,fam_graha_natal,domain,0,,mi_pariksha_v2.0
482012f1-710e-4a25-994a-93821f5871aa,pred_8674627d-134c-4302-8253-21ee66313a0a_2bfb5b17-6901-5d15-ba80-5f0f1d5611f0,54152427-3d75-493a-aa5f-3c78ecb1cb03,fam_graha_natal,falsifier,0.0906,,mi_pariksha_v2.0
482012f1-710e-4a25-994a-93821f5871aa,pred_8674627d-134c-4302-8253-21ee66313a0a_2bfb5b17-6901-5d15-ba80-5f0f1d5611f0,54152427-3d75-493a-aa5f-3c78ecb1cb03,fam_graha_natal,manifestation,0.0302,,mi_pariksha_v2.0
482012f1-710e-4a25-994a-93821f5871aa,pred_8674627d-134c-4302-8253-21ee66313a0a_2bfb5b17-6901-5d15-ba80-5f0f1d5611f0,bb1f38bc-5680-43f5-aa10-fbe18c543348,fam_graha_natal,timing,0.0893,,mi_pariksha_v2.0
482012f1-710e-4a25-994a-93821f5871aa,pred_8674627d-134c-4302-8253-21ee66313a0a_2bfb5b17-6901-5d15-ba80-5f0f1d5611f0,bb1f38bc-5680-43f5-aa10-fbe18c543348,fam_graha_natal,magnitude,0.0604,,mi_pariksha_v2.0
482012f1-710e-4a25-994a-93821f5871aa,pred_8674627d-134c-4302-8253-21ee66313a0a_2bfb5b17-6901-5d15-ba80-5f0f1d5611f0,bb1f38bc-5680-43f5-aa10-fbe18c543348,fam_graha_natal,domain,0,,mi_pariksha_v2.0
482012f1-710e-4a25-994a-93821f5871aa,pred_8674627d-134c-4302-8253-21ee66313a0a_2bfb5b17-6901-5d15-ba80-5f0f1d5611f0,bb1f38bc-5680-43f5-aa10-fbe18c543348,fam_graha_natal,falsifier,0.0906,,mi_pariksha_v2.0
482012f1-710e-4a25-994a-93821f5871aa,pred_8674627d-134c-4302-8253-21ee66313a0a_2bfb5b17-6901-5d15-ba80-5f0f1d5611f0,bb1f38bc-5680-43f5-aa10-fbe18c543348,fam_graha_natal,manifestation,0.0302,,mi_pariksha_v2.0
482012f1-710e-4a25-994a-93821f5871aa,pred_8674627d-134c-4302-8253-21ee66313a0a_2bfb5b17-6901-5d15-ba80-5f0f1d5611f0,22c8c1ec-ef90-4810-82d2-f6b81b505f45,fam_transit,timing,0.0893,,mi_pariksha_v2.0
482012f1-710e-4a25-994a-93821f5871aa,pred_8674627d-134c-4302-8253-21ee66313a0a_2bfb5b17-6901-5d15-ba80-5f0f1d5611f0,22c8c1ec-ef90-4810-82d2-f6b81b505f45,fam_transit,magnitude,0.0604,,mi_pariksha_v2.0
482012f1-710e-4a25-994a-93821f5871aa,pred_8674627d-134c-4302-8253-21ee66313a0a_2bfb5b17-6901-5d15-ba80-5f0f1d5611f0,22c8c1ec-ef90-4810-82d2-f6b81b505f45,fam_transit,domain,0,,mi_pariksha_v2.0
482012f1-710e-4a25-994a-93821f5871aa,pred_8674627d-134c-4302-8253-21ee66313a0a_2bfb5b17-6901-5d15-ba80-5f0f1d5611f0,22c8c1ec-ef90-4810-82d2-f6b81b505f45,fam_transit,falsifier,0.0906,,mi_pariksha_v2.0
482012f1-710e-4a25-994a-93821f5871aa,pred_8674627d-134c-4302-8253-21ee66313a0a_2bfb5b17-6901-5d15-ba80-5f0f1d5611f0,22c8c1ec-ef90-4810-82d2-f6b81b505f45,fam_transit,manifestation,0.0302,,mi_pariksha_v2.0
482012f1-710e-4a25-994a-93821f5871aa,pred_8674627d-134c-4302-8253-21ee66313a0a_3ea3a2fc-3568-56a9-963b-57c7e7b4755c,55fe1091-cccc-4a0e-812a-be9215c08c37,fam_transit,timing,0.0281,,mi_pariksha_v2.0
482012f1-710e-4a25-994a-93821f5871aa,pred_8674627d-134c-4302-8253-21ee66313a0a_3ea3a2fc-3568-56a9-963b-57c7e7b4755c,55fe1091-cccc-4a0e-812a-be9215c08c37,fam_transit,magnitude,0.0604,,mi_pariksha_v2.0
482012f1-710e-4a25-994a-93821f5871aa,pred_8674627d-134c-4302-8253-21ee66313a0a_3ea3a2fc-3568-56a9-963b-57c7e7b4755c,55fe1091-cccc-4a0e-812a-be9215c08c37,fam_transit,domain,0,,mi_pariksha_v2.0
482012f1-710e-4a25-994a-93821f5871aa,pred_8674627d-134c-4302-8253-21ee66313a0a_3ea3a2fc-3568-56a9-963b-57c7e7b4755c,55fe1091-cccc-4a0e-812a-be9215c08c37,fam_transit,falsifier,0.0906,,mi_pariksha_v2.0
482012f1-710e-4a25-994a-93821f5871aa,pred_8674627d-134c-4302-8253-21ee66313a0a_3ea3a2fc-3568-56a9-963b-57c7e7b4755c,55fe1091-cccc-4a0e-812a-be9215c08c37,fam_transit,manifestation,0.0302,,mi_pariksha_v2.0
482012f1-710e-4a25-994a-93821f5871aa,pred_8674627d-134c-4302-8253-21ee66313a0a_3ea3a2fc-3568-56a9-963b-57c7e7b4755c,119e7513-c2a0-4813-9995-46bc97b3c968,fam_graha_natal,timing,0.0281,,mi_pariksha_v2.0
482012f1-710e-4a25-994a-93821f5871aa,pred_8674627d-134c-4302-8253-21ee66313a0a_3ea3a2fc-3568-56a9-963b-57c7e7b4755c,119e7513-c2a0-4813-9995-46bc97b3c968,fam_graha_natal,magnitude,0.0604,,mi_pariksha_v2.0
482012f1-710e-4a25-994a-93821f5871aa,pred_8674627d-134c-4302-8253-21ee66313a0a_3ea3a2fc-3568-56a9-963b-57c7e7b4755c,119e7513-c2a0-4813-9995-46bc97b3c968,fam_graha_natal,domain,0,,mi_pariksha_v2.0
482012f1-710e-4a25-994a-93821f5871aa,pred_8674627d-134c-4302-8253-21ee66313a0a_3ea3a2fc-3568-56a9-963b-57c7e7b4755c,119e7513-c2a0-4813-9995-46bc97b3c968,fam_graha_natal,falsifier,0.0906,,mi_pariksha_v2.0
482012f1-710e-4a25-994a-93821f5871aa,pred_8674627d-134c-4302-8253-21ee66313a0a_3ea3a2fc-3568-56a9-963b-57c7e7b4755c,119e7513-c2a0-4813-9995-46bc97b3c968,fam_graha_natal,manifestation,0.0302,,mi_pariksha_v2.0
482012f1-710e-4a25-994a-93821f5871aa,pred_8674627d-134c-4302-8253-21ee66313a0a_3ea3a2fc-3568-56a9-963b-57c7e7b4755c,54152427-3d75-493a-aa5f-3c78ecb1cb03,fam_graha_natal,timing,0.0281,,mi_pariksha_v2.0
482012f1-710e-4a25-994a-93821f5871aa,pred_8674627d-134c-4302-8253-21ee66313a0a_3ea3a2fc-3568-56a9-963b-57c7e7b4755c,54152427-3d75-493a-aa5f-3c78ecb1cb03,fam_graha_natal,magnitude,0.0604,,mi_pariksha_v2.0
482012f1-710e-4a25-994a-93821f5871aa,pred_8674627d-134c-4302-8253-21ee66313a0a_3ea3a2fc-3568-56a9-963b-57c7e7b4755c,54152427-3d75-493a-aa5f-3c78ecb1cb03,fam_graha_natal,domain,0,,mi_pariksha_v2.0
482012f1-710e-4a25-994a-93821f5871aa,pred_8674627d-134c-4302-8253-21ee66313a0a_3ea3a2fc-3568-56a9-963b-57c7e7b4755c,54152427-3d75-493a-aa5f-3c78ecb1cb03,fam_graha_natal,falsifier,0.0906,,mi_pariksha_v2.0
482012f1-710e-4a25-994a-93821f5871aa,pred_8674627d-134c-4302-8253-21ee66313a0a_3ea3a2fc-3568-56a9-963b-57c7e7b4755c,54152427-3d75-493a-aa5f-3c78ecb1cb03,fam_graha_natal,manifestation,0.0302,,mi_pariksha_v2.0
482012f1-710e-4a25-994a-93821f5871aa,pred_8674627d-134c-4302-8253-21ee66313a0a_3ea3a2fc-3568-56a9-963b-57c7e7b4755c,bb1f38bc-5680-43f5-aa10-fbe18c543348,fam_graha_natal,timing,0.0281,,mi_pariksha_v2.0
482012f1-710e-4a25-994a-93821f5871aa,pred_8674627d-134c-4302-8253-21ee66313a0a_3ea3a2fc-3568-56a9-963b-57c7e7b4755c,bb1f38bc-5680-43f5-aa10-fbe18c543348,fam_graha_natal,magnitude,0.0604,,mi_pariksha_v2.0
482012f1-710e-4a25-994a-93821f5871aa,pred_8674627d-134c-4302-8253-21ee66313a0a_3ea3a2fc-3568-56a9-963b-57c7e7b4755c,bb1f38bc-5680-43f5-aa10-fbe18c543348,fam_graha_natal,domain,0,,mi_pariksha_v2.0
482012f1-710e-4a25-994a-93821f5871aa,pred_8674627d-134c-4302-8253-21ee66313a0a_3ea3a2fc-3568-56a9-963b-57c7e7b4755c,bb1f38bc-5680-43f5-aa10-fbe18c543348,fam_graha_natal,falsifier,0.0906,,mi_pariksha_v2.0
482012f1-710e-4a25-994a-93821f5871aa,pred_8674627d-134c-4302-8253-21ee66313a0a_3ea3a2fc-3568-56a9-963b-57c7e7b4755c,bb1f38bc-5680-43f5-aa10-fbe18c543348,fam_graha_natal,manifestation,0.0302,,mi_pariksha_v2.0
482012f1-710e-4a25-994a-93821f5871aa,pred_8674627d-134c-4302-8253-21ee66313a0a_3ea3a2fc-3568-56a9-963b-57c7e7b4755c,22c8c1ec-ef90-4810-82d2-f6b81b505f45,fam_transit,timing,0.0281,,mi_pariksha_v2.0
482012f1-710e-4a25-994a-93821f5871aa,pred_8674627d-134c-4302-8253-21ee66313a0a_3ea3a2fc-3568-56a9-963b-57c7e7b4755c,22c8c1ec-ef90-4810-82d2-f6b81b505f45,fam_transit,magnitude,0.0604,,mi_pariksha_v2.0
482012f1-710e-4a25-994a-93821f5871aa,pred_8674627d-134c-4302-8253-21ee66313a0a_3ea3a2fc-3568-56a9-963b-57c7e7b4755c,22c8c1ec-ef90-4810-82d2-f6b81b505f45,fam_transit,domain,0,,mi_pariksha_v2.0
482012f1-710e-4a25-994a-93821f5871aa,pred_8674627d-134c-4302-8253-21ee66313a0a_3ea3a2fc-3568-56a9-963b-57c7e7b4755c,22c8c1ec-ef90-4810-82d2-f6b81b505f45,fam_transit,falsifier,0.0906,,mi_pariksha_v2.0
482012f1-710e-4a25-994a-93821f5871aa,pred_8674627d-134c-4302-8253-21ee66313a0a_3ea3a2fc-3568-56a9-963b-57c7e7b4755c,22c8c1ec-ef90-4810-82d2-f6b81b505f45,fam_transit,manifestation,0.0302,,mi_pariksha_v2.0
482012f1-710e-4a25-994a-93821f5871aa,pred_8674627d-134c-4302-8253-21ee66313a0a_5278d97c-e769-529a-b0c2-be1e965c2d6b,55fe1091-cccc-4a0e-812a-be9215c08c37,fam_transit,timing,0.0743,,mi_pariksha_v2.0
482012f1-710e-4a25-994a-93821f5871aa,pred_8674627d-134c-4302-8253-21ee66313a0a_5278d97c-e769-529a-b0c2-be1e965c2d6b,55fe1091-cccc-4a0e-812a-be9215c08c37,fam_transit,magnitude,0.0604,,mi_pariksha_v2.0
482012f1-710e-4a25-994a-93821f5871aa,pred_8674627d-134c-4302-8253-21ee66313a0a_5278d97c-e769-529a-b0c2-be1e965c2d6b,55fe1091-cccc-4a0e-812a-be9215c08c37,fam_transit,domain,0,,mi_pariksha_v2.0
482012f1-710e-4a25-994a-93821f5871aa,pred_8674627d-134c-4302-8253-21ee66313a0a_5278d97c-e769-529a-b0c2-be1e965c2d6b,55fe1091-cccc-4a0e-812a-be9215c08c37,fam_transit,falsifier,0.0906,,mi_pariksha_v2.0
482012f1-710e-4a25-994a-93821f5871aa,pred_8674627d-134c-4302-8253-21ee66313a0a_5278d97c-e769-529a-b0c2-be1e965c2d6b,55fe1091-cccc-4a0e-812a-be9215c08c37,fam_transit,manifestation,0.0302,,mi_pariksha_v2.0
482012f1-710e-4a25-994a-93821f5871aa,pred_8674627d-134c-4302-8253-21ee66313a0a_5278d97c-e769-529a-b0c2-be1e965c2d6b,119e7513-c2a0-4813-9995-46bc97b3c968,fam_graha_natal,timing,0.0743,,mi_pariksha_v2.0
482012f1-710e-4a25-994a-93821f5871aa,pred_8674627d-134c-4302-8253-21ee66313a0a_5278d97c-e769-529a-b0c2-be1e965c2d6b,119e7513-c2a0-4813-9995-46bc97b3c968,fam_graha_natal,magnitude,0.0604,,mi_pariksha_v2.0
482012f1-710e-4a25-994a-93821f5871aa,pred_8674627d-134c-4302-8253-21ee66313a0a_5278d97c-e769-529a-b0c2-be1e965c2d6b,119e7513-c2a0-4813-9995-46bc97b3c968,fam_graha_natal,domain,0,,mi_pariksha_v2.0
482012f1-710e-4a25-994a-93821f5871aa,pred_8674627d-134c-4302-8253-21ee66313a0a_5278d97c-e769-529a-b0c2-be1e965c2d6b,119e7513-c2a0-4813-9995-46bc97b3c968,fam_graha_natal,falsifier,0.0906,,mi_pariksha_v2.0
482012f1-710e-4a25-994a-93821f5871aa,pred_8674627d-134c-4302-8253-21ee66313a0a_5278d97c-e769-529a-b0c2-be1e965c2d6b,119e7513-c2a0-4813-9995-46bc97b3c968,fam_graha_natal,manifestation,0.0302,,mi_pariksha_v2.0
482012f1-710e-4a25-994a-93821f5871aa,pred_8674627d-134c-4302-8253-21ee66313a0a_5278d97c-e769-529a-b0c2-be1e965c2d6b,54152427-3d75-493a-aa5f-3c78ecb1cb03,fam_graha_natal,timing,0.0743,,mi_pariksha_v2.0
482012f1-710e-4a25-994a-93821f5871aa,pred_8674627d-134c-4302-8253-21ee66313a0a_5278d97c-e769-529a-b0c2-be1e965c2d6b,54152427-3d75-493a-aa5f-3c78ecb1cb03,fam_graha_natal,magnitude,0.0604,,mi_pariksha_v2.0
482012f1-710e-4a25-994a-93821f5871aa,pred_8674627d-134c-4302-8253-21ee66313a0a_5278d97c-e769-529a-b0c2-be1e965c2d6b,54152427-3d75-493a-aa5f-3c78ecb1cb03,fam_graha_natal,domain,0,,mi_pariksha_v2.0
482012f1-710e-4a25-994a-93821f5871aa,pred_8674627d-134c-4302-8253-21ee66313a0a_5278d97c-e769-529a-b0c2-be1e965c2d6b,54152427-3d75-493a-aa5f-3c78ecb1cb03,fam_graha_natal,falsifier,0.0906,,mi_pariksha_v2.0
482012f1-710e-4a25-994a-93821f5871aa,pred_8674627d-134c-4302-8253-21ee66313a0a_5278d97c-e769-529a-b0c2-be1e965c2d6b,54152427-3d75-493a-aa5f-3c78ecb1cb03,fam_graha_natal,manifestation,0.0302,,mi_pariksha_v2.0
482012f1-710e-4a25-994a-93821f5871aa,pred_8674627d-134c-4302-8253-21ee66313a0a_5278d97c-e769-529a-b0c2-be1e965c2d6b,bb1f38bc-5680-43f5-aa10-fbe18c543348,fam_graha_natal,timing,0.0743,,mi_pariksha_v2.0
482012f1-710e-4a25-994a-93821f5871aa,pred_8674627d-134c-4302-8253-21ee66313a0a_5278d97c-e769-529a-b0c2-be1e965c2d6b,bb1f38bc-5680-43f5-aa10-fbe18c543348,fam_graha_natal,magnitude,0.0604,,mi_pariksha_v2.0
482012f1-710e-4a25-994a-93821f5871aa,pred_8674627d-134c-4302-8253-21ee66313a0a_5278d97c-e769-529a-b0c2-be1e965c2d6b,bb1f38bc-5680-43f5-aa10-fbe18c543348,fam_graha_natal,domain,0,,mi_pariksha_v2.0
482012f1-710e-4a25-994a-93821f5871aa,pred_8674627d-134c-4302-8253-21ee66313a0a_5278d97c-e769-529a-b0c2-be1e965c2d6b,bb1f38bc-5680-43f5-aa10-fbe18c543348,fam_graha_natal,falsifier,0.0906,,mi_pariksha_v2.0
482012f1-710e-4a25-994a-93821f5871aa,pred_8674627d-134c-4302-8253-21ee66313a0a_5278d97c-e769-529a-b0c2-be1e965c2d6b,bb1f38bc-5680-43f5-aa10-fbe18c543348,fam_graha_natal,manifestation,0.0302,,mi_pariksha_v2.0
482012f1-710e-4a25-994a-93821f5871aa,pred_8674627d-134c-4302-8253-21ee66313a0a_5278d97c-e769-529a-b0c2-be1e965c2d6b,22c8c1ec-ef90-4810-82d2-f6b81b505f45,fam_transit,timing,0.0743,,mi_pariksha_v2.0
482012f1-710e-4a25-994a-93821f5871aa,pred_8674627d-134c-4302-8253-21ee66313a0a_5278d97c-e769-529a-b0c2-be1e965c2d6b,22c8c1ec-ef90-4810-82d2-f6b81b505f45,fam_transit,magnitude,0.0604,,mi_pariksha_v2.0
482012f1-710e-4a25-994a-93821f5871aa,pred_8674627d-134c-4302-8253-21ee66313a0a_5278d97c-e769-529a-b0c2-be1e965c2d6b,22c8c1ec-ef90-4810-82d2-f6b81b505f45,fam_transit,domain,0,,mi_pariksha_v2.0
482012f1-710e-4a25-994a-93821f5871aa,pred_8674627d-134c-4302-8253-21ee66313a0a_5278d97c-e769-529a-b0c2-be1e965c2d6b,22c8c1ec-ef90-4810-82d2-f6b81b505f45,fam_transit,falsifier,0.0906,,mi_pariksha_v2.0
482012f1-710e-4a25-994a-93821f5871aa,pred_8674627d-134c-4302-8253-21ee66313a0a_5278d97c-e769-529a-b0c2-be1e965c2d6b,22c8c1ec-ef90-4810-82d2-f6b81b505f45,fam_transit,manifestation,0.0302,,mi_pariksha_v2.0
482012f1-710e-4a25-994a-93821f5871aa,pred_8674627d-134c-4302-8253-21ee66313a0a_732a4119-a333-5ce5-afbf-082453e1f6d5,55fe1091-cccc-4a0e-812a-be9215c08c37,fam_transit,timing,0.1726,,mi_pariksha_v2.0
482012f1-710e-4a25-994a-93821f5871aa,pred_8674627d-134c-4302-8253-21ee66313a0a_732a4119-a333-5ce5-afbf-082453e1f6d5,55fe1091-cccc-4a0e-812a-be9215c08c37,fam_transit,magnitude,0.0604,,mi_pariksha_v2.0
482012f1-710e-4a25-994a-93821f5871aa,pred_8674627d-134c-4302-8253-21ee66313a0a_732a4119-a333-5ce5-afbf-082453e1f6d5,55fe1091-cccc-4a0e-812a-be9215c08c37,fam_transit,domain,0,,mi_pariksha_v2.0
482012f1-710e-4a25-994a-93821f5871aa,pred_8674627d-134c-4302-8253-21ee66313a0a_732a4119-a333-5ce5-afbf-082453e1f6d5,55fe1091-cccc-4a0e-812a-be9215c08c37,fam_transit,falsifier,0.0906,,mi_pariksha_v2.0
482012f1-710e-4a25-994a-93821f5871aa,pred_8674627d-134c-4302-8253-21ee66313a0a_732a4119-a333-5ce5-afbf-082453e1f6d5,55fe1091-cccc-4a0e-812a-be9215c08c37,fam_transit,manifestation,0.0302,,mi_pariksha_v2.0
482012f1-710e-4a25-994a-93821f5871aa,pred_8674627d-134c-4302-8253-21ee66313a0a_732a4119-a333-5ce5-afbf-082453e1f6d5,119e7513-c2a0-4813-9995-46bc97b3c968,fam_graha_natal,timing,0.1726,,mi_pariksha_v2.0
482012f1-710e-4a25-994a-93821f5871aa,pred_8674627d-134c-4302-8253-21ee66313a0a_732a4119-a333-5ce5-afbf-082453e1f6d5,119e7513-c2a0-4813-9995-46bc97b3c968,fam_graha_natal,magnitude,0.0604,,mi_pariksha_v2.0
482012f1-710e-4a25-994a-93821f5871aa,pred_8674627d-134c-4302-8253-21ee66313a0a_732a4119-a333-5ce5-afbf-082453e1f6d5,119e7513-c2a0-4813-9995-46bc97b3c968,fam_graha_natal,domain,0,,mi_pariksha_v2.0
482012f1-710e-4a25-994a-93821f5871aa,pred_8674627d-134c-4302-8253-21ee66313a0a_732a4119-a333-5ce5-afbf-082453e1f6d5,119e7513-c2a0-4813-9995-46bc97b3c968,fam_graha_natal,falsifier,0.0906,,mi_pariksha_v2.0
482012f1-710e-4a25-994a-93821f5871aa,pred_8674627d-134c-4302-8253-21ee66313a0a_732a4119-a333-5ce5-afbf-082453e1f6d5,119e7513-c2a0-4813-9995-46bc97b3c968,fam_graha_natal,manifestation,0.0302,,mi_pariksha_v2.0
482012f1-710e-4a25-994a-93821f5871aa,pred_8674627d-134c-4302-8253-21ee66313a0a_732a4119-a333-5ce5-afbf-082453e1f6d5,54152427-3d75-493a-aa5f-3c78ecb1cb03,fam_graha_natal,timing,0.1726,,mi_pariksha_v2.0
482012f1-710e-4a25-994a-93821f5871aa,pred_8674627d-134c-4302-8253-21ee66313a0a_732a4119-a333-5ce5-afbf-082453e1f6d5,54152427-3d75-493a-aa5f-3c78ecb1cb03,fam_graha_natal,magnitude,0.0604,,mi_pariksha_v2.0
482012f1-710e-4a25-994a-93821f5871aa,pred_8674627d-134c-4302-8253-21ee66313a0a_732a4119-a333-5ce5-afbf-082453e1f6d5,54152427-3d75-493a-aa5f-3c78ecb1cb03,fam_graha_natal,domain,0,,mi_pariksha_v2.0
482012f1-710e-4a25-994a-93821f5871aa,pred_8674627d-134c-4302-8253-21ee66313a0a_732a4119-a333-5ce5-afbf-082453e1f6d5,54152427-3d75-493a-aa5f-3c78ecb1cb03,fam_graha_natal,falsifier,0.0906,,mi_pariksha_v2.0
482012f1-710e-4a25-994a-93821f5871aa,pred_8674627d-134c-4302-8253-21ee66313a0a_732a4119-a333-5ce5-afbf-082453e1f6d5,54152427-3d75-493a-aa5f-3c78ecb1cb03,fam_graha_natal,manifestation,0.0302,,mi_pariksha_v2.0
482012f1-710e-4a25-994a-93821f5871aa,pred_8674627d-134c-4302-8253-21ee66313a0a_732a4119-a333-5ce5-afbf-082453e1f6d5,bb1f38bc-5680-43f5-aa10-fbe18c543348,fam_graha_natal,timing,0.1726,,mi_pariksha_v2.0
482012f1-710e-4a25-994a-93821f5871aa,pred_8674627d-134c-4302-8253-21ee66313a0a_732a4119-a333-5ce5-afbf-082453e1f6d5,bb1f38bc-5680-43f5-aa10-fbe18c543348,fam_graha_natal,magnitude,0.0604,,mi_pariksha_v2.0
482012f1-710e-4a25-994a-93821f5871aa,pred_8674627d-134c-4302-8253-21ee66313a0a_732a4119-a333-5ce5-afbf-082453e1f6d5,bb1f38bc-5680-43f5-aa10-fbe18c543348,fam_graha_natal,domain,0,,mi_pariksha_v2.0
482012f1-710e-4a25-994a-93821f5871aa,pred_8674627d-134c-4302-8253-21ee66313a0a_732a4119-a333-5ce5-afbf-082453e1f6d5,bb1f38bc-5680-43f5-aa10-fbe18c543348,fam_graha_natal,falsifier,0.0906,,mi_pariksha_v2.0
482012f1-710e-4a25-994a-93821f5871aa,pred_8674627d-134c-4302-8253-21ee66313a0a_732a4119-a333-5ce5-afbf-082453e1f6d5,bb1f38bc-5680-43f5-aa10-fbe18c543348,fam_graha_natal,manifestation,0.0302,,mi_pariksha_v2.0
482012f1-710e-4a25-994a-93821f5871aa,pred_8674627d-134c-4302-8253-21ee66313a0a_732a4119-a333-5ce5-afbf-082453e1f6d5,22c8c1ec-ef90-4810-82d2-f6b81b505f45,fam_transit,timing,0.1726,,mi_pariksha_v2.0
482012f1-710e-4a25-994a-93821f5871aa,pred_8674627d-134c-4302-8253-21ee66313a0a_732a4119-a333-5ce5-afbf-082453e1f6d5,22c8c1ec-ef90-4810-82d2-f6b81b505f45,fam_transit,magnitude,0.0604,,mi_pariksha_v2.0
482012f1-710e-4a25-994a-93821f5871aa,pred_8674627d-134c-4302-8253-21ee66313a0a_732a4119-a333-5ce5-afbf-082453e1f6d5,22c8c1ec-ef90-4810-82d2-f6b81b505f45,fam_transit,domain,0,,mi_pariksha_v2.0
482012f1-710e-4a25-994a-93821f5871aa,pred_8674627d-134c-4302-8253-21ee66313a0a_732a4119-a333-5ce5-afbf-082453e1f6d5,22c8c1ec-ef90-4810-82d2-f6b81b505f45,fam_transit,falsifier,0.0906,,mi_pariksha_v2.0
482012f1-710e-4a25-994a-93821f5871aa,pred_8674627d-134c-4302-8253-21ee66313a0a_732a4119-a333-5ce5-afbf-082453e1f6d5,22c8c1ec-ef90-4810-82d2-f6b81b505f45,fam_transit,manifestation,0.0302,,mi_pariksha_v2.0
482012f1-710e-4a25-994a-93821f5871aa,pred_a4a13518-b245-4f2a-9799-c3dfa079e369_3e96c6da-3ad6-5329-a40b-0b9240a1cbdb,ebb1c88a-8141-4c7e-860b-54ac293a06ac,fam_graha_natal,timing,0.4307,,mi_pariksha_v2.0
482012f1-710e-4a25-994a-93821f5871aa,pred_a4a13518-b245-4f2a-9799-c3dfa079e369_3e96c6da-3ad6-5329-a40b-0b9240a1cbdb,ebb1c88a-8141-4c7e-860b-54ac293a06ac,fam_graha_natal,magnitude,0.2161,,mi_pariksha_v2.0
482012f1-710e-4a25-994a-93821f5871aa,pred_a4a13518-b245-4f2a-9799-c3dfa079e369_3e96c6da-3ad6-5329-a40b-0b9240a1cbdb,ebb1c88a-8141-4c7e-860b-54ac293a06ac,fam_graha_natal,domain,0,,mi_pariksha_v2.0
482012f1-710e-4a25-994a-93821f5871aa,pred_a4a13518-b245-4f2a-9799-c3dfa079e369_3e96c6da-3ad6-5329-a40b-0b9240a1cbdb,ebb1c88a-8141-4c7e-860b-54ac293a06ac,fam_graha_natal,falsifier,0.3242,,mi_pariksha_v2.0
482012f1-710e-4a25-994a-93821f5871aa,pred_a4a13518-b245-4f2a-9799-c3dfa079e369_3e96c6da-3ad6-5329-a40b-0b9240a1cbdb,ebb1c88a-8141-4c7e-860b-54ac293a06ac,fam_graha_natal,manifestation,0.1081,,mi_pariksha_v2.0
482012f1-710e-4a25-994a-93821f5871aa,pred_a4a13518-b245-4f2a-9799-c3dfa079e369_3e96c6da-3ad6-5329-a40b-0b9240a1cbdb,483e332a-a168-4cf1-b93b-0ad55d77d91c,fam_graha_natal,timing,0.4307,,mi_pariksha_v2.0
482012f1-710e-4a25-994a-93821f5871aa,pred_a4a13518-b245-4f2a-9799-c3dfa079e369_3e96c6da-3ad6-5329-a40b-0b9240a1cbdb,483e332a-a168-4cf1-b93b-0ad55d77d91c,fam_graha_natal,magnitude,0.2161,,mi_pariksha_v2.0
482012f1-710e-4a25-994a-93821f5871aa,pred_a4a13518-b245-4f2a-9799-c3dfa079e369_3e96c6da-3ad6-5329-a40b-0b9240a1cbdb,483e332a-a168-4cf1-b93b-0ad55d77d91c,fam_graha_natal,domain,0,,mi_pariksha_v2.0
482012f1-710e-4a25-994a-93821f5871aa,pred_a4a13518-b245-4f2a-9799-c3dfa079e369_3e96c6da-3ad6-5329-a40b-0b9240a1cbdb,483e332a-a168-4cf1-b93b-0ad55d77d91c,fam_graha_natal,falsifier,0.3242,,mi_pariksha_v2.0
482012f1-710e-4a25-994a-93821f5871aa,pred_a4a13518-b245-4f2a-9799-c3dfa079e369_3e96c6da-3ad6-5329-a40b-0b9240a1cbdb,483e332a-a168-4cf1-b93b-0ad55d77d91c,fam_graha_natal,manifestation,0.1081,,mi_pariksha_v2.0
482012f1-710e-4a25-994a-93821f5871aa,pred_a4a13518-b245-4f2a-9799-c3dfa079e369_3e96c6da-3ad6-5329-a40b-0b9240a1cbdb,c31d3e74-2f44-41a6-8025-b32e44dbe1e2,fam_graha_natal,timing,0.4307,,mi_pariksha_v2.0
482012f1-710e-4a25-994a-93821f5871aa,pred_a4a13518-b245-4f2a-9799-c3dfa079e369_3e96c6da-3ad6-5329-a40b-0b9240a1cbdb,c31d3e74-2f44-41a6-8025-b32e44dbe1e2,fam_graha_natal,magnitude,0.2161,,mi_pariksha_v2.0
482012f1-710e-4a25-994a-93821f5871aa,pred_a4a13518-b245-4f2a-9799-c3dfa079e369_3e96c6da-3ad6-5329-a40b-0b9240a1cbdb,c31d3e74-2f44-41a6-8025-b32e44dbe1e2,fam_graha_natal,domain,0,,mi_pariksha_v2.0
482012f1-710e-4a25-994a-93821f5871aa,pred_a4a13518-b245-4f2a-9799-c3dfa079e369_3e96c6da-3ad6-5329-a40b-0b9240a1cbdb,c31d3e74-2f44-41a6-8025-b32e44dbe1e2,fam_graha_natal,falsifier,0.3242,,mi_pariksha_v2.0
482012f1-710e-4a25-994a-93821f5871aa,pred_a4a13518-b245-4f2a-9799-c3dfa079e369_3e96c6da-3ad6-5329-a40b-0b9240a1cbdb,c31d3e74-2f44-41a6-8025-b32e44dbe1e2,fam_graha_natal,manifestation,0.1081,,mi_pariksha_v2.0
482012f1-710e-4a25-994a-93821f5871aa,pred_a4a13518-b245-4f2a-9799-c3dfa079e369_3e96c6da-3ad6-5329-a40b-0b9240a1cbdb,2dff20cd-12f5-492e-a88e-3fef42547eca,fam_graha_natal,timing,0.4307,,mi_pariksha_v2.0
482012f1-710e-4a25-994a-93821f5871aa,pred_a4a13518-b245-4f2a-9799-c3dfa079e369_3e96c6da-3ad6-5329-a40b-0b9240a1cbdb,2dff20cd-12f5-492e-a88e-3fef42547eca,fam_graha_natal,magnitude,0.2161,,mi_pariksha_v2.0
482012f1-710e-4a25-994a-93821f5871aa,pred_a4a13518-b245-4f2a-9799-c3dfa079e369_3e96c6da-3ad6-5329-a40b-0b9240a1cbdb,2dff20cd-12f5-492e-a88e-3fef42547eca,fam_graha_natal,domain,0,,mi_pariksha_v2.0
482012f1-710e-4a25-994a-93821f5871aa,pred_a4a13518-b245-4f2a-9799-c3dfa079e369_3e96c6da-3ad6-5329-a40b-0b9240a1cbdb,2dff20cd-12f5-492e-a88e-3fef42547eca,fam_graha_natal,falsifier,0.3242,,mi_pariksha_v2.0
482012f1-710e-4a25-994a-93821f5871aa,pred_a4a13518-b245-4f2a-9799-c3dfa079e369_3e96c6da-3ad6-5329-a40b-0b9240a1cbdb,2dff20cd-12f5-492e-a88e-3fef42547eca,fam_graha_natal,manifestation,0.1081,,mi_pariksha_v2.0
482012f1-710e-4a25-994a-93821f5871aa,pred_a4a13518-b245-4f2a-9799-c3dfa079e369_3e96c6da-3ad6-5329-a40b-0b9240a1cbdb,d49da2e1-4b63-45f1-920e-c274df3ded21,fam_graha_natal,timing,0.4307,,mi_pariksha_v2.0
482012f1-710e-4a25-994a-93821f5871aa,pred_a4a13518-b245-4f2a-9799-c3dfa079e369_3e96c6da-3ad6-5329-a40b-0b9240a1cbdb,d49da2e1-4b63-45f1-920e-c274df3ded21,fam_graha_natal,magnitude,0.2161,,mi_pariksha_v2.0
482012f1-710e-4a25-994a-93821f5871aa,pred_a4a13518-b245-4f2a-9799-c3dfa079e369_3e96c6da-3ad6-5329-a40b-0b9240a1cbdb,d49da2e1-4b63-45f1-920e-c274df3ded21,fam_graha_natal,domain,0,,mi_pariksha_v2.0
482012f1-710e-4a25-994a-93821f5871aa,pred_a4a13518-b245-4f2a-9799-c3dfa079e369_3e96c6da-3ad6-5329-a40b-0b9240a1cbdb,d49da2e1-4b63-45f1-920e-c274df3ded21,fam_graha_natal,falsifier,0.3242,,mi_pariksha_v2.0
482012f1-710e-4a25-994a-93821f5871aa,pred_a4a13518-b245-4f2a-9799-c3dfa079e369_3e96c6da-3ad6-5329-a40b-0b9240a1cbdb,d49da2e1-4b63-45f1-920e-c274df3ded21,fam_graha_natal,manifestation,0.1081,,mi_pariksha_v2.0
482012f1-710e-4a25-994a-93821f5871aa,pred_a4a13518-b245-4f2a-9799-c3dfa079e369_64c475da-5248-5332-9127-9331fae79f23,ebb1c88a-8141-4c7e-860b-54ac293a06ac,fam_graha_natal,timing,0.4307,,mi_pariksha_v2.0
482012f1-710e-4a25-994a-93821f5871aa,pred_a4a13518-b245-4f2a-9799-c3dfa079e369_64c475da-5248-5332-9127-9331fae79f23,ebb1c88a-8141-4c7e-860b-54ac293a06ac,fam_graha_natal,magnitude,0.2161,,mi_pariksha_v2.0
482012f1-710e-4a25-994a-93821f5871aa,pred_a4a13518-b245-4f2a-9799-c3dfa079e369_64c475da-5248-5332-9127-9331fae79f23,ebb1c88a-8141-4c7e-860b-54ac293a06ac,fam_graha_natal,domain,0,,mi_pariksha_v2.0
482012f1-710e-4a25-994a-93821f5871aa,pred_a4a13518-b245-4f2a-9799-c3dfa079e369_64c475da-5248-5332-9127-9331fae79f23,ebb1c88a-8141-4c7e-860b-54ac293a06ac,fam_graha_natal,falsifier,0.3242,,mi_pariksha_v2.0
482012f1-710e-4a25-994a-93821f5871aa,pred_a4a13518-b245-4f2a-9799-c3dfa079e369_64c475da-5248-5332-9127-9331fae79f23,ebb1c88a-8141-4c7e-860b-54ac293a06ac,fam_graha_natal,manifestation,0.1081,,mi_pariksha_v2.0
482012f1-710e-4a25-994a-93821f5871aa,pred_a4a13518-b245-4f2a-9799-c3dfa079e369_64c475da-5248-5332-9127-9331fae79f23,483e332a-a168-4cf1-b93b-0ad55d77d91c,fam_graha_natal,timing,0.4307,,mi_pariksha_v2.0
482012f1-710e-4a25-994a-93821f5871aa,pred_a4a13518-b245-4f2a-9799-c3dfa079e369_64c475da-5248-5332-9127-9331fae79f23,483e332a-a168-4cf1-b93b-0ad55d77d91c,fam_graha_natal,magnitude,0.2161,,mi_pariksha_v2.0
482012f1-710e-4a25-994a-93821f5871aa,pred_a4a13518-b245-4f2a-9799-c3dfa079e369_64c475da-5248-5332-9127-9331fae79f23,483e332a-a168-4cf1-b93b-0ad55d77d91c,fam_graha_natal,domain,0,,mi_pariksha_v2.0
482012f1-710e-4a25-994a-93821f5871aa,pred_a4a13518-b245-4f2a-9799-c3dfa079e369_64c475da-5248-5332-9127-9331fae79f23,483e332a-a168-4cf1-b93b-0ad55d77d91c,fam_graha_natal,falsifier,0.3242,,mi_pariksha_v2.0
482012f1-710e-4a25-994a-93821f5871aa,pred_a4a13518-b245-4f2a-9799-c3dfa079e369_64c475da-5248-5332-9127-9331fae79f23,483e332a-a168-4cf1-b93b-0ad55d77d91c,fam_graha_natal,manifestation,0.1081,,mi_pariksha_v2.0
482012f1-710e-4a25-994a-93821f5871aa,pred_a4a13518-b245-4f2a-9799-c3dfa079e369_64c475da-5248-5332-9127-9331fae79f23,c31d3e74-2f44-41a6-8025-b32e44dbe1e2,fam_graha_natal,timing,0.4307,,mi_pariksha_v2.0
482012f1-710e-4a25-994a-93821f5871aa,pred_a4a13518-b245-4f2a-9799-c3dfa079e369_64c475da-5248-5332-9127-9331fae79f23,c31d3e74-2f44-41a6-8025-b32e44dbe1e2,fam_graha_natal,magnitude,0.2161,,mi_pariksha_v2.0
482012f1-710e-4a25-994a-93821f5871aa,pred_a4a13518-b245-4f2a-9799-c3dfa079e369_64c475da-5248-5332-9127-9331fae79f23,c31d3e74-2f44-41a6-8025-b32e44dbe1e2,fam_graha_natal,domain,0,,mi_pariksha_v2.0
482012f1-710e-4a25-994a-93821f5871aa,pred_a4a13518-b245-4f2a-9799-c3dfa079e369_64c475da-5248-5332-9127-9331fae79f23,c31d3e74-2f44-41a6-8025-b32e44dbe1e2,fam_graha_natal,falsifier,0.3242,,mi_pariksha_v2.0
482012f1-710e-4a25-994a-93821f5871aa,pred_a4a13518-b245-4f2a-9799-c3dfa079e369_64c475da-5248-5332-9127-9331fae79f23,c31d3e74-2f44-41a6-8025-b32e44dbe1e2,fam_graha_natal,manifestation,0.1081,,mi_pariksha_v2.0
482012f1-710e-4a25-994a-93821f5871aa,pred_a4a13518-b245-4f2a-9799-c3dfa079e369_64c475da-5248-5332-9127-9331fae79f23,2dff20cd-12f5-492e-a88e-3fef42547eca,fam_graha_natal,timing,0.4307,,mi_pariksha_v2.0
482012f1-710e-4a25-994a-93821f5871aa,pred_a4a13518-b245-4f2a-9799-c3dfa079e369_64c475da-5248-5332-9127-9331fae79f23,2dff20cd-12f5-492e-a88e-3fef42547eca,fam_graha_natal,magnitude,0.2161,,mi_pariksha_v2.0
482012f1-710e-4a25-994a-93821f5871aa,pred_a4a13518-b245-4f2a-9799-c3dfa079e369_64c475da-5248-5332-9127-9331fae79f23,2dff20cd-12f5-492e-a88e-3fef42547eca,fam_graha_natal,domain,0,,mi_pariksha_v2.0
482012f1-710e-4a25-994a-93821f5871aa,pred_a4a13518-b245-4f2a-9799-c3dfa079e369_64c475da-5248-5332-9127-9331fae79f23,2dff20cd-12f5-492e-a88e-3fef42547eca,fam_graha_natal,falsifier,0.3242,,mi_pariksha_v2.0
482012f1-710e-4a25-994a-93821f5871aa,pred_a4a13518-b245-4f2a-9799-c3dfa079e369_64c475da-5248-5332-9127-9331fae79f23,2dff20cd-12f5-492e-a88e-3fef42547eca,fam_graha_natal,manifestation,0.1081,,mi_pariksha_v2.0
482012f1-710e-4a25-994a-93821f5871aa,pred_a4a13518-b245-4f2a-9799-c3dfa079e369_64c475da-5248-5332-9127-9331fae79f23,d49da2e1-4b63-45f1-920e-c274df3ded21,fam_graha_natal,timing,0.4307,,mi_pariksha_v2.0
482012f1-710e-4a25-994a-93821f5871aa,pred_a4a13518-b245-4f2a-9799-c3dfa079e369_64c475da-5248-5332-9127-9331fae79f23,d49da2e1-4b63-45f1-920e-c274df3ded21,fam_graha_natal,magnitude,0.2161,,mi_pariksha_v2.0
482012f1-710e-4a25-994a-93821f5871aa,pred_a4a13518-b245-4f2a-9799-c3dfa079e369_64c475da-5248-5332-9127-9331fae79f23,d49da2e1-4b63-45f1-920e-c274df3ded21,fam_graha_natal,domain,0,,mi_pariksha_v2.0
482012f1-710e-4a25-994a-93821f5871aa,pred_a4a13518-b245-4f2a-9799-c3dfa079e369_64c475da-5248-5332-9127-9331fae79f23,d49da2e1-4b63-45f1-920e-c274df3ded21,fam_graha_natal,falsifier,0.3242,,mi_pariksha_v2.0
482012f1-710e-4a25-994a-93821f5871aa,pred_a4a13518-b245-4f2a-9799-c3dfa079e369_64c475da-5248-5332-9127-9331fae79f23,d49da2e1-4b63-45f1-920e-c274df3ded21,fam_graha_natal,manifestation,0.1081,,mi_pariksha_v2.0
482012f1-710e-4a25-994a-93821f5871aa,pred_a811641d-9dd7-49ad-9914-0f65a63892f6_275b0c18-a159-5560-95f7-2a6cfbec58c4,ebb1c88a-8141-4c7e-860b-54ac293a06ac,fam_graha_natal,timing,0.0246,,mi_pariksha_v2.0
482012f1-710e-4a25-994a-93821f5871aa,pred_a811641d-9dd7-49ad-9914-0f65a63892f6_275b0c18-a159-5560-95f7-2a6cfbec58c4,ebb1c88a-8141-4c7e-860b-54ac293a06ac,fam_graha_natal,magnitude,0.2161,,mi_pariksha_v2.0
482012f1-710e-4a25-994a-93821f5871aa,pred_a811641d-9dd7-49ad-9914-0f65a63892f6_275b0c18-a159-5560-95f7-2a6cfbec58c4,ebb1c88a-8141-4c7e-860b-54ac293a06ac,fam_graha_natal,domain,0,,mi_pariksha_v2.0
482012f1-710e-4a25-994a-93821f5871aa,pred_a811641d-9dd7-49ad-9914-0f65a63892f6_275b0c18-a159-5560-95f7-2a6cfbec58c4,ebb1c88a-8141-4c7e-860b-54ac293a06ac,fam_graha_natal,falsifier,0.3242,,mi_pariksha_v2.0
482012f1-710e-4a25-994a-93821f5871aa,pred_a811641d-9dd7-49ad-9914-0f65a63892f6_275b0c18-a159-5560-95f7-2a6cfbec58c4,ebb1c88a-8141-4c7e-860b-54ac293a06ac,fam_graha_natal,manifestation,0.1081,,mi_pariksha_v2.0
482012f1-710e-4a25-994a-93821f5871aa,pred_a811641d-9dd7-49ad-9914-0f65a63892f6_275b0c18-a159-5560-95f7-2a6cfbec58c4,483e332a-a168-4cf1-b93b-0ad55d77d91c,fam_graha_natal,timing,0.0246,,mi_pariksha_v2.0
482012f1-710e-4a25-994a-93821f5871aa,pred_a811641d-9dd7-49ad-9914-0f65a63892f6_275b0c18-a159-5560-95f7-2a6cfbec58c4,483e332a-a168-4cf1-b93b-0ad55d77d91c,fam_graha_natal,magnitude,0.2161,,mi_pariksha_v2.0
482012f1-710e-4a25-994a-93821f5871aa,pred_a811641d-9dd7-49ad-9914-0f65a63892f6_275b0c18-a159-5560-95f7-2a6cfbec58c4,483e332a-a168-4cf1-b93b-0ad55d77d91c,fam_graha_natal,domain,0,,mi_pariksha_v2.0
482012f1-710e-4a25-994a-93821f5871aa,pred_a811641d-9dd7-49ad-9914-0f65a63892f6_275b0c18-a159-5560-95f7-2a6cfbec58c4,483e332a-a168-4cf1-b93b-0ad55d77d91c,fam_graha_natal,falsifier,0.3242,,mi_pariksha_v2.0
482012f1-710e-4a25-994a-93821f5871aa,pred_a811641d-9dd7-49ad-9914-0f65a63892f6_275b0c18-a159-5560-95f7-2a6cfbec58c4,483e332a-a168-4cf1-b93b-0ad55d77d91c,fam_graha_natal,manifestation,0.1081,,mi_pariksha_v2.0
482012f1-710e-4a25-994a-93821f5871aa,pred_a811641d-9dd7-49ad-9914-0f65a63892f6_275b0c18-a159-5560-95f7-2a6cfbec58c4,c31d3e74-2f44-41a6-8025-b32e44dbe1e2,fam_graha_natal,timing,0.0246,,mi_pariksha_v2.0
482012f1-710e-4a25-994a-93821f5871aa,pred_a811641d-9dd7-49ad-9914-0f65a63892f6_275b0c18-a159-5560-95f7-2a6cfbec58c4,c31d3e74-2f44-41a6-8025-b32e44dbe1e2,fam_graha_natal,magnitude,0.2161,,mi_pariksha_v2.0
482012f1-710e-4a25-994a-93821f5871aa,pred_a811641d-9dd7-49ad-9914-0f65a63892f6_275b0c18-a159-5560-95f7-2a6cfbec58c4,c31d3e74-2f44-41a6-8025-b32e44dbe1e2,fam_graha_natal,domain,0,,mi_pariksha_v2.0
482012f1-710e-4a25-994a-93821f5871aa,pred_a811641d-9dd7-49ad-9914-0f65a63892f6_275b0c18-a159-5560-95f7-2a6cfbec58c4,c31d3e74-2f44-41a6-8025-b32e44dbe1e2,fam_graha_natal,falsifier,0.3242,,mi_pariksha_v2.0
482012f1-710e-4a25-994a-93821f5871aa,pred_a811641d-9dd7-49ad-9914-0f65a63892f6_275b0c18-a159-5560-95f7-2a6cfbec58c4,c31d3e74-2f44-41a6-8025-b32e44dbe1e2,fam_graha_natal,manifestation,0.1081,,mi_pariksha_v2.0
482012f1-710e-4a25-994a-93821f5871aa,pred_a811641d-9dd7-49ad-9914-0f65a63892f6_275b0c18-a159-5560-95f7-2a6cfbec58c4,2dff20cd-12f5-492e-a88e-3fef42547eca,fam_graha_natal,timing,0.0246,,mi_pariksha_v2.0
482012f1-710e-4a25-994a-93821f5871aa,pred_a811641d-9dd7-49ad-9914-0f65a63892f6_275b0c18-a159-5560-95f7-2a6cfbec58c4,2dff20cd-12f5-492e-a88e-3fef42547eca,fam_graha_natal,magnitude,0.2161,,mi_pariksha_v2.0
482012f1-710e-4a25-994a-93821f5871aa,pred_a811641d-9dd7-49ad-9914-0f65a63892f6_275b0c18-a159-5560-95f7-2a6cfbec58c4,2dff20cd-12f5-492e-a88e-3fef42547eca,fam_graha_natal,domain,0,,mi_pariksha_v2.0
482012f1-710e-4a25-994a-93821f5871aa,pred_a811641d-9dd7-49ad-9914-0f65a63892f6_275b0c18-a159-5560-95f7-2a6cfbec58c4,2dff20cd-12f5-492e-a88e-3fef42547eca,fam_graha_natal,falsifier,0.3242,,mi_pariksha_v2.0
482012f1-710e-4a25-994a-93821f5871aa,pred_a811641d-9dd7-49ad-9914-0f65a63892f6_275b0c18-a159-5560-95f7-2a6cfbec58c4,2dff20cd-12f5-492e-a88e-3fef42547eca,fam_graha_natal,manifestation,0.1081,,mi_pariksha_v2.0
482012f1-710e-4a25-994a-93821f5871aa,pred_a811641d-9dd7-49ad-9914-0f65a63892f6_275b0c18-a159-5560-95f7-2a6cfbec58c4,d49da2e1-4b63-45f1-920e-c274df3ded21,fam_graha_natal,timing,0.0246,,mi_pariksha_v2.0
482012f1-710e-4a25-994a-93821f5871aa,pred_a811641d-9dd7-49ad-9914-0f65a63892f6_275b0c18-a159-5560-95f7-2a6cfbec58c4,d49da2e1-4b63-45f1-920e-c274df3ded21,fam_graha_natal,magnitude,0.2161,,mi_pariksha_v2.0
482012f1-710e-4a25-994a-93821f5871aa,pred_a811641d-9dd7-49ad-9914-0f65a63892f6_275b0c18-a159-5560-95f7-2a6cfbec58c4,d49da2e1-4b63-45f1-920e-c274df3ded21,fam_graha_natal,domain,0,,mi_pariksha_v2.0
482012f1-710e-4a25-994a-93821f5871aa,pred_a811641d-9dd7-49ad-9914-0f65a63892f6_275b0c18-a159-5560-95f7-2a6cfbec58c4,d49da2e1-4b63-45f1-920e-c274df3ded21,fam_graha_natal,falsifier,0.3242,,mi_pariksha_v2.0
482012f1-710e-4a25-994a-93821f5871aa,pred_a811641d-9dd7-49ad-9914-0f65a63892f6_275b0c18-a159-5560-95f7-2a6cfbec58c4,d49da2e1-4b63-45f1-920e-c274df3ded21,fam_graha_natal,manifestation,0.1081,,mi_pariksha_v2.0
482012f1-710e-4a25-994a-93821f5871aa,pred_a811641d-9dd7-49ad-9914-0f65a63892f6_661c8535-5906-5333-8b38-e14305bddad6,ebb1c88a-8141-4c7e-860b-54ac293a06ac,fam_graha_natal,timing,0.2587,,mi_pariksha_v2.0
482012f1-710e-4a25-994a-93821f5871aa,pred_a811641d-9dd7-49ad-9914-0f65a63892f6_661c8535-5906-5333-8b38-e14305bddad6,ebb1c88a-8141-4c7e-860b-54ac293a06ac,fam_graha_natal,magnitude,0.2161,,mi_pariksha_v2.0
482012f1-710e-4a25-994a-93821f5871aa,pred_a811641d-9dd7-49ad-9914-0f65a63892f6_661c8535-5906-5333-8b38-e14305bddad6,ebb1c88a-8141-4c7e-860b-54ac293a06ac,fam_graha_natal,domain,0,,mi_pariksha_v2.0
482012f1-710e-4a25-994a-93821f5871aa,pred_a811641d-9dd7-49ad-9914-0f65a63892f6_661c8535-5906-5333-8b38-e14305bddad6,ebb1c88a-8141-4c7e-860b-54ac293a06ac,fam_graha_natal,falsifier,0.3242,,mi_pariksha_v2.0
482012f1-710e-4a25-994a-93821f5871aa,pred_a811641d-9dd7-49ad-9914-0f65a63892f6_661c8535-5906-5333-8b38-e14305bddad6,ebb1c88a-8141-4c7e-860b-54ac293a06ac,fam_graha_natal,manifestation,0.1081,,mi_pariksha_v2.0
482012f1-710e-4a25-994a-93821f5871aa,pred_a811641d-9dd7-49ad-9914-0f65a63892f6_661c8535-5906-5333-8b38-e14305bddad6,483e332a-a168-4cf1-b93b-0ad55d77d91c,fam_graha_natal,timing,0.2587,,mi_pariksha_v2.0
482012f1-710e-4a25-994a-93821f5871aa,pred_a811641d-9dd7-49ad-9914-0f65a63892f6_661c8535-5906-5333-8b38-e14305bddad6,483e332a-a168-4cf1-b93b-0ad55d77d91c,fam_graha_natal,magnitude,0.2161,,mi_pariksha_v2.0
482012f1-710e-4a25-994a-93821f5871aa,pred_a811641d-9dd7-49ad-9914-0f65a63892f6_661c8535-5906-5333-8b38-e14305bddad6,483e332a-a168-4cf1-b93b-0ad55d77d91c,fam_graha_natal,domain,0,,mi_pariksha_v2.0
482012f1-710e-4a25-994a-93821f5871aa,pred_a811641d-9dd7-49ad-9914-0f65a63892f6_661c8535-5906-5333-8b38-e14305bddad6,483e332a-a168-4cf1-b93b-0ad55d77d91c,fam_graha_natal,falsifier,0.3242,,mi_pariksha_v2.0
482012f1-710e-4a25-994a-93821f5871aa,pred_a811641d-9dd7-49ad-9914-0f65a63892f6_661c8535-5906-5333-8b38-e14305bddad6,483e332a-a168-4cf1-b93b-0ad55d77d91c,fam_graha_natal,manifestation,0.1081,,mi_pariksha_v2.0
482012f1-710e-4a25-994a-93821f5871aa,pred_a811641d-9dd7-49ad-9914-0f65a63892f6_661c8535-5906-5333-8b38-e14305bddad6,c31d3e74-2f44-41a6-8025-b32e44dbe1e2,fam_graha_natal,timing,0.2587,,mi_pariksha_v2.0
482012f1-710e-4a25-994a-93821f5871aa,pred_a811641d-9dd7-49ad-9914-0f65a63892f6_661c8535-5906-5333-8b38-e14305bddad6,c31d3e74-2f44-41a6-8025-b32e44dbe1e2,fam_graha_natal,magnitude,0.2161,,mi_pariksha_v2.0
482012f1-710e-4a25-994a-93821f5871aa,pred_a811641d-9dd7-49ad-9914-0f65a63892f6_661c8535-5906-5333-8b38-e14305bddad6,c31d3e74-2f44-41a6-8025-b32e44dbe1e2,fam_graha_natal,domain,0,,mi_pariksha_v2.0
482012f1-710e-4a25-994a-93821f5871aa,pred_a811641d-9dd7-49ad-9914-0f65a63892f6_661c8535-5906-5333-8b38-e14305bddad6,c31d3e74-2f44-41a6-8025-b32e44dbe1e2,fam_graha_natal,falsifier,0.3242,,mi_pariksha_v2.0
482012f1-710e-4a25-994a-93821f5871aa,pred_a811641d-9dd7-49ad-9914-0f65a63892f6_661c8535-5906-5333-8b38-e14305bddad6,c31d3e74-2f44-41a6-8025-b32e44dbe1e2,fam_graha_natal,manifestation,0.1081,,mi_pariksha_v2.0
482012f1-710e-4a25-994a-93821f5871aa,pred_a811641d-9dd7-49ad-9914-0f65a63892f6_661c8535-5906-5333-8b38-e14305bddad6,2dff20cd-12f5-492e-a88e-3fef42547eca,fam_graha_natal,timing,0.2587,,mi_pariksha_v2.0
482012f1-710e-4a25-994a-93821f5871aa,pred_a811641d-9dd7-49ad-9914-0f65a63892f6_661c8535-5906-5333-8b38-e14305bddad6,2dff20cd-12f5-492e-a88e-3fef42547eca,fam_graha_natal,magnitude,0.2161,,mi_pariksha_v2.0
482012f1-710e-4a25-994a-93821f5871aa,pred_a811641d-9dd7-49ad-9914-0f65a63892f6_661c8535-5906-5333-8b38-e14305bddad6,2dff20cd-12f5-492e-a88e-3fef42547eca,fam_graha_natal,domain,0,,mi_pariksha_v2.0
482012f1-710e-4a25-994a-93821f5871aa,pred_a811641d-9dd7-49ad-9914-0f65a63892f6_661c8535-5906-5333-8b38-e14305bddad6,2dff20cd-12f5-492e-a88e-3fef42547eca,fam_graha_natal,falsifier,0.3242,,mi_pariksha_v2.0
482012f1-710e-4a25-994a-93821f5871aa,pred_a811641d-9dd7-49ad-9914-0f65a63892f6_661c8535-5906-5333-8b38-e14305bddad6,2dff20cd-12f5-492e-a88e-3fef42547eca,fam_graha_natal,manifestation,0.1081,,mi_pariksha_v2.0
482012f1-710e-4a25-994a-93821f5871aa,pred_a811641d-9dd7-49ad-9914-0f65a63892f6_661c8535-5906-5333-8b38-e14305bddad6,d49da2e1-4b63-45f1-920e-c274df3ded21,fam_graha_natal,timing,0.2587,,mi_pariksha_v2.0
482012f1-710e-4a25-994a-93821f5871aa,pred_a811641d-9dd7-49ad-9914-0f65a63892f6_661c8535-5906-5333-8b38-e14305bddad6,d49da2e1-4b63-45f1-920e-c274df3ded21,fam_graha_natal,magnitude,0.2161,,mi_pariksha_v2.0
482012f1-710e-4a25-994a-93821f5871aa,pred_a811641d-9dd7-49ad-9914-0f65a63892f6_661c8535-5906-5333-8b38-e14305bddad6,d49da2e1-4b63-45f1-920e-c274df3ded21,fam_graha_natal,domain,0,,mi_pariksha_v2.0
482012f1-710e-4a25-994a-93821f5871aa,pred_a811641d-9dd7-49ad-9914-0f65a63892f6_661c8535-5906-5333-8b38-e14305bddad6,d49da2e1-4b63-45f1-920e-c274df3ded21,fam_graha_natal,falsifier,0.3242,,mi_pariksha_v2.0
482012f1-710e-4a25-994a-93821f5871aa,pred_a811641d-9dd7-49ad-9914-0f65a63892f6_661c8535-5906-5333-8b38-e14305bddad6,d49da2e1-4b63-45f1-920e-c274df3ded21,fam_graha_natal,manifestation,0.1081,,mi_pariksha_v2.0
482012f1-710e-4a25-994a-93821f5871aa,pred_a811641d-9dd7-49ad-9914-0f65a63892f6_836bb274-6a6f-5c29-a298-f3c476197b8a,ebb1c88a-8141-4c7e-860b-54ac293a06ac,fam_graha_natal,timing,0.571,,mi_pariksha_v2.0
482012f1-710e-4a25-994a-93821f5871aa,pred_a811641d-9dd7-49ad-9914-0f65a63892f6_836bb274-6a6f-5c29-a298-f3c476197b8a,ebb1c88a-8141-4c7e-860b-54ac293a06ac,fam_graha_natal,magnitude,0.2161,,mi_pariksha_v2.0
482012f1-710e-4a25-994a-93821f5871aa,pred_a811641d-9dd7-49ad-9914-0f65a63892f6_836bb274-6a6f-5c29-a298-f3c476197b8a,ebb1c88a-8141-4c7e-860b-54ac293a06ac,fam_graha_natal,domain,0,,mi_pariksha_v2.0
482012f1-710e-4a25-994a-93821f5871aa,pred_a811641d-9dd7-49ad-9914-0f65a63892f6_836bb274-6a6f-5c29-a298-f3c476197b8a,ebb1c88a-8141-4c7e-860b-54ac293a06ac,fam_graha_natal,falsifier,0.3242,,mi_pariksha_v2.0
482012f1-710e-4a25-994a-93821f5871aa,pred_a811641d-9dd7-49ad-9914-0f65a63892f6_836bb274-6a6f-5c29-a298-f3c476197b8a,ebb1c88a-8141-4c7e-860b-54ac293a06ac,fam_graha_natal,manifestation,0.1081,,mi_pariksha_v2.0
482012f1-710e-4a25-994a-93821f5871aa,pred_a811641d-9dd7-49ad-9914-0f65a63892f6_836bb274-6a6f-5c29-a298-f3c476197b8a,483e332a-a168-4cf1-b93b-0ad55d77d91c,fam_graha_natal,timing,0.571,,mi_pariksha_v2.0
482012f1-710e-4a25-994a-93821f5871aa,pred_a811641d-9dd7-49ad-9914-0f65a63892f6_836bb274-6a6f-5c29-a298-f3c476197b8a,483e332a-a168-4cf1-b93b-0ad55d77d91c,fam_graha_natal,magnitude,0.2161,,mi_pariksha_v2.0
482012f1-710e-4a25-994a-93821f5871aa,pred_a811641d-9dd7-49ad-9914-0f65a63892f6_836bb274-6a6f-5c29-a298-f3c476197b8a,483e332a-a168-4cf1-b93b-0ad55d77d91c,fam_graha_natal,domain,0,,mi_pariksha_v2.0
482012f1-710e-4a25-994a-93821f5871aa,pred_a811641d-9dd7-49ad-9914-0f65a63892f6_836bb274-6a6f-5c29-a298-f3c476197b8a,483e332a-a168-4cf1-b93b-0ad55d77d91c,fam_graha_natal,falsifier,0.3242,,mi_pariksha_v2.0
482012f1-710e-4a25-994a-93821f5871aa,pred_a811641d-9dd7-49ad-9914-0f65a63892f6_836bb274-6a6f-5c29-a298-f3c476197b8a,483e332a-a168-4cf1-b93b-0ad55d77d91c,fam_graha_natal,manifestation,0.1081,,mi_pariksha_v2.0
482012f1-710e-4a25-994a-93821f5871aa,pred_a811641d-9dd7-49ad-9914-0f65a63892f6_836bb274-6a6f-5c29-a298-f3c476197b8a,c31d3e74-2f44-41a6-8025-b32e44dbe1e2,fam_graha_natal,timing,0.571,,mi_pariksha_v2.0
482012f1-710e-4a25-994a-93821f5871aa,pred_a811641d-9dd7-49ad-9914-0f65a63892f6_836bb274-6a6f-5c29-a298-f3c476197b8a,c31d3e74-2f44-41a6-8025-b32e44dbe1e2,fam_graha_natal,magnitude,0.2161,,mi_pariksha_v2.0
482012f1-710e-4a25-994a-93821f5871aa,pred_a811641d-9dd7-49ad-9914-0f65a63892f6_836bb274-6a6f-5c29-a298-f3c476197b8a,c31d3e74-2f44-41a6-8025-b32e44dbe1e2,fam_graha_natal,domain,0,,mi_pariksha_v2.0
482012f1-710e-4a25-994a-93821f5871aa,pred_a811641d-9dd7-49ad-9914-0f65a63892f6_836bb274-6a6f-5c29-a298-f3c476197b8a,c31d3e74-2f44-41a6-8025-b32e44dbe1e2,fam_graha_natal,falsifier,0.3242,,mi_pariksha_v2.0
482012f1-710e-4a25-994a-93821f5871aa,pred_a811641d-9dd7-49ad-9914-0f65a63892f6_836bb274-6a6f-5c29-a298-f3c476197b8a,c31d3e74-2f44-41a6-8025-b32e44dbe1e2,fam_graha_natal,manifestation,0.1081,,mi_pariksha_v2.0
482012f1-710e-4a25-994a-93821f5871aa,pred_a811641d-9dd7-49ad-9914-0f65a63892f6_836bb274-6a6f-5c29-a298-f3c476197b8a,2dff20cd-12f5-492e-a88e-3fef42547eca,fam_graha_natal,timing,0.571,,mi_pariksha_v2.0
482012f1-710e-4a25-994a-93821f5871aa,pred_a811641d-9dd7-49ad-9914-0f65a63892f6_836bb274-6a6f-5c29-a298-f3c476197b8a,2dff20cd-12f5-492e-a88e-3fef42547eca,fam_graha_natal,magnitude,0.2161,,mi_pariksha_v2.0
482012f1-710e-4a25-994a-93821f5871aa,pred_a811641d-9dd7-49ad-9914-0f65a63892f6_836bb274-6a6f-5c29-a298-f3c476197b8a,2dff20cd-12f5-492e-a88e-3fef42547eca,fam_graha_natal,domain,0,,mi_pariksha_v2.0
482012f1-710e-4a25-994a-93821f5871aa,pred_a811641d-9dd7-49ad-9914-0f65a63892f6_836bb274-6a6f-5c29-a298-f3c476197b8a,2dff20cd-12f5-492e-a88e-3fef42547eca,fam_graha_natal,falsifier,0.3242,,mi_pariksha_v2.0
482012f1-710e-4a25-994a-93821f5871aa,pred_a811641d-9dd7-49ad-9914-0f65a63892f6_836bb274-6a6f-5c29-a298-f3c476197b8a,2dff20cd-12f5-492e-a88e-3fef42547eca,fam_graha_natal,manifestation,0.1081,,mi_pariksha_v2.0
482012f1-710e-4a25-994a-93821f5871aa,pred_a811641d-9dd7-49ad-9914-0f65a63892f6_836bb274-6a6f-5c29-a298-f3c476197b8a,d49da2e1-4b63-45f1-920e-c274df3ded21,fam_graha_natal,timing,0.571,,mi_pariksha_v2.0
482012f1-710e-4a25-994a-93821f5871aa,pred_a811641d-9dd7-49ad-9914-0f65a63892f6_836bb274-6a6f-5c29-a298-f3c476197b8a,d49da2e1-4b63-45f1-920e-c274df3ded21,fam_graha_natal,magnitude,0.2161,,mi_pariksha_v2.0
482012f1-710e-4a25-994a-93821f5871aa,pred_a811641d-9dd7-49ad-9914-0f65a63892f6_836bb274-6a6f-5c29-a298-f3c476197b8a,d49da2e1-4b63-45f1-920e-c274df3ded21,fam_graha_natal,domain,0,,mi_pariksha_v2.0
482012f1-710e-4a25-994a-93821f5871aa,pred_a811641d-9dd7-49ad-9914-0f65a63892f6_836bb274-6a6f-5c29-a298-f3c476197b8a,d49da2e1-4b63-45f1-920e-c274df3ded21,fam_graha_natal,falsifier,0.3242,,mi_pariksha_v2.0
482012f1-710e-4a25-994a-93821f5871aa,pred_a811641d-9dd7-49ad-9914-0f65a63892f6_836bb274-6a6f-5c29-a298-f3c476197b8a,d49da2e1-4b63-45f1-920e-c274df3ded21,fam_graha_natal,manifestation,0.1081,,mi_pariksha_v2.0
482012f1-710e-4a25-994a-93821f5871aa,pred_a811641d-9dd7-49ad-9914-0f65a63892f6_acb209c7-8107-53e7-b6ea-b8596e0f07cb,ebb1c88a-8141-4c7e-860b-54ac293a06ac,fam_graha_natal,timing,0.0014,,mi_pariksha_v2.0
482012f1-710e-4a25-994a-93821f5871aa,pred_a811641d-9dd7-49ad-9914-0f65a63892f6_acb209c7-8107-53e7-b6ea-b8596e0f07cb,ebb1c88a-8141-4c7e-860b-54ac293a06ac,fam_graha_natal,magnitude,0.2161,,mi_pariksha_v2.0
482012f1-710e-4a25-994a-93821f5871aa,pred_a811641d-9dd7-49ad-9914-0f65a63892f6_acb209c7-8107-53e7-b6ea-b8596e0f07cb,ebb1c88a-8141-4c7e-860b-54ac293a06ac,fam_graha_natal,domain,0,,mi_pariksha_v2.0
482012f1-710e-4a25-994a-93821f5871aa,pred_a811641d-9dd7-49ad-9914-0f65a63892f6_acb209c7-8107-53e7-b6ea-b8596e0f07cb,ebb1c88a-8141-4c7e-860b-54ac293a06ac,fam_graha_natal,falsifier,0.3242,,mi_pariksha_v2.0
482012f1-710e-4a25-994a-93821f5871aa,pred_a811641d-9dd7-49ad-9914-0f65a63892f6_acb209c7-8107-53e7-b6ea-b8596e0f07cb,ebb1c88a-8141-4c7e-860b-54ac293a06ac,fam_graha_natal,manifestation,0.1081,,mi_pariksha_v2.0
482012f1-710e-4a25-994a-93821f5871aa,pred_a811641d-9dd7-49ad-9914-0f65a63892f6_acb209c7-8107-53e7-b6ea-b8596e0f07cb,483e332a-a168-4cf1-b93b-0ad55d77d91c,fam_graha_natal,timing,0.0014,,mi_pariksha_v2.0
482012f1-710e-4a25-994a-93821f5871aa,pred_a811641d-9dd7-49ad-9914-0f65a63892f6_acb209c7-8107-53e7-b6ea-b8596e0f07cb,483e332a-a168-4cf1-b93b-0ad55d77d91c,fam_graha_natal,magnitude,0.2161,,mi_pariksha_v2.0
482012f1-710e-4a25-994a-93821f5871aa,pred_a811641d-9dd7-49ad-9914-0f65a63892f6_acb209c7-8107-53e7-b6ea-b8596e0f07cb,483e332a-a168-4cf1-b93b-0ad55d77d91c,fam_graha_natal,domain,0,,mi_pariksha_v2.0
482012f1-710e-4a25-994a-93821f5871aa,pred_a811641d-9dd7-49ad-9914-0f65a63892f6_acb209c7-8107-53e7-b6ea-b8596e0f07cb,483e332a-a168-4cf1-b93b-0ad55d77d91c,fam_graha_natal,falsifier,0.3242,,mi_pariksha_v2.0
482012f1-710e-4a25-994a-93821f5871aa,pred_a811641d-9dd7-49ad-9914-0f65a63892f6_acb209c7-8107-53e7-b6ea-b8596e0f07cb,483e332a-a168-4cf1-b93b-0ad55d77d91c,fam_graha_natal,manifestation,0.1081,,mi_pariksha_v2.0
482012f1-710e-4a25-994a-93821f5871aa,pred_a811641d-9dd7-49ad-9914-0f65a63892f6_acb209c7-8107-53e7-b6ea-b8596e0f07cb,c31d3e74-2f44-41a6-8025-b32e44dbe1e2,fam_graha_natal,timing,0.0014,,mi_pariksha_v2.0
482012f1-710e-4a25-994a-93821f5871aa,pred_a811641d-9dd7-49ad-9914-0f65a63892f6_acb209c7-8107-53e7-b6ea-b8596e0f07cb,c31d3e74-2f44-41a6-8025-b32e44dbe1e2,fam_graha_natal,magnitude,0.2161,,mi_pariksha_v2.0
482012f1-710e-4a25-994a-93821f5871aa,pred_a811641d-9dd7-49ad-9914-0f65a63892f6_acb209c7-8107-53e7-b6ea-b8596e0f07cb,c31d3e74-2f44-41a6-8025-b32e44dbe1e2,fam_graha_natal,domain,0,,mi_pariksha_v2.0
482012f1-710e-4a25-994a-93821f5871aa,pred_a811641d-9dd7-49ad-9914-0f65a63892f6_acb209c7-8107-53e7-b6ea-b8596e0f07cb,c31d3e74-2f44-41a6-8025-b32e44dbe1e2,fam_graha_natal,falsifier,0.3242,,mi_pariksha_v2.0
482012f1-710e-4a25-994a-93821f5871aa,pred_a811641d-9dd7-49ad-9914-0f65a63892f6_acb209c7-8107-53e7-b6ea-b8596e0f07cb,c31d3e74-2f44-41a6-8025-b32e44dbe1e2,fam_graha_natal,manifestation,0.1081,,mi_pariksha_v2.0
482012f1-710e-4a25-994a-93821f5871aa,pred_a811641d-9dd7-49ad-9914-0f65a63892f6_acb209c7-8107-53e7-b6ea-b8596e0f07cb,2dff20cd-12f5-492e-a88e-3fef42547eca,fam_graha_natal,timing,0.0014,,mi_pariksha_v2.0
482012f1-710e-4a25-994a-93821f5871aa,pred_a811641d-9dd7-49ad-9914-0f65a63892f6_acb209c7-8107-53e7-b6ea-b8596e0f07cb,2dff20cd-12f5-492e-a88e-3fef42547eca,fam_graha_natal,magnitude,0.2161,,mi_pariksha_v2.0
482012f1-710e-4a25-994a-93821f5871aa,pred_a811641d-9dd7-49ad-9914-0f65a63892f6_acb209c7-8107-53e7-b6ea-b8596e0f07cb,2dff20cd-12f5-492e-a88e-3fef42547eca,fam_graha_natal,domain,0,,mi_pariksha_v2.0
482012f1-710e-4a25-994a-93821f5871aa,pred_a811641d-9dd7-49ad-9914-0f65a63892f6_acb209c7-8107-53e7-b6ea-b8596e0f07cb,2dff20cd-12f5-492e-a88e-3fef42547eca,fam_graha_natal,falsifier,0.3242,,mi_pariksha_v2.0
482012f1-710e-4a25-994a-93821f5871aa,pred_a811641d-9dd7-49ad-9914-0f65a63892f6_acb209c7-8107-53e7-b6ea-b8596e0f07cb,2dff20cd-12f5-492e-a88e-3fef42547eca,fam_graha_natal,manifestation,0.1081,,mi_pariksha_v2.0
482012f1-710e-4a25-994a-93821f5871aa,pred_a811641d-9dd7-49ad-9914-0f65a63892f6_acb209c7-8107-53e7-b6ea-b8596e0f07cb,d49da2e1-4b63-45f1-920e-c274df3ded21,fam_graha_natal,timing,0.0014,,mi_pariksha_v2.0
482012f1-710e-4a25-994a-93821f5871aa,pred_a811641d-9dd7-49ad-9914-0f65a63892f6_acb209c7-8107-53e7-b6ea-b8596e0f07cb,d49da2e1-4b63-45f1-920e-c274df3ded21,fam_graha_natal,magnitude,0.2161,,mi_pariksha_v2.0
482012f1-710e-4a25-994a-93821f5871aa,pred_a811641d-9dd7-49ad-9914-0f65a63892f6_acb209c7-8107-53e7-b6ea-b8596e0f07cb,d49da2e1-4b63-45f1-920e-c274df3ded21,fam_graha_natal,domain,0,,mi_pariksha_v2.0
482012f1-710e-4a25-994a-93821f5871aa,pred_a811641d-9dd7-49ad-9914-0f65a63892f6_acb209c7-8107-53e7-b6ea-b8596e0f07cb,d49da2e1-4b63-45f1-920e-c274df3ded21,fam_graha_natal,falsifier,0.3242,,mi_pariksha_v2.0
482012f1-710e-4a25-994a-93821f5871aa,pred_a811641d-9dd7-49ad-9914-0f65a63892f6_acb209c7-8107-53e7-b6ea-b8596e0f07cb,d49da2e1-4b63-45f1-920e-c274df3ded21,fam_graha_natal,manifestation,0.1081,,mi_pariksha_v2.0
482012f1-710e-4a25-994a-93821f5871aa,pred_a811641d-9dd7-49ad-9914-0f65a63892f6_d506f3e6-6188-5327-8920-d3896e630f08,ebb1c88a-8141-4c7e-860b-54ac293a06ac,fam_graha_natal,timing,0.2154,,mi_pariksha_v2.0
482012f1-710e-4a25-994a-93821f5871aa,pred_a811641d-9dd7-49ad-9914-0f65a63892f6_d506f3e6-6188-5327-8920-d3896e630f08,ebb1c88a-8141-4c7e-860b-54ac293a06ac,fam_graha_natal,magnitude,0.2161,,mi_pariksha_v2.0
482012f1-710e-4a25-994a-93821f5871aa,pred_a811641d-9dd7-49ad-9914-0f65a63892f6_d506f3e6-6188-5327-8920-d3896e630f08,ebb1c88a-8141-4c7e-860b-54ac293a06ac,fam_graha_natal,domain,0,,mi_pariksha_v2.0
482012f1-710e-4a25-994a-93821f5871aa,pred_a811641d-9dd7-49ad-9914-0f65a63892f6_d506f3e6-6188-5327-8920-d3896e630f08,ebb1c88a-8141-4c7e-860b-54ac293a06ac,fam_graha_natal,falsifier,0.3242,,mi_pariksha_v2.0
482012f1-710e-4a25-994a-93821f5871aa,pred_a811641d-9dd7-49ad-9914-0f65a63892f6_d506f3e6-6188-5327-8920-d3896e630f08,ebb1c88a-8141-4c7e-860b-54ac293a06ac,fam_graha_natal,manifestation,0.1081,,mi_pariksha_v2.0
482012f1-710e-4a25-994a-93821f5871aa,pred_a811641d-9dd7-49ad-9914-0f65a63892f6_d506f3e6-6188-5327-8920-d3896e630f08,483e332a-a168-4cf1-b93b-0ad55d77d91c,fam_graha_natal,timing,0.2154,,mi_pariksha_v2.0
482012f1-710e-4a25-994a-93821f5871aa,pred_a811641d-9dd7-49ad-9914-0f65a63892f6_d506f3e6-6188-5327-8920-d3896e630f08,483e332a-a168-4cf1-b93b-0ad55d77d91c,fam_graha_natal,magnitude,0.2161,,mi_pariksha_v2.0
482012f1-710e-4a25-994a-93821f5871aa,pred_a811641d-9dd7-49ad-9914-0f65a63892f6_d506f3e6-6188-5327-8920-d3896e630f08,483e332a-a168-4cf1-b93b-0ad55d77d91c,fam_graha_natal,domain,0,,mi_pariksha_v2.0
482012f1-710e-4a25-994a-93821f5871aa,pred_a811641d-9dd7-49ad-9914-0f65a63892f6_d506f3e6-6188-5327-8920-d3896e630f08,483e332a-a168-4cf1-b93b-0ad55d77d91c,fam_graha_natal,falsifier,0.3242,,mi_pariksha_v2.0
482012f1-710e-4a25-994a-93821f5871aa,pred_a811641d-9dd7-49ad-9914-0f65a63892f6_d506f3e6-6188-5327-8920-d3896e630f08,483e332a-a168-4cf1-b93b-0ad55d77d91c,fam_graha_natal,manifestation,0.1081,,mi_pariksha_v2.0
482012f1-710e-4a25-994a-93821f5871aa,pred_a811641d-9dd7-49ad-9914-0f65a63892f6_d506f3e6-6188-5327-8920-d3896e630f08,c31d3e74-2f44-41a6-8025-b32e44dbe1e2,fam_graha_natal,timing,0.2154,,mi_pariksha_v2.0
482012f1-710e-4a25-994a-93821f5871aa,pred_a811641d-9dd7-49ad-9914-0f65a63892f6_d506f3e6-6188-5327-8920-d3896e630f08,c31d3e74-2f44-41a6-8025-b32e44dbe1e2,fam_graha_natal,magnitude,0.2161,,mi_pariksha_v2.0
482012f1-710e-4a25-994a-93821f5871aa,pred_a811641d-9dd7-49ad-9914-0f65a63892f6_d506f3e6-6188-5327-8920-d3896e630f08,c31d3e74-2f44-41a6-8025-b32e44dbe1e2,fam_graha_natal,domain,0,,mi_pariksha_v2.0
482012f1-710e-4a25-994a-93821f5871aa,pred_a811641d-9dd7-49ad-9914-0f65a63892f6_d506f3e6-6188-5327-8920-d3896e630f08,c31d3e74-2f44-41a6-8025-b32e44dbe1e2,fam_graha_natal,falsifier,0.3242,,mi_pariksha_v2.0
482012f1-710e-4a25-994a-93821f5871aa,pred_a811641d-9dd7-49ad-9914-0f65a63892f6_d506f3e6-6188-5327-8920-d3896e630f08,c31d3e74-2f44-41a6-8025-b32e44dbe1e2,fam_graha_natal,manifestation,0.1081,,mi_pariksha_v2.0
482012f1-710e-4a25-994a-93821f5871aa,pred_a811641d-9dd7-49ad-9914-0f65a63892f6_d506f3e6-6188-5327-8920-d3896e630f08,2dff20cd-12f5-492e-a88e-3fef42547eca,fam_graha_natal,timing,0.2154,,mi_pariksha_v2.0
482012f1-710e-4a25-994a-93821f5871aa,pred_a811641d-9dd7-49ad-9914-0f65a63892f6_d506f3e6-6188-5327-8920-d3896e630f08,2dff20cd-12f5-492e-a88e-3fef42547eca,fam_graha_natal,magnitude,0.2161,,mi_pariksha_v2.0
482012f1-710e-4a25-994a-93821f5871aa,pred_a811641d-9dd7-49ad-9914-0f65a63892f6_d506f3e6-6188-5327-8920-d3896e630f08,2dff20cd-12f5-492e-a88e-3fef42547eca,fam_graha_natal,domain,0,,mi_pariksha_v2.0
482012f1-710e-4a25-994a-93821f5871aa,pred_a811641d-9dd7-49ad-9914-0f65a63892f6_d506f3e6-6188-5327-8920-d3896e630f08,2dff20cd-12f5-492e-a88e-3fef42547eca,fam_graha_natal,falsifier,0.3242,,mi_pariksha_v2.0
482012f1-710e-4a25-994a-93821f5871aa,pred_a811641d-9dd7-49ad-9914-0f65a63892f6_d506f3e6-6188-5327-8920-d3896e630f08,2dff20cd-12f5-492e-a88e-3fef42547eca,fam_graha_natal,manifestation,0.1081,,mi_pariksha_v2.0
482012f1-710e-4a25-994a-93821f5871aa,pred_a811641d-9dd7-49ad-9914-0f65a63892f6_d506f3e6-6188-5327-8920-d3896e630f08,d49da2e1-4b63-45f1-920e-c274df3ded21,fam_graha_natal,timing,0.2154,,mi_pariksha_v2.0
482012f1-710e-4a25-994a-93821f5871aa,pred_a811641d-9dd7-49ad-9914-0f65a63892f6_d506f3e6-6188-5327-8920-d3896e630f08,d49da2e1-4b63-45f1-920e-c274df3ded21,fam_graha_natal,magnitude,0.2161,,mi_pariksha_v2.0
482012f1-710e-4a25-994a-93821f5871aa,pred_a811641d-9dd7-49ad-9914-0f65a63892f6_d506f3e6-6188-5327-8920-d3896e630f08,d49da2e1-4b63-45f1-920e-c274df3ded21,fam_graha_natal,domain,0,,mi_pariksha_v2.0
482012f1-710e-4a25-994a-93821f5871aa,pred_a811641d-9dd7-49ad-9914-0f65a63892f6_d506f3e6-6188-5327-8920-d3896e630f08,d49da2e1-4b63-45f1-920e-c274df3ded21,fam_graha_natal,falsifier,0.3242,,mi_pariksha_v2.0
482012f1-710e-4a25-994a-93821f5871aa,pred_a811641d-9dd7-49ad-9914-0f65a63892f6_d506f3e6-6188-5327-8920-d3896e630f08,d49da2e1-4b63-45f1-920e-c274df3ded21,fam_graha_natal,manifestation,0.1081,,mi_pariksha_v2.0
482012f1-710e-4a25-994a-93821f5871aa,pred_ac2a7c74-2b01-4894-b822-f013efc64c99_021e49f5-9c6a-5e0e-ad6c-84c8ea2ad83f,ebb1c88a-8141-4c7e-860b-54ac293a06ac,fam_graha_natal,timing,0.1373,,mi_pariksha_v2.0
482012f1-710e-4a25-994a-93821f5871aa,pred_ac2a7c74-2b01-4894-b822-f013efc64c99_021e49f5-9c6a-5e0e-ad6c-84c8ea2ad83f,ebb1c88a-8141-4c7e-860b-54ac293a06ac,fam_graha_natal,magnitude,0.2161,,mi_pariksha_v2.0
482012f1-710e-4a25-994a-93821f5871aa,pred_ac2a7c74-2b01-4894-b822-f013efc64c99_021e49f5-9c6a-5e0e-ad6c-84c8ea2ad83f,ebb1c88a-8141-4c7e-860b-54ac293a06ac,fam_graha_natal,domain,0.5403,,mi_pariksha_v2.0
482012f1-710e-4a25-994a-93821f5871aa,pred_ac2a7c74-2b01-4894-b822-f013efc64c99_021e49f5-9c6a-5e0e-ad6c-84c8ea2ad83f,ebb1c88a-8141-4c7e-860b-54ac293a06ac,fam_graha_natal,falsifier,0.3242,,mi_pariksha_v2.0
482012f1-710e-4a25-994a-93821f5871aa,pred_ac2a7c74-2b01-4894-b822-f013efc64c99_021e49f5-9c6a-5e0e-ad6c-84c8ea2ad83f,ebb1c88a-8141-4c7e-860b-54ac293a06ac,fam_graha_natal,manifestation,0.1081,,mi_pariksha_v2.0
482012f1-710e-4a25-994a-93821f5871aa,pred_ac2a7c74-2b01-4894-b822-f013efc64c99_021e49f5-9c6a-5e0e-ad6c-84c8ea2ad83f,483e332a-a168-4cf1-b93b-0ad55d77d91c,fam_graha_natal,timing,0.1373,,mi_pariksha_v2.0
482012f1-710e-4a25-994a-93821f5871aa,pred_ac2a7c74-2b01-4894-b822-f013efc64c99_021e49f5-9c6a-5e0e-ad6c-84c8ea2ad83f,483e332a-a168-4cf1-b93b-0ad55d77d91c,fam_graha_natal,magnitude,0.2161,,mi_pariksha_v2.0
482012f1-710e-4a25-994a-93821f5871aa,pred_ac2a7c74-2b01-4894-b822-f013efc64c99_021e49f5-9c6a-5e0e-ad6c-84c8ea2ad83f,483e332a-a168-4cf1-b93b-0ad55d77d91c,fam_graha_natal,domain,0.5403,,mi_pariksha_v2.0
482012f1-710e-4a25-994a-93821f5871aa,pred_ac2a7c74-2b01-4894-b822-f013efc64c99_021e49f5-9c6a-5e0e-ad6c-84c8ea2ad83f,483e332a-a168-4cf1-b93b-0ad55d77d91c,fam_graha_natal,falsifier,0.3242,,mi_pariksha_v2.0
482012f1-710e-4a25-994a-93821f5871aa,pred_ac2a7c74-2b01-4894-b822-f013efc64c99_021e49f5-9c6a-5e0e-ad6c-84c8ea2ad83f,483e332a-a168-4cf1-b93b-0ad55d77d91c,fam_graha_natal,manifestation,0.1081,,mi_pariksha_v2.0
482012f1-710e-4a25-994a-93821f5871aa,pred_ac2a7c74-2b01-4894-b822-f013efc64c99_021e49f5-9c6a-5e0e-ad6c-84c8ea2ad83f,c31d3e74-2f44-41a6-8025-b32e44dbe1e2,fam_graha_natal,timing,0.1373,,mi_pariksha_v2.0
482012f1-710e-4a25-994a-93821f5871aa,pred_ac2a7c74-2b01-4894-b822-f013efc64c99_021e49f5-9c6a-5e0e-ad6c-84c8ea2ad83f,c31d3e74-2f44-41a6-8025-b32e44dbe1e2,fam_graha_natal,magnitude,0.2161,,mi_pariksha_v2.0
482012f1-710e-4a25-994a-93821f5871aa,pred_ac2a7c74-2b01-4894-b822-f013efc64c99_021e49f5-9c6a-5e0e-ad6c-84c8ea2ad83f,c31d3e74-2f44-41a6-8025-b32e44dbe1e2,fam_graha_natal,domain,0.5403,,mi_pariksha_v2.0
482012f1-710e-4a25-994a-93821f5871aa,pred_ac2a7c74-2b01-4894-b822-f013efc64c99_021e49f5-9c6a-5e0e-ad6c-84c8ea2ad83f,c31d3e74-2f44-41a6-8025-b32e44dbe1e2,fam_graha_natal,falsifier,0.3242,,mi_pariksha_v2.0
482012f1-710e-4a25-994a-93821f5871aa,pred_ac2a7c74-2b01-4894-b822-f013efc64c99_021e49f5-9c6a-5e0e-ad6c-84c8ea2ad83f,c31d3e74-2f44-41a6-8025-b32e44dbe1e2,fam_graha_natal,manifestation,0.1081,,mi_pariksha_v2.0
482012f1-710e-4a25-994a-93821f5871aa,pred_ac2a7c74-2b01-4894-b822-f013efc64c99_021e49f5-9c6a-5e0e-ad6c-84c8ea2ad83f,2dff20cd-12f5-492e-a88e-3fef42547eca,fam_graha_natal,timing,0.1373,,mi_pariksha_v2.0
482012f1-710e-4a25-994a-93821f5871aa,pred_ac2a7c74-2b01-4894-b822-f013efc64c99_021e49f5-9c6a-5e0e-ad6c-84c8ea2ad83f,2dff20cd-12f5-492e-a88e-3fef42547eca,fam_graha_natal,magnitude,0.2161,,mi_pariksha_v2.0
482012f1-710e-4a25-994a-93821f5871aa,pred_ac2a7c74-2b01-4894-b822-f013efc64c99_021e49f5-9c6a-5e0e-ad6c-84c8ea2ad83f,2dff20cd-12f5-492e-a88e-3fef42547eca,fam_graha_natal,domain,0.5403,,mi_pariksha_v2.0
482012f1-710e-4a25-994a-93821f5871aa,pred_ac2a7c74-2b01-4894-b822-f013efc64c99_021e49f5-9c6a-5e0e-ad6c-84c8ea2ad83f,2dff20cd-12f5-492e-a88e-3fef42547eca,fam_graha_natal,falsifier,0.3242,,mi_pariksha_v2.0
482012f1-710e-4a25-994a-93821f5871aa,pred_ac2a7c74-2b01-4894-b822-f013efc64c99_021e49f5-9c6a-5e0e-ad6c-84c8ea2ad83f,2dff20cd-12f5-492e-a88e-3fef42547eca,fam_graha_natal,manifestation,0.1081,,mi_pariksha_v2.0
482012f1-710e-4a25-994a-93821f5871aa,pred_ac2a7c74-2b01-4894-b822-f013efc64c99_021e49f5-9c6a-5e0e-ad6c-84c8ea2ad83f,d49da2e1-4b63-45f1-920e-c274df3ded21,fam_graha_natal,timing,0.1373,,mi_pariksha_v2.0
482012f1-710e-4a25-994a-93821f5871aa,pred_ac2a7c74-2b01-4894-b822-f013efc64c99_021e49f5-9c6a-5e0e-ad6c-84c8ea2ad83f,d49da2e1-4b63-45f1-920e-c274df3ded21,fam_graha_natal,magnitude,0.2161,,mi_pariksha_v2.0
482012f1-710e-4a25-994a-93821f5871aa,pred_ac2a7c74-2b01-4894-b822-f013efc64c99_021e49f5-9c6a-5e0e-ad6c-84c8ea2ad83f,d49da2e1-4b63-45f1-920e-c274df3ded21,fam_graha_natal,domain,0.5403,,mi_pariksha_v2.0
482012f1-710e-4a25-994a-93821f5871aa,pred_ac2a7c74-2b01-4894-b822-f013efc64c99_021e49f5-9c6a-5e0e-ad6c-84c8ea2ad83f,d49da2e1-4b63-45f1-920e-c274df3ded21,fam_graha_natal,falsifier,0.3242,,mi_pariksha_v2.0
482012f1-710e-4a25-994a-93821f5871aa,pred_ac2a7c74-2b01-4894-b822-f013efc64c99_021e49f5-9c6a-5e0e-ad6c-84c8ea2ad83f,d49da2e1-4b63-45f1-920e-c274df3ded21,fam_graha_natal,manifestation,0.1081,,mi_pariksha_v2.0
482012f1-710e-4a25-994a-93821f5871aa,pred_ac2a7c74-2b01-4894-b822-f013efc64c99_021e49f5-9c6a-5e0e-ad6c-84c8ea2ad83f-corr-2022-07-14,ebb1c88a-8141-4c7e-860b-54ac293a06ac,fam_graha_natal,timing,0.0029,,mi_pariksha_v2.0
482012f1-710e-4a25-994a-93821f5871aa,pred_ac2a7c74-2b01-4894-b822-f013efc64c99_021e49f5-9c6a-5e0e-ad6c-84c8ea2ad83f-corr-2022-07-14,ebb1c88a-8141-4c7e-860b-54ac293a06ac,fam_graha_natal,magnitude,0.2161,,mi_pariksha_v2.0
482012f1-710e-4a25-994a-93821f5871aa,pred_ac2a7c74-2b01-4894-b822-f013efc64c99_021e49f5-9c6a-5e0e-ad6c-84c8ea2ad83f-corr-2022-07-14,ebb1c88a-8141-4c7e-860b-54ac293a06ac,fam_graha_natal,domain,0.5403,,mi_pariksha_v2.0
482012f1-710e-4a25-994a-93821f5871aa,pred_ac2a7c74-2b01-4894-b822-f013efc64c99_021e49f5-9c6a-5e0e-ad6c-84c8ea2ad83f-corr-2022-07-14,ebb1c88a-8141-4c7e-860b-54ac293a06ac,fam_graha_natal,falsifier,0.3242,,mi_pariksha_v2.0
482012f1-710e-4a25-994a-93821f5871aa,pred_ac2a7c74-2b01-4894-b822-f013efc64c99_021e49f5-9c6a-5e0e-ad6c-84c8ea2ad83f-corr-2022-07-14,ebb1c88a-8141-4c7e-860b-54ac293a06ac,fam_graha_natal,manifestation,0.1081,,mi_pariksha_v2.0
482012f1-710e-4a25-994a-93821f5871aa,pred_ac2a7c74-2b01-4894-b822-f013efc64c99_021e49f5-9c6a-5e0e-ad6c-84c8ea2ad83f-corr-2022-07-14,483e332a-a168-4cf1-b93b-0ad55d77d91c,fam_graha_natal,timing,0.0029,,mi_pariksha_v2.0
482012f1-710e-4a25-994a-93821f5871aa,pred_ac2a7c74-2b01-4894-b822-f013efc64c99_021e49f5-9c6a-5e0e-ad6c-84c8ea2ad83f-corr-2022-07-14,483e332a-a168-4cf1-b93b-0ad55d77d91c,fam_graha_natal,magnitude,0.2161,,mi_pariksha_v2.0
482012f1-710e-4a25-994a-93821f5871aa,pred_ac2a7c74-2b01-4894-b822-f013efc64c99_021e49f5-9c6a-5e0e-ad6c-84c8ea2ad83f-corr-2022-07-14,483e332a-a168-4cf1-b93b-0ad55d77d91c,fam_graha_natal,domain,0.5403,,mi_pariksha_v2.0
482012f1-710e-4a25-994a-93821f5871aa,pred_ac2a7c74-2b01-4894-b822-f013efc64c99_021e49f5-9c6a-5e0e-ad6c-84c8ea2ad83f-corr-2022-07-14,483e332a-a168-4cf1-b93b-0ad55d77d91c,fam_graha_natal,falsifier,0.3242,,mi_pariksha_v2.0
482012f1-710e-4a25-994a-93821f5871aa,pred_ac2a7c74-2b01-4894-b822-f013efc64c99_021e49f5-9c6a-5e0e-ad6c-84c8ea2ad83f-corr-2022-07-14,483e332a-a168-4cf1-b93b-0ad55d77d91c,fam_graha_natal,manifestation,0.1081,,mi_pariksha_v2.0
482012f1-710e-4a25-994a-93821f5871aa,pred_ac2a7c74-2b01-4894-b822-f013efc64c99_021e49f5-9c6a-5e0e-ad6c-84c8ea2ad83f-corr-2022-07-14,c31d3e74-2f44-41a6-8025-b32e44dbe1e2,fam_graha_natal,timing,0.0029,,mi_pariksha_v2.0
482012f1-710e-4a25-994a-93821f5871aa,pred_ac2a7c74-2b01-4894-b822-f013efc64c99_021e49f5-9c6a-5e0e-ad6c-84c8ea2ad83f-corr-2022-07-14,c31d3e74-2f44-41a6-8025-b32e44dbe1e2,fam_graha_natal,magnitude,0.2161,,mi_pariksha_v2.0
482012f1-710e-4a25-994a-93821f5871aa,pred_ac2a7c74-2b01-4894-b822-f013efc64c99_021e49f5-9c6a-5e0e-ad6c-84c8ea2ad83f-corr-2022-07-14,c31d3e74-2f44-41a6-8025-b32e44dbe1e2,fam_graha_natal,domain,0.5403,,mi_pariksha_v2.0
482012f1-710e-4a25-994a-93821f5871aa,pred_ac2a7c74-2b01-4894-b822-f013efc64c99_021e49f5-9c6a-5e0e-ad6c-84c8ea2ad83f-corr-2022-07-14,c31d3e74-2f44-41a6-8025-b32e44dbe1e2,fam_graha_natal,falsifier,0.3242,,mi_pariksha_v2.0
482012f1-710e-4a25-994a-93821f5871aa,pred_ac2a7c74-2b01-4894-b822-f013efc64c99_021e49f5-9c6a-5e0e-ad6c-84c8ea2ad83f-corr-2022-07-14,c31d3e74-2f44-41a6-8025-b32e44dbe1e2,fam_graha_natal,manifestation,0.1081,,mi_pariksha_v2.0
482012f1-710e-4a25-994a-93821f5871aa,pred_ac2a7c74-2b01-4894-b822-f013efc64c99_021e49f5-9c6a-5e0e-ad6c-84c8ea2ad83f-corr-2022-07-14,2dff20cd-12f5-492e-a88e-3fef42547eca,fam_graha_natal,timing,0.0029,,mi_pariksha_v2.0
482012f1-710e-4a25-994a-93821f5871aa,pred_ac2a7c74-2b01-4894-b822-f013efc64c99_021e49f5-9c6a-5e0e-ad6c-84c8ea2ad83f-corr-2022-07-14,2dff20cd-12f5-492e-a88e-3fef42547eca,fam_graha_natal,magnitude,0.2161,,mi_pariksha_v2.0
482012f1-710e-4a25-994a-93821f5871aa,pred_ac2a7c74-2b01-4894-b822-f013efc64c99_021e49f5-9c6a-5e0e-ad6c-84c8ea2ad83f-corr-2022-07-14,2dff20cd-12f5-492e-a88e-3fef42547eca,fam_graha_natal,domain,0.5403,,mi_pariksha_v2.0
482012f1-710e-4a25-994a-93821f5871aa,pred_ac2a7c74-2b01-4894-b822-f013efc64c99_021e49f5-9c6a-5e0e-ad6c-84c8ea2ad83f-corr-2022-07-14,2dff20cd-12f5-492e-a88e-3fef42547eca,fam_graha_natal,falsifier,0.3242,,mi_pariksha_v2.0
482012f1-710e-4a25-994a-93821f5871aa,pred_ac2a7c74-2b01-4894-b822-f013efc64c99_021e49f5-9c6a-5e0e-ad6c-84c8ea2ad83f-corr-2022-07-14,2dff20cd-12f5-492e-a88e-3fef42547eca,fam_graha_natal,manifestation,0.1081,,mi_pariksha_v2.0
482012f1-710e-4a25-994a-93821f5871aa,pred_ac2a7c74-2b01-4894-b822-f013efc64c99_021e49f5-9c6a-5e0e-ad6c-84c8ea2ad83f-corr-2022-07-14,d49da2e1-4b63-45f1-920e-c274df3ded21,fam_graha_natal,timing,0.0029,,mi_pariksha_v2.0
482012f1-710e-4a25-994a-93821f5871aa,pred_ac2a7c74-2b01-4894-b822-f013efc64c99_021e49f5-9c6a-5e0e-ad6c-84c8ea2ad83f-corr-2022-07-14,d49da2e1-4b63-45f1-920e-c274df3ded21,fam_graha_natal,magnitude,0.2161,,mi_pariksha_v2.0
482012f1-710e-4a25-994a-93821f5871aa,pred_ac2a7c74-2b01-4894-b822-f013efc64c99_021e49f5-9c6a-5e0e-ad6c-84c8ea2ad83f-corr-2022-07-14,d49da2e1-4b63-45f1-920e-c274df3ded21,fam_graha_natal,domain,0.5403,,mi_pariksha_v2.0
482012f1-710e-4a25-994a-93821f5871aa,pred_ac2a7c74-2b01-4894-b822-f013efc64c99_021e49f5-9c6a-5e0e-ad6c-84c8ea2ad83f-corr-2022-07-14,d49da2e1-4b63-45f1-920e-c274df3ded21,fam_graha_natal,falsifier,0.3242,,mi_pariksha_v2.0
482012f1-710e-4a25-994a-93821f5871aa,pred_ac2a7c74-2b01-4894-b822-f013efc64c99_021e49f5-9c6a-5e0e-ad6c-84c8ea2ad83f-corr-2022-07-14,d49da2e1-4b63-45f1-920e-c274df3ded21,fam_graha_natal,manifestation,0.1081,,mi_pariksha_v2.0
482012f1-710e-4a25-994a-93821f5871aa,pred_ac2a7c74-2b01-4894-b822-f013efc64c99_661c8535-5906-5333-8b38-e14305bddad6,ebb1c88a-8141-4c7e-860b-54ac293a06ac,fam_graha_natal,timing,0.5319,,mi_pariksha_v2.0
482012f1-710e-4a25-994a-93821f5871aa,pred_ac2a7c74-2b01-4894-b822-f013efc64c99_661c8535-5906-5333-8b38-e14305bddad6,ebb1c88a-8141-4c7e-860b-54ac293a06ac,fam_graha_natal,magnitude,0.2161,,mi_pariksha_v2.0
482012f1-710e-4a25-994a-93821f5871aa,pred_ac2a7c74-2b01-4894-b822-f013efc64c99_661c8535-5906-5333-8b38-e14305bddad6,ebb1c88a-8141-4c7e-860b-54ac293a06ac,fam_graha_natal,domain,0,,mi_pariksha_v2.0
482012f1-710e-4a25-994a-93821f5871aa,pred_ac2a7c74-2b01-4894-b822-f013efc64c99_661c8535-5906-5333-8b38-e14305bddad6,ebb1c88a-8141-4c7e-860b-54ac293a06ac,fam_graha_natal,falsifier,0.3242,,mi_pariksha_v2.0
482012f1-710e-4a25-994a-93821f5871aa,pred_ac2a7c74-2b01-4894-b822-f013efc64c99_661c8535-5906-5333-8b38-e14305bddad6,ebb1c88a-8141-4c7e-860b-54ac293a06ac,fam_graha_natal,manifestation,0.1081,,mi_pariksha_v2.0
482012f1-710e-4a25-994a-93821f5871aa,pred_ac2a7c74-2b01-4894-b822-f013efc64c99_661c8535-5906-5333-8b38-e14305bddad6,483e332a-a168-4cf1-b93b-0ad55d77d91c,fam_graha_natal,timing,0.5319,,mi_pariksha_v2.0
482012f1-710e-4a25-994a-93821f5871aa,pred_ac2a7c74-2b01-4894-b822-f013efc64c99_661c8535-5906-5333-8b38-e14305bddad6,483e332a-a168-4cf1-b93b-0ad55d77d91c,fam_graha_natal,magnitude,0.2161,,mi_pariksha_v2.0
482012f1-710e-4a25-994a-93821f5871aa,pred_ac2a7c74-2b01-4894-b822-f013efc64c99_661c8535-5906-5333-8b38-e14305bddad6,483e332a-a168-4cf1-b93b-0ad55d77d91c,fam_graha_natal,domain,0,,mi_pariksha_v2.0
482012f1-710e-4a25-994a-93821f5871aa,pred_ac2a7c74-2b01-4894-b822-f013efc64c99_661c8535-5906-5333-8b38-e14305bddad6,483e332a-a168-4cf1-b93b-0ad55d77d91c,fam_graha_natal,falsifier,0.3242,,mi_pariksha_v2.0
482012f1-710e-4a25-994a-93821f5871aa,pred_ac2a7c74-2b01-4894-b822-f013efc64c99_661c8535-5906-5333-8b38-e14305bddad6,483e332a-a168-4cf1-b93b-0ad55d77d91c,fam_graha_natal,manifestation,0.1081,,mi_pariksha_v2.0
482012f1-710e-4a25-994a-93821f5871aa,pred_ac2a7c74-2b01-4894-b822-f013efc64c99_661c8535-5906-5333-8b38-e14305bddad6,c31d3e74-2f44-41a6-8025-b32e44dbe1e2,fam_graha_natal,timing,0.5319,,mi_pariksha_v2.0
482012f1-710e-4a25-994a-93821f5871aa,pred_ac2a7c74-2b01-4894-b822-f013efc64c99_661c8535-5906-5333-8b38-e14305bddad6,c31d3e74-2f44-41a6-8025-b32e44dbe1e2,fam_graha_natal,magnitude,0.2161,,mi_pariksha_v2.0
482012f1-710e-4a25-994a-93821f5871aa,pred_ac2a7c74-2b01-4894-b822-f013efc64c99_661c8535-5906-5333-8b38-e14305bddad6,c31d3e74-2f44-41a6-8025-b32e44dbe1e2,fam_graha_natal,domain,0,,mi_pariksha_v2.0
482012f1-710e-4a25-994a-93821f5871aa,pred_ac2a7c74-2b01-4894-b822-f013efc64c99_661c8535-5906-5333-8b38-e14305bddad6,c31d3e74-2f44-41a6-8025-b32e44dbe1e2,fam_graha_natal,falsifier,0.3242,,mi_pariksha_v2.0
482012f1-710e-4a25-994a-93821f5871aa,pred_ac2a7c74-2b01-4894-b822-f013efc64c99_661c8535-5906-5333-8b38-e14305bddad6,c31d3e74-2f44-41a6-8025-b32e44dbe1e2,fam_graha_natal,manifestation,0.1081,,mi_pariksha_v2.0
482012f1-710e-4a25-994a-93821f5871aa,pred_ac2a7c74-2b01-4894-b822-f013efc64c99_661c8535-5906-5333-8b38-e14305bddad6,2dff20cd-12f5-492e-a88e-3fef42547eca,fam_graha_natal,timing,0.5319,,mi_pariksha_v2.0
482012f1-710e-4a25-994a-93821f5871aa,pred_ac2a7c74-2b01-4894-b822-f013efc64c99_661c8535-5906-5333-8b38-e14305bddad6,2dff20cd-12f5-492e-a88e-3fef42547eca,fam_graha_natal,magnitude,0.2161,,mi_pariksha_v2.0
482012f1-710e-4a25-994a-93821f5871aa,pred_ac2a7c74-2b01-4894-b822-f013efc64c99_661c8535-5906-5333-8b38-e14305bddad6,2dff20cd-12f5-492e-a88e-3fef42547eca,fam_graha_natal,domain,0,,mi_pariksha_v2.0
482012f1-710e-4a25-994a-93821f5871aa,pred_ac2a7c74-2b01-4894-b822-f013efc64c99_661c8535-5906-5333-8b38-e14305bddad6,2dff20cd-12f5-492e-a88e-3fef42547eca,fam_graha_natal,falsifier,0.3242,,mi_pariksha_v2.0
482012f1-710e-4a25-994a-93821f5871aa,pred_ac2a7c74-2b01-4894-b822-f013efc64c99_661c8535-5906-5333-8b38-e14305bddad6,2dff20cd-12f5-492e-a88e-3fef42547eca,fam_graha_natal,manifestation,0.1081,,mi_pariksha_v2.0
482012f1-710e-4a25-994a-93821f5871aa,pred_ac2a7c74-2b01-4894-b822-f013efc64c99_661c8535-5906-5333-8b38-e14305bddad6,d49da2e1-4b63-45f1-920e-c274df3ded21,fam_graha_natal,timing,0.5319,,mi_pariksha_v2.0
482012f1-710e-4a25-994a-93821f5871aa,pred_ac2a7c74-2b01-4894-b822-f013efc64c99_661c8535-5906-5333-8b38-e14305bddad6,d49da2e1-4b63-45f1-920e-c274df3ded21,fam_graha_natal,magnitude,0.2161,,mi_pariksha_v2.0
482012f1-710e-4a25-994a-93821f5871aa,pred_ac2a7c74-2b01-4894-b822-f013efc64c99_661c8535-5906-5333-8b38-e14305bddad6,d49da2e1-4b63-45f1-920e-c274df3ded21,fam_graha_natal,domain,0,,mi_pariksha_v2.0
482012f1-710e-4a25-994a-93821f5871aa,pred_ac2a7c74-2b01-4894-b822-f013efc64c99_661c8535-5906-5333-8b38-e14305bddad6,d49da2e1-4b63-45f1-920e-c274df3ded21,fam_graha_natal,falsifier,0.3242,,mi_pariksha_v2.0
482012f1-710e-4a25-994a-93821f5871aa,pred_ac2a7c74-2b01-4894-b822-f013efc64c99_661c8535-5906-5333-8b38-e14305bddad6,d49da2e1-4b63-45f1-920e-c274df3ded21,fam_graha_natal,manifestation,0.1081,,mi_pariksha_v2.0
482012f1-710e-4a25-994a-93821f5871aa,pred_ac2a7c74-2b01-4894-b822-f013efc64c99_836bb274-6a6f-5c29-a298-f3c476197b8a,ebb1c88a-8141-4c7e-860b-54ac293a06ac,fam_graha_natal,timing,0.4525,,mi_pariksha_v2.0
482012f1-710e-4a25-994a-93821f5871aa,pred_ac2a7c74-2b01-4894-b822-f013efc64c99_836bb274-6a6f-5c29-a298-f3c476197b8a,ebb1c88a-8141-4c7e-860b-54ac293a06ac,fam_graha_natal,magnitude,0.2161,,mi_pariksha_v2.0
482012f1-710e-4a25-994a-93821f5871aa,pred_ac2a7c74-2b01-4894-b822-f013efc64c99_836bb274-6a6f-5c29-a298-f3c476197b8a,ebb1c88a-8141-4c7e-860b-54ac293a06ac,fam_graha_natal,domain,0,,mi_pariksha_v2.0
482012f1-710e-4a25-994a-93821f5871aa,pred_ac2a7c74-2b01-4894-b822-f013efc64c99_836bb274-6a6f-5c29-a298-f3c476197b8a,ebb1c88a-8141-4c7e-860b-54ac293a06ac,fam_graha_natal,falsifier,0.3242,,mi_pariksha_v2.0
482012f1-710e-4a25-994a-93821f5871aa,pred_ac2a7c74-2b01-4894-b822-f013efc64c99_836bb274-6a6f-5c29-a298-f3c476197b8a,ebb1c88a-8141-4c7e-860b-54ac293a06ac,fam_graha_natal,manifestation,0.1081,,mi_pariksha_v2.0
482012f1-710e-4a25-994a-93821f5871aa,pred_ac2a7c74-2b01-4894-b822-f013efc64c99_836bb274-6a6f-5c29-a298-f3c476197b8a,483e332a-a168-4cf1-b93b-0ad55d77d91c,fam_graha_natal,timing,0.4525,,mi_pariksha_v2.0
482012f1-710e-4a25-994a-93821f5871aa,pred_ac2a7c74-2b01-4894-b822-f013efc64c99_836bb274-6a6f-5c29-a298-f3c476197b8a,483e332a-a168-4cf1-b93b-0ad55d77d91c,fam_graha_natal,magnitude,0.2161,,mi_pariksha_v2.0
482012f1-710e-4a25-994a-93821f5871aa,pred_ac2a7c74-2b01-4894-b822-f013efc64c99_836bb274-6a6f-5c29-a298-f3c476197b8a,483e332a-a168-4cf1-b93b-0ad55d77d91c,fam_graha_natal,domain,0,,mi_pariksha_v2.0
482012f1-710e-4a25-994a-93821f5871aa,pred_ac2a7c74-2b01-4894-b822-f013efc64c99_836bb274-6a6f-5c29-a298-f3c476197b8a,483e332a-a168-4cf1-b93b-0ad55d77d91c,fam_graha_natal,falsifier,0.3242,,mi_pariksha_v2.0
482012f1-710e-4a25-994a-93821f5871aa,pred_ac2a7c74-2b01-4894-b822-f013efc64c99_836bb274-6a6f-5c29-a298-f3c476197b8a,483e332a-a168-4cf1-b93b-0ad55d77d91c,fam_graha_natal,manifestation,0.1081,,mi_pariksha_v2.0
482012f1-710e-4a25-994a-93821f5871aa,pred_ac2a7c74-2b01-4894-b822-f013efc64c99_836bb274-6a6f-5c29-a298-f3c476197b8a,c31d3e74-2f44-41a6-8025-b32e44dbe1e2,fam_graha_natal,timing,0.4525,,mi_pariksha_v2.0
482012f1-710e-4a25-994a-93821f5871aa,pred_ac2a7c74-2b01-4894-b822-f013efc64c99_836bb274-6a6f-5c29-a298-f3c476197b8a,c31d3e74-2f44-41a6-8025-b32e44dbe1e2,fam_graha_natal,magnitude,0.2161,,mi_pariksha_v2.0
482012f1-710e-4a25-994a-93821f5871aa,pred_ac2a7c74-2b01-4894-b822-f013efc64c99_836bb274-6a6f-5c29-a298-f3c476197b8a,c31d3e74-2f44-41a6-8025-b32e44dbe1e2,fam_graha_natal,domain,0,,mi_pariksha_v2.0
482012f1-710e-4a25-994a-93821f5871aa,pred_ac2a7c74-2b01-4894-b822-f013efc64c99_836bb274-6a6f-5c29-a298-f3c476197b8a,c31d3e74-2f44-41a6-8025-b32e44dbe1e2,fam_graha_natal,falsifier,0.3242,,mi_pariksha_v2.0
482012f1-710e-4a25-994a-93821f5871aa,pred_ac2a7c74-2b01-4894-b822-f013efc64c99_836bb274-6a6f-5c29-a298-f3c476197b8a,c31d3e74-2f44-41a6-8025-b32e44dbe1e2,fam_graha_natal,manifestation,0.1081,,mi_pariksha_v2.0
482012f1-710e-4a25-994a-93821f5871aa,pred_ac2a7c74-2b01-4894-b822-f013efc64c99_836bb274-6a6f-5c29-a298-f3c476197b8a,2dff20cd-12f5-492e-a88e-3fef42547eca,fam_graha_natal,timing,0.4525,,mi_pariksha_v2.0
482012f1-710e-4a25-994a-93821f5871aa,pred_ac2a7c74-2b01-4894-b822-f013efc64c99_836bb274-6a6f-5c29-a298-f3c476197b8a,2dff20cd-12f5-492e-a88e-3fef42547eca,fam_graha_natal,magnitude,0.2161,,mi_pariksha_v2.0
482012f1-710e-4a25-994a-93821f5871aa,pred_ac2a7c74-2b01-4894-b822-f013efc64c99_836bb274-6a6f-5c29-a298-f3c476197b8a,2dff20cd-12f5-492e-a88e-3fef42547eca,fam_graha_natal,domain,0,,mi_pariksha_v2.0
482012f1-710e-4a25-994a-93821f5871aa,pred_ac2a7c74-2b01-4894-b822-f013efc64c99_836bb274-6a6f-5c29-a298-f3c476197b8a,2dff20cd-12f5-492e-a88e-3fef42547eca,fam_graha_natal,falsifier,0.3242,,mi_pariksha_v2.0
482012f1-710e-4a25-994a-93821f5871aa,pred_ac2a7c74-2b01-4894-b822-f013efc64c99_836bb274-6a6f-5c29-a298-f3c476197b8a,2dff20cd-12f5-492e-a88e-3fef42547eca,fam_graha_natal,manifestation,0.1081,,mi_pariksha_v2.0
482012f1-710e-4a25-994a-93821f5871aa,pred_ac2a7c74-2b01-4894-b822-f013efc64c99_836bb274-6a6f-5c29-a298-f3c476197b8a,d49da2e1-4b63-45f1-920e-c274df3ded21,fam_graha_natal,timing,0.4525,,mi_pariksha_v2.0
482012f1-710e-4a25-994a-93821f5871aa,pred_ac2a7c74-2b01-4894-b822-f013efc64c99_836bb274-6a6f-5c29-a298-f3c476197b8a,d49da2e1-4b63-45f1-920e-c274df3ded21,fam_graha_natal,magnitude,0.2161,,mi_pariksha_v2.0
482012f1-710e-4a25-994a-93821f5871aa,pred_ac2a7c74-2b01-4894-b822-f013efc64c99_836bb274-6a6f-5c29-a298-f3c476197b8a,d49da2e1-4b63-45f1-920e-c274df3ded21,fam_graha_natal,domain,0,,mi_pariksha_v2.0
482012f1-710e-4a25-994a-93821f5871aa,pred_ac2a7c74-2b01-4894-b822-f013efc64c99_836bb274-6a6f-5c29-a298-f3c476197b8a,d49da2e1-4b63-45f1-920e-c274df3ded21,fam_graha_natal,falsifier,0.3242,,mi_pariksha_v2.0
482012f1-710e-4a25-994a-93821f5871aa,pred_ac2a7c74-2b01-4894-b822-f013efc64c99_836bb274-6a6f-5c29-a298-f3c476197b8a,d49da2e1-4b63-45f1-920e-c274df3ded21,fam_graha_natal,manifestation,0.1081,,mi_pariksha_v2.0
482012f1-710e-4a25-994a-93821f5871aa,pred_ac2a7c74-2b01-4894-b822-f013efc64c99_d506f3e6-6188-5327-8920-d3896e630f08,ebb1c88a-8141-4c7e-860b-54ac293a06ac,fam_graha_natal,timing,0.4886,,mi_pariksha_v2.0
482012f1-710e-4a25-994a-93821f5871aa,pred_ac2a7c74-2b01-4894-b822-f013efc64c99_d506f3e6-6188-5327-8920-d3896e630f08,ebb1c88a-8141-4c7e-860b-54ac293a06ac,fam_graha_natal,magnitude,0.2161,,mi_pariksha_v2.0
482012f1-710e-4a25-994a-93821f5871aa,pred_ac2a7c74-2b01-4894-b822-f013efc64c99_d506f3e6-6188-5327-8920-d3896e630f08,ebb1c88a-8141-4c7e-860b-54ac293a06ac,fam_graha_natal,domain,0,,mi_pariksha_v2.0
482012f1-710e-4a25-994a-93821f5871aa,pred_ac2a7c74-2b01-4894-b822-f013efc64c99_d506f3e6-6188-5327-8920-d3896e630f08,ebb1c88a-8141-4c7e-860b-54ac293a06ac,fam_graha_natal,falsifier,0.3242,,mi_pariksha_v2.0
482012f1-710e-4a25-994a-93821f5871aa,pred_ac2a7c74-2b01-4894-b822-f013efc64c99_d506f3e6-6188-5327-8920-d3896e630f08,ebb1c88a-8141-4c7e-860b-54ac293a06ac,fam_graha_natal,manifestation,0.1081,,mi_pariksha_v2.0
482012f1-710e-4a25-994a-93821f5871aa,pred_ac2a7c74-2b01-4894-b822-f013efc64c99_d506f3e6-6188-5327-8920-d3896e630f08,483e332a-a168-4cf1-b93b-0ad55d77d91c,fam_graha_natal,timing,0.4886,,mi_pariksha_v2.0
482012f1-710e-4a25-994a-93821f5871aa,pred_ac2a7c74-2b01-4894-b822-f013efc64c99_d506f3e6-6188-5327-8920-d3896e630f08,483e332a-a168-4cf1-b93b-0ad55d77d91c,fam_graha_natal,magnitude,0.2161,,mi_pariksha_v2.0
482012f1-710e-4a25-994a-93821f5871aa,pred_ac2a7c74-2b01-4894-b822-f013efc64c99_d506f3e6-6188-5327-8920-d3896e630f08,483e332a-a168-4cf1-b93b-0ad55d77d91c,fam_graha_natal,domain,0,,mi_pariksha_v2.0
482012f1-710e-4a25-994a-93821f5871aa,pred_ac2a7c74-2b01-4894-b822-f013efc64c99_d506f3e6-6188-5327-8920-d3896e630f08,483e332a-a168-4cf1-b93b-0ad55d77d91c,fam_graha_natal,falsifier,0.3242,,mi_pariksha_v2.0
482012f1-710e-4a25-994a-93821f5871aa,pred_ac2a7c74-2b01-4894-b822-f013efc64c99_d506f3e6-6188-5327-8920-d3896e630f08,483e332a-a168-4cf1-b93b-0ad55d77d91c,fam_graha_natal,manifestation,0.1081,,mi_pariksha_v2.0
482012f1-710e-4a25-994a-93821f5871aa,pred_ac2a7c74-2b01-4894-b822-f013efc64c99_d506f3e6-6188-5327-8920-d3896e630f08,c31d3e74-2f44-41a6-8025-b32e44dbe1e2,fam_graha_natal,timing,0.4886,,mi_pariksha_v2.0
482012f1-710e-4a25-994a-93821f5871aa,pred_ac2a7c74-2b01-4894-b822-f013efc64c99_d506f3e6-6188-5327-8920-d3896e630f08,c31d3e74-2f44-41a6-8025-b32e44dbe1e2,fam_graha_natal,magnitude,0.2161,,mi_pariksha_v2.0
482012f1-710e-4a25-994a-93821f5871aa,pred_ac2a7c74-2b01-4894-b822-f013efc64c99_d506f3e6-6188-5327-8920-d3896e630f08,c31d3e74-2f44-41a6-8025-b32e44dbe1e2,fam_graha_natal,domain,0,,mi_pariksha_v2.0
482012f1-710e-4a25-994a-93821f5871aa,pred_ac2a7c74-2b01-4894-b822-f013efc64c99_d506f3e6-6188-5327-8920-d3896e630f08,c31d3e74-2f44-41a6-8025-b32e44dbe1e2,fam_graha_natal,falsifier,0.3242,,mi_pariksha_v2.0
482012f1-710e-4a25-994a-93821f5871aa,pred_ac2a7c74-2b01-4894-b822-f013efc64c99_d506f3e6-6188-5327-8920-d3896e630f08,c31d3e74-2f44-41a6-8025-b32e44dbe1e2,fam_graha_natal,manifestation,0.1081,,mi_pariksha_v2.0
482012f1-710e-4a25-994a-93821f5871aa,pred_ac2a7c74-2b01-4894-b822-f013efc64c99_d506f3e6-6188-5327-8920-d3896e630f08,2dff20cd-12f5-492e-a88e-3fef42547eca,fam_graha_natal,timing,0.4886,,mi_pariksha_v2.0
482012f1-710e-4a25-994a-93821f5871aa,pred_ac2a7c74-2b01-4894-b822-f013efc64c99_d506f3e6-6188-5327-8920-d3896e630f08,2dff20cd-12f5-492e-a88e-3fef42547eca,fam_graha_natal,magnitude,0.2161,,mi_pariksha_v2.0
482012f1-710e-4a25-994a-93821f5871aa,pred_ac2a7c74-2b01-4894-b822-f013efc64c99_d506f3e6-6188-5327-8920-d3896e630f08,2dff20cd-12f5-492e-a88e-3fef42547eca,fam_graha_natal,domain,0,,mi_pariksha_v2.0
482012f1-710e-4a25-994a-93821f5871aa,pred_ac2a7c74-2b01-4894-b822-f013efc64c99_d506f3e6-6188-5327-8920-d3896e630f08,2dff20cd-12f5-492e-a88e-3fef42547eca,fam_graha_natal,falsifier,0.3242,,mi_pariksha_v2.0
482012f1-710e-4a25-994a-93821f5871aa,pred_ac2a7c74-2b01-4894-b822-f013efc64c99_d506f3e6-6188-5327-8920-d3896e630f08,2dff20cd-12f5-492e-a88e-3fef42547eca,fam_graha_natal,manifestation,0.1081,,mi_pariksha_v2.0
482012f1-710e-4a25-994a-93821f5871aa,pred_ac2a7c74-2b01-4894-b822-f013efc64c99_d506f3e6-6188-5327-8920-d3896e630f08,d49da2e1-4b63-45f1-920e-c274df3ded21,fam_graha_natal,timing,0.4886,,mi_pariksha_v2.0
482012f1-710e-4a25-994a-93821f5871aa,pred_ac2a7c74-2b01-4894-b822-f013efc64c99_d506f3e6-6188-5327-8920-d3896e630f08,d49da2e1-4b63-45f1-920e-c274df3ded21,fam_graha_natal,magnitude,0.2161,,mi_pariksha_v2.0
482012f1-710e-4a25-994a-93821f5871aa,pred_ac2a7c74-2b01-4894-b822-f013efc64c99_d506f3e6-6188-5327-8920-d3896e630f08,d49da2e1-4b63-45f1-920e-c274df3ded21,fam_graha_natal,domain,0,,mi_pariksha_v2.0
482012f1-710e-4a25-994a-93821f5871aa,pred_ac2a7c74-2b01-4894-b822-f013efc64c99_d506f3e6-6188-5327-8920-d3896e630f08,d49da2e1-4b63-45f1-920e-c274df3ded21,fam_graha_natal,falsifier,0.3242,,mi_pariksha_v2.0
482012f1-710e-4a25-994a-93821f5871aa,pred_ac2a7c74-2b01-4894-b822-f013efc64c99_d506f3e6-6188-5327-8920-d3896e630f08,d49da2e1-4b63-45f1-920e-c274df3ded21,fam_graha_natal,manifestation,0.1081,,mi_pariksha_v2.0
482012f1-710e-4a25-994a-93821f5871aa,pred_acdce3e1-376c-4781-bf71-54a669a2f188_153d920e-640d-598c-9380-795a5d4efa63,ebb1c88a-8141-4c7e-860b-54ac293a06ac,fam_graha_natal,timing,0.5146,,mi_pariksha_v2.0
482012f1-710e-4a25-994a-93821f5871aa,pred_acdce3e1-376c-4781-bf71-54a669a2f188_153d920e-640d-598c-9380-795a5d4efa63,ebb1c88a-8141-4c7e-860b-54ac293a06ac,fam_graha_natal,magnitude,0.2161,,mi_pariksha_v2.0
482012f1-710e-4a25-994a-93821f5871aa,pred_acdce3e1-376c-4781-bf71-54a669a2f188_153d920e-640d-598c-9380-795a5d4efa63,ebb1c88a-8141-4c7e-860b-54ac293a06ac,fam_graha_natal,domain,0,,mi_pariksha_v2.0
482012f1-710e-4a25-994a-93821f5871aa,pred_acdce3e1-376c-4781-bf71-54a669a2f188_153d920e-640d-598c-9380-795a5d4efa63,ebb1c88a-8141-4c7e-860b-54ac293a06ac,fam_graha_natal,falsifier,0.3242,,mi_pariksha_v2.0
482012f1-710e-4a25-994a-93821f5871aa,pred_acdce3e1-376c-4781-bf71-54a669a2f188_153d920e-640d-598c-9380-795a5d4efa63,ebb1c88a-8141-4c7e-860b-54ac293a06ac,fam_graha_natal,manifestation,0.1081,,mi_pariksha_v2.0
482012f1-710e-4a25-994a-93821f5871aa,pred_acdce3e1-376c-4781-bf71-54a669a2f188_153d920e-640d-598c-9380-795a5d4efa63,483e332a-a168-4cf1-b93b-0ad55d77d91c,fam_graha_natal,timing,0.5146,,mi_pariksha_v2.0
482012f1-710e-4a25-994a-93821f5871aa,pred_acdce3e1-376c-4781-bf71-54a669a2f188_153d920e-640d-598c-9380-795a5d4efa63,483e332a-a168-4cf1-b93b-0ad55d77d91c,fam_graha_natal,magnitude,0.2161,,mi_pariksha_v2.0
482012f1-710e-4a25-994a-93821f5871aa,pred_acdce3e1-376c-4781-bf71-54a669a2f188_153d920e-640d-598c-9380-795a5d4efa63,483e332a-a168-4cf1-b93b-0ad55d77d91c,fam_graha_natal,domain,0,,mi_pariksha_v2.0
482012f1-710e-4a25-994a-93821f5871aa,pred_acdce3e1-376c-4781-bf71-54a669a2f188_153d920e-640d-598c-9380-795a5d4efa63,483e332a-a168-4cf1-b93b-0ad55d77d91c,fam_graha_natal,falsifier,0.3242,,mi_pariksha_v2.0
482012f1-710e-4a25-994a-93821f5871aa,pred_acdce3e1-376c-4781-bf71-54a669a2f188_153d920e-640d-598c-9380-795a5d4efa63,483e332a-a168-4cf1-b93b-0ad55d77d91c,fam_graha_natal,manifestation,0.1081,,mi_pariksha_v2.0
482012f1-710e-4a25-994a-93821f5871aa,pred_acdce3e1-376c-4781-bf71-54a669a2f188_153d920e-640d-598c-9380-795a5d4efa63,c31d3e74-2f44-41a6-8025-b32e44dbe1e2,fam_graha_natal,timing,0.5146,,mi_pariksha_v2.0
482012f1-710e-4a25-994a-93821f5871aa,pred_acdce3e1-376c-4781-bf71-54a669a2f188_153d920e-640d-598c-9380-795a5d4efa63,c31d3e74-2f44-41a6-8025-b32e44dbe1e2,fam_graha_natal,magnitude,0.2161,,mi_pariksha_v2.0
482012f1-710e-4a25-994a-93821f5871aa,pred_acdce3e1-376c-4781-bf71-54a669a2f188_153d920e-640d-598c-9380-795a5d4efa63,c31d3e74-2f44-41a6-8025-b32e44dbe1e2,fam_graha_natal,domain,0,,mi_pariksha_v2.0
482012f1-710e-4a25-994a-93821f5871aa,pred_acdce3e1-376c-4781-bf71-54a669a2f188_153d920e-640d-598c-9380-795a5d4efa63,c31d3e74-2f44-41a6-8025-b32e44dbe1e2,fam_graha_natal,falsifier,0.3242,,mi_pariksha_v2.0
482012f1-710e-4a25-994a-93821f5871aa,pred_acdce3e1-376c-4781-bf71-54a669a2f188_153d920e-640d-598c-9380-795a5d4efa63,c31d3e74-2f44-41a6-8025-b32e44dbe1e2,fam_graha_natal,manifestation,0.1081,,mi_pariksha_v2.0
482012f1-710e-4a25-994a-93821f5871aa,pred_acdce3e1-376c-4781-bf71-54a669a2f188_153d920e-640d-598c-9380-795a5d4efa63,2dff20cd-12f5-492e-a88e-3fef42547eca,fam_graha_natal,timing,0.5146,,mi_pariksha_v2.0
482012f1-710e-4a25-994a-93821f5871aa,pred_acdce3e1-376c-4781-bf71-54a669a2f188_153d920e-640d-598c-9380-795a5d4efa63,2dff20cd-12f5-492e-a88e-3fef42547eca,fam_graha_natal,magnitude,0.2161,,mi_pariksha_v2.0
482012f1-710e-4a25-994a-93821f5871aa,pred_acdce3e1-376c-4781-bf71-54a669a2f188_153d920e-640d-598c-9380-795a5d4efa63,2dff20cd-12f5-492e-a88e-3fef42547eca,fam_graha_natal,domain,0,,mi_pariksha_v2.0
482012f1-710e-4a25-994a-93821f5871aa,pred_acdce3e1-376c-4781-bf71-54a669a2f188_153d920e-640d-598c-9380-795a5d4efa63,2dff20cd-12f5-492e-a88e-3fef42547eca,fam_graha_natal,falsifier,0.3242,,mi_pariksha_v2.0
482012f1-710e-4a25-994a-93821f5871aa,pred_acdce3e1-376c-4781-bf71-54a669a2f188_153d920e-640d-598c-9380-795a5d4efa63,2dff20cd-12f5-492e-a88e-3fef42547eca,fam_graha_natal,manifestation,0.1081,,mi_pariksha_v2.0
482012f1-710e-4a25-994a-93821f5871aa,pred_acdce3e1-376c-4781-bf71-54a669a2f188_153d920e-640d-598c-9380-795a5d4efa63,d49da2e1-4b63-45f1-920e-c274df3ded21,fam_graha_natal,timing,0.5146,,mi_pariksha_v2.0
482012f1-710e-4a25-994a-93821f5871aa,pred_acdce3e1-376c-4781-bf71-54a669a2f188_153d920e-640d-598c-9380-795a5d4efa63,d49da2e1-4b63-45f1-920e-c274df3ded21,fam_graha_natal,magnitude,0.2161,,mi_pariksha_v2.0
482012f1-710e-4a25-994a-93821f5871aa,pred_acdce3e1-376c-4781-bf71-54a669a2f188_153d920e-640d-598c-9380-795a5d4efa63,d49da2e1-4b63-45f1-920e-c274df3ded21,fam_graha_natal,domain,0,,mi_pariksha_v2.0
482012f1-710e-4a25-994a-93821f5871aa,pred_acdce3e1-376c-4781-bf71-54a669a2f188_153d920e-640d-598c-9380-795a5d4efa63,d49da2e1-4b63-45f1-920e-c274df3ded21,fam_graha_natal,falsifier,0.3242,,mi_pariksha_v2.0
482012f1-710e-4a25-994a-93821f5871aa,pred_acdce3e1-376c-4781-bf71-54a669a2f188_153d920e-640d-598c-9380-795a5d4efa63,d49da2e1-4b63-45f1-920e-c274df3ded21,fam_graha_natal,manifestation,0.1081,,mi_pariksha_v2.0
482012f1-710e-4a25-994a-93821f5871aa,pred_acdce3e1-376c-4781-bf71-54a669a2f188_1f9c6775-30c2-5f92-b1a5-24512f5681a6,ebb1c88a-8141-4c7e-860b-54ac293a06ac,fam_graha_natal,timing,0.5551,,mi_pariksha_v2.0
482012f1-710e-4a25-994a-93821f5871aa,pred_acdce3e1-376c-4781-bf71-54a669a2f188_1f9c6775-30c2-5f92-b1a5-24512f5681a6,ebb1c88a-8141-4c7e-860b-54ac293a06ac,fam_graha_natal,magnitude,0.2161,,mi_pariksha_v2.0
482012f1-710e-4a25-994a-93821f5871aa,pred_acdce3e1-376c-4781-bf71-54a669a2f188_1f9c6775-30c2-5f92-b1a5-24512f5681a6,ebb1c88a-8141-4c7e-860b-54ac293a06ac,fam_graha_natal,domain,0.5403,,mi_pariksha_v2.0
482012f1-710e-4a25-994a-93821f5871aa,pred_acdce3e1-376c-4781-bf71-54a669a2f188_1f9c6775-30c2-5f92-b1a5-24512f5681a6,ebb1c88a-8141-4c7e-860b-54ac293a06ac,fam_graha_natal,falsifier,0.3242,,mi_pariksha_v2.0
482012f1-710e-4a25-994a-93821f5871aa,pred_acdce3e1-376c-4781-bf71-54a669a2f188_1f9c6775-30c2-5f92-b1a5-24512f5681a6,ebb1c88a-8141-4c7e-860b-54ac293a06ac,fam_graha_natal,manifestation,0.1081,,mi_pariksha_v2.0
482012f1-710e-4a25-994a-93821f5871aa,pred_acdce3e1-376c-4781-bf71-54a669a2f188_1f9c6775-30c2-5f92-b1a5-24512f5681a6,483e332a-a168-4cf1-b93b-0ad55d77d91c,fam_graha_natal,timing,0.5551,,mi_pariksha_v2.0
482012f1-710e-4a25-994a-93821f5871aa,pred_acdce3e1-376c-4781-bf71-54a669a2f188_1f9c6775-30c2-5f92-b1a5-24512f5681a6,483e332a-a168-4cf1-b93b-0ad55d77d91c,fam_graha_natal,magnitude,0.2161,,mi_pariksha_v2.0
482012f1-710e-4a25-994a-93821f5871aa,pred_acdce3e1-376c-4781-bf71-54a669a2f188_1f9c6775-30c2-5f92-b1a5-24512f5681a6,483e332a-a168-4cf1-b93b-0ad55d77d91c,fam_graha_natal,domain,0.5403,,mi_pariksha_v2.0
482012f1-710e-4a25-994a-93821f5871aa,pred_acdce3e1-376c-4781-bf71-54a669a2f188_1f9c6775-30c2-5f92-b1a5-24512f5681a6,483e332a-a168-4cf1-b93b-0ad55d77d91c,fam_graha_natal,falsifier,0.3242,,mi_pariksha_v2.0
482012f1-710e-4a25-994a-93821f5871aa,pred_acdce3e1-376c-4781-bf71-54a669a2f188_1f9c6775-30c2-5f92-b1a5-24512f5681a6,483e332a-a168-4cf1-b93b-0ad55d77d91c,fam_graha_natal,manifestation,0.1081,,mi_pariksha_v2.0
482012f1-710e-4a25-994a-93821f5871aa,pred_acdce3e1-376c-4781-bf71-54a669a2f188_1f9c6775-30c2-5f92-b1a5-24512f5681a6,c31d3e74-2f44-41a6-8025-b32e44dbe1e2,fam_graha_natal,timing,0.5551,,mi_pariksha_v2.0
482012f1-710e-4a25-994a-93821f5871aa,pred_acdce3e1-376c-4781-bf71-54a669a2f188_1f9c6775-30c2-5f92-b1a5-24512f5681a6,c31d3e74-2f44-41a6-8025-b32e44dbe1e2,fam_graha_natal,magnitude,0.2161,,mi_pariksha_v2.0
482012f1-710e-4a25-994a-93821f5871aa,pred_acdce3e1-376c-4781-bf71-54a669a2f188_1f9c6775-30c2-5f92-b1a5-24512f5681a6,c31d3e74-2f44-41a6-8025-b32e44dbe1e2,fam_graha_natal,domain,0.5403,,mi_pariksha_v2.0
482012f1-710e-4a25-994a-93821f5871aa,pred_acdce3e1-376c-4781-bf71-54a669a2f188_1f9c6775-30c2-5f92-b1a5-24512f5681a6,c31d3e74-2f44-41a6-8025-b32e44dbe1e2,fam_graha_natal,falsifier,0.3242,,mi_pariksha_v2.0
482012f1-710e-4a25-994a-93821f5871aa,pred_acdce3e1-376c-4781-bf71-54a669a2f188_1f9c6775-30c2-5f92-b1a5-24512f5681a6,c31d3e74-2f44-41a6-8025-b32e44dbe1e2,fam_graha_natal,manifestation,0.1081,,mi_pariksha_v2.0
482012f1-710e-4a25-994a-93821f5871aa,pred_acdce3e1-376c-4781-bf71-54a669a2f188_1f9c6775-30c2-5f92-b1a5-24512f5681a6,2dff20cd-12f5-492e-a88e-3fef42547eca,fam_graha_natal,timing,0.5551,,mi_pariksha_v2.0
482012f1-710e-4a25-994a-93821f5871aa,pred_acdce3e1-376c-4781-bf71-54a669a2f188_1f9c6775-30c2-5f92-b1a5-24512f5681a6,2dff20cd-12f5-492e-a88e-3fef42547eca,fam_graha_natal,magnitude,0.2161,,mi_pariksha_v2.0
482012f1-710e-4a25-994a-93821f5871aa,pred_acdce3e1-376c-4781-bf71-54a669a2f188_1f9c6775-30c2-5f92-b1a5-24512f5681a6,2dff20cd-12f5-492e-a88e-3fef42547eca,fam_graha_natal,domain,0.5403,,mi_pariksha_v2.0
482012f1-710e-4a25-994a-93821f5871aa,pred_acdce3e1-376c-4781-bf71-54a669a2f188_1f9c6775-30c2-5f92-b1a5-24512f5681a6,2dff20cd-12f5-492e-a88e-3fef42547eca,fam_graha_natal,falsifier,0.3242,,mi_pariksha_v2.0
482012f1-710e-4a25-994a-93821f5871aa,pred_acdce3e1-376c-4781-bf71-54a669a2f188_1f9c6775-30c2-5f92-b1a5-24512f5681a6,2dff20cd-12f5-492e-a88e-3fef42547eca,fam_graha_natal,manifestation,0.1081,,mi_pariksha_v2.0
482012f1-710e-4a25-994a-93821f5871aa,pred_acdce3e1-376c-4781-bf71-54a669a2f188_1f9c6775-30c2-5f92-b1a5-24512f5681a6,d49da2e1-4b63-45f1-920e-c274df3ded21,fam_graha_natal,timing,0.5551,,mi_pariksha_v2.0
482012f1-710e-4a25-994a-93821f5871aa,pred_acdce3e1-376c-4781-bf71-54a669a2f188_1f9c6775-30c2-5f92-b1a5-24512f5681a6,d49da2e1-4b63-45f1-920e-c274df3ded21,fam_graha_natal,magnitude,0.2161,,mi_pariksha_v2.0
482012f1-710e-4a25-994a-93821f5871aa,pred_acdce3e1-376c-4781-bf71-54a669a2f188_1f9c6775-30c2-5f92-b1a5-24512f5681a6,d49da2e1-4b63-45f1-920e-c274df3ded21,fam_graha_natal,domain,0.5403,,mi_pariksha_v2.0
482012f1-710e-4a25-994a-93821f5871aa,pred_acdce3e1-376c-4781-bf71-54a669a2f188_1f9c6775-30c2-5f92-b1a5-24512f5681a6,d49da2e1-4b63-45f1-920e-c274df3ded21,fam_graha_natal,falsifier,0.3242,,mi_pariksha_v2.0
482012f1-710e-4a25-994a-93821f5871aa,pred_acdce3e1-376c-4781-bf71-54a669a2f188_1f9c6775-30c2-5f92-b1a5-24512f5681a6,d49da2e1-4b63-45f1-920e-c274df3ded21,fam_graha_natal,manifestation,0.1081,,mi_pariksha_v2.0
482012f1-710e-4a25-994a-93821f5871aa,pred_acdce3e1-376c-4781-bf71-54a669a2f188_275b0c18-a159-5560-95f7-2a6cfbec58c4,ebb1c88a-8141-4c7e-860b-54ac293a06ac,fam_graha_natal,timing,0.1127,,mi_pariksha_v2.0
482012f1-710e-4a25-994a-93821f5871aa,pred_acdce3e1-376c-4781-bf71-54a669a2f188_275b0c18-a159-5560-95f7-2a6cfbec58c4,ebb1c88a-8141-4c7e-860b-54ac293a06ac,fam_graha_natal,magnitude,0.2161,,mi_pariksha_v2.0
482012f1-710e-4a25-994a-93821f5871aa,pred_acdce3e1-376c-4781-bf71-54a669a2f188_275b0c18-a159-5560-95f7-2a6cfbec58c4,ebb1c88a-8141-4c7e-860b-54ac293a06ac,fam_graha_natal,domain,0,,mi_pariksha_v2.0
482012f1-710e-4a25-994a-93821f5871aa,pred_acdce3e1-376c-4781-bf71-54a669a2f188_275b0c18-a159-5560-95f7-2a6cfbec58c4,ebb1c88a-8141-4c7e-860b-54ac293a06ac,fam_graha_natal,falsifier,0.3242,,mi_pariksha_v2.0
482012f1-710e-4a25-994a-93821f5871aa,pred_acdce3e1-376c-4781-bf71-54a669a2f188_275b0c18-a159-5560-95f7-2a6cfbec58c4,ebb1c88a-8141-4c7e-860b-54ac293a06ac,fam_graha_natal,manifestation,0.1081,,mi_pariksha_v2.0
482012f1-710e-4a25-994a-93821f5871aa,pred_acdce3e1-376c-4781-bf71-54a669a2f188_275b0c18-a159-5560-95f7-2a6cfbec58c4,483e332a-a168-4cf1-b93b-0ad55d77d91c,fam_graha_natal,timing,0.1127,,mi_pariksha_v2.0
482012f1-710e-4a25-994a-93821f5871aa,pred_acdce3e1-376c-4781-bf71-54a669a2f188_275b0c18-a159-5560-95f7-2a6cfbec58c4,483e332a-a168-4cf1-b93b-0ad55d77d91c,fam_graha_natal,magnitude,0.2161,,mi_pariksha_v2.0
482012f1-710e-4a25-994a-93821f5871aa,pred_acdce3e1-376c-4781-bf71-54a669a2f188_275b0c18-a159-5560-95f7-2a6cfbec58c4,483e332a-a168-4cf1-b93b-0ad55d77d91c,fam_graha_natal,domain,0,,mi_pariksha_v2.0
482012f1-710e-4a25-994a-93821f5871aa,pred_acdce3e1-376c-4781-bf71-54a669a2f188_275b0c18-a159-5560-95f7-2a6cfbec58c4,483e332a-a168-4cf1-b93b-0ad55d77d91c,fam_graha_natal,falsifier,0.3242,,mi_pariksha_v2.0
482012f1-710e-4a25-994a-93821f5871aa,pred_acdce3e1-376c-4781-bf71-54a669a2f188_275b0c18-a159-5560-95f7-2a6cfbec58c4,483e332a-a168-4cf1-b93b-0ad55d77d91c,fam_graha_natal,manifestation,0.1081,,mi_pariksha_v2.0
482012f1-710e-4a25-994a-93821f5871aa,pred_acdce3e1-376c-4781-bf71-54a669a2f188_275b0c18-a159-5560-95f7-2a6cfbec58c4,c31d3e74-2f44-41a6-8025-b32e44dbe1e2,fam_graha_natal,timing,0.1127,,mi_pariksha_v2.0
482012f1-710e-4a25-994a-93821f5871aa,pred_acdce3e1-376c-4781-bf71-54a669a2f188_275b0c18-a159-5560-95f7-2a6cfbec58c4,c31d3e74-2f44-41a6-8025-b32e44dbe1e2,fam_graha_natal,magnitude,0.2161,,mi_pariksha_v2.0
482012f1-710e-4a25-994a-93821f5871aa,pred_acdce3e1-376c-4781-bf71-54a669a2f188_275b0c18-a159-5560-95f7-2a6cfbec58c4,c31d3e74-2f44-41a6-8025-b32e44dbe1e2,fam_graha_natal,domain,0,,mi_pariksha_v2.0
482012f1-710e-4a25-994a-93821f5871aa,pred_acdce3e1-376c-4781-bf71-54a669a2f188_275b0c18-a159-5560-95f7-2a6cfbec58c4,c31d3e74-2f44-41a6-8025-b32e44dbe1e2,fam_graha_natal,falsifier,0.3242,,mi_pariksha_v2.0
482012f1-710e-4a25-994a-93821f5871aa,pred_acdce3e1-376c-4781-bf71-54a669a2f188_275b0c18-a159-5560-95f7-2a6cfbec58c4,c31d3e74-2f44-41a6-8025-b32e44dbe1e2,fam_graha_natal,manifestation,0.1081,,mi_pariksha_v2.0
482012f1-710e-4a25-994a-93821f5871aa,pred_acdce3e1-376c-4781-bf71-54a669a2f188_275b0c18-a159-5560-95f7-2a6cfbec58c4,2dff20cd-12f5-492e-a88e-3fef42547eca,fam_graha_natal,timing,0.1127,,mi_pariksha_v2.0
482012f1-710e-4a25-994a-93821f5871aa,pred_acdce3e1-376c-4781-bf71-54a669a2f188_275b0c18-a159-5560-95f7-2a6cfbec58c4,2dff20cd-12f5-492e-a88e-3fef42547eca,fam_graha_natal,magnitude,0.2161,,mi_pariksha_v2.0
482012f1-710e-4a25-994a-93821f5871aa,pred_acdce3e1-376c-4781-bf71-54a669a2f188_275b0c18-a159-5560-95f7-2a6cfbec58c4,2dff20cd-12f5-492e-a88e-3fef42547eca,fam_graha_natal,domain,0,,mi_pariksha_v2.0
482012f1-710e-4a25-994a-93821f5871aa,pred_acdce3e1-376c-4781-bf71-54a669a2f188_275b0c18-a159-5560-95f7-2a6cfbec58c4,2dff20cd-12f5-492e-a88e-3fef42547eca,fam_graha_natal,falsifier,0.3242,,mi_pariksha_v2.0
482012f1-710e-4a25-994a-93821f5871aa,pred_acdce3e1-376c-4781-bf71-54a669a2f188_275b0c18-a159-5560-95f7-2a6cfbec58c4,2dff20cd-12f5-492e-a88e-3fef42547eca,fam_graha_natal,manifestation,0.1081,,mi_pariksha_v2.0
482012f1-710e-4a25-994a-93821f5871aa,pred_acdce3e1-376c-4781-bf71-54a669a2f188_275b0c18-a159-5560-95f7-2a6cfbec58c4,d49da2e1-4b63-45f1-920e-c274df3ded21,fam_graha_natal,timing,0.1127,,mi_pariksha_v2.0
482012f1-710e-4a25-994a-93821f5871aa,pred_acdce3e1-376c-4781-bf71-54a669a2f188_275b0c18-a159-5560-95f7-2a6cfbec58c4,d49da2e1-4b63-45f1-920e-c274df3ded21,fam_graha_natal,magnitude,0.2161,,mi_pariksha_v2.0
482012f1-710e-4a25-994a-93821f5871aa,pred_acdce3e1-376c-4781-bf71-54a669a2f188_275b0c18-a159-5560-95f7-2a6cfbec58c4,d49da2e1-4b63-45f1-920e-c274df3ded21,fam_graha_natal,domain,0,,mi_pariksha_v2.0
482012f1-710e-4a25-994a-93821f5871aa,pred_acdce3e1-376c-4781-bf71-54a669a2f188_275b0c18-a159-5560-95f7-2a6cfbec58c4,d49da2e1-4b63-45f1-920e-c274df3ded21,fam_graha_natal,falsifier,0.3242,,mi_pariksha_v2.0
482012f1-710e-4a25-994a-93821f5871aa,pred_acdce3e1-376c-4781-bf71-54a669a2f188_275b0c18-a159-5560-95f7-2a6cfbec58c4,d49da2e1-4b63-45f1-920e-c274df3ded21,fam_graha_natal,manifestation,0.1081,,mi_pariksha_v2.0
482012f1-710e-4a25-994a-93821f5871aa,pred_acdce3e1-376c-4781-bf71-54a669a2f188_2bfb5b17-6901-5d15-ba80-5f0f1d5611f0,ebb1c88a-8141-4c7e-860b-54ac293a06ac,fam_graha_natal,timing,0.4221,,mi_pariksha_v2.0
482012f1-710e-4a25-994a-93821f5871aa,pred_acdce3e1-376c-4781-bf71-54a669a2f188_2bfb5b17-6901-5d15-ba80-5f0f1d5611f0,ebb1c88a-8141-4c7e-860b-54ac293a06ac,fam_graha_natal,magnitude,0.2161,,mi_pariksha_v2.0
482012f1-710e-4a25-994a-93821f5871aa,pred_acdce3e1-376c-4781-bf71-54a669a2f188_2bfb5b17-6901-5d15-ba80-5f0f1d5611f0,ebb1c88a-8141-4c7e-860b-54ac293a06ac,fam_graha_natal,domain,0,,mi_pariksha_v2.0
482012f1-710e-4a25-994a-93821f5871aa,pred_acdce3e1-376c-4781-bf71-54a669a2f188_2bfb5b17-6901-5d15-ba80-5f0f1d5611f0,ebb1c88a-8141-4c7e-860b-54ac293a06ac,fam_graha_natal,falsifier,0.3242,,mi_pariksha_v2.0
482012f1-710e-4a25-994a-93821f5871aa,pred_acdce3e1-376c-4781-bf71-54a669a2f188_2bfb5b17-6901-5d15-ba80-5f0f1d5611f0,ebb1c88a-8141-4c7e-860b-54ac293a06ac,fam_graha_natal,manifestation,0.1081,,mi_pariksha_v2.0
482012f1-710e-4a25-994a-93821f5871aa,pred_acdce3e1-376c-4781-bf71-54a669a2f188_2bfb5b17-6901-5d15-ba80-5f0f1d5611f0,483e332a-a168-4cf1-b93b-0ad55d77d91c,fam_graha_natal,timing,0.4221,,mi_pariksha_v2.0
482012f1-710e-4a25-994a-93821f5871aa,pred_acdce3e1-376c-4781-bf71-54a669a2f188_2bfb5b17-6901-5d15-ba80-5f0f1d5611f0,483e332a-a168-4cf1-b93b-0ad55d77d91c,fam_graha_natal,magnitude,0.2161,,mi_pariksha_v2.0
482012f1-710e-4a25-994a-93821f5871aa,pred_acdce3e1-376c-4781-bf71-54a669a2f188_2bfb5b17-6901-5d15-ba80-5f0f1d5611f0,483e332a-a168-4cf1-b93b-0ad55d77d91c,fam_graha_natal,domain,0,,mi_pariksha_v2.0
482012f1-710e-4a25-994a-93821f5871aa,pred_acdce3e1-376c-4781-bf71-54a669a2f188_2bfb5b17-6901-5d15-ba80-5f0f1d5611f0,483e332a-a168-4cf1-b93b-0ad55d77d91c,fam_graha_natal,falsifier,0.3242,,mi_pariksha_v2.0
482012f1-710e-4a25-994a-93821f5871aa,pred_acdce3e1-376c-4781-bf71-54a669a2f188_2bfb5b17-6901-5d15-ba80-5f0f1d5611f0,483e332a-a168-4cf1-b93b-0ad55d77d91c,fam_graha_natal,manifestation,0.1081,,mi_pariksha_v2.0
482012f1-710e-4a25-994a-93821f5871aa,pred_acdce3e1-376c-4781-bf71-54a669a2f188_2bfb5b17-6901-5d15-ba80-5f0f1d5611f0,c31d3e74-2f44-41a6-8025-b32e44dbe1e2,fam_graha_natal,timing,0.4221,,mi_pariksha_v2.0
482012f1-710e-4a25-994a-93821f5871aa,pred_acdce3e1-376c-4781-bf71-54a669a2f188_2bfb5b17-6901-5d15-ba80-5f0f1d5611f0,c31d3e74-2f44-41a6-8025-b32e44dbe1e2,fam_graha_natal,magnitude,0.2161,,mi_pariksha_v2.0
482012f1-710e-4a25-994a-93821f5871aa,pred_acdce3e1-376c-4781-bf71-54a669a2f188_2bfb5b17-6901-5d15-ba80-5f0f1d5611f0,c31d3e74-2f44-41a6-8025-b32e44dbe1e2,fam_graha_natal,domain,0,,mi_pariksha_v2.0
482012f1-710e-4a25-994a-93821f5871aa,pred_acdce3e1-376c-4781-bf71-54a669a2f188_2bfb5b17-6901-5d15-ba80-5f0f1d5611f0,c31d3e74-2f44-41a6-8025-b32e44dbe1e2,fam_graha_natal,falsifier,0.3242,,mi_pariksha_v2.0
482012f1-710e-4a25-994a-93821f5871aa,pred_acdce3e1-376c-4781-bf71-54a669a2f188_2bfb5b17-6901-5d15-ba80-5f0f1d5611f0,c31d3e74-2f44-41a6-8025-b32e44dbe1e2,fam_graha_natal,manifestation,0.1081,,mi_pariksha_v2.0
482012f1-710e-4a25-994a-93821f5871aa,pred_acdce3e1-376c-4781-bf71-54a669a2f188_2bfb5b17-6901-5d15-ba80-5f0f1d5611f0,2dff20cd-12f5-492e-a88e-3fef42547eca,fam_graha_natal,timing,0.4221,,mi_pariksha_v2.0
482012f1-710e-4a25-994a-93821f5871aa,pred_acdce3e1-376c-4781-bf71-54a669a2f188_2bfb5b17-6901-5d15-ba80-5f0f1d5611f0,2dff20cd-12f5-492e-a88e-3fef42547eca,fam_graha_natal,magnitude,0.2161,,mi_pariksha_v2.0
482012f1-710e-4a25-994a-93821f5871aa,pred_acdce3e1-376c-4781-bf71-54a669a2f188_2bfb5b17-6901-5d15-ba80-5f0f1d5611f0,2dff20cd-12f5-492e-a88e-3fef42547eca,fam_graha_natal,domain,0,,mi_pariksha_v2.0
482012f1-710e-4a25-994a-93821f5871aa,pred_acdce3e1-376c-4781-bf71-54a669a2f188_2bfb5b17-6901-5d15-ba80-5f0f1d5611f0,2dff20cd-12f5-492e-a88e-3fef42547eca,fam_graha_natal,falsifier,0.3242,,mi_pariksha_v2.0
482012f1-710e-4a25-994a-93821f5871aa,pred_acdce3e1-376c-4781-bf71-54a669a2f188_2bfb5b17-6901-5d15-ba80-5f0f1d5611f0,2dff20cd-12f5-492e-a88e-3fef42547eca,fam_graha_natal,manifestation,0.1081,,mi_pariksha_v2.0
482012f1-710e-4a25-994a-93821f5871aa,pred_acdce3e1-376c-4781-bf71-54a669a2f188_2bfb5b17-6901-5d15-ba80-5f0f1d5611f0,d49da2e1-4b63-45f1-920e-c274df3ded21,fam_graha_natal,timing,0.4221,,mi_pariksha_v2.0
482012f1-710e-4a25-994a-93821f5871aa,pred_acdce3e1-376c-4781-bf71-54a669a2f188_2bfb5b17-6901-5d15-ba80-5f0f1d5611f0,d49da2e1-4b63-45f1-920e-c274df3ded21,fam_graha_natal,magnitude,0.2161,,mi_pariksha_v2.0
482012f1-710e-4a25-994a-93821f5871aa,pred_acdce3e1-376c-4781-bf71-54a669a2f188_2bfb5b17-6901-5d15-ba80-5f0f1d5611f0,d49da2e1-4b63-45f1-920e-c274df3ded21,fam_graha_natal,domain,0,,mi_pariksha_v2.0
482012f1-710e-4a25-994a-93821f5871aa,pred_acdce3e1-376c-4781-bf71-54a669a2f188_2bfb5b17-6901-5d15-ba80-5f0f1d5611f0,d49da2e1-4b63-45f1-920e-c274df3ded21,fam_graha_natal,falsifier,0.3242,,mi_pariksha_v2.0
482012f1-710e-4a25-994a-93821f5871aa,pred_acdce3e1-376c-4781-bf71-54a669a2f188_2bfb5b17-6901-5d15-ba80-5f0f1d5611f0,d49da2e1-4b63-45f1-920e-c274df3ded21,fam_graha_natal,manifestation,0.1081,,mi_pariksha_v2.0
482012f1-710e-4a25-994a-93821f5871aa,pred_acdce3e1-376c-4781-bf71-54a669a2f188_3ea3a2fc-3568-56a9-963b-57c7e7b4755c,ebb1c88a-8141-4c7e-860b-54ac293a06ac,fam_graha_natal,timing,0.334,,mi_pariksha_v2.0
482012f1-710e-4a25-994a-93821f5871aa,pred_acdce3e1-376c-4781-bf71-54a669a2f188_3ea3a2fc-3568-56a9-963b-57c7e7b4755c,ebb1c88a-8141-4c7e-860b-54ac293a06ac,fam_graha_natal,magnitude,0.2161,,mi_pariksha_v2.0
482012f1-710e-4a25-994a-93821f5871aa,pred_acdce3e1-376c-4781-bf71-54a669a2f188_3ea3a2fc-3568-56a9-963b-57c7e7b4755c,ebb1c88a-8141-4c7e-860b-54ac293a06ac,fam_graha_natal,domain,0,,mi_pariksha_v2.0
482012f1-710e-4a25-994a-93821f5871aa,pred_acdce3e1-376c-4781-bf71-54a669a2f188_3ea3a2fc-3568-56a9-963b-57c7e7b4755c,ebb1c88a-8141-4c7e-860b-54ac293a06ac,fam_graha_natal,falsifier,0.3242,,mi_pariksha_v2.0
482012f1-710e-4a25-994a-93821f5871aa,pred_acdce3e1-376c-4781-bf71-54a669a2f188_3ea3a2fc-3568-56a9-963b-57c7e7b4755c,ebb1c88a-8141-4c7e-860b-54ac293a06ac,fam_graha_natal,manifestation,0.1081,,mi_pariksha_v2.0
482012f1-710e-4a25-994a-93821f5871aa,pred_acdce3e1-376c-4781-bf71-54a669a2f188_3ea3a2fc-3568-56a9-963b-57c7e7b4755c,483e332a-a168-4cf1-b93b-0ad55d77d91c,fam_graha_natal,timing,0.334,,mi_pariksha_v2.0
482012f1-710e-4a25-994a-93821f5871aa,pred_acdce3e1-376c-4781-bf71-54a669a2f188_3ea3a2fc-3568-56a9-963b-57c7e7b4755c,483e332a-a168-4cf1-b93b-0ad55d77d91c,fam_graha_natal,magnitude,0.2161,,mi_pariksha_v2.0
482012f1-710e-4a25-994a-93821f5871aa,pred_acdce3e1-376c-4781-bf71-54a669a2f188_3ea3a2fc-3568-56a9-963b-57c7e7b4755c,483e332a-a168-4cf1-b93b-0ad55d77d91c,fam_graha_natal,domain,0,,mi_pariksha_v2.0
482012f1-710e-4a25-994a-93821f5871aa,pred_acdce3e1-376c-4781-bf71-54a669a2f188_3ea3a2fc-3568-56a9-963b-57c7e7b4755c,483e332a-a168-4cf1-b93b-0ad55d77d91c,fam_graha_natal,falsifier,0.3242,,mi_pariksha_v2.0
482012f1-710e-4a25-994a-93821f5871aa,pred_acdce3e1-376c-4781-bf71-54a669a2f188_3ea3a2fc-3568-56a9-963b-57c7e7b4755c,483e332a-a168-4cf1-b93b-0ad55d77d91c,fam_graha_natal,manifestation,0.1081,,mi_pariksha_v2.0
482012f1-710e-4a25-994a-93821f5871aa,pred_acdce3e1-376c-4781-bf71-54a669a2f188_3ea3a2fc-3568-56a9-963b-57c7e7b4755c,c31d3e74-2f44-41a6-8025-b32e44dbe1e2,fam_graha_natal,timing,0.334,,mi_pariksha_v2.0
482012f1-710e-4a25-994a-93821f5871aa,pred_acdce3e1-376c-4781-bf71-54a669a2f188_3ea3a2fc-3568-56a9-963b-57c7e7b4755c,c31d3e74-2f44-41a6-8025-b32e44dbe1e2,fam_graha_natal,magnitude,0.2161,,mi_pariksha_v2.0
482012f1-710e-4a25-994a-93821f5871aa,pred_acdce3e1-376c-4781-bf71-54a669a2f188_3ea3a2fc-3568-56a9-963b-57c7e7b4755c,c31d3e74-2f44-41a6-8025-b32e44dbe1e2,fam_graha_natal,domain,0,,mi_pariksha_v2.0
482012f1-710e-4a25-994a-93821f5871aa,pred_acdce3e1-376c-4781-bf71-54a669a2f188_3ea3a2fc-3568-56a9-963b-57c7e7b4755c,c31d3e74-2f44-41a6-8025-b32e44dbe1e2,fam_graha_natal,falsifier,0.3242,,mi_pariksha_v2.0
482012f1-710e-4a25-994a-93821f5871aa,pred_acdce3e1-376c-4781-bf71-54a669a2f188_3ea3a2fc-3568-56a9-963b-57c7e7b4755c,c31d3e74-2f44-41a6-8025-b32e44dbe1e2,fam_graha_natal,manifestation,0.1081,,mi_pariksha_v2.0
482012f1-710e-4a25-994a-93821f5871aa,pred_acdce3e1-376c-4781-bf71-54a669a2f188_3ea3a2fc-3568-56a9-963b-57c7e7b4755c,2dff20cd-12f5-492e-a88e-3fef42547eca,fam_graha_natal,timing,0.334,,mi_pariksha_v2.0
482012f1-710e-4a25-994a-93821f5871aa,pred_acdce3e1-376c-4781-bf71-54a669a2f188_3ea3a2fc-3568-56a9-963b-57c7e7b4755c,2dff20cd-12f5-492e-a88e-3fef42547eca,fam_graha_natal,magnitude,0.2161,,mi_pariksha_v2.0
482012f1-710e-4a25-994a-93821f5871aa,pred_acdce3e1-376c-4781-bf71-54a669a2f188_3ea3a2fc-3568-56a9-963b-57c7e7b4755c,2dff20cd-12f5-492e-a88e-3fef42547eca,fam_graha_natal,domain,0,,mi_pariksha_v2.0
482012f1-710e-4a25-994a-93821f5871aa,pred_acdce3e1-376c-4781-bf71-54a669a2f188_3ea3a2fc-3568-56a9-963b-57c7e7b4755c,2dff20cd-12f5-492e-a88e-3fef42547eca,fam_graha_natal,falsifier,0.3242,,mi_pariksha_v2.0
482012f1-710e-4a25-994a-93821f5871aa,pred_acdce3e1-376c-4781-bf71-54a669a2f188_3ea3a2fc-3568-56a9-963b-57c7e7b4755c,2dff20cd-12f5-492e-a88e-3fef42547eca,fam_graha_natal,manifestation,0.1081,,mi_pariksha_v2.0
482012f1-710e-4a25-994a-93821f5871aa,pred_acdce3e1-376c-4781-bf71-54a669a2f188_3ea3a2fc-3568-56a9-963b-57c7e7b4755c,d49da2e1-4b63-45f1-920e-c274df3ded21,fam_graha_natal,timing,0.334,,mi_pariksha_v2.0
482012f1-710e-4a25-994a-93821f5871aa,pred_acdce3e1-376c-4781-bf71-54a669a2f188_3ea3a2fc-3568-56a9-963b-57c7e7b4755c,d49da2e1-4b63-45f1-920e-c274df3ded21,fam_graha_natal,magnitude,0.2161,,mi_pariksha_v2.0
482012f1-710e-4a25-994a-93821f5871aa,pred_acdce3e1-376c-4781-bf71-54a669a2f188_3ea3a2fc-3568-56a9-963b-57c7e7b4755c,d49da2e1-4b63-45f1-920e-c274df3ded21,fam_graha_natal,domain,0,,mi_pariksha_v2.0
482012f1-710e-4a25-994a-93821f5871aa,pred_acdce3e1-376c-4781-bf71-54a669a2f188_3ea3a2fc-3568-56a9-963b-57c7e7b4755c,d49da2e1-4b63-45f1-920e-c274df3ded21,fam_graha_natal,falsifier,0.3242,,mi_pariksha_v2.0
482012f1-710e-4a25-994a-93821f5871aa,pred_acdce3e1-376c-4781-bf71-54a669a2f188_3ea3a2fc-3568-56a9-963b-57c7e7b4755c,d49da2e1-4b63-45f1-920e-c274df3ded21,fam_graha_natal,manifestation,0.1081,,mi_pariksha_v2.0
482012f1-710e-4a25-994a-93821f5871aa,pred_acdce3e1-376c-4781-bf71-54a669a2f188_4018cc05-6f8f-51c4-9ffc-3c1de800dc72,ebb1c88a-8141-4c7e-860b-54ac293a06ac,fam_graha_natal,timing,0.1561,,mi_pariksha_v2.0
482012f1-710e-4a25-994a-93821f5871aa,pred_acdce3e1-376c-4781-bf71-54a669a2f188_4018cc05-6f8f-51c4-9ffc-3c1de800dc72,ebb1c88a-8141-4c7e-860b-54ac293a06ac,fam_graha_natal,magnitude,0.2161,,mi_pariksha_v2.0
482012f1-710e-4a25-994a-93821f5871aa,pred_acdce3e1-376c-4781-bf71-54a669a2f188_4018cc05-6f8f-51c4-9ffc-3c1de800dc72,ebb1c88a-8141-4c7e-860b-54ac293a06ac,fam_graha_natal,domain,0,,mi_pariksha_v2.0
482012f1-710e-4a25-994a-93821f5871aa,pred_acdce3e1-376c-4781-bf71-54a669a2f188_4018cc05-6f8f-51c4-9ffc-3c1de800dc72,ebb1c88a-8141-4c7e-860b-54ac293a06ac,fam_graha_natal,falsifier,0.3242,,mi_pariksha_v2.0
482012f1-710e-4a25-994a-93821f5871aa,pred_acdce3e1-376c-4781-bf71-54a669a2f188_4018cc05-6f8f-51c4-9ffc-3c1de800dc72,ebb1c88a-8141-4c7e-860b-54ac293a06ac,fam_graha_natal,manifestation,0.1081,,mi_pariksha_v2.0
482012f1-710e-4a25-994a-93821f5871aa,pred_acdce3e1-376c-4781-bf71-54a669a2f188_4018cc05-6f8f-51c4-9ffc-3c1de800dc72,483e332a-a168-4cf1-b93b-0ad55d77d91c,fam_graha_natal,timing,0.1561,,mi_pariksha_v2.0
482012f1-710e-4a25-994a-93821f5871aa,pred_acdce3e1-376c-4781-bf71-54a669a2f188_4018cc05-6f8f-51c4-9ffc-3c1de800dc72,483e332a-a168-4cf1-b93b-0ad55d77d91c,fam_graha_natal,magnitude,0.2161,,mi_pariksha_v2.0
482012f1-710e-4a25-994a-93821f5871aa,pred_acdce3e1-376c-4781-bf71-54a669a2f188_4018cc05-6f8f-51c4-9ffc-3c1de800dc72,483e332a-a168-4cf1-b93b-0ad55d77d91c,fam_graha_natal,domain,0,,mi_pariksha_v2.0
482012f1-710e-4a25-994a-93821f5871aa,pred_acdce3e1-376c-4781-bf71-54a669a2f188_4018cc05-6f8f-51c4-9ffc-3c1de800dc72,483e332a-a168-4cf1-b93b-0ad55d77d91c,fam_graha_natal,falsifier,0.3242,,mi_pariksha_v2.0
482012f1-710e-4a25-994a-93821f5871aa,pred_acdce3e1-376c-4781-bf71-54a669a2f188_4018cc05-6f8f-51c4-9ffc-3c1de800dc72,483e332a-a168-4cf1-b93b-0ad55d77d91c,fam_graha_natal,manifestation,0.1081,,mi_pariksha_v2.0
482012f1-710e-4a25-994a-93821f5871aa,pred_acdce3e1-376c-4781-bf71-54a669a2f188_4018cc05-6f8f-51c4-9ffc-3c1de800dc72,c31d3e74-2f44-41a6-8025-b32e44dbe1e2,fam_graha_natal,timing,0.1561,,mi_pariksha_v2.0
482012f1-710e-4a25-994a-93821f5871aa,pred_acdce3e1-376c-4781-bf71-54a669a2f188_4018cc05-6f8f-51c4-9ffc-3c1de800dc72,c31d3e74-2f44-41a6-8025-b32e44dbe1e2,fam_graha_natal,magnitude,0.2161,,mi_pariksha_v2.0
482012f1-710e-4a25-994a-93821f5871aa,pred_acdce3e1-376c-4781-bf71-54a669a2f188_4018cc05-6f8f-51c4-9ffc-3c1de800dc72,c31d3e74-2f44-41a6-8025-b32e44dbe1e2,fam_graha_natal,domain,0,,mi_pariksha_v2.0
482012f1-710e-4a25-994a-93821f5871aa,pred_acdce3e1-376c-4781-bf71-54a669a2f188_4018cc05-6f8f-51c4-9ffc-3c1de800dc72,c31d3e74-2f44-41a6-8025-b32e44dbe1e2,fam_graha_natal,falsifier,0.3242,,mi_pariksha_v2.0
482012f1-710e-4a25-994a-93821f5871aa,pred_acdce3e1-376c-4781-bf71-54a669a2f188_4018cc05-6f8f-51c4-9ffc-3c1de800dc72,c31d3e74-2f44-41a6-8025-b32e44dbe1e2,fam_graha_natal,manifestation,0.1081,,mi_pariksha_v2.0
482012f1-710e-4a25-994a-93821f5871aa,pred_acdce3e1-376c-4781-bf71-54a669a2f188_4018cc05-6f8f-51c4-9ffc-3c1de800dc72,2dff20cd-12f5-492e-a88e-3fef42547eca,fam_graha_natal,timing,0.1561,,mi_pariksha_v2.0
482012f1-710e-4a25-994a-93821f5871aa,pred_acdce3e1-376c-4781-bf71-54a669a2f188_4018cc05-6f8f-51c4-9ffc-3c1de800dc72,2dff20cd-12f5-492e-a88e-3fef42547eca,fam_graha_natal,magnitude,0.2161,,mi_pariksha_v2.0
482012f1-710e-4a25-994a-93821f5871aa,pred_acdce3e1-376c-4781-bf71-54a669a2f188_4018cc05-6f8f-51c4-9ffc-3c1de800dc72,2dff20cd-12f5-492e-a88e-3fef42547eca,fam_graha_natal,domain,0,,mi_pariksha_v2.0
482012f1-710e-4a25-994a-93821f5871aa,pred_acdce3e1-376c-4781-bf71-54a669a2f188_4018cc05-6f8f-51c4-9ffc-3c1de800dc72,2dff20cd-12f5-492e-a88e-3fef42547eca,fam_graha_natal,falsifier,0.3242,,mi_pariksha_v2.0
482012f1-710e-4a25-994a-93821f5871aa,pred_acdce3e1-376c-4781-bf71-54a669a2f188_4018cc05-6f8f-51c4-9ffc-3c1de800dc72,2dff20cd-12f5-492e-a88e-3fef42547eca,fam_graha_natal,manifestation,0.1081,,mi_pariksha_v2.0
482012f1-710e-4a25-994a-93821f5871aa,pred_acdce3e1-376c-4781-bf71-54a669a2f188_4018cc05-6f8f-51c4-9ffc-3c1de800dc72,d49da2e1-4b63-45f1-920e-c274df3ded21,fam_graha_natal,timing,0.1561,,mi_pariksha_v2.0
482012f1-710e-4a25-994a-93821f5871aa,pred_acdce3e1-376c-4781-bf71-54a669a2f188_4018cc05-6f8f-51c4-9ffc-3c1de800dc72,d49da2e1-4b63-45f1-920e-c274df3ded21,fam_graha_natal,magnitude,0.2161,,mi_pariksha_v2.0
482012f1-710e-4a25-994a-93821f5871aa,pred_acdce3e1-376c-4781-bf71-54a669a2f188_4018cc05-6f8f-51c4-9ffc-3c1de800dc72,d49da2e1-4b63-45f1-920e-c274df3ded21,fam_graha_natal,domain,0,,mi_pariksha_v2.0
482012f1-710e-4a25-994a-93821f5871aa,pred_acdce3e1-376c-4781-bf71-54a669a2f188_4018cc05-6f8f-51c4-9ffc-3c1de800dc72,d49da2e1-4b63-45f1-920e-c274df3ded21,fam_graha_natal,falsifier,0.3242,,mi_pariksha_v2.0
482012f1-710e-4a25-994a-93821f5871aa,pred_acdce3e1-376c-4781-bf71-54a669a2f188_4018cc05-6f8f-51c4-9ffc-3c1de800dc72,d49da2e1-4b63-45f1-920e-c274df3ded21,fam_graha_natal,manifestation,0.1081,,mi_pariksha_v2.0
482012f1-710e-4a25-994a-93821f5871aa,pred_acdce3e1-376c-4781-bf71-54a669a2f188_5278d97c-e769-529a-b0c2-be1e965c2d6b,ebb1c88a-8141-4c7e-860b-54ac293a06ac,fam_graha_natal,timing,0.5884,,mi_pariksha_v2.0
482012f1-710e-4a25-994a-93821f5871aa,pred_acdce3e1-376c-4781-bf71-54a669a2f188_5278d97c-e769-529a-b0c2-be1e965c2d6b,ebb1c88a-8141-4c7e-860b-54ac293a06ac,fam_graha_natal,magnitude,0.2161,,mi_pariksha_v2.0
482012f1-710e-4a25-994a-93821f5871aa,pred_acdce3e1-376c-4781-bf71-54a669a2f188_5278d97c-e769-529a-b0c2-be1e965c2d6b,ebb1c88a-8141-4c7e-860b-54ac293a06ac,fam_graha_natal,domain,0,,mi_pariksha_v2.0
482012f1-710e-4a25-994a-93821f5871aa,pred_acdce3e1-376c-4781-bf71-54a669a2f188_5278d97c-e769-529a-b0c2-be1e965c2d6b,ebb1c88a-8141-4c7e-860b-54ac293a06ac,fam_graha_natal,falsifier,0.3242,,mi_pariksha_v2.0
482012f1-710e-4a25-994a-93821f5871aa,pred_acdce3e1-376c-4781-bf71-54a669a2f188_5278d97c-e769-529a-b0c2-be1e965c2d6b,ebb1c88a-8141-4c7e-860b-54ac293a06ac,fam_graha_natal,manifestation,0.1081,,mi_pariksha_v2.0
482012f1-710e-4a25-994a-93821f5871aa,pred_acdce3e1-376c-4781-bf71-54a669a2f188_5278d97c-e769-529a-b0c2-be1e965c2d6b,483e332a-a168-4cf1-b93b-0ad55d77d91c,fam_graha_natal,timing,0.5884,,mi_pariksha_v2.0
482012f1-710e-4a25-994a-93821f5871aa,pred_acdce3e1-376c-4781-bf71-54a669a2f188_5278d97c-e769-529a-b0c2-be1e965c2d6b,483e332a-a168-4cf1-b93b-0ad55d77d91c,fam_graha_natal,magnitude,0.2161,,mi_pariksha_v2.0
482012f1-710e-4a25-994a-93821f5871aa,pred_acdce3e1-376c-4781-bf71-54a669a2f188_5278d97c-e769-529a-b0c2-be1e965c2d6b,483e332a-a168-4cf1-b93b-0ad55d77d91c,fam_graha_natal,domain,0,,mi_pariksha_v2.0
482012f1-710e-4a25-994a-93821f5871aa,pred_acdce3e1-376c-4781-bf71-54a669a2f188_5278d97c-e769-529a-b0c2-be1e965c2d6b,483e332a-a168-4cf1-b93b-0ad55d77d91c,fam_graha_natal,falsifier,0.3242,,mi_pariksha_v2.0
482012f1-710e-4a25-994a-93821f5871aa,pred_acdce3e1-376c-4781-bf71-54a669a2f188_5278d97c-e769-529a-b0c2-be1e965c2d6b,483e332a-a168-4cf1-b93b-0ad55d77d91c,fam_graha_natal,manifestation,0.1081,,mi_pariksha_v2.0
482012f1-710e-4a25-994a-93821f5871aa,pred_acdce3e1-376c-4781-bf71-54a669a2f188_5278d97c-e769-529a-b0c2-be1e965c2d6b,c31d3e74-2f44-41a6-8025-b32e44dbe1e2,fam_graha_natal,timing,0.5884,,mi_pariksha_v2.0
482012f1-710e-4a25-994a-93821f5871aa,pred_acdce3e1-376c-4781-bf71-54a669a2f188_5278d97c-e769-529a-b0c2-be1e965c2d6b,c31d3e74-2f44-41a6-8025-b32e44dbe1e2,fam_graha_natal,magnitude,0.2161,,mi_pariksha_v2.0
482012f1-710e-4a25-994a-93821f5871aa,pred_acdce3e1-376c-4781-bf71-54a669a2f188_5278d97c-e769-529a-b0c2-be1e965c2d6b,c31d3e74-2f44-41a6-8025-b32e44dbe1e2,fam_graha_natal,domain,0,,mi_pariksha_v2.0
482012f1-710e-4a25-994a-93821f5871aa,pred_acdce3e1-376c-4781-bf71-54a669a2f188_5278d97c-e769-529a-b0c2-be1e965c2d6b,c31d3e74-2f44-41a6-8025-b32e44dbe1e2,fam_graha_natal,falsifier,0.3242,,mi_pariksha_v2.0
482012f1-710e-4a25-994a-93821f5871aa,pred_acdce3e1-376c-4781-bf71-54a669a2f188_5278d97c-e769-529a-b0c2-be1e965c2d6b,c31d3e74-2f44-41a6-8025-b32e44dbe1e2,fam_graha_natal,manifestation,0.1081,,mi_pariksha_v2.0
482012f1-710e-4a25-994a-93821f5871aa,pred_acdce3e1-376c-4781-bf71-54a669a2f188_5278d97c-e769-529a-b0c2-be1e965c2d6b,2dff20cd-12f5-492e-a88e-3fef42547eca,fam_graha_natal,timing,0.5884,,mi_pariksha_v2.0
482012f1-710e-4a25-994a-93821f5871aa,pred_acdce3e1-376c-4781-bf71-54a669a2f188_5278d97c-e769-529a-b0c2-be1e965c2d6b,2dff20cd-12f5-492e-a88e-3fef42547eca,fam_graha_natal,magnitude,0.2161,,mi_pariksha_v2.0
482012f1-710e-4a25-994a-93821f5871aa,pred_acdce3e1-376c-4781-bf71-54a669a2f188_5278d97c-e769-529a-b0c2-be1e965c2d6b,2dff20cd-12f5-492e-a88e-3fef42547eca,fam_graha_natal,domain,0,,mi_pariksha_v2.0
482012f1-710e-4a25-994a-93821f5871aa,pred_acdce3e1-376c-4781-bf71-54a669a2f188_5278d97c-e769-529a-b0c2-be1e965c2d6b,2dff20cd-12f5-492e-a88e-3fef42547eca,fam_graha_natal,falsifier,0.3242,,mi_pariksha_v2.0
482012f1-710e-4a25-994a-93821f5871aa,pred_acdce3e1-376c-4781-bf71-54a669a2f188_5278d97c-e769-529a-b0c2-be1e965c2d6b,2dff20cd-12f5-492e-a88e-3fef42547eca,fam_graha_natal,manifestation,0.1081,,mi_pariksha_v2.0
482012f1-710e-4a25-994a-93821f5871aa,pred_acdce3e1-376c-4781-bf71-54a669a2f188_5278d97c-e769-529a-b0c2-be1e965c2d6b,d49da2e1-4b63-45f1-920e-c274df3ded21,fam_graha_natal,timing,0.5884,,mi_pariksha_v2.0
482012f1-710e-4a25-994a-93821f5871aa,pred_acdce3e1-376c-4781-bf71-54a669a2f188_5278d97c-e769-529a-b0c2-be1e965c2d6b,d49da2e1-4b63-45f1-920e-c274df3ded21,fam_graha_natal,magnitude,0.2161,,mi_pariksha_v2.0
482012f1-710e-4a25-994a-93821f5871aa,pred_acdce3e1-376c-4781-bf71-54a669a2f188_5278d97c-e769-529a-b0c2-be1e965c2d6b,d49da2e1-4b63-45f1-920e-c274df3ded21,fam_graha_natal,domain,0,,mi_pariksha_v2.0
482012f1-710e-4a25-994a-93821f5871aa,pred_acdce3e1-376c-4781-bf71-54a669a2f188_5278d97c-e769-529a-b0c2-be1e965c2d6b,d49da2e1-4b63-45f1-920e-c274df3ded21,fam_graha_natal,falsifier,0.3242,,mi_pariksha_v2.0
482012f1-710e-4a25-994a-93821f5871aa,pred_acdce3e1-376c-4781-bf71-54a669a2f188_5278d97c-e769-529a-b0c2-be1e965c2d6b,d49da2e1-4b63-45f1-920e-c274df3ded21,fam_graha_natal,manifestation,0.1081,,mi_pariksha_v2.0
482012f1-710e-4a25-994a-93821f5871aa,pred_acdce3e1-376c-4781-bf71-54a669a2f188_732a4119-a333-5ce5-afbf-082453e1f6d5,ebb1c88a-8141-4c7e-860b-54ac293a06ac,fam_graha_natal,timing,0.5421,,mi_pariksha_v2.0
482012f1-710e-4a25-994a-93821f5871aa,pred_acdce3e1-376c-4781-bf71-54a669a2f188_732a4119-a333-5ce5-afbf-082453e1f6d5,ebb1c88a-8141-4c7e-860b-54ac293a06ac,fam_graha_natal,magnitude,0.2161,,mi_pariksha_v2.0
482012f1-710e-4a25-994a-93821f5871aa,pred_acdce3e1-376c-4781-bf71-54a669a2f188_732a4119-a333-5ce5-afbf-082453e1f6d5,ebb1c88a-8141-4c7e-860b-54ac293a06ac,fam_graha_natal,domain,0,,mi_pariksha_v2.0
482012f1-710e-4a25-994a-93821f5871aa,pred_acdce3e1-376c-4781-bf71-54a669a2f188_732a4119-a333-5ce5-afbf-082453e1f6d5,ebb1c88a-8141-4c7e-860b-54ac293a06ac,fam_graha_natal,falsifier,0.3242,,mi_pariksha_v2.0
482012f1-710e-4a25-994a-93821f5871aa,pred_acdce3e1-376c-4781-bf71-54a669a2f188_732a4119-a333-5ce5-afbf-082453e1f6d5,ebb1c88a-8141-4c7e-860b-54ac293a06ac,fam_graha_natal,manifestation,0.1081,,mi_pariksha_v2.0
482012f1-710e-4a25-994a-93821f5871aa,pred_acdce3e1-376c-4781-bf71-54a669a2f188_732a4119-a333-5ce5-afbf-082453e1f6d5,483e332a-a168-4cf1-b93b-0ad55d77d91c,fam_graha_natal,timing,0.5421,,mi_pariksha_v2.0
482012f1-710e-4a25-994a-93821f5871aa,pred_acdce3e1-376c-4781-bf71-54a669a2f188_732a4119-a333-5ce5-afbf-082453e1f6d5,483e332a-a168-4cf1-b93b-0ad55d77d91c,fam_graha_natal,magnitude,0.2161,,mi_pariksha_v2.0
482012f1-710e-4a25-994a-93821f5871aa,pred_acdce3e1-376c-4781-bf71-54a669a2f188_732a4119-a333-5ce5-afbf-082453e1f6d5,483e332a-a168-4cf1-b93b-0ad55d77d91c,fam_graha_natal,domain,0,,mi_pariksha_v2.0
482012f1-710e-4a25-994a-93821f5871aa,pred_acdce3e1-376c-4781-bf71-54a669a2f188_732a4119-a333-5ce5-afbf-082453e1f6d5,483e332a-a168-4cf1-b93b-0ad55d77d91c,fam_graha_natal,falsifier,0.3242,,mi_pariksha_v2.0
482012f1-710e-4a25-994a-93821f5871aa,pred_acdce3e1-376c-4781-bf71-54a669a2f188_732a4119-a333-5ce5-afbf-082453e1f6d5,483e332a-a168-4cf1-b93b-0ad55d77d91c,fam_graha_natal,manifestation,0.1081,,mi_pariksha_v2.0
482012f1-710e-4a25-994a-93821f5871aa,pred_acdce3e1-376c-4781-bf71-54a669a2f188_732a4119-a333-5ce5-afbf-082453e1f6d5,c31d3e74-2f44-41a6-8025-b32e44dbe1e2,fam_graha_natal,timing,0.5421,,mi_pariksha_v2.0
482012f1-710e-4a25-994a-93821f5871aa,pred_acdce3e1-376c-4781-bf71-54a669a2f188_732a4119-a333-5ce5-afbf-082453e1f6d5,c31d3e74-2f44-41a6-8025-b32e44dbe1e2,fam_graha_natal,magnitude,0.2161,,mi_pariksha_v2.0
482012f1-710e-4a25-994a-93821f5871aa,pred_acdce3e1-376c-4781-bf71-54a669a2f188_732a4119-a333-5ce5-afbf-082453e1f6d5,c31d3e74-2f44-41a6-8025-b32e44dbe1e2,fam_graha_natal,domain,0,,mi_pariksha_v2.0
482012f1-710e-4a25-994a-93821f5871aa,pred_acdce3e1-376c-4781-bf71-54a669a2f188_732a4119-a333-5ce5-afbf-082453e1f6d5,c31d3e74-2f44-41a6-8025-b32e44dbe1e2,fam_graha_natal,falsifier,0.3242,,mi_pariksha_v2.0
482012f1-710e-4a25-994a-93821f5871aa,pred_acdce3e1-376c-4781-bf71-54a669a2f188_732a4119-a333-5ce5-afbf-082453e1f6d5,c31d3e74-2f44-41a6-8025-b32e44dbe1e2,fam_graha_natal,manifestation,0.1081,,mi_pariksha_v2.0
482012f1-710e-4a25-994a-93821f5871aa,pred_acdce3e1-376c-4781-bf71-54a669a2f188_732a4119-a333-5ce5-afbf-082453e1f6d5,2dff20cd-12f5-492e-a88e-3fef42547eca,fam_graha_natal,timing,0.5421,,mi_pariksha_v2.0
482012f1-710e-4a25-994a-93821f5871aa,pred_acdce3e1-376c-4781-bf71-54a669a2f188_732a4119-a333-5ce5-afbf-082453e1f6d5,2dff20cd-12f5-492e-a88e-3fef42547eca,fam_graha_natal,magnitude,0.2161,,mi_pariksha_v2.0
482012f1-710e-4a25-994a-93821f5871aa,pred_acdce3e1-376c-4781-bf71-54a669a2f188_732a4119-a333-5ce5-afbf-082453e1f6d5,2dff20cd-12f5-492e-a88e-3fef42547eca,fam_graha_natal,domain,0,,mi_pariksha_v2.0
482012f1-710e-4a25-994a-93821f5871aa,pred_acdce3e1-376c-4781-bf71-54a669a2f188_732a4119-a333-5ce5-afbf-082453e1f6d5,2dff20cd-12f5-492e-a88e-3fef42547eca,fam_graha_natal,falsifier,0.3242,,mi_pariksha_v2.0
482012f1-710e-4a25-994a-93821f5871aa,pred_acdce3e1-376c-4781-bf71-54a669a2f188_732a4119-a333-5ce5-afbf-082453e1f6d5,2dff20cd-12f5-492e-a88e-3fef42547eca,fam_graha_natal,manifestation,0.1081,,mi_pariksha_v2.0
482012f1-710e-4a25-994a-93821f5871aa,pred_acdce3e1-376c-4781-bf71-54a669a2f188_732a4119-a333-5ce5-afbf-082453e1f6d5,d49da2e1-4b63-45f1-920e-c274df3ded21,fam_graha_natal,timing,0.5421,,mi_pariksha_v2.0
482012f1-710e-4a25-994a-93821f5871aa,pred_acdce3e1-376c-4781-bf71-54a669a2f188_732a4119-a333-5ce5-afbf-082453e1f6d5,d49da2e1-4b63-45f1-920e-c274df3ded21,fam_graha_natal,magnitude,0.2161,,mi_pariksha_v2.0
482012f1-710e-4a25-994a-93821f5871aa,pred_acdce3e1-376c-4781-bf71-54a669a2f188_732a4119-a333-5ce5-afbf-082453e1f6d5,d49da2e1-4b63-45f1-920e-c274df3ded21,fam_graha_natal,domain,0,,mi_pariksha_v2.0
482012f1-710e-4a25-994a-93821f5871aa,pred_acdce3e1-376c-4781-bf71-54a669a2f188_732a4119-a333-5ce5-afbf-082453e1f6d5,d49da2e1-4b63-45f1-920e-c274df3ded21,fam_graha_natal,falsifier,0.3242,,mi_pariksha_v2.0
482012f1-710e-4a25-994a-93821f5871aa,pred_acdce3e1-376c-4781-bf71-54a669a2f188_732a4119-a333-5ce5-afbf-082453e1f6d5,d49da2e1-4b63-45f1-920e-c274df3ded21,fam_graha_natal,manifestation,0.1081,,mi_pariksha_v2.0
482012f1-710e-4a25-994a-93821f5871aa,pred_acdce3e1-376c-4781-bf71-54a669a2f188_acb209c7-8107-53e7-b6ea-b8596e0f07cb,ebb1c88a-8141-4c7e-860b-54ac293a06ac,fam_graha_natal,timing,0.1359,,mi_pariksha_v2.0
482012f1-710e-4a25-994a-93821f5871aa,pred_acdce3e1-376c-4781-bf71-54a669a2f188_acb209c7-8107-53e7-b6ea-b8596e0f07cb,ebb1c88a-8141-4c7e-860b-54ac293a06ac,fam_graha_natal,magnitude,0.2161,,mi_pariksha_v2.0
482012f1-710e-4a25-994a-93821f5871aa,pred_acdce3e1-376c-4781-bf71-54a669a2f188_acb209c7-8107-53e7-b6ea-b8596e0f07cb,ebb1c88a-8141-4c7e-860b-54ac293a06ac,fam_graha_natal,domain,0,,mi_pariksha_v2.0
482012f1-710e-4a25-994a-93821f5871aa,pred_acdce3e1-376c-4781-bf71-54a669a2f188_acb209c7-8107-53e7-b6ea-b8596e0f07cb,ebb1c88a-8141-4c7e-860b-54ac293a06ac,fam_graha_natal,falsifier,0.3242,,mi_pariksha_v2.0
482012f1-710e-4a25-994a-93821f5871aa,pred_acdce3e1-376c-4781-bf71-54a669a2f188_acb209c7-8107-53e7-b6ea-b8596e0f07cb,ebb1c88a-8141-4c7e-860b-54ac293a06ac,fam_graha_natal,manifestation,0.1081,,mi_pariksha_v2.0
482012f1-710e-4a25-994a-93821f5871aa,pred_acdce3e1-376c-4781-bf71-54a669a2f188_acb209c7-8107-53e7-b6ea-b8596e0f07cb,483e332a-a168-4cf1-b93b-0ad55d77d91c,fam_graha_natal,timing,0.1359,,mi_pariksha_v2.0
482012f1-710e-4a25-994a-93821f5871aa,pred_acdce3e1-376c-4781-bf71-54a669a2f188_acb209c7-8107-53e7-b6ea-b8596e0f07cb,483e332a-a168-4cf1-b93b-0ad55d77d91c,fam_graha_natal,magnitude,0.2161,,mi_pariksha_v2.0
482012f1-710e-4a25-994a-93821f5871aa,pred_acdce3e1-376c-4781-bf71-54a669a2f188_acb209c7-8107-53e7-b6ea-b8596e0f07cb,483e332a-a168-4cf1-b93b-0ad55d77d91c,fam_graha_natal,domain,0,,mi_pariksha_v2.0
482012f1-710e-4a25-994a-93821f5871aa,pred_acdce3e1-376c-4781-bf71-54a669a2f188_acb209c7-8107-53e7-b6ea-b8596e0f07cb,483e332a-a168-4cf1-b93b-0ad55d77d91c,fam_graha_natal,falsifier,0.3242,,mi_pariksha_v2.0
482012f1-710e-4a25-994a-93821f5871aa,pred_acdce3e1-376c-4781-bf71-54a669a2f188_acb209c7-8107-53e7-b6ea-b8596e0f07cb,483e332a-a168-4cf1-b93b-0ad55d77d91c,fam_graha_natal,manifestation,0.1081,,mi_pariksha_v2.0
482012f1-710e-4a25-994a-93821f5871aa,pred_acdce3e1-376c-4781-bf71-54a669a2f188_acb209c7-8107-53e7-b6ea-b8596e0f07cb,c31d3e74-2f44-41a6-8025-b32e44dbe1e2,fam_graha_natal,timing,0.1359,,mi_pariksha_v2.0
482012f1-710e-4a25-994a-93821f5871aa,pred_acdce3e1-376c-4781-bf71-54a669a2f188_acb209c7-8107-53e7-b6ea-b8596e0f07cb,c31d3e74-2f44-41a6-8025-b32e44dbe1e2,fam_graha_natal,magnitude,0.2161,,mi_pariksha_v2.0
482012f1-710e-4a25-994a-93821f5871aa,pred_acdce3e1-376c-4781-bf71-54a669a2f188_acb209c7-8107-53e7-b6ea-b8596e0f07cb,c31d3e74-2f44-41a6-8025-b32e44dbe1e2,fam_graha_natal,domain,0,,mi_pariksha_v2.0
482012f1-710e-4a25-994a-93821f5871aa,pred_acdce3e1-376c-4781-bf71-54a669a2f188_acb209c7-8107-53e7-b6ea-b8596e0f07cb,c31d3e74-2f44-41a6-8025-b32e44dbe1e2,fam_graha_natal,falsifier,0.3242,,mi_pariksha_v2.0
482012f1-710e-4a25-994a-93821f5871aa,pred_acdce3e1-376c-4781-bf71-54a669a2f188_acb209c7-8107-53e7-b6ea-b8596e0f07cb,c31d3e74-2f44-41a6-8025-b32e44dbe1e2,fam_graha_natal,manifestation,0.1081,,mi_pariksha_v2.0
482012f1-710e-4a25-994a-93821f5871aa,pred_acdce3e1-376c-4781-bf71-54a669a2f188_acb209c7-8107-53e7-b6ea-b8596e0f07cb,2dff20cd-12f5-492e-a88e-3fef42547eca,fam_graha_natal,timing,0.1359,,mi_pariksha_v2.0
482012f1-710e-4a25-994a-93821f5871aa,pred_acdce3e1-376c-4781-bf71-54a669a2f188_acb209c7-8107-53e7-b6ea-b8596e0f07cb,2dff20cd-12f5-492e-a88e-3fef42547eca,fam_graha_natal,magnitude,0.2161,,mi_pariksha_v2.0
482012f1-710e-4a25-994a-93821f5871aa,pred_acdce3e1-376c-4781-bf71-54a669a2f188_acb209c7-8107-53e7-b6ea-b8596e0f07cb,2dff20cd-12f5-492e-a88e-3fef42547eca,fam_graha_natal,domain,0,,mi_pariksha_v2.0
482012f1-710e-4a25-994a-93821f5871aa,pred_acdce3e1-376c-4781-bf71-54a669a2f188_acb209c7-8107-53e7-b6ea-b8596e0f07cb,2dff20cd-12f5-492e-a88e-3fef42547eca,fam_graha_natal,falsifier,0.3242,,mi_pariksha_v2.0
482012f1-710e-4a25-994a-93821f5871aa,pred_acdce3e1-376c-4781-bf71-54a669a2f188_acb209c7-8107-53e7-b6ea-b8596e0f07cb,2dff20cd-12f5-492e-a88e-3fef42547eca,fam_graha_natal,manifestation,0.1081,,mi_pariksha_v2.0
482012f1-710e-4a25-994a-93821f5871aa,pred_acdce3e1-376c-4781-bf71-54a669a2f188_acb209c7-8107-53e7-b6ea-b8596e0f07cb,d49da2e1-4b63-45f1-920e-c274df3ded21,fam_graha_natal,timing,0.1359,,mi_pariksha_v2.0
482012f1-710e-4a25-994a-93821f5871aa,pred_acdce3e1-376c-4781-bf71-54a669a2f188_acb209c7-8107-53e7-b6ea-b8596e0f07cb,d49da2e1-4b63-45f1-920e-c274df3ded21,fam_graha_natal,magnitude,0.2161,,mi_pariksha_v2.0
482012f1-710e-4a25-994a-93821f5871aa,pred_acdce3e1-376c-4781-bf71-54a669a2f188_acb209c7-8107-53e7-b6ea-b8596e0f07cb,d49da2e1-4b63-45f1-920e-c274df3ded21,fam_graha_natal,domain,0,,mi_pariksha_v2.0
482012f1-710e-4a25-994a-93821f5871aa,pred_acdce3e1-376c-4781-bf71-54a669a2f188_acb209c7-8107-53e7-b6ea-b8596e0f07cb,d49da2e1-4b63-45f1-920e-c274df3ded21,fam_graha_natal,falsifier,0.3242,,mi_pariksha_v2.0
482012f1-710e-4a25-994a-93821f5871aa,pred_acdce3e1-376c-4781-bf71-54a669a2f188_acb209c7-8107-53e7-b6ea-b8596e0f07cb,d49da2e1-4b63-45f1-920e-c274df3ded21,fam_graha_natal,manifestation,0.1081,,mi_pariksha_v2.0
482012f1-710e-4a25-994a-93821f5871aa,pred_c0fa3e1e-68e5-4987-9cf3-cfd899040a4a_56a1222d-8c88-5445-b2a2-1fd89d470719-corr-2021-04,ebb1c88a-8141-4c7e-860b-54ac293a06ac,fam_graha_natal,timing,0.6266,,mi_pariksha_v2.0
482012f1-710e-4a25-994a-93821f5871aa,pred_c0fa3e1e-68e5-4987-9cf3-cfd899040a4a_56a1222d-8c88-5445-b2a2-1fd89d470719-corr-2021-04,ebb1c88a-8141-4c7e-860b-54ac293a06ac,fam_graha_natal,magnitude,0.2161,,mi_pariksha_v2.0
482012f1-710e-4a25-994a-93821f5871aa,pred_c0fa3e1e-68e5-4987-9cf3-cfd899040a4a_56a1222d-8c88-5445-b2a2-1fd89d470719-corr-2021-04,ebb1c88a-8141-4c7e-860b-54ac293a06ac,fam_graha_natal,domain,0,,mi_pariksha_v2.0
482012f1-710e-4a25-994a-93821f5871aa,pred_c0fa3e1e-68e5-4987-9cf3-cfd899040a4a_56a1222d-8c88-5445-b2a2-1fd89d470719-corr-2021-04,ebb1c88a-8141-4c7e-860b-54ac293a06ac,fam_graha_natal,falsifier,0.3242,,mi_pariksha_v2.0
482012f1-710e-4a25-994a-93821f5871aa,pred_c0fa3e1e-68e5-4987-9cf3-cfd899040a4a_56a1222d-8c88-5445-b2a2-1fd89d470719-corr-2021-04,ebb1c88a-8141-4c7e-860b-54ac293a06ac,fam_graha_natal,manifestation,0.1081,,mi_pariksha_v2.0
482012f1-710e-4a25-994a-93821f5871aa,pred_c0fa3e1e-68e5-4987-9cf3-cfd899040a4a_56a1222d-8c88-5445-b2a2-1fd89d470719-corr-2021-04,483e332a-a168-4cf1-b93b-0ad55d77d91c,fam_graha_natal,timing,0.6266,,mi_pariksha_v2.0
482012f1-710e-4a25-994a-93821f5871aa,pred_c0fa3e1e-68e5-4987-9cf3-cfd899040a4a_56a1222d-8c88-5445-b2a2-1fd89d470719-corr-2021-04,483e332a-a168-4cf1-b93b-0ad55d77d91c,fam_graha_natal,magnitude,0.2161,,mi_pariksha_v2.0
482012f1-710e-4a25-994a-93821f5871aa,pred_c0fa3e1e-68e5-4987-9cf3-cfd899040a4a_56a1222d-8c88-5445-b2a2-1fd89d470719-corr-2021-04,483e332a-a168-4cf1-b93b-0ad55d77d91c,fam_graha_natal,domain,0,,mi_pariksha_v2.0
482012f1-710e-4a25-994a-93821f5871aa,pred_c0fa3e1e-68e5-4987-9cf3-cfd899040a4a_56a1222d-8c88-5445-b2a2-1fd89d470719-corr-2021-04,483e332a-a168-4cf1-b93b-0ad55d77d91c,fam_graha_natal,falsifier,0.3242,,mi_pariksha_v2.0
482012f1-710e-4a25-994a-93821f5871aa,pred_c0fa3e1e-68e5-4987-9cf3-cfd899040a4a_56a1222d-8c88-5445-b2a2-1fd89d470719-corr-2021-04,483e332a-a168-4cf1-b93b-0ad55d77d91c,fam_graha_natal,manifestation,0.1081,,mi_pariksha_v2.0
482012f1-710e-4a25-994a-93821f5871aa,pred_c0fa3e1e-68e5-4987-9cf3-cfd899040a4a_56a1222d-8c88-5445-b2a2-1fd89d470719-corr-2021-04,c31d3e74-2f44-41a6-8025-b32e44dbe1e2,fam_graha_natal,timing,0.6266,,mi_pariksha_v2.0
482012f1-710e-4a25-994a-93821f5871aa,pred_c0fa3e1e-68e5-4987-9cf3-cfd899040a4a_56a1222d-8c88-5445-b2a2-1fd89d470719-corr-2021-04,c31d3e74-2f44-41a6-8025-b32e44dbe1e2,fam_graha_natal,magnitude,0.2161,,mi_pariksha_v2.0
482012f1-710e-4a25-994a-93821f5871aa,pred_c0fa3e1e-68e5-4987-9cf3-cfd899040a4a_56a1222d-8c88-5445-b2a2-1fd89d470719-corr-2021-04,c31d3e74-2f44-41a6-8025-b32e44dbe1e2,fam_graha_natal,domain,0,,mi_pariksha_v2.0
482012f1-710e-4a25-994a-93821f5871aa,pred_c0fa3e1e-68e5-4987-9cf3-cfd899040a4a_56a1222d-8c88-5445-b2a2-1fd89d470719-corr-2021-04,c31d3e74-2f44-41a6-8025-b32e44dbe1e2,fam_graha_natal,falsifier,0.3242,,mi_pariksha_v2.0
482012f1-710e-4a25-994a-93821f5871aa,pred_c0fa3e1e-68e5-4987-9cf3-cfd899040a4a_56a1222d-8c88-5445-b2a2-1fd89d470719-corr-2021-04,c31d3e74-2f44-41a6-8025-b32e44dbe1e2,fam_graha_natal,manifestation,0.1081,,mi_pariksha_v2.0
482012f1-710e-4a25-994a-93821f5871aa,pred_c0fa3e1e-68e5-4987-9cf3-cfd899040a4a_56a1222d-8c88-5445-b2a2-1fd89d470719-corr-2021-04,2dff20cd-12f5-492e-a88e-3fef42547eca,fam_graha_natal,timing,0.6266,,mi_pariksha_v2.0
482012f1-710e-4a25-994a-93821f5871aa,pred_c0fa3e1e-68e5-4987-9cf3-cfd899040a4a_56a1222d-8c88-5445-b2a2-1fd89d470719-corr-2021-04,2dff20cd-12f5-492e-a88e-3fef42547eca,fam_graha_natal,magnitude,0.2161,,mi_pariksha_v2.0
482012f1-710e-4a25-994a-93821f5871aa,pred_c0fa3e1e-68e5-4987-9cf3-cfd899040a4a_56a1222d-8c88-5445-b2a2-1fd89d470719-corr-2021-04,2dff20cd-12f5-492e-a88e-3fef42547eca,fam_graha_natal,domain,0,,mi_pariksha_v2.0
482012f1-710e-4a25-994a-93821f5871aa,pred_c0fa3e1e-68e5-4987-9cf3-cfd899040a4a_56a1222d-8c88-5445-b2a2-1fd89d470719-corr-2021-04,2dff20cd-12f5-492e-a88e-3fef42547eca,fam_graha_natal,falsifier,0.3242,,mi_pariksha_v2.0
482012f1-710e-4a25-994a-93821f5871aa,pred_c0fa3e1e-68e5-4987-9cf3-cfd899040a4a_56a1222d-8c88-5445-b2a2-1fd89d470719-corr-2021-04,2dff20cd-12f5-492e-a88e-3fef42547eca,fam_graha_natal,manifestation,0.1081,,mi_pariksha_v2.0
482012f1-710e-4a25-994a-93821f5871aa,pred_c0fa3e1e-68e5-4987-9cf3-cfd899040a4a_56a1222d-8c88-5445-b2a2-1fd89d470719-corr-2021-04,d49da2e1-4b63-45f1-920e-c274df3ded21,fam_graha_natal,timing,0.6266,,mi_pariksha_v2.0
482012f1-710e-4a25-994a-93821f5871aa,pred_c0fa3e1e-68e5-4987-9cf3-cfd899040a4a_56a1222d-8c88-5445-b2a2-1fd89d470719-corr-2021-04,d49da2e1-4b63-45f1-920e-c274df3ded21,fam_graha_natal,magnitude,0.2161,,mi_pariksha_v2.0
482012f1-710e-4a25-994a-93821f5871aa,pred_c0fa3e1e-68e5-4987-9cf3-cfd899040a4a_56a1222d-8c88-5445-b2a2-1fd89d470719-corr-2021-04,d49da2e1-4b63-45f1-920e-c274df3ded21,fam_graha_natal,domain,0,,mi_pariksha_v2.0
482012f1-710e-4a25-994a-93821f5871aa,pred_c0fa3e1e-68e5-4987-9cf3-cfd899040a4a_56a1222d-8c88-5445-b2a2-1fd89d470719-corr-2021-04,d49da2e1-4b63-45f1-920e-c274df3ded21,fam_graha_natal,falsifier,0.3242,,mi_pariksha_v2.0
482012f1-710e-4a25-994a-93821f5871aa,pred_c0fa3e1e-68e5-4987-9cf3-cfd899040a4a_56a1222d-8c88-5445-b2a2-1fd89d470719-corr-2021-04,d49da2e1-4b63-45f1-920e-c274df3ded21,fam_graha_natal,manifestation,0.1081,,mi_pariksha_v2.0
482012f1-710e-4a25-994a-93821f5871aa,pred_c0fa3e1e-68e5-4987-9cf3-cfd899040a4a_74e527bb-1b22-51a8-bafb-8d4d7d80ae1d,ebb1c88a-8141-4c7e-860b-54ac293a06ac,fam_graha_natal,timing,0.5384,,mi_pariksha_v2.0
482012f1-710e-4a25-994a-93821f5871aa,pred_c0fa3e1e-68e5-4987-9cf3-cfd899040a4a_74e527bb-1b22-51a8-bafb-8d4d7d80ae1d,ebb1c88a-8141-4c7e-860b-54ac293a06ac,fam_graha_natal,magnitude,0.2161,,mi_pariksha_v2.0
482012f1-710e-4a25-994a-93821f5871aa,pred_c0fa3e1e-68e5-4987-9cf3-cfd899040a4a_74e527bb-1b22-51a8-bafb-8d4d7d80ae1d,ebb1c88a-8141-4c7e-860b-54ac293a06ac,fam_graha_natal,domain,0,,mi_pariksha_v2.0
482012f1-710e-4a25-994a-93821f5871aa,pred_c0fa3e1e-68e5-4987-9cf3-cfd899040a4a_74e527bb-1b22-51a8-bafb-8d4d7d80ae1d,ebb1c88a-8141-4c7e-860b-54ac293a06ac,fam_graha_natal,falsifier,0.3242,,mi_pariksha_v2.0
482012f1-710e-4a25-994a-93821f5871aa,pred_c0fa3e1e-68e5-4987-9cf3-cfd899040a4a_74e527bb-1b22-51a8-bafb-8d4d7d80ae1d,ebb1c88a-8141-4c7e-860b-54ac293a06ac,fam_graha_natal,manifestation,0.1081,,mi_pariksha_v2.0
482012f1-710e-4a25-994a-93821f5871aa,pred_c0fa3e1e-68e5-4987-9cf3-cfd899040a4a_74e527bb-1b22-51a8-bafb-8d4d7d80ae1d,483e332a-a168-4cf1-b93b-0ad55d77d91c,fam_graha_natal,timing,0.5384,,mi_pariksha_v2.0
482012f1-710e-4a25-994a-93821f5871aa,pred_c0fa3e1e-68e5-4987-9cf3-cfd899040a4a_74e527bb-1b22-51a8-bafb-8d4d7d80ae1d,483e332a-a168-4cf1-b93b-0ad55d77d91c,fam_graha_natal,magnitude,0.2161,,mi_pariksha_v2.0
482012f1-710e-4a25-994a-93821f5871aa,pred_c0fa3e1e-68e5-4987-9cf3-cfd899040a4a_74e527bb-1b22-51a8-bafb-8d4d7d80ae1d,483e332a-a168-4cf1-b93b-0ad55d77d91c,fam_graha_natal,domain,0,,mi_pariksha_v2.0
482012f1-710e-4a25-994a-93821f5871aa,pred_c0fa3e1e-68e5-4987-9cf3-cfd899040a4a_74e527bb-1b22-51a8-bafb-8d4d7d80ae1d,483e332a-a168-4cf1-b93b-0ad55d77d91c,fam_graha_natal,falsifier,0.3242,,mi_pariksha_v2.0
482012f1-710e-4a25-994a-93821f5871aa,pred_c0fa3e1e-68e5-4987-9cf3-cfd899040a4a_74e527bb-1b22-51a8-bafb-8d4d7d80ae1d,483e332a-a168-4cf1-b93b-0ad55d77d91c,fam_graha_natal,manifestation,0.1081,,mi_pariksha_v2.0
482012f1-710e-4a25-994a-93821f5871aa,pred_c0fa3e1e-68e5-4987-9cf3-cfd899040a4a_74e527bb-1b22-51a8-bafb-8d4d7d80ae1d,c31d3e74-2f44-41a6-8025-b32e44dbe1e2,fam_graha_natal,timing,0.5384,,mi_pariksha_v2.0
482012f1-710e-4a25-994a-93821f5871aa,pred_c0fa3e1e-68e5-4987-9cf3-cfd899040a4a_74e527bb-1b22-51a8-bafb-8d4d7d80ae1d,c31d3e74-2f44-41a6-8025-b32e44dbe1e2,fam_graha_natal,magnitude,0.2161,,mi_pariksha_v2.0
482012f1-710e-4a25-994a-93821f5871aa,pred_c0fa3e1e-68e5-4987-9cf3-cfd899040a4a_74e527bb-1b22-51a8-bafb-8d4d7d80ae1d,c31d3e74-2f44-41a6-8025-b32e44dbe1e2,fam_graha_natal,domain,0,,mi_pariksha_v2.0
482012f1-710e-4a25-994a-93821f5871aa,pred_c0fa3e1e-68e5-4987-9cf3-cfd899040a4a_74e527bb-1b22-51a8-bafb-8d4d7d80ae1d,c31d3e74-2f44-41a6-8025-b32e44dbe1e2,fam_graha_natal,falsifier,0.3242,,mi_pariksha_v2.0
482012f1-710e-4a25-994a-93821f5871aa,pred_c0fa3e1e-68e5-4987-9cf3-cfd899040a4a_74e527bb-1b22-51a8-bafb-8d4d7d80ae1d,c31d3e74-2f44-41a6-8025-b32e44dbe1e2,fam_graha_natal,manifestation,0.1081,,mi_pariksha_v2.0
482012f1-710e-4a25-994a-93821f5871aa,pred_c0fa3e1e-68e5-4987-9cf3-cfd899040a4a_74e527bb-1b22-51a8-bafb-8d4d7d80ae1d,2dff20cd-12f5-492e-a88e-3fef42547eca,fam_graha_natal,timing,0.5384,,mi_pariksha_v2.0
482012f1-710e-4a25-994a-93821f5871aa,pred_c0fa3e1e-68e5-4987-9cf3-cfd899040a4a_74e527bb-1b22-51a8-bafb-8d4d7d80ae1d,2dff20cd-12f5-492e-a88e-3fef42547eca,fam_graha_natal,magnitude,0.2161,,mi_pariksha_v2.0
482012f1-710e-4a25-994a-93821f5871aa,pred_c0fa3e1e-68e5-4987-9cf3-cfd899040a4a_74e527bb-1b22-51a8-bafb-8d4d7d80ae1d,2dff20cd-12f5-492e-a88e-3fef42547eca,fam_graha_natal,domain,0,,mi_pariksha_v2.0
482012f1-710e-4a25-994a-93821f5871aa,pred_c0fa3e1e-68e5-4987-9cf3-cfd899040a4a_74e527bb-1b22-51a8-bafb-8d4d7d80ae1d,2dff20cd-12f5-492e-a88e-3fef42547eca,fam_graha_natal,falsifier,0.3242,,mi_pariksha_v2.0
482012f1-710e-4a25-994a-93821f5871aa,pred_c0fa3e1e-68e5-4987-9cf3-cfd899040a4a_74e527bb-1b22-51a8-bafb-8d4d7d80ae1d,2dff20cd-12f5-492e-a88e-3fef42547eca,fam_graha_natal,manifestation,0.1081,,mi_pariksha_v2.0
482012f1-710e-4a25-994a-93821f5871aa,pred_c0fa3e1e-68e5-4987-9cf3-cfd899040a4a_74e527bb-1b22-51a8-bafb-8d4d7d80ae1d,d49da2e1-4b63-45f1-920e-c274df3ded21,fam_graha_natal,timing,0.5384,,mi_pariksha_v2.0
482012f1-710e-4a25-994a-93821f5871aa,pred_c0fa3e1e-68e5-4987-9cf3-cfd899040a4a_74e527bb-1b22-51a8-bafb-8d4d7d80ae1d,d49da2e1-4b63-45f1-920e-c274df3ded21,fam_graha_natal,magnitude,0.2161,,mi_pariksha_v2.0
482012f1-710e-4a25-994a-93821f5871aa,pred_c0fa3e1e-68e5-4987-9cf3-cfd899040a4a_74e527bb-1b22-51a8-bafb-8d4d7d80ae1d,d49da2e1-4b63-45f1-920e-c274df3ded21,fam_graha_natal,domain,0,,mi_pariksha_v2.0
482012f1-710e-4a25-994a-93821f5871aa,pred_c0fa3e1e-68e5-4987-9cf3-cfd899040a4a_74e527bb-1b22-51a8-bafb-8d4d7d80ae1d,d49da2e1-4b63-45f1-920e-c274df3ded21,fam_graha_natal,falsifier,0.3242,,mi_pariksha_v2.0
482012f1-710e-4a25-994a-93821f5871aa,pred_c0fa3e1e-68e5-4987-9cf3-cfd899040a4a_74e527bb-1b22-51a8-bafb-8d4d7d80ae1d,d49da2e1-4b63-45f1-920e-c274df3ded21,fam_graha_natal,manifestation,0.1081,,mi_pariksha_v2.0
482012f1-710e-4a25-994a-93821f5871aa,pred_c0fa3e1e-68e5-4987-9cf3-cfd899040a4a_86cbb042-8c3b-54e0-bf79-8f51b5850c13,ebb1c88a-8141-4c7e-860b-54ac293a06ac,fam_graha_natal,timing,0.0101,,mi_pariksha_v2.0
482012f1-710e-4a25-994a-93821f5871aa,pred_c0fa3e1e-68e5-4987-9cf3-cfd899040a4a_86cbb042-8c3b-54e0-bf79-8f51b5850c13,ebb1c88a-8141-4c7e-860b-54ac293a06ac,fam_graha_natal,magnitude,0.2161,,mi_pariksha_v2.0
482012f1-710e-4a25-994a-93821f5871aa,pred_c0fa3e1e-68e5-4987-9cf3-cfd899040a4a_86cbb042-8c3b-54e0-bf79-8f51b5850c13,ebb1c88a-8141-4c7e-860b-54ac293a06ac,fam_graha_natal,domain,0.5403,,mi_pariksha_v2.0
482012f1-710e-4a25-994a-93821f5871aa,pred_c0fa3e1e-68e5-4987-9cf3-cfd899040a4a_86cbb042-8c3b-54e0-bf79-8f51b5850c13,ebb1c88a-8141-4c7e-860b-54ac293a06ac,fam_graha_natal,falsifier,0.3242,,mi_pariksha_v2.0
482012f1-710e-4a25-994a-93821f5871aa,pred_c0fa3e1e-68e5-4987-9cf3-cfd899040a4a_86cbb042-8c3b-54e0-bf79-8f51b5850c13,ebb1c88a-8141-4c7e-860b-54ac293a06ac,fam_graha_natal,manifestation,0.1081,,mi_pariksha_v2.0
482012f1-710e-4a25-994a-93821f5871aa,pred_c0fa3e1e-68e5-4987-9cf3-cfd899040a4a_86cbb042-8c3b-54e0-bf79-8f51b5850c13,483e332a-a168-4cf1-b93b-0ad55d77d91c,fam_graha_natal,timing,0.0101,,mi_pariksha_v2.0
482012f1-710e-4a25-994a-93821f5871aa,pred_c0fa3e1e-68e5-4987-9cf3-cfd899040a4a_86cbb042-8c3b-54e0-bf79-8f51b5850c13,483e332a-a168-4cf1-b93b-0ad55d77d91c,fam_graha_natal,magnitude,0.2161,,mi_pariksha_v2.0
482012f1-710e-4a25-994a-93821f5871aa,pred_c0fa3e1e-68e5-4987-9cf3-cfd899040a4a_86cbb042-8c3b-54e0-bf79-8f51b5850c13,483e332a-a168-4cf1-b93b-0ad55d77d91c,fam_graha_natal,domain,0.5403,,mi_pariksha_v2.0
482012f1-710e-4a25-994a-93821f5871aa,pred_c0fa3e1e-68e5-4987-9cf3-cfd899040a4a_86cbb042-8c3b-54e0-bf79-8f51b5850c13,483e332a-a168-4cf1-b93b-0ad55d77d91c,fam_graha_natal,falsifier,0.3242,,mi_pariksha_v2.0
482012f1-710e-4a25-994a-93821f5871aa,pred_c0fa3e1e-68e5-4987-9cf3-cfd899040a4a_86cbb042-8c3b-54e0-bf79-8f51b5850c13,483e332a-a168-4cf1-b93b-0ad55d77d91c,fam_graha_natal,manifestation,0.1081,,mi_pariksha_v2.0
482012f1-710e-4a25-994a-93821f5871aa,pred_c0fa3e1e-68e5-4987-9cf3-cfd899040a4a_86cbb042-8c3b-54e0-bf79-8f51b5850c13,c31d3e74-2f44-41a6-8025-b32e44dbe1e2,fam_graha_natal,timing,0.0101,,mi_pariksha_v2.0
482012f1-710e-4a25-994a-93821f5871aa,pred_c0fa3e1e-68e5-4987-9cf3-cfd899040a4a_86cbb042-8c3b-54e0-bf79-8f51b5850c13,c31d3e74-2f44-41a6-8025-b32e44dbe1e2,fam_graha_natal,magnitude,0.2161,,mi_pariksha_v2.0
482012f1-710e-4a25-994a-93821f5871aa,pred_c0fa3e1e-68e5-4987-9cf3-cfd899040a4a_86cbb042-8c3b-54e0-bf79-8f51b5850c13,c31d3e74-2f44-41a6-8025-b32e44dbe1e2,fam_graha_natal,domain,0.5403,,mi_pariksha_v2.0
482012f1-710e-4a25-994a-93821f5871aa,pred_c0fa3e1e-68e5-4987-9cf3-cfd899040a4a_86cbb042-8c3b-54e0-bf79-8f51b5850c13,c31d3e74-2f44-41a6-8025-b32e44dbe1e2,fam_graha_natal,falsifier,0.3242,,mi_pariksha_v2.0
482012f1-710e-4a25-994a-93821f5871aa,pred_c0fa3e1e-68e5-4987-9cf3-cfd899040a4a_86cbb042-8c3b-54e0-bf79-8f51b5850c13,c31d3e74-2f44-41a6-8025-b32e44dbe1e2,fam_graha_natal,manifestation,0.1081,,mi_pariksha_v2.0
482012f1-710e-4a25-994a-93821f5871aa,pred_c0fa3e1e-68e5-4987-9cf3-cfd899040a4a_86cbb042-8c3b-54e0-bf79-8f51b5850c13,2dff20cd-12f5-492e-a88e-3fef42547eca,fam_graha_natal,timing,0.0101,,mi_pariksha_v2.0
482012f1-710e-4a25-994a-93821f5871aa,pred_c0fa3e1e-68e5-4987-9cf3-cfd899040a4a_86cbb042-8c3b-54e0-bf79-8f51b5850c13,2dff20cd-12f5-492e-a88e-3fef42547eca,fam_graha_natal,magnitude,0.2161,,mi_pariksha_v2.0
482012f1-710e-4a25-994a-93821f5871aa,pred_c0fa3e1e-68e5-4987-9cf3-cfd899040a4a_86cbb042-8c3b-54e0-bf79-8f51b5850c13,2dff20cd-12f5-492e-a88e-3fef42547eca,fam_graha_natal,domain,0.5403,,mi_pariksha_v2.0
482012f1-710e-4a25-994a-93821f5871aa,pred_c0fa3e1e-68e5-4987-9cf3-cfd899040a4a_86cbb042-8c3b-54e0-bf79-8f51b5850c13,2dff20cd-12f5-492e-a88e-3fef42547eca,fam_graha_natal,falsifier,0.3242,,mi_pariksha_v2.0
482012f1-710e-4a25-994a-93821f5871aa,pred_c0fa3e1e-68e5-4987-9cf3-cfd899040a4a_86cbb042-8c3b-54e0-bf79-8f51b5850c13,2dff20cd-12f5-492e-a88e-3fef42547eca,fam_graha_natal,manifestation,0.1081,,mi_pariksha_v2.0
482012f1-710e-4a25-994a-93821f5871aa,pred_c0fa3e1e-68e5-4987-9cf3-cfd899040a4a_86cbb042-8c3b-54e0-bf79-8f51b5850c13,d49da2e1-4b63-45f1-920e-c274df3ded21,fam_graha_natal,timing,0.0101,,mi_pariksha_v2.0
482012f1-710e-4a25-994a-93821f5871aa,pred_c0fa3e1e-68e5-4987-9cf3-cfd899040a4a_86cbb042-8c3b-54e0-bf79-8f51b5850c13,d49da2e1-4b63-45f1-920e-c274df3ded21,fam_graha_natal,magnitude,0.2161,,mi_pariksha_v2.0
482012f1-710e-4a25-994a-93821f5871aa,pred_c0fa3e1e-68e5-4987-9cf3-cfd899040a4a_86cbb042-8c3b-54e0-bf79-8f51b5850c13,d49da2e1-4b63-45f1-920e-c274df3ded21,fam_graha_natal,domain,0.5403,,mi_pariksha_v2.0
482012f1-710e-4a25-994a-93821f5871aa,pred_c0fa3e1e-68e5-4987-9cf3-cfd899040a4a_86cbb042-8c3b-54e0-bf79-8f51b5850c13,d49da2e1-4b63-45f1-920e-c274df3ded21,fam_graha_natal,falsifier,0.3242,,mi_pariksha_v2.0
482012f1-710e-4a25-994a-93821f5871aa,pred_c0fa3e1e-68e5-4987-9cf3-cfd899040a4a_86cbb042-8c3b-54e0-bf79-8f51b5850c13,d49da2e1-4b63-45f1-920e-c274df3ded21,fam_graha_natal,manifestation,0.1081,,mi_pariksha_v2.0
482012f1-710e-4a25-994a-93821f5871aa,pred_c0fa3e1e-68e5-4987-9cf3-cfd899040a4a_974651b2-f743-56d9-b9e9-178e0b8e7431,ebb1c88a-8141-4c7e-860b-54ac293a06ac,fam_graha_natal,timing,0.5166,,mi_pariksha_v2.0
482012f1-710e-4a25-994a-93821f5871aa,pred_c0fa3e1e-68e5-4987-9cf3-cfd899040a4a_974651b2-f743-56d9-b9e9-178e0b8e7431,ebb1c88a-8141-4c7e-860b-54ac293a06ac,fam_graha_natal,magnitude,0.2161,,mi_pariksha_v2.0
482012f1-710e-4a25-994a-93821f5871aa,pred_c0fa3e1e-68e5-4987-9cf3-cfd899040a4a_974651b2-f743-56d9-b9e9-178e0b8e7431,ebb1c88a-8141-4c7e-860b-54ac293a06ac,fam_graha_natal,domain,0,,mi_pariksha_v2.0
482012f1-710e-4a25-994a-93821f5871aa,pred_c0fa3e1e-68e5-4987-9cf3-cfd899040a4a_974651b2-f743-56d9-b9e9-178e0b8e7431,ebb1c88a-8141-4c7e-860b-54ac293a06ac,fam_graha_natal,falsifier,0.3242,,mi_pariksha_v2.0
482012f1-710e-4a25-994a-93821f5871aa,pred_c0fa3e1e-68e5-4987-9cf3-cfd899040a4a_974651b2-f743-56d9-b9e9-178e0b8e7431,ebb1c88a-8141-4c7e-860b-54ac293a06ac,fam_graha_natal,manifestation,0.1081,,mi_pariksha_v2.0
482012f1-710e-4a25-994a-93821f5871aa,pred_c0fa3e1e-68e5-4987-9cf3-cfd899040a4a_974651b2-f743-56d9-b9e9-178e0b8e7431,483e332a-a168-4cf1-b93b-0ad55d77d91c,fam_graha_natal,timing,0.5166,,mi_pariksha_v2.0
482012f1-710e-4a25-994a-93821f5871aa,pred_c0fa3e1e-68e5-4987-9cf3-cfd899040a4a_974651b2-f743-56d9-b9e9-178e0b8e7431,483e332a-a168-4cf1-b93b-0ad55d77d91c,fam_graha_natal,magnitude,0.2161,,mi_pariksha_v2.0
482012f1-710e-4a25-994a-93821f5871aa,pred_c0fa3e1e-68e5-4987-9cf3-cfd899040a4a_974651b2-f743-56d9-b9e9-178e0b8e7431,483e332a-a168-4cf1-b93b-0ad55d77d91c,fam_graha_natal,domain,0,,mi_pariksha_v2.0
482012f1-710e-4a25-994a-93821f5871aa,pred_c0fa3e1e-68e5-4987-9cf3-cfd899040a4a_974651b2-f743-56d9-b9e9-178e0b8e7431,483e332a-a168-4cf1-b93b-0ad55d77d91c,fam_graha_natal,falsifier,0.3242,,mi_pariksha_v2.0
482012f1-710e-4a25-994a-93821f5871aa,pred_c0fa3e1e-68e5-4987-9cf3-cfd899040a4a_974651b2-f743-56d9-b9e9-178e0b8e7431,483e332a-a168-4cf1-b93b-0ad55d77d91c,fam_graha_natal,manifestation,0.1081,,mi_pariksha_v2.0
482012f1-710e-4a25-994a-93821f5871aa,pred_c0fa3e1e-68e5-4987-9cf3-cfd899040a4a_974651b2-f743-56d9-b9e9-178e0b8e7431,c31d3e74-2f44-41a6-8025-b32e44dbe1e2,fam_graha_natal,timing,0.5166,,mi_pariksha_v2.0
482012f1-710e-4a25-994a-93821f5871aa,pred_c0fa3e1e-68e5-4987-9cf3-cfd899040a4a_974651b2-f743-56d9-b9e9-178e0b8e7431,c31d3e74-2f44-41a6-8025-b32e44dbe1e2,fam_graha_natal,magnitude,0.2161,,mi_pariksha_v2.0
482012f1-710e-4a25-994a-93821f5871aa,pred_c0fa3e1e-68e5-4987-9cf3-cfd899040a4a_974651b2-f743-56d9-b9e9-178e0b8e7431,c31d3e74-2f44-41a6-8025-b32e44dbe1e2,fam_graha_natal,domain,0,,mi_pariksha_v2.0
482012f1-710e-4a25-994a-93821f5871aa,pred_c0fa3e1e-68e5-4987-9cf3-cfd899040a4a_974651b2-f743-56d9-b9e9-178e0b8e7431,c31d3e74-2f44-41a6-8025-b32e44dbe1e2,fam_graha_natal,falsifier,0.3242,,mi_pariksha_v2.0
482012f1-710e-4a25-994a-93821f5871aa,pred_c0fa3e1e-68e5-4987-9cf3-cfd899040a4a_974651b2-f743-56d9-b9e9-178e0b8e7431,c31d3e74-2f44-41a6-8025-b32e44dbe1e2,fam_graha_natal,manifestation,0.1081,,mi_pariksha_v2.0
482012f1-710e-4a25-994a-93821f5871aa,pred_c0fa3e1e-68e5-4987-9cf3-cfd899040a4a_974651b2-f743-56d9-b9e9-178e0b8e7431,2dff20cd-12f5-492e-a88e-3fef42547eca,fam_graha_natal,timing,0.5166,,mi_pariksha_v2.0
482012f1-710e-4a25-994a-93821f5871aa,pred_c0fa3e1e-68e5-4987-9cf3-cfd899040a4a_974651b2-f743-56d9-b9e9-178e0b8e7431,2dff20cd-12f5-492e-a88e-3fef42547eca,fam_graha_natal,magnitude,0.2161,,mi_pariksha_v2.0
482012f1-710e-4a25-994a-93821f5871aa,pred_c0fa3e1e-68e5-4987-9cf3-cfd899040a4a_974651b2-f743-56d9-b9e9-178e0b8e7431,2dff20cd-12f5-492e-a88e-3fef42547eca,fam_graha_natal,domain,0,,mi_pariksha_v2.0
482012f1-710e-4a25-994a-93821f5871aa,pred_c0fa3e1e-68e5-4987-9cf3-cfd899040a4a_974651b2-f743-56d9-b9e9-178e0b8e7431,2dff20cd-12f5-492e-a88e-3fef42547eca,fam_graha_natal,falsifier,0.3242,,mi_pariksha_v2.0
482012f1-710e-4a25-994a-93821f5871aa,pred_c0fa3e1e-68e5-4987-9cf3-cfd899040a4a_974651b2-f743-56d9-b9e9-178e0b8e7431,2dff20cd-12f5-492e-a88e-3fef42547eca,fam_graha_natal,manifestation,0.1081,,mi_pariksha_v2.0
482012f1-710e-4a25-994a-93821f5871aa,pred_c0fa3e1e-68e5-4987-9cf3-cfd899040a4a_974651b2-f743-56d9-b9e9-178e0b8e7431,d49da2e1-4b63-45f1-920e-c274df3ded21,fam_graha_natal,timing,0.5166,,mi_pariksha_v2.0
482012f1-710e-4a25-994a-93821f5871aa,pred_c0fa3e1e-68e5-4987-9cf3-cfd899040a4a_974651b2-f743-56d9-b9e9-178e0b8e7431,d49da2e1-4b63-45f1-920e-c274df3ded21,fam_graha_natal,magnitude,0.2161,,mi_pariksha_v2.0
482012f1-710e-4a25-994a-93821f5871aa,pred_c0fa3e1e-68e5-4987-9cf3-cfd899040a4a_974651b2-f743-56d9-b9e9-178e0b8e7431,d49da2e1-4b63-45f1-920e-c274df3ded21,fam_graha_natal,domain,0,,mi_pariksha_v2.0
482012f1-710e-4a25-994a-93821f5871aa,pred_c0fa3e1e-68e5-4987-9cf3-cfd899040a4a_974651b2-f743-56d9-b9e9-178e0b8e7431,d49da2e1-4b63-45f1-920e-c274df3ded21,fam_graha_natal,falsifier,0.3242,,mi_pariksha_v2.0
482012f1-710e-4a25-994a-93821f5871aa,pred_c0fa3e1e-68e5-4987-9cf3-cfd899040a4a_974651b2-f743-56d9-b9e9-178e0b8e7431,d49da2e1-4b63-45f1-920e-c274df3ded21,fam_graha_natal,manifestation,0.1081,,mi_pariksha_v2.0
482012f1-710e-4a25-994a-93821f5871aa,pred_c0fa3e1e-68e5-4987-9cf3-cfd899040a4a_b8884cbe-b894-588b-a70f-2c0a90fdeac5,ebb1c88a-8141-4c7e-860b-54ac293a06ac,fam_graha_natal,timing,0.5384,,mi_pariksha_v2.0
482012f1-710e-4a25-994a-93821f5871aa,pred_c0fa3e1e-68e5-4987-9cf3-cfd899040a4a_b8884cbe-b894-588b-a70f-2c0a90fdeac5,ebb1c88a-8141-4c7e-860b-54ac293a06ac,fam_graha_natal,magnitude,0.2161,,mi_pariksha_v2.0
482012f1-710e-4a25-994a-93821f5871aa,pred_c0fa3e1e-68e5-4987-9cf3-cfd899040a4a_b8884cbe-b894-588b-a70f-2c0a90fdeac5,ebb1c88a-8141-4c7e-860b-54ac293a06ac,fam_graha_natal,domain,0,,mi_pariksha_v2.0
482012f1-710e-4a25-994a-93821f5871aa,pred_c0fa3e1e-68e5-4987-9cf3-cfd899040a4a_b8884cbe-b894-588b-a70f-2c0a90fdeac5,ebb1c88a-8141-4c7e-860b-54ac293a06ac,fam_graha_natal,falsifier,0.3242,,mi_pariksha_v2.0
482012f1-710e-4a25-994a-93821f5871aa,pred_c0fa3e1e-68e5-4987-9cf3-cfd899040a4a_b8884cbe-b894-588b-a70f-2c0a90fdeac5,ebb1c88a-8141-4c7e-860b-54ac293a06ac,fam_graha_natal,manifestation,0.1081,,mi_pariksha_v2.0
482012f1-710e-4a25-994a-93821f5871aa,pred_c0fa3e1e-68e5-4987-9cf3-cfd899040a4a_b8884cbe-b894-588b-a70f-2c0a90fdeac5,483e332a-a168-4cf1-b93b-0ad55d77d91c,fam_graha_natal,timing,0.5384,,mi_pariksha_v2.0
482012f1-710e-4a25-994a-93821f5871aa,pred_c0fa3e1e-68e5-4987-9cf3-cfd899040a4a_b8884cbe-b894-588b-a70f-2c0a90fdeac5,483e332a-a168-4cf1-b93b-0ad55d77d91c,fam_graha_natal,magnitude,0.2161,,mi_pariksha_v2.0
482012f1-710e-4a25-994a-93821f5871aa,pred_c0fa3e1e-68e5-4987-9cf3-cfd899040a4a_b8884cbe-b894-588b-a70f-2c0a90fdeac5,483e332a-a168-4cf1-b93b-0ad55d77d91c,fam_graha_natal,domain,0,,mi_pariksha_v2.0
482012f1-710e-4a25-994a-93821f5871aa,pred_c0fa3e1e-68e5-4987-9cf3-cfd899040a4a_b8884cbe-b894-588b-a70f-2c0a90fdeac5,483e332a-a168-4cf1-b93b-0ad55d77d91c,fam_graha_natal,falsifier,0.3242,,mi_pariksha_v2.0
482012f1-710e-4a25-994a-93821f5871aa,pred_c0fa3e1e-68e5-4987-9cf3-cfd899040a4a_b8884cbe-b894-588b-a70f-2c0a90fdeac5,483e332a-a168-4cf1-b93b-0ad55d77d91c,fam_graha_natal,manifestation,0.1081,,mi_pariksha_v2.0
482012f1-710e-4a25-994a-93821f5871aa,pred_c0fa3e1e-68e5-4987-9cf3-cfd899040a4a_b8884cbe-b894-588b-a70f-2c0a90fdeac5,c31d3e74-2f44-41a6-8025-b32e44dbe1e2,fam_graha_natal,timing,0.5384,,mi_pariksha_v2.0
482012f1-710e-4a25-994a-93821f5871aa,pred_c0fa3e1e-68e5-4987-9cf3-cfd899040a4a_b8884cbe-b894-588b-a70f-2c0a90fdeac5,c31d3e74-2f44-41a6-8025-b32e44dbe1e2,fam_graha_natal,magnitude,0.2161,,mi_pariksha_v2.0
482012f1-710e-4a25-994a-93821f5871aa,pred_c0fa3e1e-68e5-4987-9cf3-cfd899040a4a_b8884cbe-b894-588b-a70f-2c0a90fdeac5,c31d3e74-2f44-41a6-8025-b32e44dbe1e2,fam_graha_natal,domain,0,,mi_pariksha_v2.0
482012f1-710e-4a25-994a-93821f5871aa,pred_c0fa3e1e-68e5-4987-9cf3-cfd899040a4a_b8884cbe-b894-588b-a70f-2c0a90fdeac5,c31d3e74-2f44-41a6-8025-b32e44dbe1e2,fam_graha_natal,falsifier,0.3242,,mi_pariksha_v2.0
482012f1-710e-4a25-994a-93821f5871aa,pred_c0fa3e1e-68e5-4987-9cf3-cfd899040a4a_b8884cbe-b894-588b-a70f-2c0a90fdeac5,c31d3e74-2f44-41a6-8025-b32e44dbe1e2,fam_graha_natal,manifestation,0.1081,,mi_pariksha_v2.0
482012f1-710e-4a25-994a-93821f5871aa,pred_c0fa3e1e-68e5-4987-9cf3-cfd899040a4a_b8884cbe-b894-588b-a70f-2c0a90fdeac5,2dff20cd-12f5-492e-a88e-3fef42547eca,fam_graha_natal,timing,0.5384,,mi_pariksha_v2.0
482012f1-710e-4a25-994a-93821f5871aa,pred_c0fa3e1e-68e5-4987-9cf3-cfd899040a4a_b8884cbe-b894-588b-a70f-2c0a90fdeac5,2dff20cd-12f5-492e-a88e-3fef42547eca,fam_graha_natal,magnitude,0.2161,,mi_pariksha_v2.0
482012f1-710e-4a25-994a-93821f5871aa,pred_c0fa3e1e-68e5-4987-9cf3-cfd899040a4a_b8884cbe-b894-588b-a70f-2c0a90fdeac5,2dff20cd-12f5-492e-a88e-3fef42547eca,fam_graha_natal,domain,0,,mi_pariksha_v2.0
482012f1-710e-4a25-994a-93821f5871aa,pred_c0fa3e1e-68e5-4987-9cf3-cfd899040a4a_b8884cbe-b894-588b-a70f-2c0a90fdeac5,2dff20cd-12f5-492e-a88e-3fef42547eca,fam_graha_natal,falsifier,0.3242,,mi_pariksha_v2.0
482012f1-710e-4a25-994a-93821f5871aa,pred_c0fa3e1e-68e5-4987-9cf3-cfd899040a4a_b8884cbe-b894-588b-a70f-2c0a90fdeac5,2dff20cd-12f5-492e-a88e-3fef42547eca,fam_graha_natal,manifestation,0.1081,,mi_pariksha_v2.0
482012f1-710e-4a25-994a-93821f5871aa,pred_c0fa3e1e-68e5-4987-9cf3-cfd899040a4a_b8884cbe-b894-588b-a70f-2c0a90fdeac5,d49da2e1-4b63-45f1-920e-c274df3ded21,fam_graha_natal,timing,0.5384,,mi_pariksha_v2.0
482012f1-710e-4a25-994a-93821f5871aa,pred_c0fa3e1e-68e5-4987-9cf3-cfd899040a4a_b8884cbe-b894-588b-a70f-2c0a90fdeac5,d49da2e1-4b63-45f1-920e-c274df3ded21,fam_graha_natal,magnitude,0.2161,,mi_pariksha_v2.0
482012f1-710e-4a25-994a-93821f5871aa,pred_c0fa3e1e-68e5-4987-9cf3-cfd899040a4a_b8884cbe-b894-588b-a70f-2c0a90fdeac5,d49da2e1-4b63-45f1-920e-c274df3ded21,fam_graha_natal,domain,0,,mi_pariksha_v2.0
482012f1-710e-4a25-994a-93821f5871aa,pred_c0fa3e1e-68e5-4987-9cf3-cfd899040a4a_b8884cbe-b894-588b-a70f-2c0a90fdeac5,d49da2e1-4b63-45f1-920e-c274df3ded21,fam_graha_natal,falsifier,0.3242,,mi_pariksha_v2.0
482012f1-710e-4a25-994a-93821f5871aa,pred_c0fa3e1e-68e5-4987-9cf3-cfd899040a4a_b8884cbe-b894-588b-a70f-2c0a90fdeac5,d49da2e1-4b63-45f1-920e-c274df3ded21,fam_graha_natal,manifestation,0.1081,,mi_pariksha_v2.0
482012f1-710e-4a25-994a-93821f5871aa,pred_c7c60f9c-d94e-4bd8-a884-6deeed79b8ec_3e96c6da-3ad6-5329-a40b-0b9240a1cbdb,ebb1c88a-8141-4c7e-860b-54ac293a06ac,fam_graha_natal,timing,0.3936,,mi_pariksha_v2.0
482012f1-710e-4a25-994a-93821f5871aa,pred_c7c60f9c-d94e-4bd8-a884-6deeed79b8ec_3e96c6da-3ad6-5329-a40b-0b9240a1cbdb,ebb1c88a-8141-4c7e-860b-54ac293a06ac,fam_graha_natal,magnitude,0.2161,,mi_pariksha_v2.0
482012f1-710e-4a25-994a-93821f5871aa,pred_c7c60f9c-d94e-4bd8-a884-6deeed79b8ec_3e96c6da-3ad6-5329-a40b-0b9240a1cbdb,ebb1c88a-8141-4c7e-860b-54ac293a06ac,fam_graha_natal,domain,0,,mi_pariksha_v2.0
482012f1-710e-4a25-994a-93821f5871aa,pred_c7c60f9c-d94e-4bd8-a884-6deeed79b8ec_3e96c6da-3ad6-5329-a40b-0b9240a1cbdb,ebb1c88a-8141-4c7e-860b-54ac293a06ac,fam_graha_natal,falsifier,0.3242,,mi_pariksha_v2.0
482012f1-710e-4a25-994a-93821f5871aa,pred_c7c60f9c-d94e-4bd8-a884-6deeed79b8ec_3e96c6da-3ad6-5329-a40b-0b9240a1cbdb,ebb1c88a-8141-4c7e-860b-54ac293a06ac,fam_graha_natal,manifestation,0.1081,,mi_pariksha_v2.0
482012f1-710e-4a25-994a-93821f5871aa,pred_c7c60f9c-d94e-4bd8-a884-6deeed79b8ec_3e96c6da-3ad6-5329-a40b-0b9240a1cbdb,483e332a-a168-4cf1-b93b-0ad55d77d91c,fam_graha_natal,timing,0.3936,,mi_pariksha_v2.0
482012f1-710e-4a25-994a-93821f5871aa,pred_c7c60f9c-d94e-4bd8-a884-6deeed79b8ec_3e96c6da-3ad6-5329-a40b-0b9240a1cbdb,483e332a-a168-4cf1-b93b-0ad55d77d91c,fam_graha_natal,magnitude,0.2161,,mi_pariksha_v2.0
482012f1-710e-4a25-994a-93821f5871aa,pred_c7c60f9c-d94e-4bd8-a884-6deeed79b8ec_3e96c6da-3ad6-5329-a40b-0b9240a1cbdb,483e332a-a168-4cf1-b93b-0ad55d77d91c,fam_graha_natal,domain,0,,mi_pariksha_v2.0
482012f1-710e-4a25-994a-93821f5871aa,pred_c7c60f9c-d94e-4bd8-a884-6deeed79b8ec_3e96c6da-3ad6-5329-a40b-0b9240a1cbdb,483e332a-a168-4cf1-b93b-0ad55d77d91c,fam_graha_natal,falsifier,0.3242,,mi_pariksha_v2.0
482012f1-710e-4a25-994a-93821f5871aa,pred_c7c60f9c-d94e-4bd8-a884-6deeed79b8ec_3e96c6da-3ad6-5329-a40b-0b9240a1cbdb,483e332a-a168-4cf1-b93b-0ad55d77d91c,fam_graha_natal,manifestation,0.1081,,mi_pariksha_v2.0
482012f1-710e-4a25-994a-93821f5871aa,pred_c7c60f9c-d94e-4bd8-a884-6deeed79b8ec_3e96c6da-3ad6-5329-a40b-0b9240a1cbdb,c31d3e74-2f44-41a6-8025-b32e44dbe1e2,fam_graha_natal,timing,0.3936,,mi_pariksha_v2.0
482012f1-710e-4a25-994a-93821f5871aa,pred_c7c60f9c-d94e-4bd8-a884-6deeed79b8ec_3e96c6da-3ad6-5329-a40b-0b9240a1cbdb,c31d3e74-2f44-41a6-8025-b32e44dbe1e2,fam_graha_natal,magnitude,0.2161,,mi_pariksha_v2.0
482012f1-710e-4a25-994a-93821f5871aa,pred_c7c60f9c-d94e-4bd8-a884-6deeed79b8ec_3e96c6da-3ad6-5329-a40b-0b9240a1cbdb,c31d3e74-2f44-41a6-8025-b32e44dbe1e2,fam_graha_natal,domain,0,,mi_pariksha_v2.0
482012f1-710e-4a25-994a-93821f5871aa,pred_c7c60f9c-d94e-4bd8-a884-6deeed79b8ec_3e96c6da-3ad6-5329-a40b-0b9240a1cbdb,c31d3e74-2f44-41a6-8025-b32e44dbe1e2,fam_graha_natal,falsifier,0.3242,,mi_pariksha_v2.0
482012f1-710e-4a25-994a-93821f5871aa,pred_c7c60f9c-d94e-4bd8-a884-6deeed79b8ec_3e96c6da-3ad6-5329-a40b-0b9240a1cbdb,c31d3e74-2f44-41a6-8025-b32e44dbe1e2,fam_graha_natal,manifestation,0.1081,,mi_pariksha_v2.0
482012f1-710e-4a25-994a-93821f5871aa,pred_c7c60f9c-d94e-4bd8-a884-6deeed79b8ec_3e96c6da-3ad6-5329-a40b-0b9240a1cbdb,2dff20cd-12f5-492e-a88e-3fef42547eca,fam_graha_natal,timing,0.3936,,mi_pariksha_v2.0
482012f1-710e-4a25-994a-93821f5871aa,pred_c7c60f9c-d94e-4bd8-a884-6deeed79b8ec_3e96c6da-3ad6-5329-a40b-0b9240a1cbdb,2dff20cd-12f5-492e-a88e-3fef42547eca,fam_graha_natal,magnitude,0.2161,,mi_pariksha_v2.0
482012f1-710e-4a25-994a-93821f5871aa,pred_c7c60f9c-d94e-4bd8-a884-6deeed79b8ec_3e96c6da-3ad6-5329-a40b-0b9240a1cbdb,2dff20cd-12f5-492e-a88e-3fef42547eca,fam_graha_natal,domain,0,,mi_pariksha_v2.0
482012f1-710e-4a25-994a-93821f5871aa,pred_c7c60f9c-d94e-4bd8-a884-6deeed79b8ec_3e96c6da-3ad6-5329-a40b-0b9240a1cbdb,2dff20cd-12f5-492e-a88e-3fef42547eca,fam_graha_natal,falsifier,0.3242,,mi_pariksha_v2.0
482012f1-710e-4a25-994a-93821f5871aa,pred_c7c60f9c-d94e-4bd8-a884-6deeed79b8ec_3e96c6da-3ad6-5329-a40b-0b9240a1cbdb,2dff20cd-12f5-492e-a88e-3fef42547eca,fam_graha_natal,manifestation,0.1081,,mi_pariksha_v2.0
482012f1-710e-4a25-994a-93821f5871aa,pred_c7c60f9c-d94e-4bd8-a884-6deeed79b8ec_3e96c6da-3ad6-5329-a40b-0b9240a1cbdb,d49da2e1-4b63-45f1-920e-c274df3ded21,fam_graha_natal,timing,0.3936,,mi_pariksha_v2.0
482012f1-710e-4a25-994a-93821f5871aa,pred_c7c60f9c-d94e-4bd8-a884-6deeed79b8ec_3e96c6da-3ad6-5329-a40b-0b9240a1cbdb,d49da2e1-4b63-45f1-920e-c274df3ded21,fam_graha_natal,magnitude,0.2161,,mi_pariksha_v2.0
482012f1-710e-4a25-994a-93821f5871aa,pred_c7c60f9c-d94e-4bd8-a884-6deeed79b8ec_3e96c6da-3ad6-5329-a40b-0b9240a1cbdb,d49da2e1-4b63-45f1-920e-c274df3ded21,fam_graha_natal,domain,0,,mi_pariksha_v2.0
482012f1-710e-4a25-994a-93821f5871aa,pred_c7c60f9c-d94e-4bd8-a884-6deeed79b8ec_3e96c6da-3ad6-5329-a40b-0b9240a1cbdb,d49da2e1-4b63-45f1-920e-c274df3ded21,fam_graha_natal,falsifier,0.3242,,mi_pariksha_v2.0
482012f1-710e-4a25-994a-93821f5871aa,pred_c7c60f9c-d94e-4bd8-a884-6deeed79b8ec_3e96c6da-3ad6-5329-a40b-0b9240a1cbdb,d49da2e1-4b63-45f1-920e-c274df3ded21,fam_graha_natal,manifestation,0.1081,,mi_pariksha_v2.0
482012f1-710e-4a25-994a-93821f5871aa,pred_c7c60f9c-d94e-4bd8-a884-6deeed79b8ec_64c475da-5248-5332-9127-9331fae79f23,ebb1c88a-8141-4c7e-860b-54ac293a06ac,fam_graha_natal,timing,0.3936,,mi_pariksha_v2.0
482012f1-710e-4a25-994a-93821f5871aa,pred_c7c60f9c-d94e-4bd8-a884-6deeed79b8ec_64c475da-5248-5332-9127-9331fae79f23,ebb1c88a-8141-4c7e-860b-54ac293a06ac,fam_graha_natal,magnitude,0.2161,,mi_pariksha_v2.0
482012f1-710e-4a25-994a-93821f5871aa,pred_c7c60f9c-d94e-4bd8-a884-6deeed79b8ec_64c475da-5248-5332-9127-9331fae79f23,ebb1c88a-8141-4c7e-860b-54ac293a06ac,fam_graha_natal,domain,0,,mi_pariksha_v2.0
482012f1-710e-4a25-994a-93821f5871aa,pred_c7c60f9c-d94e-4bd8-a884-6deeed79b8ec_64c475da-5248-5332-9127-9331fae79f23,ebb1c88a-8141-4c7e-860b-54ac293a06ac,fam_graha_natal,falsifier,0.3242,,mi_pariksha_v2.0
482012f1-710e-4a25-994a-93821f5871aa,pred_c7c60f9c-d94e-4bd8-a884-6deeed79b8ec_64c475da-5248-5332-9127-9331fae79f23,ebb1c88a-8141-4c7e-860b-54ac293a06ac,fam_graha_natal,manifestation,0.1081,,mi_pariksha_v2.0
482012f1-710e-4a25-994a-93821f5871aa,pred_c7c60f9c-d94e-4bd8-a884-6deeed79b8ec_64c475da-5248-5332-9127-9331fae79f23,483e332a-a168-4cf1-b93b-0ad55d77d91c,fam_graha_natal,timing,0.3936,,mi_pariksha_v2.0
482012f1-710e-4a25-994a-93821f5871aa,pred_c7c60f9c-d94e-4bd8-a884-6deeed79b8ec_64c475da-5248-5332-9127-9331fae79f23,483e332a-a168-4cf1-b93b-0ad55d77d91c,fam_graha_natal,magnitude,0.2161,,mi_pariksha_v2.0
482012f1-710e-4a25-994a-93821f5871aa,pred_c7c60f9c-d94e-4bd8-a884-6deeed79b8ec_64c475da-5248-5332-9127-9331fae79f23,483e332a-a168-4cf1-b93b-0ad55d77d91c,fam_graha_natal,domain,0,,mi_pariksha_v2.0
482012f1-710e-4a25-994a-93821f5871aa,pred_c7c60f9c-d94e-4bd8-a884-6deeed79b8ec_64c475da-5248-5332-9127-9331fae79f23,483e332a-a168-4cf1-b93b-0ad55d77d91c,fam_graha_natal,falsifier,0.3242,,mi_pariksha_v2.0
482012f1-710e-4a25-994a-93821f5871aa,pred_c7c60f9c-d94e-4bd8-a884-6deeed79b8ec_64c475da-5248-5332-9127-9331fae79f23,483e332a-a168-4cf1-b93b-0ad55d77d91c,fam_graha_natal,manifestation,0.1081,,mi_pariksha_v2.0
482012f1-710e-4a25-994a-93821f5871aa,pred_c7c60f9c-d94e-4bd8-a884-6deeed79b8ec_64c475da-5248-5332-9127-9331fae79f23,c31d3e74-2f44-41a6-8025-b32e44dbe1e2,fam_graha_natal,timing,0.3936,,mi_pariksha_v2.0
482012f1-710e-4a25-994a-93821f5871aa,pred_c7c60f9c-d94e-4bd8-a884-6deeed79b8ec_64c475da-5248-5332-9127-9331fae79f23,c31d3e74-2f44-41a6-8025-b32e44dbe1e2,fam_graha_natal,magnitude,0.2161,,mi_pariksha_v2.0
482012f1-710e-4a25-994a-93821f5871aa,pred_c7c60f9c-d94e-4bd8-a884-6deeed79b8ec_64c475da-5248-5332-9127-9331fae79f23,c31d3e74-2f44-41a6-8025-b32e44dbe1e2,fam_graha_natal,domain,0,,mi_pariksha_v2.0
482012f1-710e-4a25-994a-93821f5871aa,pred_c7c60f9c-d94e-4bd8-a884-6deeed79b8ec_64c475da-5248-5332-9127-9331fae79f23,c31d3e74-2f44-41a6-8025-b32e44dbe1e2,fam_graha_natal,falsifier,0.3242,,mi_pariksha_v2.0
482012f1-710e-4a25-994a-93821f5871aa,pred_c7c60f9c-d94e-4bd8-a884-6deeed79b8ec_64c475da-5248-5332-9127-9331fae79f23,c31d3e74-2f44-41a6-8025-b32e44dbe1e2,fam_graha_natal,manifestation,0.1081,,mi_pariksha_v2.0
482012f1-710e-4a25-994a-93821f5871aa,pred_c7c60f9c-d94e-4bd8-a884-6deeed79b8ec_64c475da-5248-5332-9127-9331fae79f23,2dff20cd-12f5-492e-a88e-3fef42547eca,fam_graha_natal,timing,0.3936,,mi_pariksha_v2.0
482012f1-710e-4a25-994a-93821f5871aa,pred_c7c60f9c-d94e-4bd8-a884-6deeed79b8ec_64c475da-5248-5332-9127-9331fae79f23,2dff20cd-12f5-492e-a88e-3fef42547eca,fam_graha_natal,magnitude,0.2161,,mi_pariksha_v2.0
482012f1-710e-4a25-994a-93821f5871aa,pred_c7c60f9c-d94e-4bd8-a884-6deeed79b8ec_64c475da-5248-5332-9127-9331fae79f23,2dff20cd-12f5-492e-a88e-3fef42547eca,fam_graha_natal,domain,0,,mi_pariksha_v2.0
482012f1-710e-4a25-994a-93821f5871aa,pred_c7c60f9c-d94e-4bd8-a884-6deeed79b8ec_64c475da-5248-5332-9127-9331fae79f23,2dff20cd-12f5-492e-a88e-3fef42547eca,fam_graha_natal,falsifier,0.3242,,mi_pariksha_v2.0
482012f1-710e-4a25-994a-93821f5871aa,pred_c7c60f9c-d94e-4bd8-a884-6deeed79b8ec_64c475da-5248-5332-9127-9331fae79f23,2dff20cd-12f5-492e-a88e-3fef42547eca,fam_graha_natal,manifestation,0.1081,,mi_pariksha_v2.0
482012f1-710e-4a25-994a-93821f5871aa,pred_c7c60f9c-d94e-4bd8-a884-6deeed79b8ec_64c475da-5248-5332-9127-9331fae79f23,d49da2e1-4b63-45f1-920e-c274df3ded21,fam_graha_natal,timing,0.3936,,mi_pariksha_v2.0
482012f1-710e-4a25-994a-93821f5871aa,pred_c7c60f9c-d94e-4bd8-a884-6deeed79b8ec_64c475da-5248-5332-9127-9331fae79f23,d49da2e1-4b63-45f1-920e-c274df3ded21,fam_graha_natal,magnitude,0.2161,,mi_pariksha_v2.0
482012f1-710e-4a25-994a-93821f5871aa,pred_c7c60f9c-d94e-4bd8-a884-6deeed79b8ec_64c475da-5248-5332-9127-9331fae79f23,d49da2e1-4b63-45f1-920e-c274df3ded21,fam_graha_natal,domain,0,,mi_pariksha_v2.0
482012f1-710e-4a25-994a-93821f5871aa,pred_c7c60f9c-d94e-4bd8-a884-6deeed79b8ec_64c475da-5248-5332-9127-9331fae79f23,d49da2e1-4b63-45f1-920e-c274df3ded21,fam_graha_natal,falsifier,0.3242,,mi_pariksha_v2.0
482012f1-710e-4a25-994a-93821f5871aa,pred_c7c60f9c-d94e-4bd8-a884-6deeed79b8ec_64c475da-5248-5332-9127-9331fae79f23,d49da2e1-4b63-45f1-920e-c274df3ded21,fam_graha_natal,manifestation,0.1081,,mi_pariksha_v2.0
482012f1-710e-4a25-994a-93821f5871aa,pred_f0b8c354-bffd-4e2e-a42a-3d59d8cc669e_0d03e02a-e619-52b5-8a78-8f26e13ba125,ebb1c88a-8141-4c7e-860b-54ac293a06ac,fam_graha_natal,timing,0.1706,,mi_pariksha_v2.0
482012f1-710e-4a25-994a-93821f5871aa,pred_f0b8c354-bffd-4e2e-a42a-3d59d8cc669e_0d03e02a-e619-52b5-8a78-8f26e13ba125,ebb1c88a-8141-4c7e-860b-54ac293a06ac,fam_graha_natal,magnitude,0.2161,,mi_pariksha_v2.0
482012f1-710e-4a25-994a-93821f5871aa,pred_f0b8c354-bffd-4e2e-a42a-3d59d8cc669e_0d03e02a-e619-52b5-8a78-8f26e13ba125,ebb1c88a-8141-4c7e-860b-54ac293a06ac,fam_graha_natal,domain,0,,mi_pariksha_v2.0
482012f1-710e-4a25-994a-93821f5871aa,pred_f0b8c354-bffd-4e2e-a42a-3d59d8cc669e_0d03e02a-e619-52b5-8a78-8f26e13ba125,ebb1c88a-8141-4c7e-860b-54ac293a06ac,fam_graha_natal,falsifier,0.3242,,mi_pariksha_v2.0
482012f1-710e-4a25-994a-93821f5871aa,pred_f0b8c354-bffd-4e2e-a42a-3d59d8cc669e_0d03e02a-e619-52b5-8a78-8f26e13ba125,ebb1c88a-8141-4c7e-860b-54ac293a06ac,fam_graha_natal,manifestation,0.1081,,mi_pariksha_v2.0
482012f1-710e-4a25-994a-93821f5871aa,pred_f0b8c354-bffd-4e2e-a42a-3d59d8cc669e_0d03e02a-e619-52b5-8a78-8f26e13ba125,483e332a-a168-4cf1-b93b-0ad55d77d91c,fam_graha_natal,timing,0.1706,,mi_pariksha_v2.0
482012f1-710e-4a25-994a-93821f5871aa,pred_f0b8c354-bffd-4e2e-a42a-3d59d8cc669e_0d03e02a-e619-52b5-8a78-8f26e13ba125,483e332a-a168-4cf1-b93b-0ad55d77d91c,fam_graha_natal,magnitude,0.2161,,mi_pariksha_v2.0
482012f1-710e-4a25-994a-93821f5871aa,pred_f0b8c354-bffd-4e2e-a42a-3d59d8cc669e_0d03e02a-e619-52b5-8a78-8f26e13ba125,483e332a-a168-4cf1-b93b-0ad55d77d91c,fam_graha_natal,domain,0,,mi_pariksha_v2.0
482012f1-710e-4a25-994a-93821f5871aa,pred_f0b8c354-bffd-4e2e-a42a-3d59d8cc669e_0d03e02a-e619-52b5-8a78-8f26e13ba125,483e332a-a168-4cf1-b93b-0ad55d77d91c,fam_graha_natal,falsifier,0.3242,,mi_pariksha_v2.0
482012f1-710e-4a25-994a-93821f5871aa,pred_f0b8c354-bffd-4e2e-a42a-3d59d8cc669e_0d03e02a-e619-52b5-8a78-8f26e13ba125,483e332a-a168-4cf1-b93b-0ad55d77d91c,fam_graha_natal,manifestation,0.1081,,mi_pariksha_v2.0
482012f1-710e-4a25-994a-93821f5871aa,pred_f0b8c354-bffd-4e2e-a42a-3d59d8cc669e_0d03e02a-e619-52b5-8a78-8f26e13ba125,c31d3e74-2f44-41a6-8025-b32e44dbe1e2,fam_graha_natal,timing,0.1706,,mi_pariksha_v2.0
482012f1-710e-4a25-994a-93821f5871aa,pred_f0b8c354-bffd-4e2e-a42a-3d59d8cc669e_0d03e02a-e619-52b5-8a78-8f26e13ba125,c31d3e74-2f44-41a6-8025-b32e44dbe1e2,fam_graha_natal,magnitude,0.2161,,mi_pariksha_v2.0
482012f1-710e-4a25-994a-93821f5871aa,pred_f0b8c354-bffd-4e2e-a42a-3d59d8cc669e_0d03e02a-e619-52b5-8a78-8f26e13ba125,c31d3e74-2f44-41a6-8025-b32e44dbe1e2,fam_graha_natal,domain,0,,mi_pariksha_v2.0
482012f1-710e-4a25-994a-93821f5871aa,pred_f0b8c354-bffd-4e2e-a42a-3d59d8cc669e_0d03e02a-e619-52b5-8a78-8f26e13ba125,c31d3e74-2f44-41a6-8025-b32e44dbe1e2,fam_graha_natal,falsifier,0.3242,,mi_pariksha_v2.0
482012f1-710e-4a25-994a-93821f5871aa,pred_f0b8c354-bffd-4e2e-a42a-3d59d8cc669e_0d03e02a-e619-52b5-8a78-8f26e13ba125,c31d3e74-2f44-41a6-8025-b32e44dbe1e2,fam_graha_natal,manifestation,0.1081,,mi_pariksha_v2.0
482012f1-710e-4a25-994a-93821f5871aa,pred_f0b8c354-bffd-4e2e-a42a-3d59d8cc669e_0d03e02a-e619-52b5-8a78-8f26e13ba125,2dff20cd-12f5-492e-a88e-3fef42547eca,fam_graha_natal,timing,0.1706,,mi_pariksha_v2.0
482012f1-710e-4a25-994a-93821f5871aa,pred_f0b8c354-bffd-4e2e-a42a-3d59d8cc669e_0d03e02a-e619-52b5-8a78-8f26e13ba125,2dff20cd-12f5-492e-a88e-3fef42547eca,fam_graha_natal,magnitude,0.2161,,mi_pariksha_v2.0
482012f1-710e-4a25-994a-93821f5871aa,pred_f0b8c354-bffd-4e2e-a42a-3d59d8cc669e_0d03e02a-e619-52b5-8a78-8f26e13ba125,2dff20cd-12f5-492e-a88e-3fef42547eca,fam_graha_natal,domain,0,,mi_pariksha_v2.0
482012f1-710e-4a25-994a-93821f5871aa,pred_f0b8c354-bffd-4e2e-a42a-3d59d8cc669e_0d03e02a-e619-52b5-8a78-8f26e13ba125,2dff20cd-12f5-492e-a88e-3fef42547eca,fam_graha_natal,falsifier,0.3242,,mi_pariksha_v2.0
482012f1-710e-4a25-994a-93821f5871aa,pred_f0b8c354-bffd-4e2e-a42a-3d59d8cc669e_0d03e02a-e619-52b5-8a78-8f26e13ba125,2dff20cd-12f5-492e-a88e-3fef42547eca,fam_graha_natal,manifestation,0.1081,,mi_pariksha_v2.0
482012f1-710e-4a25-994a-93821f5871aa,pred_f0b8c354-bffd-4e2e-a42a-3d59d8cc669e_0d03e02a-e619-52b5-8a78-8f26e13ba125,d49da2e1-4b63-45f1-920e-c274df3ded21,fam_graha_natal,timing,0.1706,,mi_pariksha_v2.0
482012f1-710e-4a25-994a-93821f5871aa,pred_f0b8c354-bffd-4e2e-a42a-3d59d8cc669e_0d03e02a-e619-52b5-8a78-8f26e13ba125,d49da2e1-4b63-45f1-920e-c274df3ded21,fam_graha_natal,magnitude,0.2161,,mi_pariksha_v2.0
482012f1-710e-4a25-994a-93821f5871aa,pred_f0b8c354-bffd-4e2e-a42a-3d59d8cc669e_0d03e02a-e619-52b5-8a78-8f26e13ba125,d49da2e1-4b63-45f1-920e-c274df3ded21,fam_graha_natal,domain,0,,mi_pariksha_v2.0
482012f1-710e-4a25-994a-93821f5871aa,pred_f0b8c354-bffd-4e2e-a42a-3d59d8cc669e_0d03e02a-e619-52b5-8a78-8f26e13ba125,d49da2e1-4b63-45f1-920e-c274df3ded21,fam_graha_natal,falsifier,0.3242,,mi_pariksha_v2.0
482012f1-710e-4a25-994a-93821f5871aa,pred_f0b8c354-bffd-4e2e-a42a-3d59d8cc669e_0d03e02a-e619-52b5-8a78-8f26e13ba125,d49da2e1-4b63-45f1-920e-c274df3ded21,fam_graha_natal,manifestation,0.1081,,mi_pariksha_v2.0
482012f1-710e-4a25-994a-93821f5871aa,pred_f0b8c354-bffd-4e2e-a42a-3d59d8cc669e_3e96c6da-3ad6-5329-a40b-0b9240a1cbdb,ebb1c88a-8141-4c7e-860b-54ac293a06ac,fam_graha_natal,timing,0.0709,,mi_pariksha_v2.0
482012f1-710e-4a25-994a-93821f5871aa,pred_f0b8c354-bffd-4e2e-a42a-3d59d8cc669e_3e96c6da-3ad6-5329-a40b-0b9240a1cbdb,ebb1c88a-8141-4c7e-860b-54ac293a06ac,fam_graha_natal,magnitude,0.2161,,mi_pariksha_v2.0
482012f1-710e-4a25-994a-93821f5871aa,pred_f0b8c354-bffd-4e2e-a42a-3d59d8cc669e_3e96c6da-3ad6-5329-a40b-0b9240a1cbdb,ebb1c88a-8141-4c7e-860b-54ac293a06ac,fam_graha_natal,domain,0,,mi_pariksha_v2.0
482012f1-710e-4a25-994a-93821f5871aa,pred_f0b8c354-bffd-4e2e-a42a-3d59d8cc669e_3e96c6da-3ad6-5329-a40b-0b9240a1cbdb,ebb1c88a-8141-4c7e-860b-54ac293a06ac,fam_graha_natal,falsifier,0.3242,,mi_pariksha_v2.0
482012f1-710e-4a25-994a-93821f5871aa,pred_f0b8c354-bffd-4e2e-a42a-3d59d8cc669e_3e96c6da-3ad6-5329-a40b-0b9240a1cbdb,ebb1c88a-8141-4c7e-860b-54ac293a06ac,fam_graha_natal,manifestation,0.1081,,mi_pariksha_v2.0
482012f1-710e-4a25-994a-93821f5871aa,pred_f0b8c354-bffd-4e2e-a42a-3d59d8cc669e_3e96c6da-3ad6-5329-a40b-0b9240a1cbdb,483e332a-a168-4cf1-b93b-0ad55d77d91c,fam_graha_natal,timing,0.0709,,mi_pariksha_v2.0
482012f1-710e-4a25-994a-93821f5871aa,pred_f0b8c354-bffd-4e2e-a42a-3d59d8cc669e_3e96c6da-3ad6-5329-a40b-0b9240a1cbdb,483e332a-a168-4cf1-b93b-0ad55d77d91c,fam_graha_natal,magnitude,0.2161,,mi_pariksha_v2.0
482012f1-710e-4a25-994a-93821f5871aa,pred_f0b8c354-bffd-4e2e-a42a-3d59d8cc669e_3e96c6da-3ad6-5329-a40b-0b9240a1cbdb,483e332a-a168-4cf1-b93b-0ad55d77d91c,fam_graha_natal,domain,0,,mi_pariksha_v2.0
482012f1-710e-4a25-994a-93821f5871aa,pred_f0b8c354-bffd-4e2e-a42a-3d59d8cc669e_3e96c6da-3ad6-5329-a40b-0b9240a1cbdb,483e332a-a168-4cf1-b93b-0ad55d77d91c,fam_graha_natal,falsifier,0.3242,,mi_pariksha_v2.0
482012f1-710e-4a25-994a-93821f5871aa,pred_f0b8c354-bffd-4e2e-a42a-3d59d8cc669e_3e96c6da-3ad6-5329-a40b-0b9240a1cbdb,483e332a-a168-4cf1-b93b-0ad55d77d91c,fam_graha_natal,manifestation,0.1081,,mi_pariksha_v2.0
482012f1-710e-4a25-994a-93821f5871aa,pred_f0b8c354-bffd-4e2e-a42a-3d59d8cc669e_3e96c6da-3ad6-5329-a40b-0b9240a1cbdb,c31d3e74-2f44-41a6-8025-b32e44dbe1e2,fam_graha_natal,timing,0.0709,,mi_pariksha_v2.0
482012f1-710e-4a25-994a-93821f5871aa,pred_f0b8c354-bffd-4e2e-a42a-3d59d8cc669e_3e96c6da-3ad6-5329-a40b-0b9240a1cbdb,c31d3e74-2f44-41a6-8025-b32e44dbe1e2,fam_graha_natal,magnitude,0.2161,,mi_pariksha_v2.0
482012f1-710e-4a25-994a-93821f5871aa,pred_f0b8c354-bffd-4e2e-a42a-3d59d8cc669e_3e96c6da-3ad6-5329-a40b-0b9240a1cbdb,c31d3e74-2f44-41a6-8025-b32e44dbe1e2,fam_graha_natal,domain,0,,mi_pariksha_v2.0
482012f1-710e-4a25-994a-93821f5871aa,pred_f0b8c354-bffd-4e2e-a42a-3d59d8cc669e_3e96c6da-3ad6-5329-a40b-0b9240a1cbdb,c31d3e74-2f44-41a6-8025-b32e44dbe1e2,fam_graha_natal,falsifier,0.3242,,mi_pariksha_v2.0
482012f1-710e-4a25-994a-93821f5871aa,pred_f0b8c354-bffd-4e2e-a42a-3d59d8cc669e_3e96c6da-3ad6-5329-a40b-0b9240a1cbdb,c31d3e74-2f44-41a6-8025-b32e44dbe1e2,fam_graha_natal,manifestation,0.1081,,mi_pariksha_v2.0
482012f1-710e-4a25-994a-93821f5871aa,pred_f0b8c354-bffd-4e2e-a42a-3d59d8cc669e_3e96c6da-3ad6-5329-a40b-0b9240a1cbdb,2dff20cd-12f5-492e-a88e-3fef42547eca,fam_graha_natal,timing,0.0709,,mi_pariksha_v2.0
482012f1-710e-4a25-994a-93821f5871aa,pred_f0b8c354-bffd-4e2e-a42a-3d59d8cc669e_3e96c6da-3ad6-5329-a40b-0b9240a1cbdb,2dff20cd-12f5-492e-a88e-3fef42547eca,fam_graha_natal,magnitude,0.2161,,mi_pariksha_v2.0
482012f1-710e-4a25-994a-93821f5871aa,pred_f0b8c354-bffd-4e2e-a42a-3d59d8cc669e_3e96c6da-3ad6-5329-a40b-0b9240a1cbdb,2dff20cd-12f5-492e-a88e-3fef42547eca,fam_graha_natal,domain,0,,mi_pariksha_v2.0
482012f1-710e-4a25-994a-93821f5871aa,pred_f0b8c354-bffd-4e2e-a42a-3d59d8cc669e_3e96c6da-3ad6-5329-a40b-0b9240a1cbdb,2dff20cd-12f5-492e-a88e-3fef42547eca,fam_graha_natal,falsifier,0.3242,,mi_pariksha_v2.0
482012f1-710e-4a25-994a-93821f5871aa,pred_f0b8c354-bffd-4e2e-a42a-3d59d8cc669e_3e96c6da-3ad6-5329-a40b-0b9240a1cbdb,2dff20cd-12f5-492e-a88e-3fef42547eca,fam_graha_natal,manifestation,0.1081,,mi_pariksha_v2.0
482012f1-710e-4a25-994a-93821f5871aa,pred_f0b8c354-bffd-4e2e-a42a-3d59d8cc669e_3e96c6da-3ad6-5329-a40b-0b9240a1cbdb,d49da2e1-4b63-45f1-920e-c274df3ded21,fam_graha_natal,timing,0.0709,,mi_pariksha_v2.0
482012f1-710e-4a25-994a-93821f5871aa,pred_f0b8c354-bffd-4e2e-a42a-3d59d8cc669e_3e96c6da-3ad6-5329-a40b-0b9240a1cbdb,d49da2e1-4b63-45f1-920e-c274df3ded21,fam_graha_natal,magnitude,0.2161,,mi_pariksha_v2.0
482012f1-710e-4a25-994a-93821f5871aa,pred_f0b8c354-bffd-4e2e-a42a-3d59d8cc669e_3e96c6da-3ad6-5329-a40b-0b9240a1cbdb,d49da2e1-4b63-45f1-920e-c274df3ded21,fam_graha_natal,domain,0,,mi_pariksha_v2.0
482012f1-710e-4a25-994a-93821f5871aa,pred_f0b8c354-bffd-4e2e-a42a-3d59d8cc669e_3e96c6da-3ad6-5329-a40b-0b9240a1cbdb,d49da2e1-4b63-45f1-920e-c274df3ded21,fam_graha_natal,falsifier,0.3242,,mi_pariksha_v2.0
482012f1-710e-4a25-994a-93821f5871aa,pred_f0b8c354-bffd-4e2e-a42a-3d59d8cc669e_3e96c6da-3ad6-5329-a40b-0b9240a1cbdb,d49da2e1-4b63-45f1-920e-c274df3ded21,fam_graha_natal,manifestation,0.1081,,mi_pariksha_v2.0
482012f1-710e-4a25-994a-93821f5871aa,pred_f0b8c354-bffd-4e2e-a42a-3d59d8cc669e_64c475da-5248-5332-9127-9331fae79f23,ebb1c88a-8141-4c7e-860b-54ac293a06ac,fam_graha_natal,timing,0.0709,,mi_pariksha_v2.0
482012f1-710e-4a25-994a-93821f5871aa,pred_f0b8c354-bffd-4e2e-a42a-3d59d8cc669e_64c475da-5248-5332-9127-9331fae79f23,ebb1c88a-8141-4c7e-860b-54ac293a06ac,fam_graha_natal,magnitude,0.2161,,mi_pariksha_v2.0
482012f1-710e-4a25-994a-93821f5871aa,pred_f0b8c354-bffd-4e2e-a42a-3d59d8cc669e_64c475da-5248-5332-9127-9331fae79f23,ebb1c88a-8141-4c7e-860b-54ac293a06ac,fam_graha_natal,domain,0,,mi_pariksha_v2.0
482012f1-710e-4a25-994a-93821f5871aa,pred_f0b8c354-bffd-4e2e-a42a-3d59d8cc669e_64c475da-5248-5332-9127-9331fae79f23,ebb1c88a-8141-4c7e-860b-54ac293a06ac,fam_graha_natal,falsifier,0.3242,,mi_pariksha_v2.0
482012f1-710e-4a25-994a-93821f5871aa,pred_f0b8c354-bffd-4e2e-a42a-3d59d8cc669e_64c475da-5248-5332-9127-9331fae79f23,ebb1c88a-8141-4c7e-860b-54ac293a06ac,fam_graha_natal,manifestation,0.1081,,mi_pariksha_v2.0
482012f1-710e-4a25-994a-93821f5871aa,pred_f0b8c354-bffd-4e2e-a42a-3d59d8cc669e_64c475da-5248-5332-9127-9331fae79f23,483e332a-a168-4cf1-b93b-0ad55d77d91c,fam_graha_natal,timing,0.0709,,mi_pariksha_v2.0
482012f1-710e-4a25-994a-93821f5871aa,pred_f0b8c354-bffd-4e2e-a42a-3d59d8cc669e_64c475da-5248-5332-9127-9331fae79f23,483e332a-a168-4cf1-b93b-0ad55d77d91c,fam_graha_natal,magnitude,0.2161,,mi_pariksha_v2.0
482012f1-710e-4a25-994a-93821f5871aa,pred_f0b8c354-bffd-4e2e-a42a-3d59d8cc669e_64c475da-5248-5332-9127-9331fae79f23,483e332a-a168-4cf1-b93b-0ad55d77d91c,fam_graha_natal,domain,0,,mi_pariksha_v2.0
482012f1-710e-4a25-994a-93821f5871aa,pred_f0b8c354-bffd-4e2e-a42a-3d59d8cc669e_64c475da-5248-5332-9127-9331fae79f23,483e332a-a168-4cf1-b93b-0ad55d77d91c,fam_graha_natal,falsifier,0.3242,,mi_pariksha_v2.0
482012f1-710e-4a25-994a-93821f5871aa,pred_f0b8c354-bffd-4e2e-a42a-3d59d8cc669e_64c475da-5248-5332-9127-9331fae79f23,483e332a-a168-4cf1-b93b-0ad55d77d91c,fam_graha_natal,manifestation,0.1081,,mi_pariksha_v2.0
482012f1-710e-4a25-994a-93821f5871aa,pred_f0b8c354-bffd-4e2e-a42a-3d59d8cc669e_64c475da-5248-5332-9127-9331fae79f23,c31d3e74-2f44-41a6-8025-b32e44dbe1e2,fam_graha_natal,timing,0.0709,,mi_pariksha_v2.0
482012f1-710e-4a25-994a-93821f5871aa,pred_f0b8c354-bffd-4e2e-a42a-3d59d8cc669e_64c475da-5248-5332-9127-9331fae79f23,c31d3e74-2f44-41a6-8025-b32e44dbe1e2,fam_graha_natal,magnitude,0.2161,,mi_pariksha_v2.0
482012f1-710e-4a25-994a-93821f5871aa,pred_f0b8c354-bffd-4e2e-a42a-3d59d8cc669e_64c475da-5248-5332-9127-9331fae79f23,c31d3e74-2f44-41a6-8025-b32e44dbe1e2,fam_graha_natal,domain,0,,mi_pariksha_v2.0
482012f1-710e-4a25-994a-93821f5871aa,pred_f0b8c354-bffd-4e2e-a42a-3d59d8cc669e_64c475da-5248-5332-9127-9331fae79f23,c31d3e74-2f44-41a6-8025-b32e44dbe1e2,fam_graha_natal,falsifier,0.3242,,mi_pariksha_v2.0
482012f1-710e-4a25-994a-93821f5871aa,pred_f0b8c354-bffd-4e2e-a42a-3d59d8cc669e_64c475da-5248-5332-9127-9331fae79f23,c31d3e74-2f44-41a6-8025-b32e44dbe1e2,fam_graha_natal,manifestation,0.1081,,mi_pariksha_v2.0
482012f1-710e-4a25-994a-93821f5871aa,pred_f0b8c354-bffd-4e2e-a42a-3d59d8cc669e_64c475da-5248-5332-9127-9331fae79f23,2dff20cd-12f5-492e-a88e-3fef42547eca,fam_graha_natal,timing,0.0709,,mi_pariksha_v2.0
482012f1-710e-4a25-994a-93821f5871aa,pred_f0b8c354-bffd-4e2e-a42a-3d59d8cc669e_64c475da-5248-5332-9127-9331fae79f23,2dff20cd-12f5-492e-a88e-3fef42547eca,fam_graha_natal,magnitude,0.2161,,mi_pariksha_v2.0
482012f1-710e-4a25-994a-93821f5871aa,pred_f0b8c354-bffd-4e2e-a42a-3d59d8cc669e_64c475da-5248-5332-9127-9331fae79f23,2dff20cd-12f5-492e-a88e-3fef42547eca,fam_graha_natal,domain,0,,mi_pariksha_v2.0
482012f1-710e-4a25-994a-93821f5871aa,pred_f0b8c354-bffd-4e2e-a42a-3d59d8cc669e_64c475da-5248-5332-9127-9331fae79f23,2dff20cd-12f5-492e-a88e-3fef42547eca,fam_graha_natal,falsifier,0.3242,,mi_pariksha_v2.0
482012f1-710e-4a25-994a-93821f5871aa,pred_f0b8c354-bffd-4e2e-a42a-3d59d8cc669e_64c475da-5248-5332-9127-9331fae79f23,2dff20cd-12f5-492e-a88e-3fef42547eca,fam_graha_natal,manifestation,0.1081,,mi_pariksha_v2.0
482012f1-710e-4a25-994a-93821f5871aa,pred_f0b8c354-bffd-4e2e-a42a-3d59d8cc669e_64c475da-5248-5332-9127-9331fae79f23,d49da2e1-4b63-45f1-920e-c274df3ded21,fam_graha_natal,timing,0.0709,,mi_pariksha_v2.0
482012f1-710e-4a25-994a-93821f5871aa,pred_f0b8c354-bffd-4e2e-a42a-3d59d8cc669e_64c475da-5248-5332-9127-9331fae79f23,d49da2e1-4b63-45f1-920e-c274df3ded21,fam_graha_natal,magnitude,0.2161,,mi_pariksha_v2.0
482012f1-710e-4a25-994a-93821f5871aa,pred_f0b8c354-bffd-4e2e-a42a-3d59d8cc669e_64c475da-5248-5332-9127-9331fae79f23,d49da2e1-4b63-45f1-920e-c274df3ded21,fam_graha_natal,domain,0,,mi_pariksha_v2.0
482012f1-710e-4a25-994a-93821f5871aa,pred_f0b8c354-bffd-4e2e-a42a-3d59d8cc669e_64c475da-5248-5332-9127-9331fae79f23,d49da2e1-4b63-45f1-920e-c274df3ded21,fam_graha_natal,falsifier,0.3242,,mi_pariksha_v2.0
482012f1-710e-4a25-994a-93821f5871aa,pred_f0b8c354-bffd-4e2e-a42a-3d59d8cc669e_64c475da-5248-5332-9127-9331fae79f23,d49da2e1-4b63-45f1-920e-c274df3ded21,fam_graha_natal,manifestation,0.1081,,mi_pariksha_v2.0
482012f1-710e-4a25-994a-93821f5871aa,pred_fe63e3b4-1e56-4578-ae9b-5302454e19c6_3a37fa76-cfc1-599b-bbdf-97cff784f5ac,ebb1c88a-8141-4c7e-860b-54ac293a06ac,fam_graha_natal,timing,0.2399,,mi_pariksha_v2.0
482012f1-710e-4a25-994a-93821f5871aa,pred_fe63e3b4-1e56-4578-ae9b-5302454e19c6_3a37fa76-cfc1-599b-bbdf-97cff784f5ac,ebb1c88a-8141-4c7e-860b-54ac293a06ac,fam_graha_natal,magnitude,0.2161,,mi_pariksha_v2.0
482012f1-710e-4a25-994a-93821f5871aa,pred_fe63e3b4-1e56-4578-ae9b-5302454e19c6_3a37fa76-cfc1-599b-bbdf-97cff784f5ac,ebb1c88a-8141-4c7e-860b-54ac293a06ac,fam_graha_natal,domain,0.5403,,mi_pariksha_v2.0
482012f1-710e-4a25-994a-93821f5871aa,pred_fe63e3b4-1e56-4578-ae9b-5302454e19c6_3a37fa76-cfc1-599b-bbdf-97cff784f5ac,ebb1c88a-8141-4c7e-860b-54ac293a06ac,fam_graha_natal,falsifier,0.3242,,mi_pariksha_v2.0
482012f1-710e-4a25-994a-93821f5871aa,pred_fe63e3b4-1e56-4578-ae9b-5302454e19c6_3a37fa76-cfc1-599b-bbdf-97cff784f5ac,ebb1c88a-8141-4c7e-860b-54ac293a06ac,fam_graha_natal,manifestation,0.1081,,mi_pariksha_v2.0
482012f1-710e-4a25-994a-93821f5871aa,pred_fe63e3b4-1e56-4578-ae9b-5302454e19c6_3a37fa76-cfc1-599b-bbdf-97cff784f5ac,483e332a-a168-4cf1-b93b-0ad55d77d91c,fam_graha_natal,timing,0.2399,,mi_pariksha_v2.0
482012f1-710e-4a25-994a-93821f5871aa,pred_fe63e3b4-1e56-4578-ae9b-5302454e19c6_3a37fa76-cfc1-599b-bbdf-97cff784f5ac,483e332a-a168-4cf1-b93b-0ad55d77d91c,fam_graha_natal,magnitude,0.2161,,mi_pariksha_v2.0
482012f1-710e-4a25-994a-93821f5871aa,pred_fe63e3b4-1e56-4578-ae9b-5302454e19c6_3a37fa76-cfc1-599b-bbdf-97cff784f5ac,483e332a-a168-4cf1-b93b-0ad55d77d91c,fam_graha_natal,domain,0.5403,,mi_pariksha_v2.0
482012f1-710e-4a25-994a-93821f5871aa,pred_fe63e3b4-1e56-4578-ae9b-5302454e19c6_3a37fa76-cfc1-599b-bbdf-97cff784f5ac,483e332a-a168-4cf1-b93b-0ad55d77d91c,fam_graha_natal,falsifier,0.3242,,mi_pariksha_v2.0
482012f1-710e-4a25-994a-93821f5871aa,pred_fe63e3b4-1e56-4578-ae9b-5302454e19c6_3a37fa76-cfc1-599b-bbdf-97cff784f5ac,483e332a-a168-4cf1-b93b-0ad55d77d91c,fam_graha_natal,manifestation,0.1081,,mi_pariksha_v2.0
482012f1-710e-4a25-994a-93821f5871aa,pred_fe63e3b4-1e56-4578-ae9b-5302454e19c6_3a37fa76-cfc1-599b-bbdf-97cff784f5ac,c31d3e74-2f44-41a6-8025-b32e44dbe1e2,fam_graha_natal,timing,0.2399,,mi_pariksha_v2.0
482012f1-710e-4a25-994a-93821f5871aa,pred_fe63e3b4-1e56-4578-ae9b-5302454e19c6_3a37fa76-cfc1-599b-bbdf-97cff784f5ac,c31d3e74-2f44-41a6-8025-b32e44dbe1e2,fam_graha_natal,magnitude,0.2161,,mi_pariksha_v2.0
482012f1-710e-4a25-994a-93821f5871aa,pred_fe63e3b4-1e56-4578-ae9b-5302454e19c6_3a37fa76-cfc1-599b-bbdf-97cff784f5ac,c31d3e74-2f44-41a6-8025-b32e44dbe1e2,fam_graha_natal,domain,0.5403,,mi_pariksha_v2.0
482012f1-710e-4a25-994a-93821f5871aa,pred_fe63e3b4-1e56-4578-ae9b-5302454e19c6_3a37fa76-cfc1-599b-bbdf-97cff784f5ac,c31d3e74-2f44-41a6-8025-b32e44dbe1e2,fam_graha_natal,falsifier,0.3242,,mi_pariksha_v2.0
482012f1-710e-4a25-994a-93821f5871aa,pred_fe63e3b4-1e56-4578-ae9b-5302454e19c6_3a37fa76-cfc1-599b-bbdf-97cff784f5ac,c31d3e74-2f44-41a6-8025-b32e44dbe1e2,fam_graha_natal,manifestation,0.1081,,mi_pariksha_v2.0
482012f1-710e-4a25-994a-93821f5871aa,pred_fe63e3b4-1e56-4578-ae9b-5302454e19c6_3a37fa76-cfc1-599b-bbdf-97cff784f5ac,2dff20cd-12f5-492e-a88e-3fef42547eca,fam_graha_natal,timing,0.2399,,mi_pariksha_v2.0
482012f1-710e-4a25-994a-93821f5871aa,pred_fe63e3b4-1e56-4578-ae9b-5302454e19c6_3a37fa76-cfc1-599b-bbdf-97cff784f5ac,2dff20cd-12f5-492e-a88e-3fef42547eca,fam_graha_natal,magnitude,0.2161,,mi_pariksha_v2.0
482012f1-710e-4a25-994a-93821f5871aa,pred_fe63e3b4-1e56-4578-ae9b-5302454e19c6_3a37fa76-cfc1-599b-bbdf-97cff784f5ac,2dff20cd-12f5-492e-a88e-3fef42547eca,fam_graha_natal,domain,0.5403,,mi_pariksha_v2.0
482012f1-710e-4a25-994a-93821f5871aa,pred_fe63e3b4-1e56-4578-ae9b-5302454e19c6_3a37fa76-cfc1-599b-bbdf-97cff784f5ac,2dff20cd-12f5-492e-a88e-3fef42547eca,fam_graha_natal,falsifier,0.3242,,mi_pariksha_v2.0
482012f1-710e-4a25-994a-93821f5871aa,pred_fe63e3b4-1e56-4578-ae9b-5302454e19c6_3a37fa76-cfc1-599b-bbdf-97cff784f5ac,2dff20cd-12f5-492e-a88e-3fef42547eca,fam_graha_natal,manifestation,0.1081,,mi_pariksha_v2.0
482012f1-710e-4a25-994a-93821f5871aa,pred_fe63e3b4-1e56-4578-ae9b-5302454e19c6_3a37fa76-cfc1-599b-bbdf-97cff784f5ac,d49da2e1-4b63-45f1-920e-c274df3ded21,fam_graha_natal,timing,0.2399,,mi_pariksha_v2.0
482012f1-710e-4a25-994a-93821f5871aa,pred_fe63e3b4-1e56-4578-ae9b-5302454e19c6_3a37fa76-cfc1-599b-bbdf-97cff784f5ac,d49da2e1-4b63-45f1-920e-c274df3ded21,fam_graha_natal,magnitude,0.2161,,mi_pariksha_v2.0
482012f1-710e-4a25-994a-93821f5871aa,pred_fe63e3b4-1e56-4578-ae9b-5302454e19c6_3a37fa76-cfc1-599b-bbdf-97cff784f5ac,d49da2e1-4b63-45f1-920e-c274df3ded21,fam_graha_natal,domain,0.5403,,mi_pariksha_v2.0
482012f1-710e-4a25-994a-93821f5871aa,pred_fe63e3b4-1e56-4578-ae9b-5302454e19c6_3a37fa76-cfc1-599b-bbdf-97cff784f5ac,d49da2e1-4b63-45f1-920e-c274df3ded21,fam_graha_natal,falsifier,0.3242,,mi_pariksha_v2.0
482012f1-710e-4a25-994a-93821f5871aa,pred_fe63e3b4-1e56-4578-ae9b-5302454e19c6_3a37fa76-cfc1-599b-bbdf-97cff784f5ac,d49da2e1-4b63-45f1-920e-c274df3ded21,fam_graha_natal,manifestation,0.1081,,mi_pariksha_v2.0
482012f1-710e-4a25-994a-93821f5871aa,pred_fe63e3b4-1e56-4578-ae9b-5302454e19c6_d5db1b9a-b8c5-5b90-9641-c9ae9b1c2035,ebb1c88a-8141-4c7e-860b-54ac293a06ac,fam_graha_natal,timing,0.0448,,mi_pariksha_v2.0
482012f1-710e-4a25-994a-93821f5871aa,pred_fe63e3b4-1e56-4578-ae9b-5302454e19c6_d5db1b9a-b8c5-5b90-9641-c9ae9b1c2035,ebb1c88a-8141-4c7e-860b-54ac293a06ac,fam_graha_natal,magnitude,0.2161,,mi_pariksha_v2.0
482012f1-710e-4a25-994a-93821f5871aa,pred_fe63e3b4-1e56-4578-ae9b-5302454e19c6_d5db1b9a-b8c5-5b90-9641-c9ae9b1c2035,ebb1c88a-8141-4c7e-860b-54ac293a06ac,fam_graha_natal,domain,0,,mi_pariksha_v2.0
482012f1-710e-4a25-994a-93821f5871aa,pred_fe63e3b4-1e56-4578-ae9b-5302454e19c6_d5db1b9a-b8c5-5b90-9641-c9ae9b1c2035,ebb1c88a-8141-4c7e-860b-54ac293a06ac,fam_graha_natal,falsifier,0.3242,,mi_pariksha_v2.0
482012f1-710e-4a25-994a-93821f5871aa,pred_fe63e3b4-1e56-4578-ae9b-5302454e19c6_d5db1b9a-b8c5-5b90-9641-c9ae9b1c2035,ebb1c88a-8141-4c7e-860b-54ac293a06ac,fam_graha_natal,manifestation,0.1081,,mi_pariksha_v2.0
482012f1-710e-4a25-994a-93821f5871aa,pred_fe63e3b4-1e56-4578-ae9b-5302454e19c6_d5db1b9a-b8c5-5b90-9641-c9ae9b1c2035,483e332a-a168-4cf1-b93b-0ad55d77d91c,fam_graha_natal,timing,0.0448,,mi_pariksha_v2.0
482012f1-710e-4a25-994a-93821f5871aa,pred_fe63e3b4-1e56-4578-ae9b-5302454e19c6_d5db1b9a-b8c5-5b90-9641-c9ae9b1c2035,483e332a-a168-4cf1-b93b-0ad55d77d91c,fam_graha_natal,magnitude,0.2161,,mi_pariksha_v2.0
482012f1-710e-4a25-994a-93821f5871aa,pred_fe63e3b4-1e56-4578-ae9b-5302454e19c6_d5db1b9a-b8c5-5b90-9641-c9ae9b1c2035,483e332a-a168-4cf1-b93b-0ad55d77d91c,fam_graha_natal,domain,0,,mi_pariksha_v2.0
482012f1-710e-4a25-994a-93821f5871aa,pred_fe63e3b4-1e56-4578-ae9b-5302454e19c6_d5db1b9a-b8c5-5b90-9641-c9ae9b1c2035,483e332a-a168-4cf1-b93b-0ad55d77d91c,fam_graha_natal,falsifier,0.3242,,mi_pariksha_v2.0
482012f1-710e-4a25-994a-93821f5871aa,pred_fe63e3b4-1e56-4578-ae9b-5302454e19c6_d5db1b9a-b8c5-5b90-9641-c9ae9b1c2035,483e332a-a168-4cf1-b93b-0ad55d77d91c,fam_graha_natal,manifestation,0.1081,,mi_pariksha_v2.0
482012f1-710e-4a25-994a-93821f5871aa,pred_fe63e3b4-1e56-4578-ae9b-5302454e19c6_d5db1b9a-b8c5-5b90-9641-c9ae9b1c2035,c31d3e74-2f44-41a6-8025-b32e44dbe1e2,fam_graha_natal,timing,0.0448,,mi_pariksha_v2.0
482012f1-710e-4a25-994a-93821f5871aa,pred_fe63e3b4-1e56-4578-ae9b-5302454e19c6_d5db1b9a-b8c5-5b90-9641-c9ae9b1c2035,c31d3e74-2f44-41a6-8025-b32e44dbe1e2,fam_graha_natal,magnitude,0.2161,,mi_pariksha_v2.0
482012f1-710e-4a25-994a-93821f5871aa,pred_fe63e3b4-1e56-4578-ae9b-5302454e19c6_d5db1b9a-b8c5-5b90-9641-c9ae9b1c2035,c31d3e74-2f44-41a6-8025-b32e44dbe1e2,fam_graha_natal,domain,0,,mi_pariksha_v2.0
482012f1-710e-4a25-994a-93821f5871aa,pred_fe63e3b4-1e56-4578-ae9b-5302454e19c6_d5db1b9a-b8c5-5b90-9641-c9ae9b1c2035,c31d3e74-2f44-41a6-8025-b32e44dbe1e2,fam_graha_natal,falsifier,0.3242,,mi_pariksha_v2.0
482012f1-710e-4a25-994a-93821f5871aa,pred_fe63e3b4-1e56-4578-ae9b-5302454e19c6_d5db1b9a-b8c5-5b90-9641-c9ae9b1c2035,c31d3e74-2f44-41a6-8025-b32e44dbe1e2,fam_graha_natal,manifestation,0.1081,,mi_pariksha_v2.0
482012f1-710e-4a25-994a-93821f5871aa,pred_fe63e3b4-1e56-4578-ae9b-5302454e19c6_d5db1b9a-b8c5-5b90-9641-c9ae9b1c2035,2dff20cd-12f5-492e-a88e-3fef42547eca,fam_graha_natal,timing,0.0448,,mi_pariksha_v2.0
482012f1-710e-4a25-994a-93821f5871aa,pred_fe63e3b4-1e56-4578-ae9b-5302454e19c6_d5db1b9a-b8c5-5b90-9641-c9ae9b1c2035,2dff20cd-12f5-492e-a88e-3fef42547eca,fam_graha_natal,magnitude,0.2161,,mi_pariksha_v2.0
482012f1-710e-4a25-994a-93821f5871aa,pred_fe63e3b4-1e56-4578-ae9b-5302454e19c6_d5db1b9a-b8c5-5b90-9641-c9ae9b1c2035,2dff20cd-12f5-492e-a88e-3fef42547eca,fam_graha_natal,domain,0,,mi_pariksha_v2.0
482012f1-710e-4a25-994a-93821f5871aa,pred_fe63e3b4-1e56-4578-ae9b-5302454e19c6_d5db1b9a-b8c5-5b90-9641-c9ae9b1c2035,2dff20cd-12f5-492e-a88e-3fef42547eca,fam_graha_natal,falsifier,0.3242,,mi_pariksha_v2.0
482012f1-710e-4a25-994a-93821f5871aa,pred_fe63e3b4-1e56-4578-ae9b-5302454e19c6_d5db1b9a-b8c5-5b90-9641-c9ae9b1c2035,2dff20cd-12f5-492e-a88e-3fef42547eca,fam_graha_natal,manifestation,0.1081,,mi_pariksha_v2.0
482012f1-710e-4a25-994a-93821f5871aa,pred_fe63e3b4-1e56-4578-ae9b-5302454e19c6_d5db1b9a-b8c5-5b90-9641-c9ae9b1c2035,d49da2e1-4b63-45f1-920e-c274df3ded21,fam_graha_natal,timing,0.0448,,mi_pariksha_v2.0
482012f1-710e-4a25-994a-93821f5871aa,pred_fe63e3b4-1e56-4578-ae9b-5302454e19c6_d5db1b9a-b8c5-5b90-9641-c9ae9b1c2035,d49da2e1-4b63-45f1-920e-c274df3ded21,fam_graha_natal,magnitude,0.2161,,mi_pariksha_v2.0
482012f1-710e-4a25-994a-93821f5871aa,pred_fe63e3b4-1e56-4578-ae9b-5302454e19c6_d5db1b9a-b8c5-5b90-9641-c9ae9b1c2035,d49da2e1-4b63-45f1-920e-c274df3ded21,fam_graha_natal,domain,0,,mi_pariksha_v2.0
482012f1-710e-4a25-994a-93821f5871aa,pred_fe63e3b4-1e56-4578-ae9b-5302454e19c6_d5db1b9a-b8c5-5b90-9641-c9ae9b1c2035,d49da2e1-4b63-45f1-920e-c274df3ded21,fam_graha_natal,falsifier,0.3242,,mi_pariksha_v2.0
482012f1-710e-4a25-994a-93821f5871aa,pred_fe63e3b4-1e56-4578-ae9b-5302454e19c6_d5db1b9a-b8c5-5b90-9641-c9ae9b1c2035,d49da2e1-4b63-45f1-920e-c274df3ded21,fam_graha_natal,manifestation,0.1081,,mi_pariksha_v2.0
